acc,auc,precision,recall,maf1,mif1,yp1.a1,yp1.a0,yp1.y1a1,yp1.y1a0,yp1.y0a1,yp1.y0a0,parity,equality,eq_odds
0.6794871794871795,0.828042328042328,0.6,0.9166666666666666,0.6703296703296703,0.6794871794871795,0.631578947368421,0.7288135593220338,0.75,0.9642857142857143,0.5454545454545454,0.5161290322580645,0.09723461195361283,0.2142857142857143,0.24361122748219521
0.6923076923076923,0.7831245880026367,0.7931034482758621,0.5609756097560976,0.6890365448504985,0.6923076923076923,0.3684210526315789,0.3728813559322034,0.4444444444444444,0.59375,0.3,0.1111111111111111,0.0044603033006244686,0.14930555555555558,0.33819444444444446
0.6794871794871795,0.7533068783068783,0.6341463414634146,0.7222222222222222,0.6794344895610718,0.6794871794871795,0.47619047619047616,0.543859649122807,0.6,0.7692307692307693,0.36363636363636365,0.3548387096774194,0.06766917293233088,0.1692307692307693,0.17802842318971357
0.7435897435897436,0.7940789473684211,0.7777777777777778,0.7,0.743421052631579,0.7435897435897437,0.3125,0.5,0.7142857142857143,0.696969696969697,0.0,0.27586206896551724,0.1875,0.017316017316017285,0.2931780862815345
0.7564102564102564,0.8053872053872054,0.825,0.7333333333333333,0.7544324772162385,0.7564102564102565,0.42105263157894735,0.5423728813559322,0.5454545454545454,0.7941176470588235,0.25,0.2,0.12132024977698486,0.24866310160427807,0.29866310160427806
