acc,auc,precision,recall,maf1,mif1,yp1.a1,yp1.a0,yp1.y1a1,yp1.y1a0,yp1.y0a1,yp1.y0a0,parity,equality,eq_odds
0.7307692307692307,0.8472222222222222,0.6363636363636364,0.9722222222222222,0.723076923076923,0.7307692307692306,0.7894736842105263,0.6779661016949152,1.0,0.9642857142857143,0.6363636363636364,0.41935483870967744,0.1115075825156111,0.0357142857142857,0.2527230833682446
0.6923076923076923,0.7771918259723137,0.7297297297297297,0.6585365853658537,0.6923076923076923,0.6923076923076923,0.42105263157894735,0.4915254237288136,0.5555555555555556,0.6875,0.3,0.25925925925925924,0.07047279214986624,0.13194444444444442,0.17268518518518516
0.7307692307692307,0.7876984126984127,0.6666666666666666,0.8333333333333334,0.7303703703703704,0.7307692307692306,0.6190476190476191,0.5614035087719298,0.8,0.8461538461538461,0.45454545454545453,0.3225806451612903,0.057644110275689275,0.0461538461538461,0.17811865553801032
0.7051282051282051,0.8184210526315788,0.717948717948718,0.7,0.7050797303961862,0.7051282051282052,0.5,0.5,0.7142857142857143,0.696969696969697,0.3333333333333333,0.27586206896551724,0.0,0.017316017316017285,0.07478728168383336
0.7948717948717948,0.8457912457912459,0.7735849056603774,0.9111111111111111,0.780436312456017,0.7948717948717948,0.6842105263157895,0.6779661016949152,0.9090909090909091,0.9117647058823529,0.375,0.36,0.006244424620874267,0.002673796791443861,0.017673796791443874
