acc,auc,precision,recall,maf1,mif1,yp1.a1,yp1.a0,yp1.y1a1,yp1.y1a0,yp1.y0a1,yp1.y0a0,parity,equality,eq_odds
0.717948717948718,0.7764550264550265,0.625,0.9722222222222222,0.7085597826086956,0.7608695652173912,0.7894736842105263,0.6949152542372882,1.0,0.9642857142857143,0.6363636363636364,0.45161290322580644,0.09455842997323816,0.0357142857142857,0.2204650188521156
0.6538461538461539,0.7343441001977588,0.6944444444444444,0.6097560975609756,0.6537892487259577,0.6493506493506495,0.6842105263157895,0.3898305084745763,0.7777777777777778,0.5625,0.6,0.18518518518518517,0.2943800178412132,0.2152777777777778,0.6300925925925926
0.6923076923076923,0.7843915343915344,0.625,0.8333333333333334,0.6904761904761905,0.7142857142857143,0.5714285714285714,0.631578947368421,0.7,0.8846153846153846,0.45454545454545453,0.41935483870967744,0.06015037593984962,0.18461538461538463,0.21980600045116172
0.641025641025641,0.7671052631578947,0.625,0.75,0.6350267379679144,0.6818181818181818,0.8125,0.5645161290322581,0.8571428571428571,0.7272727272727273,0.7777777777777778,0.3793103448275862,0.24798387096774188,0.1298701298701298,0.5283375628203214
0.7051282051282051,0.7723905723905723,0.775,0.6888888888888889,0.7027340513670256,0.7294117647058822,0.42105263157894735,0.5423728813559322,0.45454545454545453,0.7647058823529411,0.375,0.24,0.12132024977698486,0.3101604278074866,0.4451604278074866
