acc,auc,precision,recall,maf1,mif1,yp1.a1,yp1.a0,yp1.y1a1,yp1.y1a0,yp1.y0a1,yp1.y0a0,parity,equality,eq_odds
0.7948717948717948,0.8716931216931216,0.7380952380952381,0.8611111111111112,0.7948717948717949,0.7948717948717948,0.631578947368421,0.5084745762711864,0.875,0.8571428571428571,0.45454545454545453,0.1935483870967742,0.1231043710972346,0.017857142857142905,0.27885421030582325
0.717948717948718,0.8154251812788398,0.7209302325581395,0.7560975609756098,0.7162698412698413,0.717948717948718,0.47368421052631576,0.576271186440678,0.5555555555555556,0.8125,0.4,0.2962962962962963,0.10258697591436222,0.2569444444444444,0.36064814814814816
0.7564102564102564,0.8035714285714286,0.7073170731707317,0.8055555555555556,0.7563702120664146,0.7564102564102565,0.6190476190476191,0.49122807017543857,1.0,0.7307692307692307,0.2727272727272727,0.2903225806451613,0.1278195488721805,0.2692307692307693,0.2868260771486579
0.7435897435897436,0.8532894736842105,0.7083333333333334,0.85,0.7393048128342246,0.7435897435897437,0.5,0.6451612903225806,0.7142857142857143,0.8787878787878788,0.3333333333333333,0.3793103448275862,0.14516129032258063,0.16450216450216448,0.21047917599641736
0.7948717948717948,0.8821548821548821,0.8222222222222222,0.8222222222222222,0.7898989898989899,0.7948717948717948,0.47368421052631576,0.6101694915254238,0.6363636363636364,0.8823529411764706,0.25,0.24,0.136485280999108,0.2459893048128342,0.2559893048128342
