acc,auc,precision,recall,maf1,mif1,yp1.a1,yp1.a0,yp1.y1a1,yp1.y1a0,yp1.y0a1,yp1.y0a0,parity,equality,eq_odds
0.6538461538461539,0.794973544973545,0.576271186440678,0.9444444444444444,0.6365832614322692,0.7157894736842105,0.7368421052631579,0.7627118644067796,0.875,0.9642857142857143,0.6363636363636364,0.5806451612903226,0.025869759143621773,0.0892857142857143,0.14500418935902804
0.7435897435897436,0.7857613711272248,0.7560975609756098,0.7560975609756098,0.7429136453526698,0.7560975609756099,0.3684210526315789,0.576271186440678,0.4444444444444444,0.84375,0.3,0.25925925925925924,0.20785013380909906,0.3993055555555556,0.4400462962962963
0.6282051282051282,0.6970899470899471,0.5945945945945946,0.6111111111111112,0.6266710678329758,0.6027397260273972,0.3333333333333333,0.5263157894736842,0.3,0.7307692307692307,0.36363636363636365,0.3548387096774194,0.19298245614035087,0.43076923076923074,0.439566884728175
0.6282051282051282,0.7559210526315789,0.6222222222222222,0.7,0.6251864125932063,0.6588235294117647,0.4375,0.6129032258064516,0.5714285714285714,0.7272727272727273,0.3333333333333333,0.4827586206896552,0.17540322580645162,0.1558441558441559,0.3052694432004778
0.7307692307692307,0.8296296296296296,0.7608695652173914,0.7777777777777778,0.7230769230769232,0.7692307692307693,0.42105263157894735,0.6440677966101694,0.45454545454545453,0.8823529411764706,0.375,0.32,0.2230151650312221,0.42780748663101603,0.482807486631016
