acc,auc,precision,recall,maf1,mif1,yp1.a1,yp1.a0,yp1.y1a1,yp1.y1a0,yp1.y0a1,yp1.y0a0,parity,equality,eq_odds
0.9743589743589743,1.0,1.0,0.9444444444444444,0.9740863787375416,0.9743589743589743,0.42105263157894735,0.4406779661016949,1.0,0.9285714285714286,0.0,0.0,0.019625334522747562,0.0714285714285714,0.0714285714285714
0.9743589743589743,1.0,0.9534883720930233,1.0,0.9742063492063493,0.9743589743589743,0.47368421052631576,0.576271186440678,1.0,1.0,0.0,0.07407407407407407,0.10258697591436222,0.0,0.07407407407407407
0.9358974358974359,0.9662698412698413,0.9428571428571428,0.9166666666666666,0.9353769676884838,0.9358974358974359,0.5238095238095238,0.42105263157894735,1.0,0.8846153846153846,0.09090909090909091,0.03225806451612903,0.10275689223057649,0.11538461538461542,0.1740356417775773
0.9102564102564102,0.9822368421052632,0.9714285714285714,0.85,0.9101234567901235,0.9102564102564102,0.4375,0.45161290322580644,1.0,0.8181818181818182,0.0,0.034482758620689655,0.014112903225806439,0.18181818181818177,0.21630094043887144
0.9615384615384615,1.0,0.9375,1.0,0.9600614439324117,0.9615384615384616,0.5789473684210527,0.6271186440677966,1.0,1.0,0.0,0.12,0.04817127564674395,0.0,0.12
