acc,auc,precision,recall,maf1,mif1,yp1.a1,yp1.a0,yp1.y1a1,yp1.y1a0,yp1.y0a1,yp1.y0a0,parity,equality,eq_odds
0.9358974358974359,0.9907407407407407,0.918918918918919,0.9444444444444444,0.9356329427298233,0.9358974358974359,0.3684210526315789,0.5084745762711864,0.875,0.9642857142857143,0.0,0.0967741935483871,0.1400535236396075,0.0892857142857143,0.1860599078341014
0.7307692307692307,0.8635464733025708,0.7941176470588235,0.6585365853658537,0.7303703703703703,0.7307692307692306,0.47368421052631576,0.423728813559322,0.7777777777777778,0.625,0.2,0.18518518518518517,0.04995539696699375,0.1527777777777778,0.16759259259259263
0.3846153846153846,0.24007936507936506,0.22727272727272727,0.1388888888888889,0.3413089373680507,0.38461538461538464,0.2857142857142857,0.2807017543859649,0.0,0.19230769230769232,0.5454545454545454,0.3548387096774194,0.005012531328320802,0.19230769230769232,0.38292352808481833
0.3974358974358974,0.19999999999999996,0.23076923076923078,0.075,0.32844843377908045,0.3974358974358974,0.0625,0.1935483870967742,0.0,0.09090909090909091,0.1111111111111111,0.3103448275862069,0.1310483870967742,0.09090909090909091,0.29014280738418674
0.3717948717948718,0.26936026936026936,0.375,0.13333333333333333,0.3404659188955997,0.37179487179487186,0.05263157894736842,0.2542372881355932,0.0,0.17647058823529413,0.125,0.36,0.2016057091882248,0.17647058823529413,0.41147058823529414
