acc,auc,precision,recall,maf1,mif1,yp1.a1,yp1.a0,yp1.y1a1,yp1.y1a0,yp1.y0a1,yp1.y0a0,parity,equality,eq_odds
1.0,1.0,1.0,1.0,1.0,1.0,0.42105263157894735,0.4745762711864407,1.0,1.0,0.0,0.0,0.053523639607493345,0.0,0.0
0.9615384615384615,0.997363216875412,0.975,0.9512195121951219,0.9614814814814814,0.9615384615384616,0.42105263157894735,0.5423728813559322,0.8888888888888888,0.96875,0.0,0.037037037037037035,0.12132024977698486,0.07986111111111116,0.1168981481481482
0.8846153846153846,0.9874338624338624,0.813953488372093,0.9722222222222222,0.8845964162419859,0.8846153846153846,0.5714285714285714,0.543859649122807,1.0,0.9615384615384616,0.18181818181818182,0.1935483870967742,0.027568922305764354,0.038461538461538436,0.0501917437401308
0.9871794871794871,0.9980263157894737,1.0,0.975,0.9871773795824428,0.9871794871794872,0.4375,0.5161290322580645,1.0,0.9696969696969697,0.0,0.0,0.0786290322580645,0.030303030303030276,0.030303030303030276
0.9102564102564102,0.9824915824915824,0.975,0.8666666666666667,0.9095277547638774,0.9102564102564102,0.42105263157894735,0.5423728813559322,0.7272727272727273,0.9117647058823529,0.0,0.04,0.12132024977698486,0.18449197860962563,0.22449197860962564
