acc,auc,precision,recall,maf1,mif1,yp1.a1,yp1.a0,yp1.y1a1,yp1.y1a0,yp1.y0a1,yp1.y0a0,parity,equality,eq_odds
0.7435897435897436,0.8095238095238094,0.6904761904761905,0.8055555555555556,0.7435897435897436,0.7435897435897436,0.5263157894736842,0.5423728813559322,0.75,0.8214285714285714,0.36363636363636365,0.2903225806451613,0.01605709188224802,0.0714285714285714,0.14474235441977373
0.7564102564102564,0.7963085036255768,0.7391304347826086,0.8292682926829268,0.7531234382808596,0.7816091954022988,0.47368421052631576,0.6271186440677966,0.6666666666666666,0.875,0.3,0.3333333333333333,0.15343443354148084,0.20833333333333337,0.2416666666666667
0.6538461538461539,0.7526455026455027,0.6046511627906976,0.7222222222222222,0.6537892487259576,0.6582278481012659,0.47619047619047616,0.5789473684210527,0.5,0.8076923076923077,0.45454545454545453,0.3870967741935484,0.10275689223057649,0.3076923076923077,0.37514098804421386
0.6666666666666666,0.7907894736842105,0.6458333333333334,0.775,0.661096256684492,0.7045454545454546,0.5,0.6451612903225806,0.7142857142857143,0.7878787878787878,0.3333333333333333,0.4827586206896552,0.14516129032258063,0.07359307359307354,0.22301836094939542
0.7435897435897436,0.8215488215488215,0.7659574468085106,0.8,0.7350543478260869,0.7826086956521738,0.47368421052631576,0.6440677966101694,0.5454545454545454,0.8823529411764706,0.375,0.32,0.17038358608385368,0.33689839572192515,0.39189839572192514
