acc,auc,precision,recall,maf1,mif1,yp1.a1,yp1.a0,yp1.y1a1,yp1.y1a0,yp1.y0a1,yp1.y0a0,parity,equality,eq_odds
0.717948717948718,0.798941798941799,0.64,0.8888888888888888,0.7149501661129568,0.7441860465116279,0.6842105263157895,0.6271186440677966,1.0,0.8571428571428571,0.45454545454545453,0.41935483870967744,0.05709188224799289,0.1428571428571429,0.17804775869292
0.7564102564102564,0.8299274884640738,0.75,0.8048780487804879,0.7544324772162387,0.7764705882352942,0.5789473684210527,0.559322033898305,0.7777777777777778,0.8125,0.4,0.25925925925925924,0.019625334522747617,0.03472222222222221,0.175462962962963
0.7564102564102564,0.7837301587301587,0.6888888888888889,0.8611111111111112,0.7560493827160493,0.7654320987654321,0.6666666666666666,0.543859649122807,0.9,0.8461538461538461,0.45454545454545453,0.2903225806451613,0.12280701754385959,0.05384615384615388,0.2180690277464471
0.6923076923076923,0.7703947368421051,0.6818181818181818,0.75,0.6904761904761905,0.7142857142857143,0.6875,0.532258064516129,1.0,0.696969696969697,0.4444444444444444,0.3448275862068966,0.155241935483871,0.303030303030303,0.40264716126785083
0.8076923076923077,0.8148148148148149,0.8125,0.8666666666666667,0.8003072196620584,0.8387096774193549,0.631578947368421,0.6101694915254238,0.8181818181818182,0.8823529411764706,0.375,0.24,0.02140945584299725,0.06417112299465233,0.19917112299465234
