acc,auc,precision,recall,maf1,mif1,yp1.a1,yp1.a0,yp1.y1a1,yp1.y1a0,yp1.y0a1,yp1.y0a0,parity,equality,eq_odds
0.8974358974358974,0.9576719576719577,0.868421052631579,0.9166666666666666,0.8971654581410679,0.8974358974358975,0.3157894736842105,0.5423728813559322,0.75,0.9642857142857143,0.0,0.16129032258064516,0.2265834076717217,0.2142857142857143,0.37557603686635943
0.8205128205128205,0.909030982201714,0.8461538461538461,0.8048780487804879,0.8203947368421053,0.8205128205128205,0.47368421052631576,0.5084745762711864,0.7777777777777778,0.8125,0.2,0.14814814814814814,0.034790365744870655,0.03472222222222221,0.08657407407407408
0.48717948717948717,0.4080687830687831,0.4230769230769231,0.3055555555555556,0.4646533973919012,0.48717948717948717,0.2857142857142857,0.3508771929824561,0.1,0.38461538461538464,0.45454545454545453,0.3225806451612903,0.06516290726817042,0.2846153846153846,0.4165801939995488
0.5,0.6348684210526315,0.5333333333333333,0.2,0.4523852385238524,0.5,0.0,0.24193548387096775,0.0,0.24242424242424243,0.0,0.2413793103448276,0.24193548387096775,0.24242424242424243,0.48380355276907006
0.47435897435897434,0.37508417508417513,0.6111111111111112,0.24444444444444444,0.45417306707629285,0.47435897435897434,0.10526315789473684,0.2711864406779661,0.09090909090909091,0.29411764705882354,0.125,0.24,0.16592328278322926,0.20320855614973263,0.31820855614973265
