acc,auc,precision,recall,maf1,mif1,yp1.a1,yp1.a0,yp1.y1a1,yp1.y1a0,yp1.y0a1,yp1.y0a0,parity,equality,eq_odds
0.9487179487179487,0.9781746031746033,0.9444444444444444,0.9444444444444444,0.9484126984126984,0.9487179487179487,0.3684210526315789,0.4915254237288136,0.875,0.9642857142857143,0.0,0.06451612903225806,0.12310437109723465,0.0892857142857143,0.15380184331797236
0.6538461538461539,0.8042188529993407,0.7333333333333333,0.5365853658536586,0.6510356255178127,0.6538461538461539,0.3684210526315789,0.3898305084745763,0.4444444444444444,0.5625,0.3,0.18518518518518517,0.02140945584299736,0.11805555555555558,0.2328703703703704
0.41025641025641024,0.32605820105820105,0.2916666666666667,0.19444444444444445,0.3770833333333333,0.41025641025641024,0.19047619047619047,0.3508771929824561,0.0,0.2692307692307692,0.36363636363636365,0.41935483870967744,0.16040100250626566,0.2692307692307692,0.324949244304083
0.4230769230769231,0.31776315789473686,0.3076923076923077,0.1,0.35702509617145994,0.4230769230769231,0.0625,0.1935483870967742,0.0,0.12121212121212122,0.1111111111111111,0.27586206896551724,0.1310483870967742,0.12121212121212122,0.28596307906652735
0.5897435897435898,0.5696969696969697,0.696969696969697,0.5111111111111111,0.5897435897435898,0.5897435897435898,0.2631578947368421,0.4745762711864407,0.2727272727272727,0.5882352941176471,0.25,0.32,0.2114183764495986,0.31550802139037437,0.3855080213903744
