acc,auc,precision,recall,maf1,mif1,yp1.a1,yp1.a0,yp1.y1a1,yp1.y1a0,yp1.y0a1,yp1.y0a0,parity,equality,eq_odds
0.717948717948718,0.8055555555555556,0.6458333333333334,0.8611111111111112,0.7162698412698412,0.717948717948718,0.631578947368421,0.6101694915254238,0.875,0.8571428571428571,0.45454545454545453,0.3870967741935484,0.02140945584299725,0.017857142857142905,0.08530582320904906
0.7692307692307692,0.8352010547132498,0.7555555555555555,0.8292682926829268,0.7667774086378738,0.7692307692307693,0.6842105263157895,0.5423728813559322,1.0,0.78125,0.4,0.25925925925925924,0.1418376449598573,0.21875,0.3594907407407408
0.717948717948718,0.80489417989418,0.6458333333333334,0.8611111111111112,0.7162698412698412,0.717948717948718,0.7142857142857143,0.5789473684210527,0.9,0.8461538461538461,0.5454545454545454,0.3548387096774194,0.13533834586466165,0.05384615384615388,0.24446198962327992
0.6923076923076923,0.799342105263158,0.6904761904761905,0.725,0.6914963744232037,0.6923076923076923,0.5,0.5483870967741935,0.8571428571428571,0.696969696969697,0.2222222222222222,0.3793103448275862,0.048387096774193505,0.16017316017316008,0.31726128277852406
0.7692307692307692,0.804040404040404,0.8,0.8,0.7636363636363637,0.7692307692307693,0.5789473684210527,0.576271186440678,0.7272727272727273,0.8235294117647058,0.375,0.24,0.00267618198037467,0.09625668449197855,0.23125668449197856
