acc,auc,precision,recall,maf1,mif1,yp1.a1,yp1.a0,yp1.y1a1,yp1.y1a0,yp1.y0a1,yp1.y0a0,parity,equality,eq_odds
0.8461538461538461,0.9517195767195767,0.875,0.7777777777777778,0.8435828877005348,0.8461538461538461,0.5789473684210527,0.3559322033898305,1.0,0.7142857142857143,0.2727272727272727,0.03225806451612903,0.22301516503122215,0.2857142857142857,0.5261834939254294
0.8333333333333333,0.909030982201714,0.8181818181818182,0.8780487804878049,0.831980115990058,0.8333333333333334,0.7894736842105263,0.4915254237288136,1.0,0.84375,0.6,0.07407407407407407,0.29794826048171275,0.15625,0.6821759259259259
0.8974358974358974,0.9543650793650794,0.868421052631579,0.9166666666666666,0.8971654581410679,0.8974358974358975,0.7142857142857143,0.40350877192982454,1.0,0.8846153846153846,0.45454545454545453,0.0,0.31077694235588976,0.11538461538461542,0.56993006993007
0.8974358974358974,0.9638157894736842,0.9444444444444444,0.85,0.8973684210526316,0.8974358974358975,0.5625,0.43548387096774194,1.0,0.8181818181818182,0.2222222222222222,0.0,0.12701612903225806,0.18181818181818177,0.404040404040404
0.8846153846153846,0.9656565656565657,0.9090909090909091,0.8888888888888888,0.8822740231427133,0.8846153846153846,0.631578947368421,0.5423728813559322,1.0,0.8529411764705882,0.125,0.12,0.08920606601248882,0.1470588235294118,0.1520588235294118
