acc,auc,precision,recall,maf1,mif1,yp1.a1,yp1.a0,yp1.y1a1,yp1.y1a0,yp1.y0a1,yp1.y0a0,parity,equality,eq_odds
0.8717948717948718,0.9133597883597884,0.8421052631578947,0.8888888888888888,0.8714568226763348,0.8717948717948718,0.3684210526315789,0.5254237288135594,0.75,0.9285714285714286,0.09090909090909091,0.16129032258064516,0.15700267618198044,0.1785714285714286,0.24895266024298285
0.6923076923076923,0.7785102175346077,0.7073170731707317,0.7073170731707317,0.6914963744232037,0.6923076923076923,0.47368421052631576,0.5423728813559322,0.5555555555555556,0.75,0.4,0.2962962962962963,0.06868867082961644,0.19444444444444442,0.29814814814814816
0.641025641025641,0.6706349206349207,0.6,0.6666666666666666,0.6407894736842106,0.6410256410256411,0.3333333333333333,0.5789473684210527,0.4,0.7692307692307693,0.2727272727272727,0.41935483870967744,0.24561403508771934,0.36923076923076925,0.515858335213174
0.47435897435897434,0.5065789473684211,0.48484848484848486,0.4,0.47219013038455193,0.47435897435897434,0.25,0.46774193548387094,0.14285714285714285,0.45454545454545453,0.3333333333333333,0.4827586206896552,0.21774193548387094,0.3116883116883117,0.46111359904463356
0.5512820512820512,0.5744107744107745,0.6923076923076923,0.4,0.5476387738193869,0.5512820512820513,0.05263157894736842,0.423728813559322,0.09090909090909091,0.5,0.0,0.32,0.3710972346119536,0.40909090909090906,0.729090909090909
