acc,auc,precision,recall,maf1,mif1,yp1.a1,yp1.a0,yp1.y1a1,yp1.y1a0,yp1.y0a1,yp1.y0a0,parity,equality,eq_odds
0.7307692307692307,0.7903439153439153,0.6666666666666666,0.8333333333333334,0.7303703703703704,0.7407407407407408,0.47368421052631576,0.6101694915254238,0.75,0.8571428571428571,0.2727272727272727,0.3870967741935484,0.136485280999108,0.1071428571428571,0.22151235860913276
0.6666666666666666,0.7673038892551087,0.7777777777777778,0.5121951219512195,0.661096256684492,0.6176470588235294,0.3684210526315789,0.3389830508474576,0.4444444444444444,0.53125,0.3,0.1111111111111111,0.029438001784121315,0.08680555555555558,0.27569444444444446
0.6794871794871795,0.6765873015873016,0.6410256410256411,0.6944444444444444,0.6790123456790123,0.6666666666666666,0.42857142857142855,0.5263157894736842,0.6,0.7307692307692307,0.2727272727272727,0.3548387096774194,0.09774436090225563,0.13076923076923075,0.21288066771937741
0.6923076923076923,0.7638157894736841,0.75,0.6,0.6904761904761905,0.6666666666666665,0.25,0.45161290322580644,0.42857142857142855,0.6363636363636364,0.1111111111111111,0.2413793103448276,0.20161290322580644,0.2077922077922078,0.3380604070259243
0.6794871794871795,0.7232323232323232,0.7631578947368421,0.6444444444444445,0.6781647136491171,0.6987951807228916,0.3684210526315789,0.5254237288135594,0.36363636363636365,0.7352941176470589,0.375,0.24,0.15700267618198044,0.37165775401069523,0.5066577540106952
