acc,auc,precision,recall,maf1,mif1,yp1.a1,yp1.a0,yp1.y1a1,yp1.y1a0,yp1.y0a1,yp1.y0a0,parity,equality,eq_odds
0.9615384615384615,0.9986772486772486,0.9459459459459459,0.9722222222222222,0.9613797656378941,0.9615384615384616,0.42105263157894735,0.4915254237288136,1.0,0.9642857142857143,0.0,0.06451612903225806,0.07047279214986624,0.0357142857142857,0.10023041474654376
0.9743589743589743,0.9993408042188531,1.0,0.9512195121951219,0.9743421052631579,0.9743589743589743,0.42105263157894735,0.5254237288135594,0.8888888888888888,0.96875,0.0,0.0,0.10437109723461202,0.07986111111111116,0.07986111111111116
0.923076923076923,0.986111111111111,0.8947368421052632,0.9444444444444444,0.9228740936058009,0.9230769230769231,0.47619047619047616,0.49122807017543857,0.9,0.9615384615384616,0.09090909090909091,0.0967741935483871,0.015037593984962405,0.06153846153846154,0.06740356417775772
0.9615384615384615,0.9967105263157895,1.0,0.925,0.9615321387473287,0.9615384615384616,0.4375,0.4838709677419355,1.0,0.9090909090909091,0.0,0.0,0.0463709677419355,0.09090909090909094,0.09090909090909094
0.9871794871794871,0.9993265993265994,0.9782608695652174,1.0,0.9868131868131869,0.9871794871794872,0.5789473684210527,0.5932203389830508,1.0,1.0,0.0,0.04,0.014272970561998166,0.0,0.04
