acc,auc,precision,recall,maf1,mif1,yp1.a1,yp1.a0,yp1.y1a1,yp1.y1a0,yp1.y0a1,yp1.y0a0,parity,equality,eq_odds
0.7307692307692307,0.7863756613756614,0.6829268292682927,0.7777777777777778,0.7307249712313004,0.7272727272727273,0.3684210526315789,0.576271186440678,0.625,0.8214285714285714,0.18181818181818182,0.3548387096774194,0.20785013380909906,0.1964285714285714,0.36944909928780895
0.6538461538461539,0.7277521423862887,0.7333333333333333,0.5365853658536586,0.6510356255178127,0.6197183098591549,0.3684210526315789,0.3898305084745763,0.5555555555555556,0.53125,0.2,0.2222222222222222,0.02140945584299736,0.02430555555555558,0.04652777777777778
0.6666666666666666,0.7089947089947091,0.631578947368421,0.6666666666666666,0.6657877389584705,0.6486486486486486,0.42857142857142855,0.5087719298245614,0.5,0.7307692307692307,0.36363636363636365,0.3225806451612903,0.08020050125313288,0.23076923076923073,0.27182494924430406
0.6538461538461539,0.7157894736842104,0.7096774193548387,0.55,0.6510356255178128,0.619718309859155,0.125,0.46774193548387094,0.14285714285714285,0.6363636363636364,0.1111111111111111,0.27586206896551724,0.34274193548387094,0.4935064935064935,0.6582574513608996
0.717948717948718,0.7622895622895622,0.8108108108108109,0.6666666666666666,0.7172050098879368,0.7317073170731707,0.3684210526315789,0.5084745762711864,0.45454545454545453,0.7352941176470589,0.25,0.2,0.1400535236396075,0.28074866310160435,0.33074866310160433
