acc,auc,precision,recall,maf1,mif1,yp1.a1,yp1.a0,yp1.y1a1,yp1.y1a0,yp1.y0a1,yp1.y0a0,parity,equality,eq_odds
0.8076923076923077,0.9212962962962963,0.7333333333333333,0.9166666666666666,0.8074074074074074,0.8076923076923077,0.47368421052631576,0.6101694915254238,0.75,0.9642857142857143,0.2727272727272727,0.2903225806451613,0.136485280999108,0.2142857142857143,0.2318810222036029
0.7948717948717948,0.8984838497033619,0.7906976744186046,0.8292682926829268,0.7936507936507937,0.7948717948717948,0.2631578947368421,0.6440677966101694,0.5555555555555556,0.90625,0.0,0.3333333333333333,0.38090990187332735,0.3506944444444444,0.6840277777777777
0.7435897435897436,0.8505291005291005,0.7,0.7777777777777778,0.743421052631579,0.7435897435897437,0.2857142857142857,0.5964912280701754,0.5,0.8846153846153846,0.09090909090909091,0.3548387096774194,0.3107769423558897,0.3846153846153846,0.648545003383713
0.717948717948718,0.8776315789473683,0.7142857142857143,0.75,0.7172050098879367,0.717948717948718,0.125,0.6451612903225806,0.2857142857142857,0.8484848484848485,0.0,0.41379310344827586,0.5201612903225806,0.5627705627705628,0.9765636662188386
0.8461538461538461,0.9185185185185185,0.8666666666666667,0.8666666666666667,0.8424242424242425,0.8461538461538461,0.3157894736842105,0.6610169491525424,0.5454545454545454,0.9705882352941176,0.0,0.24,0.3452274754683319,0.4251336898395722,0.6651336898395722
