acc,auc,precision,recall,maf1,mif1,yp1.a1,yp1.a0,yp1.y1a1,yp1.y1a0,yp1.y0a1,yp1.y0a0,parity,equality,eq_odds
0.8205128205128205,0.8743386243386243,0.7391304347826086,0.9444444444444444,0.8200395517468688,0.8292682926829269,0.631578947368421,0.576271186440678,1.0,0.9285714285714286,0.36363636363636365,0.25806451612903225,0.05530776092774303,0.0714285714285714,0.1770004189359028
0.7948717948717948,0.8958470665787739,0.7551020408163265,0.9024390243902439,0.7898989898989899,0.8222222222222222,0.6842105263157895,0.6101694915254238,0.8888888888888888,0.90625,0.5,0.25925925925925924,0.07404103479036572,0.01736111111111116,0.2581018518518519
0.7948717948717948,0.8578042328042329,0.7631578947368421,0.8055555555555556,0.7943309162821357,0.7837837837837838,0.5238095238095238,0.47368421052631576,0.8,0.8076923076923077,0.2727272727272727,0.1935483870967742,0.05012531328320807,0.007692307692307665,0.08687119332280618
0.782051282051282,0.8625,0.8108108108108109,0.75,0.7820154529015289,0.7792207792207791,0.4375,0.4838709677419355,1.0,0.696969696969697,0.0,0.2413793103448276,0.0463709677419355,0.303030303030303,0.5444096133751306
0.8461538461538461,0.8552188552188552,0.8367346938775511,0.9111111111111111,0.8393960192175702,0.8723404255319148,0.5789473684210527,0.6440677966101694,0.8181818181818182,0.9411764705882353,0.25,0.24,0.06512042818911679,0.12299465240641705,0.13299465240641706
