acc,auc,precision,recall,maf1,mif1,yp1.a1,yp1.a0,yp1.y1a1,yp1.y1a0,yp1.y0a1,yp1.y0a0,parity,equality,eq_odds
0.7051282051282051,0.8637566137566138,0.6140350877192983,0.9722222222222222,0.6938044034818229,0.7051282051282052,0.8947368421052632,0.6779661016949152,1.0,0.9642857142857143,0.8181818181818182,0.41935483870967744,0.21677074041034794,0.0357142857142857,0.4345412651864265
0.7435897435897436,0.8226763348714567,0.7441860465116279,0.7804878048780488,0.7420634920634921,0.7435897435897437,0.5263157894736842,0.559322033898305,0.5555555555555556,0.84375,0.5,0.2222222222222222,0.033006244424620856,0.2881944444444444,0.5659722222222222
0.7564102564102564,0.8234126984126984,0.6976744186046512,0.8333333333333334,0.7563702120664146,0.7564102564102565,0.6666666666666666,0.5087719298245614,0.8,0.8461538461538461,0.5454545454545454,0.22580645161290322,0.1578947368421052,0.0461538461538461,0.36580193999548827
0.7435897435897436,0.8671052631578947,0.8333333333333334,0.625,0.7408637873754153,0.7435897435897437,0.3125,0.4032258064516129,0.7142857142857143,0.6060606060606061,0.0,0.1724137931034483,0.09072580645161288,0.10822510822510822,0.2806389013285565
0.782051282051282,0.9043771043771044,0.7692307692307693,0.8888888888888888,0.7683033374104491,0.782051282051282,0.5263157894736842,0.711864406779661,0.6363636363636364,0.9705882352941176,0.375,0.36,0.18554861730597683,0.3342245989304813,0.3492245989304813
