acc,auc,precision,recall,maf1,mif1,yp1.a1,yp1.a0,yp1.y1a1,yp1.y1a0,yp1.y0a1,yp1.y0a0,parity,equality,eq_odds
0.782051282051282,0.8657407407407407,0.7021276595744681,0.9166666666666666,0.7811520052813995,0.782051282051282,0.47368421052631576,0.6440677966101694,0.75,0.9642857142857143,0.2727272727272727,0.3548387096774194,0.17038358608385368,0.2142857142857143,0.29639715123586097
0.7435897435897436,0.8259723137771918,0.8387096774193549,0.6341463414634146,0.7420634920634921,0.7435897435897437,0.2631578947368421,0.4406779661016949,0.3333333333333333,0.71875,0.2,0.1111111111111111,0.17752007136485282,0.3854166666666667,0.4743055555555556
0.6666666666666666,0.7943121693121693,0.631578947368421,0.6666666666666666,0.6657877389584705,0.6666666666666666,0.38095238095238093,0.5263157894736842,0.5,0.7307692307692307,0.2727272727272727,0.3548387096774194,0.14536340852130325,0.23076923076923073,0.3128806677193774
0.7564102564102564,0.8203947368421053,0.8181818181818182,0.675,0.755405182373329,0.7564102564102565,0.25,0.46774193548387094,0.5714285714285714,0.696969696969697,0.0,0.20689655172413793,0.21774193548387094,0.12554112554112562,0.3324376772652635
0.782051282051282,0.8740740740740741,0.8043478260869565,0.8222222222222222,0.7758241758241757,0.782051282051282,0.47368421052631576,0.6271186440677966,0.6363636363636364,0.8823529411764706,0.25,0.28,0.15343443354148084,0.2459893048128342,0.27598930481283424
