acc,auc,precision,recall,maf1,mif1,yp1.a1,yp1.a0,yp1.y1a1,yp1.y1a0,yp1.y0a1,yp1.y0a0,parity,equality,eq_odds
0.7051282051282051,0.7804232804232805,0.6326530612244898,0.8611111111111112,0.7027340513670257,0.7294117647058823,0.6842105263157895,0.6101694915254238,1.0,0.8214285714285714,0.45454545454545453,0.41935483870967744,0.07404103479036572,0.1785714285714286,0.2137620444072057
0.6282051282051282,0.6611733684904417,0.6153846153846154,0.7804878048780488,0.6139272913466463,0.6881720430107527,0.7894736842105263,0.6271186440677966,0.8888888888888888,0.75,0.7,0.48148148148148145,0.16235504014272972,0.13888888888888884,0.35740740740740734
0.6794871794871795,0.7797619047619048,0.6122448979591837,0.8333333333333334,0.6768848384424193,0.7058823529411765,0.6666666666666666,0.6140350877192983,0.7,0.8846153846153846,0.6363636363636364,0.3870967741935484,0.05263157894736836,0.18461538461538463,0.4338822467854726
0.6025641025641025,0.7605263157894736,0.5849056603773585,0.775,0.5873015873015872,0.6666666666666666,0.8125,0.6451612903225806,0.8571428571428571,0.7575757575757576,0.7777777777777778,0.5172413793103449,0.16733870967741937,0.09956709956709953,0.36010349803453245
0.6538461538461539,0.7636363636363636,0.78125,0.5555555555555556,0.6537892487259576,0.6493506493506493,0.3157894736842105,0.4406779661016949,0.36363636363636365,0.6176470588235294,0.25,0.2,0.1248884924174844,0.2540106951871658,0.3040106951871658
