acc,auc,precision,recall,maf1,mif1,yp1.a1,yp1.a0,yp1.y1a1,yp1.y1a0,yp1.y0a1,yp1.y0a0,parity,equality,eq_odds
0.8846153846153846,0.9603174603174603,0.8292682926829268,0.9444444444444444,0.8845964162419858,0.8846153846153846,0.5263157894736842,0.5254237288135594,0.875,0.9642857142857143,0.2727272727272727,0.12903225806451613,0.000892060660124816,0.0892857142857143,0.23298072894847088
0.8846153846153846,0.950560316413975,0.9705882352941176,0.8048780487804879,0.8844444444444446,0.8846153846153846,0.3157894736842105,0.4745762711864407,0.6666666666666666,0.84375,0.0,0.037037037037037035,0.15878679750223018,0.17708333333333337,0.2141203703703704
0.7948717948717948,0.9285714285714286,0.7272727272727273,0.8888888888888888,0.7947368421052631,0.7948717948717948,0.6666666666666666,0.5263157894736842,1.0,0.8461538461538461,0.36363636363636365,0.25806451612903225,0.14035087719298245,0.15384615384615385,0.25941800135348525
0.9102564102564102,0.9776315789473684,0.9459459459459459,0.875,0.9102416570771001,0.9102564102564102,0.375,0.5,0.8571428571428571,0.8787878787878788,0.0,0.06896551724137931,0.125,0.02164502164502169,0.090610538886401
0.8846153846153846,0.9569023569023569,0.9285714285714286,0.8666666666666667,0.8830584707646176,0.8846153846153846,0.47368421052631576,0.559322033898305,0.7272727272727273,0.9117647058823529,0.125,0.08,0.08563782337198927,0.18449197860962563,0.2294919786096256
