acc,auc,precision,recall,maf1,mif1,yp1.a1,yp1.a0,yp1.y1a1,yp1.y1a0,yp1.y0a1,yp1.y0a0,parity,equality,eq_odds
0.9743589743589743,0.9986772486772486,0.9722222222222222,0.9722222222222222,0.9742063492063492,0.9743589743589743,0.3684210526315789,0.4915254237288136,0.875,1.0,0.0,0.03225806451612903,0.12310437109723465,0.125,0.15725806451612903
0.9743589743589743,0.9907712590639419,0.975609756097561,0.975609756097561,0.974291364535267,0.9743589743589743,0.42105263157894735,0.559322033898305,0.8888888888888888,1.0,0.0,0.037037037037037035,0.1382694023193577,0.11111111111111116,0.1481481481481482
1.0,1.0,1.0,1.0,1.0,1.0,0.47619047619047616,0.45614035087719296,1.0,1.0,0.0,0.0,0.020050125313283207,0.0,0.0
0.9871794871794871,0.9980263157894738,0.975609756097561,1.0,0.9871604938271604,0.9871794871794872,0.4375,0.5483870967741935,1.0,1.0,0.0,0.034482758620689655,0.1108870967741935,0.0,0.034482758620689655
0.9615384615384615,0.9952861952861952,0.9772727272727273,0.9555555555555556,0.9607580077142379,0.9615384615384616,0.5263157894736842,0.576271186440678,0.9090909090909091,0.9705882352941176,0.0,0.04,0.049955396966993804,0.06149732620320858,0.10149732620320859
