acc,auc,precision,recall,maf1,mif1,yp1.a1,yp1.a0,yp1.y1a1,yp1.y1a0,yp1.y0a1,yp1.y0a0,parity,equality,eq_odds
0.641025641025641,0.7334656084656085,0.6052631578947368,0.6388888888888888,0.6400791034937376,0.6216216216216216,0.3157894736842105,0.5423728813559322,0.375,0.7142857142857143,0.2727272727272727,0.3870967741935484,0.2265834076717217,0.3392857142857143,0.45365521575198997
0.6794871794871795,0.7198417930125247,0.75,0.5853658536585366,0.6781647136491169,0.6575342465753423,0.42105263157894735,0.4067796610169492,0.6666666666666666,0.5625,0.2,0.2222222222222222,0.014272970561998166,0.10416666666666663,0.12638888888888883
0.5256410256410257,0.6190476190476191,0.49122807017543857,0.7777777777777778,0.5074244751664106,0.6021505376344085,0.6666666666666666,0.7543859649122807,0.6,0.8461538461538461,0.7272727272727273,0.6774193548387096,0.08771929824561409,0.24615384615384617,0.29600721858786383
0.6025641025641025,0.694078947368421,0.6956521739130435,0.4,0.5873015873015873,0.507936507936508,0.0625,0.3548387096774194,0.0,0.48484848484848486,0.1111111111111111,0.20689655172413793,0.2923387096774194,0.48484848484848486,0.5806339254615117
0.5512820512820512,0.6646464646464647,0.5833333333333334,0.7777777777777778,0.49019607843137253,0.6666666666666666,0.7894736842105263,0.7627118644067796,0.6363636363636364,0.8235294117647058,1.0,0.68,0.0267618198037467,0.1871657754010695,0.5071657754010694
