acc,auc,precision,recall,maf1,mif1,yp1.a1,yp1.a0,yp1.y1a1,yp1.y1a0,yp1.y0a1,yp1.y0a0,parity,equality,eq_odds
0.7307692307692307,0.7949735449735449,0.7777777777777778,0.5833333333333334,0.7204301075268817,0.6666666666666666,0.15789473684210525,0.4067796610169492,0.25,0.6785714285714286,0.09090909090909091,0.16129032258064516,0.24888492417484392,0.4285714285714286,0.49895266024298285
0.717948717948718,0.7277521423862887,0.7567567567567568,0.6829268292682927,0.7179487179487181,0.7179487179487181,0.15789473684210525,0.576271186440678,0.2222222222222222,0.8125,0.1,0.2962962962962963,0.41837644959857273,0.5902777777777778,0.7865740740740741
0.6923076923076923,0.6851851851851852,0.6578947368421053,0.6944444444444444,0.6914963744232037,0.6756756756756757,0.14285714285714285,0.6140350877192983,0.2,0.8846153846153846,0.09090909090909091,0.3870967741935484,0.4711779448621554,0.6846153846153846,0.9808030678998421
0.717948717948718,0.8144736842105262,0.75,0.675,0.7177631578947369,0.7105263157894738,0.25,0.5161290322580645,0.5714285714285714,0.696969696969697,0.0,0.3103448275862069,0.2661290322580645,0.12554112554112562,0.4358859531273325
0.717948717948718,0.7508417508417509,0.7555555555555555,0.7555555555555555,0.711111111111111,0.7555555555555555,0.05263157894736842,0.7457627118644068,0.09090909090909091,0.9705882352941176,0.0,0.44,0.6931311329170384,0.8796791443850267,1.3196791443850266
