acc,auc,precision,recall,maf1,mif1,yp1.a1,yp1.a0,yp1.y1a1,yp1.y1a0,yp1.y0a1,yp1.y0a0,parity,equality,eq_odds
1.0,1.0,1.0,1.0,1.0,1.0,0.42105263157894735,0.4745762711864407,1.0,1.0,0.0,0.0,0.053523639607493345,0.0,0.0
0.9871794871794871,0.998681608437706,1.0,0.975609756097561,0.9871604938271604,0.9871794871794872,0.47368421052631576,0.5254237288135594,1.0,0.96875,0.0,0.0,0.0517395182872436,0.03125,0.03125
0.9871794871794871,1.0,0.972972972972973,1.0,0.9871265885459647,0.9871794871794872,0.47619047619047616,0.47368421052631576,1.0,1.0,0.0,0.03225806451612903,0.002506265664160401,0.0,0.03225806451612903
0.9871794871794871,1.0,0.975609756097561,1.0,0.9871604938271604,0.9871794871794872,0.4375,0.5483870967741935,1.0,1.0,0.0,0.034482758620689655,0.1108870967741935,0.0,0.034482758620689655
0.9615384615384615,0.9959595959595959,0.9772727272727273,0.9555555555555556,0.9607580077142379,0.9615384615384616,0.5263157894736842,0.576271186440678,0.9090909090909091,0.9705882352941176,0.0,0.04,0.049955396966993804,0.06149732620320858,0.10149732620320859
