acc,auc,precision,recall,maf1,mif1,yp1.a1,yp1.a0,yp1.y1a1,yp1.y1a0,yp1.y0a1,yp1.y0a0,parity,equality,eq_odds
0.9615384615384615,0.9966931216931217,0.9230769230769231,1.0,0.9614814814814816,0.9615384615384616,0.5263157894736842,0.4915254237288136,1.0,1.0,0.18181818181818182,0.03225806451612903,0.0347903657448706,0.0,0.1495601173020528
0.9743589743589743,0.9980224126565591,0.9534883720930233,1.0,0.9742063492063493,0.9743589743589743,0.5263157894736842,0.559322033898305,1.0,1.0,0.1,0.037037037037037035,0.033006244424620856,0.0,0.06296296296296297
0.9487179487179487,0.9933862433862434,0.9210526315789473,0.9722222222222222,0.948582729070534,0.9487179487179487,0.5714285714285714,0.45614035087719296,1.0,0.9615384615384616,0.18181818181818182,0.03225806451612903,0.11528822055137844,0.038461538461538436,0.18802165576359123
0.9615384615384615,1.0,1.0,0.925,0.9615321387473287,0.9615384615384616,0.375,0.5,0.8571428571428571,0.9393939393939394,0.0,0.0,0.125,0.08225108225108235,0.08225108225108235
0.9871794871794871,1.0,0.9782608695652174,1.0,0.9868131868131869,0.9871794871794872,0.5789473684210527,0.5932203389830508,1.0,1.0,0.0,0.04,0.014272970561998166,0.0,0.04
