acc,auc,precision,recall,maf1,mif1,yp1.a1,yp1.a0,yp1.y1a1,yp1.y1a0,yp1.y0a1,yp1.y0a0,parity,equality,eq_odds
0.8589743589743589,0.9332010582010581,0.8571428571428571,0.8333333333333334,0.8578293289146645,0.8589743589743589,0.5263157894736842,0.423728813559322,1.0,0.7857142857142857,0.18181818181818182,0.0967741935483871,0.10258697591436217,0.2142857142857143,0.29932970255550906
0.8205128205128205,0.8780487804878049,0.8648648648648649,0.7804878048780488,0.8205128205128206,0.8205128205128205,0.631578947368421,0.423728813559322,0.8888888888888888,0.75,0.4,0.037037037037037035,0.207850133809099,0.13888888888888884,0.5018518518518518
0.8717948717948718,0.9338624338624337,0.90625,0.8055555555555556,0.8696524064171123,0.8717948717948718,0.5714285714285714,0.3508771929824561,1.0,0.7307692307692307,0.18181818181818182,0.03225806451612903,0.22055137844611528,0.2692307692307693,0.41879088653282204
0.8846153846153846,0.9322368421052631,0.8780487804878049,0.9,0.8844444444444445,0.8846153846153846,0.625,0.5,1.0,0.8787878787878788,0.3333333333333333,0.06896551724137931,0.125,0.12121212121212122,0.38557993730407525
0.8333333333333333,0.9535353535353535,0.9444444444444444,0.7555555555555555,0.8330864197530865,0.8333333333333334,0.42105263157894735,0.4745762711864407,0.7272727272727273,0.7647058823529411,0.0,0.08,0.053523639607493345,0.03743315508021383,0.11743315508021383
