acc,auc,precision,recall,maf1,mif1,yp1.a1,yp1.a0,yp1.y1a1,yp1.y1a0,yp1.y0a1,yp1.y0a0,parity,equality,eq_odds
0.8461538461538461,0.9014550264550264,0.8333333333333334,0.8333333333333334,0.8452380952380952,0.8461538461538461,0.5263157894736842,0.4406779661016949,1.0,0.7857142857142857,0.18181818181818182,0.12903225806451613,0.08563782337198927,0.2142857142857143,0.26707163803938
0.7948717948717948,0.8490441661173369,0.8205128205128205,0.7804878048780488,0.7947368421052632,0.7948717948717948,0.6842105263157895,0.4406779661016949,0.8888888888888888,0.75,0.5,0.07407407407407407,0.24353256021409458,0.13888888888888884,0.5648148148148148
0.8333333333333333,0.8908730158730158,0.7674418604651163,0.9166666666666666,0.8333059345717575,0.8333333333333334,0.7142857142857143,0.49122807017543857,1.0,0.8846153846153846,0.45454545454545453,0.16129032258064516,0.22305764411027573,0.11538461538461542,0.40863974734942476
0.782051282051282,0.8822368421052632,0.7555555555555555,0.85,0.7802816901408449,0.782051282051282,0.625,0.5645161290322581,1.0,0.8181818181818182,0.3333333333333333,0.27586206896551724,0.06048387096774188,0.18181818181818177,0.23928944618599784
0.782051282051282,0.9104377104377104,0.7916666666666666,0.8444444444444444,0.7736815156169996,0.782051282051282,0.7368421052631579,0.576271186440678,0.9090909090909091,0.8235294117647058,0.5,0.24,0.16057091882247987,0.08556149732620322,0.3455614973262032
