acc,auc,precision,recall,maf1,mif1,yp1.a1,yp1.a0,yp1.y1a1,yp1.y1a0,yp1.y0a1,yp1.y0a0,parity,equality,eq_odds
0.9487179487179487,0.9894179894179893,0.9705882352941176,0.9166666666666666,0.9481727574750831,0.9487179487179487,0.3157894736842105,0.4745762711864407,0.75,0.9642857142857143,0.0,0.03225806451612903,0.15878679750223018,0.2142857142857143,0.24654377880184333
0.9615384615384615,0.9967040210942649,1.0,0.926829268292683,0.9615321387473287,0.9615384615384616,0.42105263157894735,0.5084745762711864,0.8888888888888888,0.9375,0.0,0.0,0.08742194469223907,0.04861111111111116,0.04861111111111116
0.8333333333333333,0.958994708994709,0.7346938775510204,1.0,0.8319801159900581,0.8333333333333334,0.5714285714285714,0.6491228070175439,1.0,1.0,0.18181818181818182,0.3548387096774194,0.07769423558897248,0.0,0.17302052785923755
0.8974358974358974,0.9796052631578946,0.9444444444444444,0.85,0.8973684210526316,0.8974358974358975,0.375,0.4838709677419355,0.8571428571428571,0.8484848484848485,0.0,0.06896551724137931,0.1088709677419355,0.008658008658008587,0.0776235258993879
0.9615384615384615,0.9966329966329966,0.9565217391304348,0.9777777777777777,0.9604395604395605,0.9615384615384616,0.5263157894736842,0.6101694915254238,0.9090909090909091,1.0,0.0,0.08,0.08385370205173959,0.09090909090909094,0.17090909090909095
