acc,auc,precision,recall,maf1,mif1,yp1.a1,yp1.a0,yp1.y1a1,yp1.y1a0,yp1.y0a1,yp1.y0a0,parity,equality,eq_odds
0.717948717948718,0.7863756613756614,0.6296296296296297,0.9444444444444444,0.7111111111111112,0.717948717948718,0.7368421052631579,0.6779661016949152,1.0,0.9285714285714286,0.5454545454545454,0.45161290322580644,0.05887600356824263,0.0714285714285714,0.16527021365731037
0.6923076923076923,0.8312458800263679,0.6976744186046512,0.7317073170731707,0.6904761904761905,0.6923076923076923,0.5263157894736842,0.559322033898305,0.6666666666666666,0.75,0.4,0.3333333333333333,0.033006244424620856,0.08333333333333337,0.15000000000000008
0.7051282051282051,0.798941798941799,0.6382978723404256,0.8333333333333334,0.7039115365571877,0.7051282051282052,0.6666666666666666,0.5789473684210527,0.8,0.8461538461538461,0.5454545454545454,0.3548387096774194,0.08771929824561397,0.0461538461538461,0.23676968193097214
0.6794871794871795,0.7769736842105263,0.7272727272727273,0.6,0.6781647136491171,0.6794871794871795,0.25,0.46774193548387094,0.5714285714285714,0.6060606060606061,0.0,0.3103448275862069,0.21774193548387094,0.03463203463203468,0.3449768622182416
0.7307692307692307,0.795959595959596,0.7727272727272727,0.7555555555555555,0.7253060539996646,0.7307692307692306,0.47368421052631576,0.5932203389830508,0.5454545454545454,0.8235294117647058,0.375,0.28,0.11953612845673506,0.27807486631016043,0.3730748663101604
