acc,auc,precision,recall,maf1,mif1,yp1.a1,yp1.a0,yp1.y1a1,yp1.y1a0,yp1.y0a1,yp1.y0a0,parity,equality,eq_odds
0.7051282051282051,0.7962962962962963,0.6226415094339622,0.9166666666666666,0.6991447258091564,0.7415730337078651,0.5789473684210527,0.711864406779661,0.75,0.9642857142857143,0.45454545454545453,0.4838709677419355,0.13291703835860835,0.2142857142857143,0.24361122748219527
0.6153846153846154,0.7336849044166117,0.7391304347826086,0.4146341463414634,0.6025815217391304,0.53125,0.3157894736842105,0.288135593220339,0.4444444444444444,0.40625,0.2,0.14814814814814814,0.027653880463871516,0.03819444444444442,0.09004629629629629
0.5256410256410257,0.6104497354497354,0.49122807017543857,0.7777777777777778,0.5074244751664106,0.6021505376344085,0.6666666666666666,0.7543859649122807,0.6,0.8461538461538461,0.7272727272727273,0.6774193548387096,0.08771929824561409,0.24615384615384617,0.29600721858786383
0.6153846153846154,0.7276315789473684,0.7272727272727273,0.4,0.5984900480439259,0.5161290322580645,0.0,0.3548387096774194,0.0,0.48484848484848486,0.0,0.20689655172413793,0.3548387096774194,0.48484848484848486,0.6917450365726228
0.5641025641025641,0.6727272727272726,0.5964912280701754,0.7555555555555555,0.5185185185185185,0.6666666666666666,0.6842105263157895,0.7457627118644068,0.6363636363636364,0.7941176470588235,0.75,0.68,0.0615521855486173,0.15775401069518713,0.22775401069518708
