acc,auc,precision,recall,maf1,mif1,yp1.a1,yp1.a0,yp1.y1a1,yp1.y1a0,yp1.y0a1,yp1.y0a0,parity,equality,eq_odds
0.9871794871794871,0.9993386243386243,1.0,0.9722222222222222,0.9870753935376967,0.9871794871794872,0.42105263157894735,0.4576271186440678,1.0,0.9642857142857143,0.0,0.0,0.03657448706512045,0.0357142857142857,0.0357142857142857
0.9358974358974359,0.9901120632827949,0.9736842105263158,0.9024390243902439,0.9358868979122144,0.9358974358974359,0.3684210526315789,0.5254237288135594,0.7777777777777778,0.9375,0.0,0.037037037037037035,0.15700267618198044,0.1597222222222222,0.19675925925925924
0.8589743589743589,0.968915343915344,0.7906976744186046,0.9444444444444444,0.8589511754068716,0.8589743589743589,0.5238095238095238,0.5614035087719298,1.0,0.9230769230769231,0.09090909090909091,0.25806451612903225,0.03759398496240596,0.07692307692307687,0.2440785021430182
0.9487179487179487,0.9782894736842105,0.95,0.95,0.9486842105263158,0.9487179487179487,0.4375,0.532258064516129,1.0,0.9393939393939394,0.0,0.06896551724137931,0.094758064516129,0.06060606060606055,0.12957157784743986
0.9615384615384615,0.9959595959595959,0.9772727272727273,0.9555555555555556,0.9607580077142379,0.9615384615384616,0.5263157894736842,0.576271186440678,0.9090909090909091,0.9705882352941176,0.0,0.04,0.049955396966993804,0.06149732620320858,0.10149732620320859
