acc,auc,precision,recall,maf1,mif1,yp1.a1,yp1.a0,yp1.y1a1,yp1.y1a0,yp1.y0a1,yp1.y0a0,parity,equality,eq_odds
0.8846153846153846,0.9530423280423281,0.813953488372093,0.9722222222222222,0.8845964162419859,0.8846153846153846,0.42105263157894735,0.5932203389830508,1.0,0.9642857142857143,0.0,0.25806451612903225,0.17216770740410348,0.0357142857142857,0.29377880184331795
0.8974358974358974,0.972972972972973,0.8666666666666667,0.9512195121951219,0.8963455149501661,0.8974358974358975,0.47368421052631576,0.6101694915254238,1.0,0.9375,0.0,0.2222222222222222,0.136485280999108,0.0625,0.2847222222222222
0.9102564102564102,0.9669312169312169,0.8536585365853658,0.9722222222222222,0.9102416570771001,0.9102564102564102,0.5238095238095238,0.5263157894736842,1.0,0.9615384615384616,0.09090909090909091,0.16129032258064516,0.0025062656641603454,0.038461538461538436,0.10884277013309268
0.8846153846153846,0.9552631578947368,0.8297872340425532,0.975,0.8830584707646176,0.8846153846153846,0.4375,0.6451612903225806,1.0,0.9696969696969697,0.0,0.27586206896551724,0.20766129032258063,0.030303030303030276,0.3061650992685475
0.8846153846153846,0.9353535353535354,0.875,0.9333333333333333,0.8801843317972351,0.8846153846153846,0.47368421052631576,0.6610169491525424,0.8181818181818182,0.9705882352941176,0.0,0.24,0.18733273862622662,0.1524064171122994,0.3924064171122994
