acc,auc,precision,recall,maf1,mif1,yp1.a1,yp1.a0,yp1.y1a1,yp1.y1a0,yp1.y0a1,yp1.y0a0,parity,equality,eq_odds
0.8076923076923077,0.8928571428571429,0.7333333333333333,0.9166666666666666,0.8074074074074074,0.8076923076923077,0.5263157894736842,0.5932203389830508,0.875,0.9285714285714286,0.2727272727272727,0.2903225806451613,0.06690454950936664,0.0535714285714286,0.0711667364893172
0.6923076923076923,0.7692814765985497,0.7297297297297297,0.6585365853658537,0.6923076923076923,0.6923076923076923,0.5263157894736842,0.4576271186440678,0.6666666666666666,0.65625,0.4,0.2222222222222222,0.06868867082961638,0.01041666666666663,0.18819444444444444
0.5384615384615384,0.5370370370370371,0.5,0.6388888888888888,0.5372445616348055,0.5384615384615384,0.6190476190476191,0.5789473684210527,0.5,0.6923076923076923,0.7272727272727273,0.4838709677419355,0.040100250626566414,0.1923076923076923,0.4357094518384841
0.4615384615384615,0.5361842105263157,0.46875,0.375,0.45833333333333337,0.46153846153846156,0.4375,0.4032258064516129,0.2857142857142857,0.3939393939393939,0.5555555555555556,0.41379310344827586,0.03427419354838712,0.10822510822510822,0.24998756033238795
0.5512820512820512,0.6754208754208754,0.6785714285714286,0.4222222222222222,0.5494305991087638,0.5512820512820513,0.3157894736842105,0.3728813559322034,0.2727272727272727,0.47058823529411764,0.375,0.24,0.05709188224799289,0.19786096256684493,0.33286096256684494
