acc,auc,precision,recall,maf1,mif1,yp1.a1,yp1.a0,yp1.y1a1,yp1.y1a0,yp1.y0a1,yp1.y0a0,parity,equality,eq_odds
0.8846153846153846,0.9285714285714286,0.8648648648648649,0.8888888888888888,0.8841392969136821,0.8846153846153846,0.3157894736842105,0.5254237288135594,0.75,0.9285714285714286,0.0,0.16129032258064516,0.20963425512934886,0.1785714285714286,0.33986175115207373
0.8205128205128205,0.8918918918918919,0.8648648648648649,0.7804878048780488,0.8205128205128206,0.8205128205128205,0.2631578947368421,0.5423728813559322,0.5555555555555556,0.84375,0.0,0.18518518518518517,0.2792149866190901,0.2881944444444444,0.4733796296296296
0.782051282051282,0.8763227513227513,0.7317073170731707,0.8333333333333334,0.7820154529015289,0.782051282051282,0.47619047619047616,0.543859649122807,0.8,0.8461538461538461,0.18181818181818182,0.2903225806451613,0.06766917293233088,0.0461538461538461,0.1546582449808256
0.8205128205128205,0.9131578947368422,0.8823529411764706,0.75,0.8200395517468688,0.8205128205128205,0.25,0.4838709677419355,0.5714285714285714,0.7878787878787878,0.0,0.13793103448275862,0.2338709677419355,0.21645021645021645,0.35438125093297507
0.8846153846153846,0.9488215488215488,0.95,0.8444444444444444,0.883678541839271,0.8846153846153846,0.3684210526315789,0.559322033898305,0.6363636363636364,0.9117647058823529,0.0,0.08,0.1909009812667261,0.27540106951871657,0.3554010695187166
