acc,auc,precision,recall,maf1,mif1,yp1.a1,yp1.a0,yp1.y1a1,yp1.y1a0,yp1.y0a1,yp1.y0a0,parity,equality,eq_odds
0.9743589743589743,0.9993386243386243,0.9722222222222222,0.9722222222222222,0.9742063492063492,0.9743589743589743,0.42105263157894735,0.4745762711864407,1.0,0.9642857142857143,0.0,0.03225806451612903,0.053523639607493345,0.0357142857142857,0.06797235023041473
0.9871794871794871,0.9993408042188531,1.0,0.975609756097561,0.9871604938271604,0.9871794871794872,0.47368421052631576,0.5254237288135594,1.0,0.96875,0.0,0.0,0.0517395182872436,0.03125,0.03125
0.9871794871794871,0.998015873015873,0.972972972972973,1.0,0.9871265885459647,0.9871794871794872,0.5238095238095238,0.45614035087719296,1.0,1.0,0.09090909090909091,0.0,0.06766917293233088,0.0,0.09090909090909091
1.0,1.0,1.0,1.0,1.0,1.0,0.4375,0.532258064516129,1.0,1.0,0.0,0.0,0.094758064516129,0.0,0.0
0.9871794871794871,0.997979797979798,1.0,0.9777777777777777,0.9869193359047459,0.9871794871794872,0.5789473684210527,0.559322033898305,1.0,0.9705882352941176,0.0,0.0,0.019625334522747617,0.02941176470588236,0.02941176470588236
