acc,auc,precision,recall,maf1,mif1,yp1.a1,yp1.a0,yp1.y1a1,yp1.y1a0,yp1.y0a1,yp1.y0a0,parity,equality,eq_odds
0.9615384615384615,0.9966931216931217,0.9459459459459459,0.9722222222222222,0.9613797656378941,0.9615384615384616,0.3684210526315789,0.5084745762711864,0.875,1.0,0.0,0.06451612903225806,0.1400535236396075,0.125,0.18951612903225806
0.9743589743589743,1.0,1.0,0.9512195121951219,0.9743421052631579,0.9743589743589743,0.42105263157894735,0.5254237288135594,0.8888888888888888,0.96875,0.0,0.0,0.10437109723461202,0.07986111111111116,0.07986111111111116
0.9487179487179487,0.9861111111111112,0.9,1.0,0.9486842105263158,0.9487179487179487,0.47619047619047616,0.5263157894736842,1.0,1.0,0.0,0.12903225806451613,0.05012531328320802,0.0,0.12903225806451613
0.9358974358974359,0.9986842105263158,0.8888888888888888,1.0,0.9353769676884838,0.9358974358974359,0.4375,0.6129032258064516,1.0,1.0,0.0,0.1724137931034483,0.17540322580645162,0.0,0.1724137931034483
0.9743589743589743,0.9986531986531987,0.9777777777777777,0.9777777777777777,0.9737373737373738,0.9743589743589743,0.5263157894736842,0.5932203389830508,0.9090909090909091,1.0,0.0,0.04,0.06690454950936664,0.09090909090909094,0.13090909090909095
