acc,auc,precision,recall,maf1,mif1,yp1.a1,yp1.a0,yp1.y1a1,yp1.y1a0,yp1.y0a1,yp1.y0a0,parity,equality,eq_odds
0.7564102564102564,0.8379629629629629,0.717948717948718,0.7777777777777778,0.7560493827160494,0.7466666666666666,0.5263157894736842,0.4915254237288136,0.75,0.7857142857142857,0.36363636363636365,0.22580645161290322,0.0347903657448706,0.0357142857142857,0.17354419773774613
0.7307692307692307,0.8450889914304548,0.7,0.8536585365853658,0.7230769230769231,0.7692307692307692,0.47368421052631576,0.6949152542372882,0.6666666666666666,0.90625,0.3,0.4444444444444444,0.2212310437109724,0.23958333333333337,0.3840277777777778
0.6794871794871795,0.7566137566137565,0.6222222222222222,0.7777777777777778,0.6790123456790125,0.6913580246913581,0.5238095238095238,0.5964912280701754,0.7,0.8076923076923077,0.36363636363636365,0.41935483870967744,0.07268170426065157,0.10769230769230775,0.16341078276562154
0.7051282051282051,0.8138157894736843,0.7575757575757576,0.625,0.7039115365571876,0.6849315068493151,0.3125,0.45161290322580644,0.5714285714285714,0.6363636363636364,0.1111111111111111,0.2413793103448276,0.13911290322580644,0.06493506493506496,0.19520326416878145
0.7564102564102564,0.8410774410774411,0.8421052631578947,0.7111111111111111,0.755405182373329,0.7710843373493975,0.21052631578947367,0.576271186440678,0.36363636363636365,0.8235294117647058,0.0,0.24,0.3657448706512043,0.4598930481283422,0.6998930481283422
