acc,auc,precision,recall,maf1,mif1,yp1.a1,yp1.a0,yp1.y1a1,yp1.y1a0,yp1.y0a1,yp1.y0a0,parity,equality,eq_odds
0.7564102564102564,0.8115079365079365,0.6976744186046512,0.8333333333333334,0.7563702120664146,0.7564102564102565,0.42105263157894735,0.5932203389830508,0.5,0.9285714285714286,0.36363636363636365,0.2903225806451613,0.17216770740410348,0.4285714285714286,0.5018852115626309
0.6923076923076923,0.7455504284772577,0.6808510638297872,0.7804878048780488,0.6871657754010696,0.6923076923076923,0.3684210526315789,0.6779661016949152,0.4444444444444444,0.875,0.3,0.4444444444444444,0.3095450490633363,0.4305555555555556,0.575
0.6538461538461539,0.7063492063492063,0.6285714285714286,0.6111111111111112,0.6510356255178127,0.6538461538461539,0.23809523809523808,0.5263157894736842,0.2,0.7692307692307693,0.2727272727272727,0.3225806451612903,0.2882205513784461,0.5692307692307692,0.6190841416647868
0.6538461538461539,0.756578947368421,0.6274509803921569,0.8,0.6439560439560439,0.6538461538461539,0.375,0.7258064516129032,0.5714285714285714,0.8484848484848485,0.2222222222222222,0.5862068965517241,0.35080645161290325,0.2770562770562771,0.641040951385779
0.6794871794871795,0.7919191919191919,0.717391304347826,0.7333333333333333,0.6703296703296704,0.6794871794871795,0.3157894736842105,0.6779661016949152,0.36363636363636365,0.8529411764705882,0.25,0.44,0.3621766280107047,0.48930481283422456,0.6793048128342245
