acc,auc,precision,recall,maf1,mif1,yp1.a1,yp1.a0,yp1.y1a1,yp1.y1a0,yp1.y0a1,yp1.y0a0,parity,equality,eq_odds
0.6025641025641025,0.8095238095238095,0.5396825396825397,0.9444444444444444,0.5715045188729398,0.6025641025641025,0.7368421052631579,0.8305084745762712,0.875,0.9642857142857143,0.6363636363636364,0.7096774193548387,0.09366636931311334,0.0892857142857143,0.1625994972769167
0.6923076923076923,0.7145682267633486,0.7297297297297297,0.6585365853658537,0.6923076923076923,0.6923076923076923,0.15789473684210525,0.576271186440678,0.2222222222222222,0.78125,0.1,0.3333333333333333,0.41837644959857273,0.5590277777777778,0.7923611111111111
0.5641025641025641,0.7136243386243386,0.5185185185185185,0.7777777777777778,0.5535353535353535,0.5641025641025641,0.42857142857142855,0.7894736842105263,0.4,0.9230769230769231,0.45454545454545453,0.6774193548387096,0.3609022556390978,0.5230769230769231,0.7459508233701782
0.641025641025641,0.7269736842105263,0.6111111111111112,0.825,0.6252573781743309,0.6410256410256411,0.25,0.8064516129032258,0.2857142857142857,0.9393939393939394,0.2222222222222222,0.6551724137931034,0.5564516129032258,0.6536796536796537,1.086629845250535
0.6666666666666666,0.731986531986532,0.6938775510204082,0.7555555555555555,0.6520247083047358,0.6666666666666666,0.47368421052631576,0.6779661016949152,0.5454545454545454,0.8235294117647058,0.375,0.48,0.20428189116859946,0.27807486631016043,0.3830748663101604
