acc,auc,precision,recall,maf1,mif1,yp1.a1,yp1.a0,yp1.y1a1,yp1.y1a0,yp1.y0a1,yp1.y0a0,parity,equality,eq_odds
0.8717948717948718,0.9120370370370371,0.8421052631578947,0.8888888888888888,0.8714568226763348,0.8717948717948718,0.631578947368421,0.4406779661016949,1.0,0.8571428571428571,0.36363636363636365,0.06451612903225806,0.1909009812667261,0.1428571428571429,0.4419773774612485
0.8589743589743589,0.8839815425181279,0.875,0.8536585365853658,0.8587654320987654,0.8589743589743589,0.7368421052631579,0.4406779661016949,1.0,0.8125,0.5,0.0,0.29616413916146295,0.1875,0.6875
0.9102564102564102,0.9404761904761905,0.9142857142857143,0.8888888888888888,0.9095277547638774,0.9102564102564102,0.6190476190476191,0.38596491228070173,1.0,0.8461538461538461,0.2727272727272727,0.0,0.23308270676691734,0.15384615384615385,0.42657342657342656
0.923076923076923,0.9657894736842105,0.9473684210526315,0.9,0.9230769230769231,0.9230769230769231,0.5625,0.46774193548387094,1.0,0.8787878787878788,0.2222222222222222,0.0,0.09475806451612906,0.12121212121212122,0.3434343434343434
0.923076923076923,0.9784511784511785,0.9534883720930233,0.9111111111111111,0.9217914438502675,0.9230769230769231,0.5263157894736842,0.559322033898305,0.9090909090909091,0.9117647058823529,0.0,0.08,0.033006244424620856,0.002673796791443861,0.08267379679144386
