acc,auc,precision,recall,maf1,mif1,yp1.a1,yp1.a0,yp1.y1a1,yp1.y1a0,yp1.y0a1,yp1.y0a0,parity,equality,eq_odds
0.8205128205128205,0.8637566137566138,0.8055555555555556,0.8055555555555556,0.8194444444444444,0.8205128205128205,0.5263157894736842,0.4406779661016949,1.0,0.75,0.18181818181818182,0.16129032258064516,0.08563782337198927,0.25,0.27052785923753664
0.6923076923076923,0.7976268951878708,0.7073170731707317,0.7073170731707317,0.6914963744232037,0.6923076923076923,0.5789473684210527,0.5084745762711864,0.7777777777777778,0.6875,0.4,0.2962962962962963,0.07047279214986624,0.09027777777777779,0.19398148148148153
0.717948717948718,0.8167989417989419,0.64,0.8888888888888888,0.7149501661129568,0.717948717948718,0.7619047619047619,0.5964912280701754,1.0,0.8461538461538461,0.5454545454545454,0.3870967741935484,0.16541353383458646,0.15384615384615385,0.3122039251071509
0.717948717948718,0.8197368421052632,0.6956521739130435,0.8,0.7149501661129568,0.717948717948718,0.625,0.5806451612903226,1.0,0.7575757575757576,0.3333333333333333,0.3793103448275862,0.04435483870967738,0.24242424242424243,0.2884012539184953
0.8076923076923077,0.8666666666666666,0.8125,0.8666666666666667,0.8003072196620584,0.8076923076923077,0.6842105263157895,0.5932203389830508,0.9090909090909091,0.8529411764705882,0.375,0.24,0.09099018733273867,0.05614973262032086,0.19114973262032087
