acc,auc,precision,recall,maf1,mif1,yp1.a1,yp1.a0,yp1.y1a1,yp1.y1a0,yp1.y0a1,yp1.y0a0,parity,equality,eq_odds
0.9358974358974359,0.9947089947089947,0.8974358974358975,0.9722222222222222,0.9358024691358025,0.9358974358974359,0.42105263157894735,0.5254237288135594,1.0,0.9642857142857143,0.0,0.12903225806451613,0.10437109723461202,0.0357142857142857,0.16474654377880182
0.9102564102564102,0.982201713909031,0.925,0.9024390243902439,0.9101234567901235,0.9102564102564102,0.3684210526315789,0.559322033898305,0.7777777777777778,0.9375,0.0,0.1111111111111111,0.1909009812667261,0.1597222222222222,0.2708333333333333
0.8589743589743589,0.9722222222222223,0.7906976744186046,0.9444444444444444,0.8589511754068716,0.8589743589743589,0.5238095238095238,0.5614035087719298,1.0,0.9230769230769231,0.09090909090909091,0.25806451612903225,0.03759398496240596,0.07692307692307687,0.2440785021430182
0.9358974358974359,0.9763157894736842,0.926829268292683,0.95,0.9358024691358025,0.9358974358974359,0.4375,0.5483870967741935,1.0,0.9393939393939394,0.0,0.10344827586206896,0.1108870967741935,0.06060606060606055,0.1640543364681295
0.9358974358974359,0.9892255892255892,0.9545454545454546,0.9333333333333333,0.9345966795237297,0.9358974358974359,0.47368421052631576,0.5932203389830508,0.8181818181818182,0.9705882352941176,0.0,0.08,0.11953612845673506,0.1524064171122994,0.23240641711229942
