acc,auc,precision,recall,maf1,mif1,yp1.a1,yp1.a0,yp1.y1a1,yp1.y1a0,yp1.y0a1,yp1.y0a0,parity,equality,eq_odds
0.717948717948718,0.792989417989418,0.64,0.8888888888888888,0.7149501661129568,0.717948717948718,0.631578947368421,0.6440677966101694,0.75,0.9285714285714286,0.5454545454545454,0.3870967741935484,0.012488849241748423,0.1785714285714286,0.33692919983242564
0.6666666666666666,0.7264337508239948,0.6595744680851063,0.7560975609756098,0.661096256684492,0.6666666666666666,0.47368421052631576,0.6440677966101694,0.5555555555555556,0.8125,0.4,0.4444444444444444,0.17038358608385368,0.2569444444444444,0.3013888888888888
0.7307692307692307,0.8015873015873015,0.6595744680851063,0.8611111111111112,0.7296583594652583,0.7307692307692306,0.47619047619047616,0.6491228070175439,0.7,0.9230769230769231,0.2727272727272727,0.41935483870967744,0.17293233082706772,0.22307692307692317,0.3697044890593279
0.7564102564102564,0.8065789473684211,0.7058823529411765,0.9,0.7494505494505495,0.7564102564102565,0.5,0.6935483870967742,0.7142857142857143,0.9393939393939394,0.3333333333333333,0.41379310344827586,0.19354838709677424,0.22510822510822515,0.3055679952231677
0.7692307692307692,0.7892255892255892,0.7755102040816326,0.8444444444444444,0.7590940288263555,0.7692307692307693,0.3157894736842105,0.7288135593220338,0.45454545454545453,0.9705882352941176,0.125,0.4,0.41302408563782333,0.5160427807486632,0.7910427807486632
