acc,auc,precision,recall,maf1,mif1,yp1.a1,yp1.a0,yp1.y1a1,yp1.y1a0,yp1.y0a1,yp1.y0a0,parity,equality,eq_odds
0.7051282051282051,0.8154761904761905,0.6226415094339622,0.9166666666666666,0.6991447258091564,0.7415730337078651,0.631578947368421,0.6949152542372882,0.75,0.9642857142857143,0.5454545454545454,0.45161290322580644,0.06333630686886715,0.2142857142857143,0.3081273565144533
0.6538461538461539,0.7382992748846408,0.6944444444444444,0.6097560975609756,0.6537892487259577,0.6493506493506495,0.3684210526315789,0.4915254237288136,0.3333333333333333,0.6875,0.4,0.25925925925925924,0.12310437109723465,0.3541666666666667,0.49490740740740746
0.6794871794871795,0.7321428571428572,0.6486486486486487,0.6666666666666666,0.6781647136491171,0.6575342465753425,0.42857142857142855,0.49122807017543857,0.5,0.7307692307692307,0.36363636363636365,0.2903225806451613,0.06265664160401002,0.23076923076923073,0.30408301376043306
0.717948717948718,0.781578947368421,0.8214285714285714,0.575,0.7132352941176471,0.676470588235294,0.1875,0.4032258064516129,0.42857142857142855,0.6060606060606061,0.0,0.1724137931034483,0.21572580645161288,0.17748917748917753,0.3499029705926258
0.7564102564102564,0.826936026936027,0.75,0.8666666666666667,0.7410449065175607,0.8041237113402062,0.5789473684210527,0.6949152542372882,0.7272727272727273,0.9117647058823529,0.375,0.4,0.11596788581623552,0.18449197860962563,0.20949197860962565
