acc,auc,precision,recall,maf1,mif1,yp1.a1,yp1.a0,yp1.y1a1,yp1.y1a0,yp1.y0a1,yp1.y0a0,parity,equality,eq_odds
0.9487179487179487,0.9854497354497355,0.9210526315789473,0.9722222222222222,0.948582729070534,0.9487179487179487,0.42105263157894735,0.5084745762711864,1.0,0.9642857142857143,0.0,0.0967741935483871,0.08742194469223907,0.0357142857142857,0.1324884792626728
0.9487179487179487,0.996044825313118,0.9512195121951219,0.9512195121951219,0.948582729070534,0.9487179487179487,0.47368421052631576,0.5423728813559322,1.0,0.9375,0.0,0.07407407407407407,0.06868867082961644,0.0625,0.13657407407407407
0.9743589743589743,0.996031746031746,0.9722222222222222,0.9722222222222222,0.9742063492063492,0.9743589743589743,0.47619047619047616,0.45614035087719296,1.0,0.9615384615384616,0.0,0.03225806451612903,0.020050125313283207,0.038461538461538436,0.07071960297766747
0.8974358974358974,0.968421052631579,0.8478260869565217,0.975,0.8963455149501661,0.8974358974358975,0.4375,0.6290322580645161,1.0,0.9696969696969697,0.0,0.2413793103448276,0.19153225806451613,0.030303030303030276,0.2716823406478579
0.9358974358974359,0.9878787878787878,0.9761904761904762,0.9111111111111111,0.935032483758121,0.9358974358974359,0.5263157894736842,0.5423728813559322,0.9090909090909091,0.9117647058823529,0.0,0.04,0.01605709188224802,0.002673796791443861,0.04267379679144386
