acc,auc,precision,recall,maf1,mif1,yp1.a1,yp1.a0,yp1.y1a1,yp1.y1a0,yp1.y0a1,yp1.y0a0,parity,equality,eq_odds
0.6025641025641025,0.808862433862434,0.5396825396825397,0.9444444444444444,0.5715045188729398,0.6025641025641025,0.7368421052631579,0.8305084745762712,0.875,0.9642857142857143,0.6363636363636364,0.7096774193548387,0.09366636931311334,0.0892857142857143,0.1625994972769167
0.6282051282051282,0.6947923533289387,0.6578947368421053,0.6097560975609756,0.6281440078908433,0.6282051282051282,0.21052631578947367,0.576271186440678,0.2222222222222222,0.71875,0.2,0.4074074074074074,0.3657448706512043,0.4965277777777778,0.7039351851851852
0.5769230769230769,0.7037037037037036,0.5230769230769231,0.9444444444444444,0.5366336633663367,0.5769230769230769,0.7142857142857143,0.8771929824561403,0.8,1.0,0.6363636363636364,0.7741935483870968,0.162907268170426,0.19999999999999996,0.33782991202346035
0.5897435897435898,0.7138157894736842,0.5689655172413793,0.825,0.5608726249120338,0.5897435897435898,0.375,0.8387096774193549,0.2857142857142857,0.9393939393939394,0.4444444444444444,0.7241379310344828,0.46370967741935487,0.6536796536796537,0.9333731402696921
0.6666666666666666,0.7299663299663299,0.6938775510204082,0.7555555555555555,0.6520247083047358,0.6666666666666666,0.3157894736842105,0.7288135593220338,0.45454545454545453,0.8529411764705882,0.125,0.56,0.41302408563782333,0.3983957219251337,0.8333957219251338
