acc,auc,precision,recall,maf1,mif1,yp1.a1,yp1.a0,yp1.y1a1,yp1.y1a0,yp1.y0a1,yp1.y0a0,parity,equality,eq_odds
0.7948717948717948,0.8657407407407407,0.75,0.8333333333333334,0.7947368421052632,0.7948717948717948,0.5263157894736842,0.5084745762711864,1.0,0.7857142857142857,0.18181818181818182,0.25806451612903225,0.017841213202497763,0.2142857142857143,0.29053204859656473
0.8461538461538461,0.9090309822017139,0.8717948717948718,0.8292682926829268,0.8460526315789474,0.8461538461538461,0.631578947368421,0.4576271186440678,0.8888888888888888,0.8125,0.4,0.037037037037037035,0.17395182872435322,0.07638888888888884,0.4393518518518518
0.7564102564102564,0.8637566137566137,0.6888888888888889,0.8611111111111112,0.7560493827160493,0.7564102564102565,0.7619047619047619,0.5087719298245614,1.0,0.8076923076923077,0.5454545454545454,0.25806451612903225,0.25313283208020043,0.1923076923076923,0.47969772163320545
0.7435897435897436,0.8552631578947368,0.7272727272727273,0.8,0.7420634920634921,0.7435897435897437,0.5,0.5806451612903226,1.0,0.7575757575757576,0.1111111111111111,0.3793103448275862,0.08064516129032262,0.24242424242424243,0.5106234761407176
0.8589743589743589,0.8882154882154882,0.8541666666666666,0.9111111111111111,0.8535586277521761,0.8589743589743589,0.5263157894736842,0.6440677966101694,0.8181818181818182,0.9411764705882353,0.125,0.24,0.11775200713648526,0.12299465240641705,0.23799465240641704
