acc,auc,precision,recall,maf1,mif1,yp1.a1,yp1.a0,yp1.y1a1,yp1.y1a0,yp1.y0a1,yp1.y0a0,parity,equality,eq_odds
0.7564102564102564,0.8445767195767195,0.660377358490566,0.9722222222222222,0.7514673821901727,0.7564102564102565,0.6842105263157895,0.6779661016949152,1.0,0.9642857142857143,0.45454545454545453,0.41935483870967744,0.006244424620874267,0.0357142857142857,0.0709049015500628
0.6794871794871795,0.7785102175346078,0.7352941176470589,0.6097560975609756,0.6790123456790123,0.6794871794871795,0.47368421052631576,0.423728813559322,0.5555555555555556,0.625,0.4,0.18518518518518517,0.04995539696699375,0.06944444444444442,0.28425925925925927
0.7307692307692307,0.7791005291005291,0.6829268292682927,0.7777777777777778,0.7307249712313004,0.7307692307692306,0.5714285714285714,0.5087719298245614,0.8,0.7692307692307693,0.36363636363636365,0.2903225806451613,0.06265664160400997,0.03076923076923077,0.10408301376043311
0.7564102564102564,0.799342105263158,0.8,0.7,0.7560493827160493,0.7564102564102565,0.375,0.46774193548387094,0.7142857142857143,0.696969696969697,0.1111111111111111,0.20689655172413793,0.09274193548387094,0.017316017316017285,0.11310145792904411
0.7948717948717948,0.832996632996633,0.7843137254901961,0.8888888888888888,0.7833333333333333,0.7948717948717948,0.6842105263157895,0.6440677966101694,0.9090909090909091,0.8823529411764706,0.375,0.32,0.04014272970562005,0.0267379679144385,0.08173796791443849
