acc,auc,precision,recall,maf1,mif1,yp1.a1,yp1.a0,yp1.y1a1,yp1.y1a0,yp1.y0a1,yp1.y0a0,parity,equality,eq_odds
0.9615384615384615,0.990079365079365,0.9459459459459459,0.9722222222222222,0.9613797656378941,0.9615384615384616,0.42105263157894735,0.4915254237288136,1.0,0.9642857142857143,0.0,0.06451612903225806,0.07047279214986624,0.0357142857142857,0.10023041474654376
0.9487179487179487,0.995385629531971,0.9111111111111111,1.0,0.9481727574750831,0.9487179487179487,0.47368421052631576,0.6101694915254238,1.0,1.0,0.0,0.14814814814814814,0.136485280999108,0.0,0.14814814814814814
0.9743589743589743,0.9993386243386243,0.9722222222222222,0.9722222222222222,0.9742063492063492,0.9743589743589743,0.47619047619047616,0.45614035087719296,1.0,0.9615384615384616,0.0,0.03225806451612903,0.020050125313283207,0.038461538461538436,0.07071960297766747
0.9102564102564102,0.9848684210526315,0.8666666666666667,0.975,0.9095277547638774,0.9102564102564102,0.4375,0.6129032258064516,1.0,0.9696969696969697,0.0,0.20689655172413793,0.17540322580645162,0.030303030303030276,0.2371995820271682
0.9358974358974359,0.9892255892255892,0.9761904761904762,0.9111111111111111,0.935032483758121,0.9358974358974359,0.5263157894736842,0.5423728813559322,0.9090909090909091,0.9117647058823529,0.0,0.04,0.01605709188224802,0.002673796791443861,0.04267379679144386
