acc,auc,precision,recall,maf1,mif1,yp1.a1,yp1.a0,yp1.y1a1,yp1.y1a0,yp1.y0a1,yp1.y0a0,parity,equality,eq_odds
1.0,1.0,1.0,1.0,1.0,1.0,0.42105263157894735,0.4745762711864407,1.0,1.0,0.0,0.0,0.053523639607493345,0.0,0.0
0.9743589743589743,1.0,0.9534883720930233,1.0,0.9742063492063493,0.9743589743589743,0.47368421052631576,0.576271186440678,1.0,1.0,0.0,0.07407407407407407,0.10258697591436222,0.0,0.07407407407407407
0.9487179487179487,0.9715608465608465,0.9705882352941176,0.9166666666666666,0.9481727574750831,0.9487179487179487,0.5238095238095238,0.40350877192982454,1.0,0.8846153846153846,0.09090909090909091,0.0,0.1203007518796993,0.11538461538461542,0.20629370629370633
0.9743589743589743,0.9993421052631579,0.9523809523809523,1.0,0.974291364535267,0.9743589743589743,0.4375,0.5645161290322581,1.0,1.0,0.0,0.06896551724137931,0.12701612903225812,0.0,0.06896551724137931
1.0,1.0,1.0,1.0,1.0,1.0,0.5789473684210527,0.576271186440678,1.0,1.0,0.0,0.0,0.00267618198037467,0.0,0.0
