acc,auc,precision,recall,maf1,mif1,yp1.a1,yp1.a0,yp1.y1a1,yp1.y1a0,yp1.y0a1,yp1.y0a0,parity,equality,eq_odds
0.7435897435897436,0.7691798941798942,0.7222222222222222,0.7222222222222222,0.7420634920634921,0.7222222222222222,0.3157894736842105,0.5084745762711864,0.5,0.7857142857142857,0.18181818181818182,0.25806451612903225,0.1926851025869759,0.2857142857142857,0.3619606200251361
0.7307692307692307,0.7626895187870798,0.7941176470588235,0.6585365853658537,0.7303703703703703,0.72,0.42105263157894735,0.4406779661016949,0.5555555555555556,0.6875,0.3,0.14814814814814814,0.019625334522747562,0.13194444444444442,0.28379629629629627
0.6025641025641025,0.6455026455026455,0.5581395348837209,0.6666666666666666,0.6024987670557291,0.6075949367088608,0.5238095238095238,0.5614035087719298,0.5,0.7307692307692307,0.5454545454545454,0.41935483870967744,0.03759398496240596,0.23076923076923073,0.3568689375140987
0.6025641025641025,0.6960526315789474,0.6666666666666666,0.45,0.594499413047124,0.5373134328358209,0.125,0.4032258064516129,0.0,0.5454545454545454,0.2222222222222222,0.2413793103448276,0.2782258064516129,0.5454545454545454,0.5646116335771508
0.7051282051282051,0.7494949494949495,0.84375,0.6,0.705079730396186,0.7012987012987012,0.2631578947368421,0.4576271186440678,0.2727272727272727,0.7058823529411765,0.25,0.12,0.1944692239072257,0.4331550802139038,0.5631550802139038
