acc,auc,precision,recall,maf1,mif1,yp1.a1,yp1.a0,yp1.y1a1,yp1.y1a0,yp1.y0a1,yp1.y0a0,parity,equality,eq_odds
0.7051282051282051,0.7453703703703703,0.6274509803921569,0.8888888888888888,0.7011494252873564,0.735632183908046,0.631578947368421,0.6610169491525424,0.75,0.9285714285714286,0.5454545454545454,0.41935483870967744,0.02943800178412137,0.1785714285714286,0.3046711353162966
0.7051282051282051,0.7554383651944626,0.75,0.6585365853658537,0.705079730396186,0.7012987012987012,0.47368421052631576,0.4576271186440678,0.4444444444444444,0.71875,0.5,0.14814814814814814,0.016057091882247965,0.2743055555555556,0.6261574074074074
0.6153846153846154,0.6818783068783069,0.575,0.6388888888888888,0.6151315789473684,0.6052631578947367,0.23809523809523808,0.6140350877192983,0.2,0.8076923076923077,0.2727272727272727,0.45161290322580644,0.3759398496240602,0.6076923076923078,0.7865779381908415
0.6923076923076923,0.7427631578947368,0.6666666666666666,0.8,0.6871657754010694,0.7272727272727272,0.3125,0.6935483870967742,0.5714285714285714,0.8484848484848485,0.1111111111111111,0.5172413793103449,0.38104838709677424,0.2770562770562771,0.6831865452555108
0.7435897435897436,0.7656565656565657,0.7450980392156863,0.8444444444444444,0.7291666666666666,0.7916666666666666,0.3684210526315789,0.7457627118644068,0.45454545454545453,0.9705882352941176,0.25,0.44,0.37734165923282786,0.5160427807486632,0.7060427807486631
