acc,auc,precision,recall,maf1,mif1,yp1.a1,yp1.a0,yp1.y1a1,yp1.y1a0,yp1.y0a1,yp1.y0a0,parity,equality,eq_odds
0.7692307692307692,0.7923280423280423,0.6875,0.9166666666666666,0.7678571428571428,0.7857142857142857,0.5789473684210527,0.6271186440677966,0.75,0.9642857142857143,0.45454545454545453,0.3225806451612903,0.04817127564674395,0.2142857142857143,0.3462505236698785
0.6666666666666666,0.7066578773895846,0.6530612244897959,0.7804878048780488,0.6585858585858586,0.711111111111111,0.5789473684210527,0.6440677966101694,0.6666666666666666,0.8125,0.5,0.4444444444444444,0.06512042818911679,0.14583333333333337,0.20138888888888895
0.7051282051282051,0.7817460317460317,0.6274509803921569,0.8888888888888888,0.7011494252873564,0.735632183908046,0.7142857142857143,0.631578947368421,0.9,0.8846153846153846,0.5454545454545454,0.41935483870967744,0.08270676691729328,0.015384615384615441,0.14148432212948342
0.7051282051282051,0.8085526315789474,0.6888888888888889,0.775,0.7027340513670256,0.7294117647058822,0.5,0.5967741935483871,0.7142857142857143,0.7878787878787878,0.3333333333333333,0.3793103448275862,0.09677419354838712,0.07359307359307354,0.11957008508732642
0.7435897435897436,0.7905723905723906,0.7358490566037735,0.8666666666666667,0.7255453905700211,0.7959183673469387,0.5789473684210527,0.711864406779661,0.6363636363636364,0.9411764705882353,0.5,0.4,0.13291703835860835,0.3048128342245989,0.4048128342245989
