acc,auc,precision,recall,maf1,mif1,yp1.a1,yp1.a0,yp1.y1a1,yp1.y1a0,yp1.y0a1,yp1.y0a0,parity,equality,eq_odds
0.6923076923076923,0.8121693121693122,0.6153846153846154,0.8888888888888888,0.6871657754010696,0.7272727272727274,0.631578947368421,0.6779661016949152,0.75,0.9285714285714286,0.5454545454545454,0.45161290322580644,0.04638715432649421,0.1785714285714286,0.2724130708001676
0.6794871794871795,0.7290705339485828,0.75,0.5853658536585366,0.6781647136491169,0.6575342465753423,0.42105263157894735,0.4067796610169492,0.6666666666666666,0.5625,0.2,0.2222222222222222,0.014272970561998166,0.10416666666666663,0.12638888888888883
0.717948717948718,0.71494708994709,0.71875,0.6388888888888888,0.713235294117647,0.676470588235294,0.3333333333333333,0.43859649122807015,0.5,0.6923076923076923,0.18181818181818182,0.22580645161290322,0.10526315789473684,0.1923076923076923,0.2362959621024137
0.7051282051282051,0.7519736842105265,0.7741935483870968,0.6,0.7027340513670257,0.676056338028169,0.3125,0.41935483870967744,0.5714285714285714,0.6060606060606061,0.1111111111111111,0.20689655172413793,0.10685483870967744,0.03463203463203468,0.1304174752450615
0.717948717948718,0.7589225589225589,0.7948717948717948,0.6888888888888889,0.7162698412698412,0.738095238095238,0.3684210526315789,0.5423728813559322,0.45454545454545453,0.7647058823529411,0.25,0.24,0.17395182872435327,0.3101604278074866,0.3201604278074866
