acc,auc,precision,recall,maf1,mif1,yp1.a1,yp1.a0,yp1.y1a1,yp1.y1a0,yp1.y0a1,yp1.y0a0,parity,equality,eq_odds
1.0,1.0,1.0,1.0,1.0,1.0,0.42105263157894735,0.4745762711864407,1.0,1.0,0.0,0.0,0.053523639607493345,0.0,0.0
0.9743589743589743,0.9980224126565591,0.9534883720930233,1.0,0.9742063492063493,0.9743589743589743,0.5789473684210527,0.5423728813559322,1.0,1.0,0.2,0.0,0.03657448706512045,0.0,0.2
1.0,1.0,1.0,1.0,1.0,1.0,0.47619047619047616,0.45614035087719296,1.0,1.0,0.0,0.0,0.020050125313283207,0.0,0.0
1.0,1.0,1.0,1.0,1.0,1.0,0.4375,0.532258064516129,1.0,1.0,0.0,0.0,0.094758064516129,0.0,0.0
1.0,1.0,1.0,1.0,1.0,1.0,0.5789473684210527,0.576271186440678,1.0,1.0,0.0,0.0,0.00267618198037467,0.0,0.0
