acc,auc,precision,recall,maf1,mif1,yp1.a1,yp1.a0,yp1.y1a1,yp1.y1a0,yp1.y0a1,yp1.y0a0,parity,equality,eq_odds
0.8846153846153846,0.9616402116402116,0.8292682926829268,0.9444444444444444,0.8845964162419858,0.8846153846153846,0.631578947368421,0.4915254237288136,1.0,0.9285714285714286,0.36363636363636365,0.0967741935483871,0.14005352363960744,0.0714285714285714,0.3382907415165479
0.9358974358974359,0.9775873434410021,0.9285714285714286,0.9512195121951219,0.9356329427298233,0.9358974358974359,0.631578947368421,0.5084745762711864,1.0,0.9375,0.3,0.0,0.1231043710972346,0.0625,0.3625
0.8589743589743589,0.9014550264550264,0.8205128205128205,0.8888888888888888,0.8587654320987654,0.8589743589743589,0.6666666666666666,0.43859649122807015,1.0,0.8461538461538461,0.36363636363636365,0.0967741935483871,0.22807017543859648,0.15384615384615385,0.4207083239341304
0.8333333333333333,0.9276315789473684,0.8292682926829268,0.85,0.8330864197530863,0.8333333333333334,0.5625,0.5161290322580645,1.0,0.8181818181818182,0.2222222222222222,0.1724137931034483,0.0463709677419355,0.18181818181818177,0.2316266109369557
0.8717948717948718,0.9521885521885521,0.8888888888888888,0.8888888888888888,0.8686868686868687,0.8717948717948718,0.5263157894736842,0.5932203389830508,0.7272727272727273,0.9411764705882353,0.25,0.12,0.06690454950936664,0.213903743315508,0.343903743315508
