acc,auc,precision,recall,maf1,mif1,yp1.a1,yp1.a0,yp1.y1a1,yp1.y1a0,yp1.y0a1,yp1.y0a0,parity,equality,eq_odds
0.9743589743589743,0.9980158730158729,0.9473684210526315,1.0,0.974291364535267,0.9743589743589743,0.42105263157894735,0.5084745762711864,1.0,1.0,0.0,0.06451612903225806,0.08742194469223907,0.0,0.06451612903225806
0.9743589743589743,0.9993408042188531,0.9534883720930233,1.0,0.9742063492063493,0.9743589743589743,0.47368421052631576,0.576271186440678,1.0,1.0,0.0,0.07407407407407407,0.10258697591436222,0.0,0.07407407407407407
0.923076923076923,0.9940476190476191,0.8571428571428571,1.0,0.923076923076923,0.9230769230769231,0.47619047619047616,0.5614035087719298,1.0,1.0,0.0,0.1935483870967742,0.08521303258145363,0.0,0.1935483870967742
0.8974358974358974,0.9881578947368421,0.8478260869565217,0.975,0.8963455149501661,0.8974358974358975,0.4375,0.6290322580645161,1.0,0.9696969696969697,0.0,0.2413793103448276,0.19153225806451613,0.030303030303030276,0.2716823406478579
0.9358974358974359,0.9932659932659933,0.9761904761904762,0.9111111111111111,0.935032483758121,0.9358974358974359,0.5263157894736842,0.5423728813559322,0.9090909090909091,0.9117647058823529,0.0,0.04,0.01605709188224802,0.002673796791443861,0.04267379679144386
