acc,auc,precision,recall,maf1,mif1,yp1.a1,yp1.a0,yp1.y1a1,yp1.y1a0,yp1.y0a1,yp1.y0a0,parity,equality,eq_odds
0.7692307692307692,0.8584656084656085,0.7647058823529411,0.7222222222222222,0.7667774086378737,0.7692307692307693,0.3157894736842105,0.4745762711864407,0.75,0.7142857142857143,0.0,0.25806451612903225,0.15878679750223018,0.0357142857142857,0.29377880184331795
0.7948717948717948,0.8648648648648649,0.8048780487804879,0.8048780487804879,0.7943309162821357,0.7948717948717948,0.3157894736842105,0.5932203389830508,0.5555555555555556,0.875,0.1,0.25925925925925924,0.2774308652988403,0.3194444444444444,0.47870370370370363
0.7564102564102564,0.8816137566137566,0.660377358490566,0.9722222222222222,0.7514673821901727,0.7564102564102565,0.6666666666666666,0.6842105263157895,1.0,0.9615384615384616,0.36363636363636365,0.45161290322580644,0.01754385964912286,0.038461538461538436,0.12643807805098123
0.7948717948717948,0.8763157894736842,0.8157894736842105,0.775,0.7948717948717949,0.7948717948717948,0.3125,0.532258064516129,0.7142857142857143,0.7878787878787878,0.0,0.2413793103448276,0.219758064516129,0.07359307359307354,0.31497238393790117
0.8076923076923077,0.9286195286195286,0.8409090909090909,0.8222222222222222,0.8037900385711889,0.8076923076923077,0.2631578947368421,0.6610169491525424,0.45454545454545453,0.9411764705882353,0.0,0.28,0.3978590544157003,0.48663101604278075,0.7666310160427807
