acc,auc,precision,recall,maf1,mif1,yp1.a1,yp1.a0,yp1.y1a1,yp1.y1a0,yp1.y0a1,yp1.y0a0,parity,equality,eq_odds
0.7307692307692307,0.8095238095238095,0.6470588235294118,0.9166666666666666,0.7271364317841079,0.7307692307692306,0.7894736842105263,0.6101694915254238,1.0,0.8928571428571429,0.6363636363636364,0.3548387096774194,0.17930419268510256,0.1071428571428571,0.3886677838290741
0.8076923076923077,0.8675016479894528,0.782608695652174,0.8780487804878049,0.8050974512743628,0.8076923076923077,0.631578947368421,0.576271186440678,0.8888888888888888,0.875,0.4,0.2222222222222222,0.05530776092774303,0.01388888888888884,0.19166666666666665
0.782051282051282,0.8128306878306878,0.7317073170731707,0.8333333333333334,0.7820154529015289,0.782051282051282,0.6666666666666666,0.47368421052631576,0.9,0.8076923076923077,0.45454545454545453,0.1935483870967742,0.19298245614035087,0.09230769230769231,0.35330475975637265
0.7564102564102564,0.8388157894736842,0.8387096774193549,0.65,0.7544324772162387,0.7564102564102565,0.375,0.4032258064516129,0.8571428571428571,0.6060606060606061,0.0,0.1724137931034483,0.028225806451612878,0.251082251082251,0.4234960441856993
0.8076923076923077,0.8855218855218856,0.8409090909090909,0.8222222222222222,0.8037900385711889,0.8076923076923077,0.47368421052631576,0.5932203389830508,0.6363636363636364,0.8823529411764706,0.25,0.2,0.11953612845673506,0.2459893048128342,0.2959893048128342
