acc,auc,precision,recall,maf1,mif1,yp1.a1,yp1.a0,yp1.y1a1,yp1.y1a0,yp1.y0a1,yp1.y0a0,parity,equality,eq_odds
0.6923076923076923,0.7724867724867726,0.62,0.8611111111111112,0.6890365448504984,0.7209302325581396,0.5263157894736842,0.6779661016949152,0.75,0.8928571428571429,0.36363636363636365,0.4838709677419355,0.15165031222123104,0.1428571428571429,0.26309174696271476
0.6153846153846154,0.7053394858272907,0.7619047619047619,0.3902439024390244,0.5984900480439259,0.5161290322580646,0.21052631578947367,0.288135593220339,0.3333333333333333,0.40625,0.1,0.14814814814814814,0.07760927743086532,0.07291666666666669,0.12106481481481482
0.6282051282051282,0.6283068783068784,0.5853658536585366,0.6666666666666666,0.6281440078908433,0.6233766233766234,0.42857142857142855,0.5614035087719298,0.4,0.7692307692307693,0.45454545454545453,0.3870967741935484,0.13283208020050125,0.36923076923076925,0.4366794495826754
0.6025641025641025,0.6611842105263158,0.6451612903225806,0.5,0.5993371996685999,0.5633802816901409,0.125,0.46774193548387094,0.0,0.6060606060606061,0.2222222222222222,0.3103448275862069,0.34274193548387094,0.6060606060606061,0.6941832114245907
0.6794871794871795,0.717171717171717,0.8125,0.5777777777777777,0.6794344895610718,0.6753246753246752,0.3157894736842105,0.4406779661016949,0.2727272727272727,0.6764705882352942,0.375,0.12,0.1248884924174844,0.40374331550802145,0.6587433155080215
