acc,auc,precision,recall,maf1,mif1,yp1.a1,yp1.a0,yp1.y1a1,yp1.y1a0,yp1.y0a1,yp1.y0a0,parity,equality,eq_odds
0.7307692307692307,0.7863756613756614,0.6595744680851063,0.8611111111111112,0.7296583594652583,0.7469879518072289,0.6842105263157895,0.576271186440678,1.0,0.8214285714285714,0.45454545454545453,0.3548387096774194,0.1079393398751115,0.1785714285714286,0.27827817343946376
0.7051282051282051,0.8035596572181938,0.6956521739130435,0.7804878048780488,0.7011494252873565,0.7356321839080461,0.6842105263157895,0.559322033898305,0.7777777777777778,0.78125,0.6,0.2962962962962963,0.12488849241748445,0.00347222222222221,0.3071759259259259
0.6923076923076923,0.7751322751322751,0.6666666666666666,0.6666666666666666,0.6904761904761905,0.6666666666666666,0.2857142857142857,0.5263157894736842,0.3,0.8076923076923077,0.2727272727272727,0.2903225806451613,0.24060150375939848,0.5076923076923077,0.5252876156101962
0.6282051282051282,0.7789473684210527,0.6122448979591837,0.75,0.620660741237632,0.6741573033707865,0.8125,0.5806451612903226,0.8571428571428571,0.7272727272727273,0.7777777777777778,0.41379310344827586,0.23185483870967738,0.1298701298701298,0.49385480419963174
0.7051282051282051,0.7797979797979798,0.8055555555555556,0.6444444444444445,0.7046913580246914,0.7160493827160493,0.3684210526315789,0.4915254237288136,0.45454545454545453,0.7058823529411765,0.25,0.2,0.12310437109723465,0.251336898395722,0.301336898395722
