acc,auc,precision,recall,maf1,mif1,yp1.a1,yp1.a0,yp1.y1a1,yp1.y1a0,yp1.y0a1,yp1.y0a0,parity,equality,eq_odds
0.7307692307692307,0.7943121693121693,0.6470588235294118,0.9166666666666666,0.7271364317841079,0.7586206896551724,0.6842105263157895,0.6440677966101694,1.0,0.8928571428571429,0.45454545454545453,0.41935483870967744,0.04014272970562005,0.1071428571428571,0.1423334729786342
0.6794871794871795,0.7382992748846406,0.75,0.5853658536585366,0.6781647136491169,0.6575342465753423,0.5789473684210527,0.3559322033898305,0.7777777777777778,0.53125,0.4,0.14814814814814814,0.22301516503122215,0.2465277777777778,0.4983796296296297
0.7307692307692307,0.7876984126984128,0.6829268292682927,0.7777777777777778,0.7307249712313004,0.7272727272727273,0.42857142857142855,0.5614035087719298,0.6,0.8461538461538461,0.2727272727272727,0.3225806451612903,0.13283208020050125,0.24615384615384617,0.2960072185878638
0.7051282051282051,0.7756578947368421,0.7297297297297297,0.675,0.7050797303961862,0.7012987012987014,0.375,0.5,0.5714285714285714,0.696969696969697,0.2222222222222222,0.27586206896551724,0.125,0.12554112554112562,0.17918097228442065
0.7435897435897436,0.7831649831649832,0.7777777777777778,0.7777777777777778,0.7373737373737375,0.7777777777777778,0.5789473684210527,0.576271186440678,0.7272727272727273,0.7941176470588235,0.375,0.28,0.00267618198037467,0.06684491978609619,0.16184491978609616
