acc,auc,precision,recall,maf1,mif1,yp1.a1,yp1.a0,yp1.y1a1,yp1.y1a0,yp1.y0a1,yp1.y0a0,parity,equality,eq_odds
0.6794871794871795,0.83994708994709,0.5964912280701754,0.9444444444444444,0.6671786994367639,0.7311827956989247,0.7368421052631579,0.7288135593220338,0.875,0.9642857142857143,0.6363636363636364,0.5161290322580645,0.00802854594112401,0.0892857142857143,0.20952031839128615
0.7435897435897436,0.7752142386288727,0.7333333333333333,0.8048780487804879,0.7408637873754153,0.7674418604651163,0.47368421052631576,0.6101694915254238,0.5555555555555556,0.875,0.4,0.2962962962962963,0.136485280999108,0.3194444444444444,0.42314814814814816
0.6538461538461539,0.7572751322751323,0.5957446808510638,0.7777777777777778,0.6524178907410465,0.674698795180723,0.6190476190476191,0.5964912280701754,0.7,0.8076923076923077,0.5454545454545454,0.41935483870967744,0.022556390977443663,0.10769230769230775,0.23379201443717573
0.717948717948718,0.7835526315789474,0.7368421052631579,0.7,0.717948717948718,0.717948717948718,0.25,0.5483870967741935,0.5714285714285714,0.7272727272727273,0.0,0.3448275862068966,0.2983870967741935,0.1558441558441559,0.5006717420510525
0.7692307692307692,0.8188552188552188,0.7872340425531915,0.8222222222222222,0.7615489130434783,0.8043478260869565,0.47368421052631576,0.6440677966101694,0.5454545454545454,0.9117647058823529,0.375,0.28,0.17038358608385368,0.3663101604278075,0.4613101604278075
