acc,auc,precision,recall,maf1,mif1,yp1.a1,yp1.a0,yp1.y1a1,yp1.y1a0,yp1.y0a1,yp1.y0a0,parity,equality,eq_odds
0.9102564102564102,0.9735449735449736,0.8918918918918919,0.9166666666666666,0.9098861198217527,0.9102564102564102,0.5789473684210527,0.4406779661016949,1.0,0.8928571428571429,0.2727272727272727,0.03225806451612903,0.13826940231935775,0.1071428571428571,0.3476120653540008
0.8846153846153846,0.9334212261041529,0.8809523809523809,0.9024390243902439,0.8841392969136821,0.8846153846153846,0.7368421052631579,0.4745762711864407,1.0,0.875,0.5,0.0,0.26226583407671716,0.125,0.625
0.8846153846153846,0.9788359788359788,0.8292682926829268,0.9444444444444444,0.8845964162419858,0.8846153846153846,0.7619047619047619,0.43859649122807015,1.0,0.9230769230769231,0.5454545454545454,0.03225806451612903,0.3233082706766917,0.07692307692307687,0.5901195578614933
0.9358974358974359,0.9835526315789473,0.926829268292683,0.95,0.9358024691358025,0.9358974358974359,0.625,0.5,1.0,0.9393939393939394,0.3333333333333333,0.0,0.125,0.06060606060606055,0.39393939393939387
0.9358974358974359,0.9838383838383838,0.9761904761904762,0.9111111111111111,0.935032483758121,0.9358974358974359,0.631578947368421,0.5084745762711864,1.0,0.8823529411764706,0.125,0.0,0.1231043710972346,0.11764705882352944,0.24264705882352944
