acc,auc,precision,recall,maf1,mif1,yp1.a1,yp1.a0,yp1.y1a1,yp1.y1a0,yp1.y0a1,yp1.y0a0,parity,equality,eq_odds
0.6538461538461539,0.7751322751322751,0.5789473684210527,0.9166666666666666,0.6405529953917051,0.7096774193548387,0.6842105263157895,0.7457627118644068,0.75,0.9642857142857143,0.6363636363636364,0.5483870967741935,0.0615521855486173,0.2142857142857143,0.30226225387515715
0.6538461538461539,0.7501647989452868,0.71875,0.5609756097560976,0.6524178907410465,0.6301369863013699,0.2631578947368421,0.4576271186440678,0.2222222222222222,0.65625,0.3,0.2222222222222222,0.1944692239072257,0.4340277777777778,0.5118055555555556
0.5769230769230769,0.6633597883597884,0.5294117647058824,0.75,0.5712143928035982,0.6206896551724139,0.47619047619047616,0.7192982456140351,0.5,0.8461538461538461,0.45454545454545453,0.6129032258064516,0.24310776942355894,0.34615384615384615,0.5045116174148432
0.6666666666666666,0.7092105263157895,0.6842105263157895,0.65,0.6666666666666667,0.6666666666666667,0.125,0.5806451612903226,0.14285714285714285,0.7575757575757576,0.1111111111111111,0.3793103448275862,0.4556451612903226,0.6147186147186148,0.8829178484350899
0.6666666666666666,0.7771043771043771,0.6862745098039216,0.7777777777777778,0.6479166666666667,0.7291666666666667,0.3684210526315789,0.7457627118644068,0.45454545454545453,0.8823529411764706,0.25,0.56,0.37734165923282786,0.42780748663101603,0.737807486631016
