acc,auc,precision,recall,maf1,mif1,yp1.a1,yp1.a0,yp1.y1a1,yp1.y1a0,yp1.y0a1,yp1.y0a0,parity,equality,eq_odds
0.8589743589743589,0.9484126984126984,0.7777777777777778,0.9722222222222222,0.8587654320987654,0.8589743589743589,0.47368421052631576,0.6101694915254238,1.0,0.9642857142857143,0.09090909090909091,0.2903225806451613,0.136485280999108,0.0357142857142857,0.2351277754503561
0.8076923076923077,0.9314436387607119,0.9642857142857143,0.6585365853658537,0.8050974512743629,0.8076923076923077,0.15789473684210525,0.423728813559322,0.3333333333333333,0.75,0.0,0.037037037037037035,0.26583407671721676,0.4166666666666667,0.4537037037037037
0.782051282051282,0.9007936507936508,0.7435897435897436,0.8055555555555556,0.7817283950617284,0.782051282051282,0.42857142857142855,0.5263157894736842,0.7,0.8461538461538461,0.18181818181818182,0.25806451612903225,0.09774436090225563,0.1461538461538462,0.22240018046469662
0.8333333333333333,0.9513157894736842,0.9090909090909091,0.75,0.8326456510975409,0.8333333333333334,0.3125,0.45161290322580644,0.7142857142857143,0.7575757575757576,0.0,0.10344827586206896,0.13911290322580644,0.04329004329004327,0.14673831915211222
0.8846153846153846,0.9589225589225588,0.95,0.8444444444444444,0.883678541839271,0.8846153846153846,0.3684210526315789,0.559322033898305,0.6363636363636364,0.9117647058823529,0.0,0.08,0.1909009812667261,0.27540106951871657,0.3554010695187166
