acc,auc,precision,recall,maf1,mif1,yp1.a1,yp1.a0,yp1.y1a1,yp1.y1a0,yp1.y0a1,yp1.y0a0,parity,equality,eq_odds
0.6794871794871795,0.8141534391534391,0.6,0.9166666666666666,0.6703296703296703,0.7252747252747253,0.6842105263157895,0.711864406779661,0.75,0.9642857142857143,0.6363636363636364,0.4838709677419355,0.027653880463871516,0.2142857142857143,0.36677838290741516
0.641025641025641,0.7732366512854317,0.6857142857142857,0.5853658536585366,0.6407894736842106,0.6315789473684211,0.42105263157894735,0.4576271186440678,0.5555555555555556,0.59375,0.3,0.2962962962962963,0.03657448706512045,0.03819444444444442,0.04189814814814813
0.6666666666666666,0.736111111111111,0.6041666666666666,0.8055555555555556,0.6646825396825397,0.6904761904761905,0.6190476190476191,0.6140350877192983,0.8,0.8076923076923077,0.45454545454545453,0.45161290322580644,0.005012531328320802,0.007692307692307665,0.010624859011955756
0.717948717948718,0.7828947368421053,0.7368421052631579,0.7,0.717948717948718,0.717948717948718,0.375,0.5161290322580645,0.7142857142857143,0.696969696969697,0.1111111111111111,0.3103448275862069,0.1411290322580645,0.017316017316017285,0.21654973379111309
0.7051282051282051,0.8154882154882156,0.6964285714285714,0.8666666666666667,0.677047704770477,0.7722772277227722,0.5789473684210527,0.7627118644067796,0.6363636363636364,0.9411764705882353,0.5,0.52,0.18376449598572697,0.3048128342245989,0.32481283422459895
