acc,auc,precision,recall,maf1,mif1,yp1.a1,yp1.a0,yp1.y1a1,yp1.y1a0,yp1.y0a1,yp1.y0a0,parity,equality,eq_odds
0.9871794871794871,1.0,1.0,0.9722222222222222,0.9870753935376967,0.9871794871794872,0.42105263157894735,0.4576271186440678,1.0,0.9642857142857143,0.0,0.0,0.03657448706512045,0.0357142857142857,0.0357142857142857
0.9871794871794871,1.0,1.0,0.975609756097561,0.9871604938271604,0.9871794871794872,0.47368421052631576,0.5254237288135594,1.0,0.96875,0.0,0.0,0.0517395182872436,0.03125,0.03125
0.9615384615384615,0.9973544973544973,0.9230769230769231,1.0,0.9614814814814816,0.9615384615384616,0.5238095238095238,0.49122807017543857,1.0,1.0,0.09090909090909091,0.06451612903225806,0.03258145363408527,0.0,0.02639296187683285
1.0,1.0,1.0,1.0,1.0,1.0,0.4375,0.532258064516129,1.0,1.0,0.0,0.0,0.094758064516129,0.0,0.0
1.0,1.0,1.0,1.0,1.0,1.0,0.5789473684210527,0.576271186440678,1.0,1.0,0.0,0.0,0.00267618198037467,0.0,0.0
