acc,auc,precision,recall,maf1,mif1,yp1.a1,yp1.a0,yp1.y1a1,yp1.y1a0,yp1.y0a1,yp1.y0a0,parity,equality,eq_odds
0.6794871794871795,0.8293650793650793,0.5964912280701754,0.9444444444444444,0.6671786994367639,0.7311827956989247,0.7368421052631579,0.7288135593220338,0.875,0.9642857142857143,0.6363636363636364,0.5161290322580645,0.00802854594112401,0.0892857142857143,0.20952031839128615
0.6923076923076923,0.7528015820698747,0.6976744186046512,0.7317073170731707,0.6904761904761905,0.7142857142857143,0.47368421052631576,0.576271186440678,0.5555555555555556,0.78125,0.4,0.3333333333333333,0.10258697591436222,0.22569444444444442,0.2923611111111111
0.6666666666666666,0.75,0.6086956521739131,0.7777777777777778,0.6657877389584707,0.6829268292682927,0.5714285714285714,0.5964912280701754,0.7,0.8076923076923077,0.45454545454545453,0.41935483870967744,0.02506265664160401,0.10769230769230775,0.14288292352808485
0.6923076923076923,0.7907894736842105,0.7,0.7,0.6921052631578948,0.7,0.4375,0.532258064516129,0.7142857142857143,0.696969696969697,0.2222222222222222,0.3448275862068966,0.094758064516129,0.017316017316017285,0.13992138130069165
0.7435897435897436,0.8101010101010101,0.7551020408163265,0.8222222222222222,0.7323266986959506,0.7872340425531914,0.47368421052631576,0.6779661016949152,0.5454545454545454,0.9117647058823529,0.375,0.36,0.20428189116859946,0.3663101604278075,0.3813101604278075
