acc,auc,precision,recall,maf1,mif1,yp1.a1,yp1.a0,yp1.y1a1,yp1.y1a0,yp1.y0a1,yp1.y0a0,parity,equality,eq_odds
0.7435897435897436,0.8273809523809524,0.6739130434782609,0.8611111111111112,0.7429136453526699,0.7560975609756099,0.5263157894736842,0.6101694915254238,0.75,0.8928571428571429,0.36363636363636365,0.3548387096774194,0.08385370205173959,0.1428571428571429,0.15165479681608718
0.7564102564102564,0.7593935398813448,0.75,0.8048780487804879,0.7544324772162387,0.7764705882352942,0.42105263157894735,0.6101694915254238,0.5555555555555556,0.875,0.3,0.2962962962962963,0.18911685994647642,0.3194444444444444,0.32314814814814813
0.6794871794871795,0.7202380952380953,0.6486486486486487,0.6666666666666666,0.6781647136491171,0.6575342465753425,0.3333333333333333,0.5263157894736842,0.5,0.7307692307692307,0.18181818181818182,0.3548387096774194,0.19298245614035087,0.23076923076923073,0.4037897586284683
0.7307692307692307,0.8460526315789474,0.7567567567567568,0.7,0.7307249712313003,0.7272727272727273,0.375,0.5,0.7142857142857143,0.696969696969697,0.1111111111111111,0.27586206896551724,0.125,0.017316017316017285,0.18206697517042342
0.7692307692307692,0.8067340067340069,0.813953488372093,0.7777777777777778,0.7653743315508021,0.7954545454545455,0.3157894736842105,0.6271186440677966,0.45454545454545453,0.8823529411764706,0.125,0.28,0.3113291703835861,0.42780748663101603,0.582807486631016
