acc,auc,precision,recall,maf1,mif1,yp1.a1,yp1.a0,yp1.y1a1,yp1.y1a0,yp1.y0a1,yp1.y0a0,parity,equality,eq_odds
0.7692307692307692,0.8551587301587301,0.6875,0.9166666666666666,0.7678571428571428,0.7692307692307693,0.7368421052631579,0.576271186440678,1.0,0.8928571428571429,0.5454545454545454,0.2903225806451613,0.16057091882247987,0.1071428571428571,0.3622748219522412
0.7948717948717948,0.8398154251812789,0.7906976744186046,0.8292682926829268,0.7936507936507937,0.7948717948717948,0.7894736842105263,0.4745762711864407,1.0,0.78125,0.6,0.1111111111111111,0.31489741302408564,0.21875,0.7076388888888889
0.7435897435897436,0.882936507936508,0.66,0.9166666666666666,0.7408637873754154,0.7435897435897437,0.8571428571428571,0.5614035087719298,1.0,0.8846153846153846,0.7272727272727273,0.2903225806451613,0.2957393483709273,0.11538461538461542,0.5523347620121815
0.782051282051282,0.8611842105263158,0.7674418604651163,0.825,0.7811520052813995,0.782051282051282,0.6875,0.5161290322580645,1.0,0.7878787878787878,0.4444444444444444,0.20689655172413793,0.1713709677419355,0.21212121212121215,0.4496691048415187
0.8333333333333333,0.9043771043771043,0.8636363636363636,0.8444444444444444,0.8299513667616972,0.8333333333333334,0.5789473684210527,0.559322033898305,0.8181818181818182,0.8529411764705882,0.25,0.16,0.019625334522747617,0.03475935828876997,0.12475935828876997
