acc,auc,precision,recall,maf1,mif1,yp1.a1,yp1.a0,yp1.y1a1,yp1.y1a0,yp1.y0a1,yp1.y0a0,parity,equality,eq_odds
0.6538461538461539,0.703042328042328,0.5789473684210527,0.9166666666666666,0.6405529953917051,0.7096774193548387,0.631578947368421,0.7627118644067796,0.875,0.9285714285714286,0.45454545454545453,0.6129032258064516,0.1311329170383586,0.0535714285714286,0.2119291998324257
0.7051282051282051,0.7389584706657877,0.75,0.6585365853658537,0.705079730396186,0.7012987012987012,0.42105263157894735,0.4745762711864407,0.6666666666666666,0.65625,0.2,0.25925925925925924,0.053523639607493345,0.01041666666666663,0.06967592592592586
0.5512820512820512,0.6236772486772488,0.509090909090909,0.7777777777777778,0.5384615384615384,0.6153846153846153,0.6190476190476191,0.7368421052631579,0.6,0.8461538461538461,0.6363636363636364,0.6451612903225806,0.11779448621553879,0.24615384615384617,0.25495150011279044
0.5384615384615384,0.6526315789473685,0.5666666666666667,0.425,0.5335548172757474,0.48571428571428565,0.125,0.45161290322580644,0.0,0.5151515151515151,0.2222222222222222,0.3793103448275862,0.32661290322580644,0.5151515151515151,0.6722396377568791
0.5384615384615384,0.6565656565656566,0.5737704918032787,0.7777777777777778,0.47018867924528296,0.660377358490566,0.7894736842105263,0.7796610169491526,0.6363636363636364,0.8235294117647058,1.0,0.72,0.009812667261373753,0.1871657754010695,0.4671657754010695
