acc,auc,precision,recall,maf1,mif1,yp1.a1,yp1.a0,yp1.y1a1,yp1.y1a0,yp1.y0a1,yp1.y0a0,parity,equality,eq_odds
0.6794871794871795,0.8042328042328042,0.6078431372549019,0.8611111111111112,0.6751624187906047,0.6794871794871795,0.6842105263157895,0.6440677966101694,1.0,0.8214285714285714,0.45454545454545453,0.4838709677419355,0.04014272970562005,0.1785714285714286,0.20789694176790957
0.6794871794871795,0.7198417930125246,0.6428571428571429,0.8780487804878049,0.6592696138388957,0.6794871794871795,0.631578947368421,0.7457627118644068,0.7777777777777778,0.90625,0.5,0.5555555555555556,0.11418376449598577,0.1284722222222222,0.1840277777777778
0.6153846153846154,0.7347883597883598,0.5576923076923077,0.8055555555555556,0.6089572192513368,0.6153846153846154,0.5238095238095238,0.7192982456140351,0.5,0.9230769230769231,0.5454545454545454,0.5483870967741935,0.19548872180451127,0.42307692307692313,0.4260094743965712
0.6538461538461539,0.7059210526315789,0.6666666666666666,0.65,0.6537892487259577,0.6538461538461539,0.4375,0.5161290322580645,0.42857142857142855,0.696969696969697,0.4444444444444444,0.3103448275862069,0.0786290322580645,0.26839826839826847,0.402497885256506
0.6794871794871795,0.7138047138047139,0.8846153846153846,0.5111111111111111,0.6768848384424191,0.6794871794871795,0.21052631578947367,0.3728813559322034,0.2727272727272727,0.5882352941176471,0.125,0.08,0.16235504014272972,0.31550802139037437,0.36050802139037436
