acc,auc,precision,recall,maf1,mif1,yp1.a1,yp1.a0,yp1.y1a1,yp1.y1a0,yp1.y0a1,yp1.y0a0,parity,equality,eq_odds
0.7564102564102564,0.8187830687830688,0.673469387755102,0.9166666666666666,0.7544324772162385,0.7764705882352941,0.5263157894736842,0.6610169491525424,0.75,0.9642857142857143,0.36363636363636365,0.3870967741935484,0.1347011596788582,0.2142857142857143,0.23774612484289903
0.7307692307692307,0.7745550428477258,0.7777777777777778,0.6829268292682927,0.7307249712313004,0.7272727272727273,0.47368421052631576,0.4576271186440678,0.5555555555555556,0.71875,0.4,0.14814814814814814,0.016057091882247965,0.16319444444444442,0.4150462962962963
0.6794871794871795,0.7096560846560847,0.6666666666666666,0.6111111111111112,0.6751624187906047,0.6376811594202899,0.3333333333333333,0.45614035087719296,0.4,0.6923076923076923,0.2727272727272727,0.25806451612903225,0.12280701754385964,0.29230769230769227,0.3069704489059327
0.7435897435897436,0.7723684210526317,0.7777777777777778,0.7,0.743421052631579,0.7368421052631577,0.375,0.4838709677419355,0.7142857142857143,0.696969696969697,0.1111111111111111,0.2413793103448276,0.1088709677419355,0.017316017316017285,0.14758421654973378
0.717948717948718,0.7898989898989899,0.7804878048780488,0.7111111111111111,0.7149501661129568,0.7441860465116279,0.42105263157894735,0.559322033898305,0.45454545454545453,0.7941176470588235,0.375,0.24,0.1382694023193577,0.33957219251336895,0.47457219251336896
