acc,auc,precision,recall,maf1,mif1,yp1.a1,yp1.a0,yp1.y1a1,yp1.y1a0,yp1.y0a1,yp1.y0a0,parity,equality,eq_odds
0.717948717948718,0.7797619047619048,0.6944444444444444,0.6944444444444444,0.7162698412698413,0.717948717948718,0.15789473684210525,0.559322033898305,0.125,0.8571428571428571,0.18181818181818182,0.2903225806451613,0.4014272970561998,0.7321428571428571,0.8406472559698366
0.641025641025641,0.7033618984838497,0.6140350877192983,0.8536585365853658,0.6157635467980296,0.6410256410256411,0.42105263157894735,0.8305084745762712,0.5555555555555556,0.9375,0.3,0.7037037037037037,0.40945584299732385,0.3819444444444444,0.7856481481481481
0.5641025641025641,0.7116402116402116,0.5161290322580645,0.8888888888888888,0.5334271639690359,0.5641025641025641,0.5714285714285714,0.8771929824561403,0.6,1.0,0.5454545454545454,0.7741935483870968,0.3057644110275689,0.4,0.6287390029325514
0.6153846153846154,0.6828947368421052,0.5833333333333334,0.875,0.5821428571428572,0.6153846153846154,0.4375,0.8548387096774194,0.42857142857142855,0.9696969696969697,0.4444444444444444,0.7241379310344828,0.4173387096774194,0.5411255411255411,0.8208190277155795
0.717948717948718,0.7016835016835016,0.7555555555555555,0.7555555555555555,0.711111111111111,0.717948717948718,0.3157894736842105,0.6610169491525424,0.45454545454545453,0.8529411764705882,0.125,0.4,0.3452274754683319,0.3983957219251337,0.6733957219251336
