acc,auc,precision,recall,maf1,mif1,yp1.a1,yp1.a0,yp1.y1a1,yp1.y1a0,yp1.y0a1,yp1.y0a0,parity,equality,eq_odds
0.7051282051282051,0.7705026455026456,0.6382978723404256,0.8333333333333334,0.7039115365571877,0.7228915662650603,0.5789473684210527,0.6101694915254238,0.75,0.8571428571428571,0.45454545454545453,0.3870967741935484,0.031222123104371113,0.1071428571428571,0.17459153749476325
0.6923076923076923,0.7422544495715228,0.7931034482758621,0.5609756097560976,0.6890365448504985,0.6571428571428573,0.3684210526315789,0.3728813559322034,0.5555555555555556,0.5625,0.2,0.14814814814814814,0.0044603033006244686,0.00694444444444442,0.05879629629629629
0.6153846153846154,0.7202380952380953,0.5625,0.75,0.6130952380952381,0.6428571428571429,0.5714285714285714,0.631578947368421,0.7,0.7692307692307693,0.45454545454545453,0.5161290322580645,0.06015037593984962,0.06923076923076932,0.1308143469433793
0.7051282051282051,0.7427631578947368,0.8148148148148148,0.55,0.6991447258091565,0.6567164179104479,0.25,0.3709677419354839,0.5714285714285714,0.5454545454545454,0.0,0.1724137931034483,0.12096774193548387,0.025974025974025983,0.19838781907747427
0.6923076923076923,0.731986531986532,0.8387096774193549,0.5777777777777777,0.6921052631578948,0.6842105263157895,0.2631578947368421,0.4406779661016949,0.2727272727272727,0.6764705882352942,0.25,0.12,0.17752007136485282,0.40374331550802145,0.5337433155080215
