acc,auc,precision,recall,maf1,mif1,yp1.a1,yp1.a0,yp1.y1a1,yp1.y1a0,yp1.y0a1,yp1.y0a0,parity,equality,eq_odds
0.7307692307692307,0.78505291005291,0.6530612244897959,0.8888888888888888,0.7285832642916321,0.7529411764705882,0.6842105263157895,0.6101694915254238,1.0,0.8571428571428571,0.45454545454545453,0.3870967741935484,0.07404103479036572,0.1428571428571429,0.21030582320904906
0.641025641025641,0.7290705339485827,0.6756756756756757,0.6097560975609756,0.6410256410256411,0.6410256410256411,0.5789473684210527,0.4406779661016949,0.6666666666666666,0.59375,0.5,0.25925925925925924,0.13826940231935775,0.07291666666666663,0.3136574074074074
0.6923076923076923,0.8022486772486773,0.7307692307692307,0.5277777777777778,0.6787920384351407,0.6129032258064515,0.2857142857142857,0.3508771929824561,0.3,0.6153846153846154,0.2727272727272727,0.12903225806451613,0.06516290726817042,0.31538461538461543,0.459079630047372
0.641025641025641,0.768421052631579,0.625,0.75,0.6350267379679144,0.6818181818181818,0.8125,0.5645161290322581,0.8571428571428571,0.7272727272727273,0.7777777777777778,0.3793103448275862,0.24798387096774188,0.1298701298701298,0.5283375628203214
0.6923076923076923,0.7777777777777777,0.8,0.6222222222222222,0.6921052631578948,0.7000000000000001,0.3157894736842105,0.4915254237288136,0.36363636363636365,0.7058823529411765,0.25,0.2,0.17573595004460307,0.34224598930481287,0.39224598930481286
