acc,auc,precision,recall,maf1,mif1,yp1.a1,yp1.a0,yp1.y1a1,yp1.y1a0,yp1.y0a1,yp1.y0a0,parity,equality,eq_odds
0.7435897435897436,0.8485449735449736,0.66,0.9166666666666666,0.7408637873754154,0.7435897435897437,0.7368421052631579,0.6101694915254238,1.0,0.8928571428571429,0.5454545454545454,0.3548387096774194,0.12667261373773409,0.1071428571428571,0.29775869291998314
0.717948717948718,0.8075148319050758,0.7878787878787878,0.6341463414634146,0.7172050098879368,0.717948717948718,0.631578947368421,0.3559322033898305,0.7777777777777778,0.59375,0.5,0.07407407407407407,0.2756467439785905,0.1840277777777778,0.6099537037037037
0.7564102564102564,0.8670634920634921,0.6808510638297872,0.8888888888888888,0.755405182373329,0.7564102564102565,0.8571428571428571,0.5087719298245614,1.0,0.8461538461538461,0.7272727272727273,0.22580645161290322,0.34837092731829566,0.15384615384615385,0.6553124295059779
0.7435897435897436,0.8269736842105263,0.7380952380952381,0.775,0.7429136453526699,0.7435897435897437,0.625,0.5161290322580645,0.8571428571428571,0.7575757575757576,0.4444444444444444,0.2413793103448276,0.1088709677419355,0.09956709956709953,0.3026322336667163
0.8205128205128205,0.8868686868686868,0.8780487804878049,0.8,0.8186046511627908,0.8205128205128205,0.5263157894736842,0.5254237288135594,0.7272727272727273,0.8235294117647058,0.25,0.12,0.000892060660124816,0.09625668449197855,0.22625668449197855
