acc,auc,precision,recall,maf1,mif1,yp1.a1,yp1.a0,yp1.y1a1,yp1.y1a0,yp1.y0a1,yp1.y0a0,parity,equality,eq_odds
0.7307692307692307,0.8835978835978836,0.6363636363636364,0.9722222222222222,0.723076923076923,0.7307692307692306,0.6842105263157895,0.711864406779661,1.0,0.9642857142857143,0.45454545454545453,0.4838709677419355,0.027653880463871516,0.0357142857142857,0.06503979891076667
0.782051282051282,0.8510217534607779,0.8157894736842105,0.7560975609756098,0.7820154529015289,0.782051282051282,0.5263157894736842,0.4745762711864407,0.6666666666666666,0.78125,0.4,0.1111111111111111,0.05173951828724349,0.11458333333333337,0.4034722222222223
0.6666666666666666,0.792989417989418,0.6136363636363636,0.75,0.6664473684210526,0.6666666666666666,0.5238095238095238,0.5789473684210527,0.7,0.7692307692307693,0.36363636363636365,0.41935483870967744,0.05513784461152882,0.06923076923076932,0.1249492443040831
0.7692307692307692,0.861842105263158,0.8235294117647058,0.7,0.7686222808174028,0.7692307692307693,0.3125,0.46774193548387094,0.7142857142857143,0.696969696969697,0.0,0.20689655172413793,0.15524193548387094,0.017316017316017285,0.2242125690401552
0.782051282051282,0.8505050505050505,0.85,0.7555555555555555,0.7802816901408449,0.782051282051282,0.42105263157894735,0.5423728813559322,0.5454545454545454,0.8235294117647058,0.25,0.16,0.12132024977698486,0.27807486631016043,0.3680748663101604
