acc,auc,precision,recall,maf1,mif1,yp1.a1,yp1.a0,yp1.y1a1,yp1.y1a0,yp1.y0a1,yp1.y0a0,parity,equality,eq_odds
0.8589743589743589,0.9603174603174602,0.7777777777777778,0.9722222222222222,0.8587654320987654,0.8589743589743589,0.631578947368421,0.559322033898305,1.0,0.9642857142857143,0.36363636363636365,0.1935483870967742,0.07225691347011598,0.0357142857142857,0.20580226225387516
0.8846153846153846,0.926829268292683,0.9,0.8780487804878049,0.8844444444444445,0.8846153846153846,0.42105263157894735,0.5423728813559322,0.7777777777777778,0.90625,0.1,0.1111111111111111,0.12132024977698486,0.1284722222222222,0.1395833333333333
0.8589743589743589,0.9371693121693121,0.8048780487804879,0.9166666666666666,0.8589511754068715,0.8589743589743589,0.5238095238095238,0.5263157894736842,0.9,0.9230769230769231,0.18181818181818182,0.1935483870967742,0.0025062656641603454,0.023076923076923106,0.03480712835551547
0.8974358974358974,0.9611842105263158,0.9,0.9,0.8973684210526316,0.8974358974358975,0.5,0.5161290322580645,1.0,0.8787878787878788,0.1111111111111111,0.10344827586206896,0.016129032258064502,0.12121212121212122,0.12887495646116337
0.8589743589743589,0.9488215488215488,0.925,0.8222222222222222,0.8578293289146645,0.8589743589743589,0.3684210526315789,0.559322033898305,0.6363636363636364,0.8823529411764706,0.0,0.12,0.1909009812667261,0.2459893048128342,0.3659893048128342
