acc,auc,precision,recall,maf1,mif1,yp1.a1,yp1.a0,yp1.y1a1,yp1.y1a0,yp1.y0a1,yp1.y0a0,parity,equality,eq_odds
0.8846153846153846,0.9087301587301586,0.8461538461538461,0.9166666666666666,0.8844444444444444,0.8846153846153846,0.631578947368421,0.4576271186440678,1.0,0.8928571428571429,0.36363636363636365,0.06451612903225806,0.17395182872435322,0.1071428571428571,0.4062630917469627
0.7948717948717948,0.8655240606460118,0.8205128205128205,0.7804878048780488,0.7947368421052632,0.7948717948717948,0.7894736842105263,0.4067796610169492,1.0,0.71875,0.6,0.037037037037037035,0.38269402319357715,0.28125,0.8442129629629629
0.8333333333333333,0.9265873015873016,0.7555555555555555,0.9444444444444444,0.8330864197530865,0.8333333333333334,0.8095238095238095,0.49122807017543857,1.0,0.9230769230769231,0.6363636363636364,0.12903225806451613,0.31829573934837097,0.07692307692307687,0.5842544552221971
0.8717948717948718,0.9368421052631579,0.8571428571428571,0.9,0.8714568226763348,0.8717948717948718,0.6875,0.5,1.0,0.8787878787878788,0.4444444444444444,0.06896551724137931,0.1875,0.12121212121212122,0.4966910484151863
0.8846153846153846,0.9494949494949495,0.9090909090909091,0.8888888888888888,0.8822740231427133,0.8846153846153846,0.631578947368421,0.5423728813559322,0.9090909090909091,0.8823529411764706,0.25,0.08,0.08920606601248882,0.0267379679144385,0.19673796791443848
