acc,auc,precision,recall,maf1,mif1,yp1.a1,yp1.a0,yp1.y1a1,yp1.y1a0,yp1.y0a1,yp1.y0a0,parity,equality,eq_odds
0.7564102564102564,0.7896825396825397,0.6808510638297872,0.8888888888888888,0.755405182373329,0.7710843373493975,0.47368421052631576,0.6440677966101694,0.625,0.9642857142857143,0.36363636363636365,0.3548387096774194,0.17038358608385368,0.3392857142857143,0.3480833682446586
0.7051282051282051,0.7205009887936716,0.6730769230769231,0.8536585365853658,0.6938044034818228,0.7526881720430108,0.631578947368421,0.6779661016949152,0.6666666666666666,0.90625,0.6,0.4074074074074074,0.04638715432649421,0.23958333333333337,0.43217592592592596
0.7051282051282051,0.761904761904762,0.6326530612244898,0.8611111111111112,0.7027340513670257,0.7294117647058823,0.5714285714285714,0.6491228070175439,0.7,0.9230769230769231,0.45454545454545453,0.41935483870967744,0.07769423558897248,0.22307692307692317,0.25826753891270027
0.7051282051282051,0.8039473684210526,0.6976744186046512,0.75,0.7039115365571877,0.7228915662650603,0.5,0.5645161290322581,0.7142857142857143,0.7575757575757576,0.3333333333333333,0.3448275862068966,0.06451612903225812,0.04329004329004327,0.05478429616360653
0.7564102564102564,0.8067340067340067,0.7708333333333334,0.8222222222222222,0.7470558115719406,0.7956989247311829,0.42105263157894735,0.6779661016949152,0.5454545454545454,0.9117647058823529,0.25,0.36,0.2569134701159679,0.3663101604278075,0.4763101604278075
