acc,auc,precision,recall,maf1,mif1,yp1.a1,yp1.a0,yp1.y1a1,yp1.y1a0,yp1.y0a1,yp1.y0a0,parity,equality,eq_odds
0.6923076923076923,0.7387566137566137,0.6304347826086957,0.8055555555555556,0.6914963744232037,0.6923076923076923,0.631578947368421,0.576271186440678,0.75,0.8214285714285714,0.5454545454545454,0.3548387096774194,0.05530776092774303,0.0714285714285714,0.26204440720569744
0.6794871794871795,0.7007251153592616,0.6428571428571429,0.8780487804878049,0.6592696138388957,0.6794871794871795,0.7368421052631579,0.711864406779661,0.7777777777777778,0.90625,0.7,0.48148148148148145,0.024977698483496846,0.1284722222222222,0.3469907407407407
0.6282051282051282,0.6514550264550265,0.5636363636363636,0.8611111111111112,0.6175824175824176,0.6282051282051282,0.6666666666666666,0.7192982456140351,0.7,0.9230769230769231,0.6363636363636364,0.5483870967741935,0.052631578947368474,0.22307692307692317,0.311053462666366
0.641025641025641,0.6868421052631579,0.6111111111111112,0.825,0.6252573781743309,0.6410256410256411,0.75,0.6774193548387096,0.7142857142857143,0.8484848484848485,0.7777777777777778,0.4827586206896552,0.07258064516129037,0.1341991341991342,0.4292182912872568
0.6282051282051282,0.6673400673400672,0.6481481481481481,0.7777777777777778,0.5991493886230728,0.6282051282051282,0.631578947368421,0.711864406779661,0.7272727272727273,0.7941176470588235,0.5,0.6,0.08028545941123999,0.06684491978609619,0.16684491978609617
