acc,auc,precision,recall,maf1,mif1,yp1.a1,yp1.a0,yp1.y1a1,yp1.y1a0,yp1.y0a1,yp1.y0a0,parity,equality,eq_odds
0.7948717948717948,0.8756613756613757,0.7941176470588235,0.75,0.7926910299003322,0.7948717948717948,0.47368421052631576,0.423728813559322,0.875,0.7142857142857143,0.18181818181818182,0.16129032258064516,0.04995539696699375,0.1607142857142857,0.18124214495182236
0.717948717948718,0.8048780487804877,0.7021276595744681,0.8048780487804879,0.7132352941176471,0.717948717948718,0.6842105263157895,0.576271186440678,0.7777777777777778,0.8125,0.6,0.2962962962962963,0.1079393398751115,0.03472222222222221,0.3384259259259259
0.7051282051282051,0.7903439153439153,0.6326530612244898,0.8611111111111112,0.7027340513670257,0.7051282051282052,0.7142857142857143,0.5964912280701754,1.0,0.8076923076923077,0.45454545454545453,0.41935483870967744,0.1177944862155389,0.1923076923076923,0.22749830814346939
0.7692307692307692,0.8559210526315789,0.7619047619047619,0.8,0.7686222808174028,0.7692307692307693,0.5625,0.532258064516129,1.0,0.7575757575757576,0.2222222222222222,0.27586206896551724,0.030241935483870996,0.24242424242424243,0.29606408916753746
0.7948717948717948,0.8801346801346801,0.8085106382978723,0.8444444444444444,0.7880434782608696,0.7948717948717948,0.6842105263157895,0.576271186440678,0.9090909090909091,0.8235294117647058,0.375,0.24,0.1079393398751115,0.08556149732620322,0.22056149732620323
