acc,auc,precision,recall,maf1,mif1,yp1.a1,yp1.a0,yp1.y1a1,yp1.y1a0,yp1.y0a1,yp1.y0a0,parity,equality,eq_odds
0.7307692307692307,0.8062169312169313,0.6666666666666666,0.8333333333333334,0.7303703703703704,0.7407407407407408,0.47368421052631576,0.6101694915254238,0.75,0.8571428571428571,0.2727272727272727,0.3870967741935484,0.136485280999108,0.1071428571428571,0.22151235860913276
0.7435897435897436,0.7626895187870798,0.7692307692307693,0.7317073170731707,0.743421052631579,0.7499999999999999,0.5789473684210527,0.4745762711864407,0.7777777777777778,0.71875,0.4,0.18518518518518517,0.10437109723461196,0.05902777777777779,0.27384259259259264
0.6153846153846154,0.6997354497354498,0.56,0.7777777777777778,0.6112956810631229,0.6511627906976745,0.7619047619047619,0.5964912280701754,0.8,0.7692307692307693,0.7272727272727273,0.45161290322580644,0.16541353383458646,0.03076923076923077,0.3064290548161516
0.7307692307692307,0.7559210526315789,0.8064516129032258,0.625,0.7285832642916321,0.7042253521126761,0.375,0.4032258064516129,0.7142857142857143,0.6060606060606061,0.1111111111111111,0.1724137931034483,0.028225806451612878,0.10822510822510822,0.1695277902174454
0.5897435897435898,0.674074074074074,0.6444444444444445,0.6444444444444445,0.5797979797979798,0.6444444444444445,0.3157894736842105,0.6610169491525424,0.36363636363636365,0.7352941176470589,0.25,0.56,0.3452274754683319,0.37165775401069523,0.6816577540106953
