acc,auc,precision,recall,maf1,mif1,yp1.a1,yp1.a0,yp1.y1a1,yp1.y1a0,yp1.y0a1,yp1.y0a0,parity,equality,eq_odds
0.717948717948718,0.8015873015873015,0.6458333333333334,0.8611111111111112,0.7162698412698412,0.738095238095238,0.5789473684210527,0.6271186440677966,0.625,0.9285714285714286,0.5454545454545454,0.3548387096774194,0.04817127564674395,0.3035714285714286,0.49418726434855464
0.7051282051282051,0.7653263019116678,0.7045454545454546,0.7560975609756098,0.7027340513670257,0.7294117647058823,0.5263157894736842,0.576271186440678,0.6666666666666666,0.78125,0.4,0.3333333333333333,0.049955396966993804,0.11458333333333337,0.18125000000000008
0.7435897435897436,0.7645502645502645,0.6739130434782609,0.8611111111111112,0.7429136453526699,0.7560975609756099,0.47619047619047616,0.631578947368421,0.7,0.9230769230769231,0.2727272727272727,0.3870967741935484,0.15538847117794485,0.22307692307692317,0.33744642454319884
0.6794871794871795,0.763157894736842,0.6530612244897959,0.8,0.6729833976186483,0.7191011235955055,0.5625,0.6451612903225806,0.7142857142857143,0.8181818181818182,0.4444444444444444,0.4482758620689655,0.08266129032258063,0.10389610389610393,0.10772752152062504
0.7307692307692307,0.7932659932659932,0.7608695652173914,0.7777777777777778,0.7230769230769232,0.7692307692307693,0.42105263157894735,0.6440677966101694,0.5454545454545454,0.8529411764705882,0.25,0.36,0.2230151650312221,0.3074866310160428,0.4174866310160428
