acc,auc,precision,recall,maf1,mif1,yp1.a1,yp1.a0,yp1.y1a1,yp1.y1a0,yp1.y0a1,yp1.y0a0,parity,equality,eq_odds
0.7307692307692307,0.7976190476190477,0.6530612244897959,0.8888888888888888,0.7285832642916321,0.7529411764705882,0.5789473684210527,0.6440677966101694,0.75,0.9285714285714286,0.45454545454545453,0.3870967741935484,0.06512042818911679,0.1785714285714286,0.24602010892333476
0.7307692307692307,0.7554383651944627,0.7777777777777778,0.6829268292682927,0.7307249712313004,0.7272727272727273,0.47368421052631576,0.4576271186440678,0.5555555555555556,0.71875,0.4,0.14814814814814814,0.016057091882247965,0.16319444444444442,0.4150462962962963
0.6538461538461539,0.6858465608465609,0.6097560975609756,0.6944444444444444,0.6537892487259577,0.6493506493506495,0.5238095238095238,0.5263157894736842,0.6,0.7307692307692307,0.45454545454545453,0.3548387096774194,0.0025062656641603454,0.13076923076923075,0.2304759756372659
0.641025641025641,0.7546052631578949,0.7727272727272727,0.425,0.6252573781743308,0.5483870967741935,0.0,0.3548387096774194,0.0,0.5151515151515151,0.0,0.1724137931034483,0.3548387096774194,0.5151515151515151,0.6875653082549634
0.7435897435897436,0.7912457912457912,0.7906976744186046,0.7555555555555555,0.7393048128342246,0.7727272727272727,0.47368421052631576,0.576271186440678,0.5454545454545454,0.8235294117647058,0.375,0.24,0.10258697591436222,0.27807486631016043,0.41307486631016044
