acc,auc,precision,recall,maf1,mif1,yp1.a1,yp1.a0,yp1.y1a1,yp1.y1a0,yp1.y0a1,yp1.y0a0,parity,equality,eq_odds
1.0,1.0,1.0,1.0,1.0,1.0,0.42105263157894735,0.4745762711864407,1.0,1.0,0.0,0.0,0.053523639607493345,0.0,0.0
1.0,1.0,1.0,1.0,1.0,1.0,0.47368421052631576,0.5423728813559322,1.0,1.0,0.0,0.0,0.06868867082961644,0.0,0.0
0.9871794871794871,0.9993386243386243,1.0,0.9722222222222222,0.9870753935376967,0.9871794871794872,0.47619047619047616,0.43859649122807015,1.0,0.9615384615384616,0.0,0.0,0.03759398496240601,0.038461538461538436,0.038461538461538436
1.0,1.0,1.0,1.0,1.0,1.0,0.4375,0.532258064516129,1.0,1.0,0.0,0.0,0.094758064516129,0.0,0.0
1.0,1.0,1.0,1.0,1.0,1.0,0.5789473684210527,0.576271186440678,1.0,1.0,0.0,0.0,0.00267618198037467,0.0,0.0
