acc,auc,precision,recall,maf1,mif1,yp1.a1,yp1.a0,yp1.y1a1,yp1.y1a0,yp1.y0a1,yp1.y0a0,parity,equality,eq_odds
0.7307692307692307,0.8419312169312169,0.6470588235294118,0.9166666666666666,0.7271364317841079,0.7307692307692306,0.7368421052631579,0.6271186440677966,1.0,0.8928571428571429,0.5454545454545454,0.3870967741935484,0.10972346119536125,0.1071428571428571,0.26550062840385413
0.7564102564102564,0.7890573500329598,0.7291666666666666,0.8536585365853658,0.7514673821901727,0.7564102564102565,0.6842105263157895,0.5932203389830508,0.7777777777777778,0.875,0.6,0.25925925925925924,0.09099018733273867,0.09722222222222221,0.43796296296296294
0.717948717948718,0.8538359788359788,0.6296296296296297,0.9444444444444444,0.7111111111111112,0.717948717948718,0.8571428571428571,0.631578947368421,1.0,0.9230769230769231,0.7272727272727273,0.3870967741935484,0.22556390977443608,0.07692307692307687,0.4170990300022558
0.6923076923076923,0.8059210526315789,0.6904761904761905,0.725,0.6914963744232037,0.6923076923076923,0.625,0.5161290322580645,0.8571428571428571,0.696969696969697,0.4444444444444444,0.3103448275862069,0.1088709677419355,0.16017316017316008,0.2942727770313976
0.7564102564102564,0.8538720538720539,0.782608695652174,0.8,0.7494505494505495,0.7564102564102565,0.5789473684210527,0.5932203389830508,0.7272727272727273,0.8235294117647058,0.375,0.28,0.014272970561998166,0.09625668449197855,0.19125668449197852
