acc,auc,precision,recall,maf1,mif1,yp1.a1,yp1.a0,yp1.y1a1,yp1.y1a0,yp1.y0a1,yp1.y0a0,parity,equality,eq_odds
0.7051282051282051,0.7916666666666666,0.6274509803921569,0.8888888888888888,0.7011494252873564,0.7051282051282052,0.5263157894736842,0.6949152542372882,0.625,0.9642857142857143,0.45454545454545453,0.45161290322580644,0.168599464763604,0.3392857142857143,0.3422182656053624
0.6666666666666666,0.6980883322346737,0.6415094339622641,0.8292682926829268,0.6520247083047358,0.6666666666666666,0.3684210526315789,0.7796610169491526,0.4444444444444444,0.9375,0.3,0.5925925925925926,0.41123996431757365,0.4930555555555556,0.7856481481481481
0.6923076923076923,0.7136243386243385,0.6666666666666666,0.6666666666666666,0.6904761904761905,0.6923076923076923,0.14285714285714285,0.5789473684210527,0.2,0.8461538461538461,0.09090909090909091,0.3548387096774194,0.4360902255639098,0.6461538461538461,0.9100834649221745
0.6025641025641025,0.7032894736842106,0.576271186440678,0.85,0.57150451887294,0.6025641025641025,0.4375,0.8387096774193549,0.42857142857142855,0.9393939393939394,0.4444444444444444,0.7241379310344828,0.40120967741935487,0.5108225108225108,0.7905159974125492
0.6153846153846154,0.6962962962962963,0.6153846153846154,0.8888888888888888,0.5375494071146245,0.6153846153846154,0.5263157894736842,0.9322033898305084,0.5454545454545454,1.0,0.5,0.84,0.40588760035682425,0.4545454545454546,0.7945454545454546
