acc,auc,precision,recall,maf1,mif1,yp1.a1,yp1.a0,yp1.y1a1,yp1.y1a0,yp1.y0a1,yp1.y0a0,parity,equality,eq_odds
0.7051282051282051,0.7731481481481481,0.6274509803921569,0.8888888888888888,0.7011494252873564,0.735632183908046,0.631578947368421,0.6610169491525424,0.75,0.9285714285714286,0.5454545454545454,0.41935483870967744,0.02943800178412137,0.1785714285714286,0.3046711353162966
0.6923076923076923,0.7172050098879367,0.6888888888888889,0.7560975609756098,0.6890365448504983,0.7209302325581395,0.5263157894736842,0.5932203389830508,0.6666666666666666,0.78125,0.4,0.37037037037037035,0.06690454950936664,0.11458333333333337,0.14421296296296304
0.717948717948718,0.7738095238095237,0.64,0.8888888888888888,0.7149501661129568,0.7441860465116279,0.6190476190476191,0.6491228070175439,0.8,0.9230769230769231,0.45454545454545453,0.41935483870967744,0.03007518796992481,0.12307692307692308,0.15826753891270018
0.6923076923076923,0.775,0.6666666666666666,0.8,0.6871657754010694,0.7272727272727272,0.5,0.6451612903225806,0.7142857142857143,0.8181818181818182,0.3333333333333333,0.4482758620689655,0.14516129032258063,0.10389610389610393,0.21883863263173614
0.782051282051282,0.7993265993265993,0.7916666666666666,0.8444444444444444,0.7736815156169996,0.8172043010752689,0.42105263157894735,0.6779661016949152,0.5454545454545454,0.9411764705882353,0.25,0.32,0.2569134701159679,0.39572192513368987,0.4657219251336899
