acc,auc,precision,recall,maf1,mif1,yp1.a1,yp1.a0,yp1.y1a1,yp1.y1a0,yp1.y0a1,yp1.y0a0,parity,equality,eq_odds
0.9615384615384615,0.9920634920634921,0.9230769230769231,1.0,0.9614814814814816,0.9615384615384616,0.5263157894736842,0.4915254237288136,1.0,1.0,0.18181818181818182,0.03225806451612903,0.0347903657448706,0.0,0.1495601173020528
0.923076923076923,0.988134475939354,0.926829268292683,0.926829268292683,0.922874093605801,0.9230769230769231,0.5789473684210527,0.5084745762711864,1.0,0.90625,0.2,0.037037037037037035,0.07047279214986624,0.09375,0.256712962962963
0.9102564102564102,0.9695767195767195,0.8717948717948718,0.9444444444444444,0.9101234567901235,0.9102564102564102,0.6190476190476191,0.45614035087719296,1.0,0.9230769230769231,0.2727272727272727,0.06451612903225806,0.1629072681704261,0.07692307692307687,0.2851342206180915
0.9615384615384615,0.9960526315789474,0.9743589743589743,0.95,0.9615321387473287,0.9615384615384616,0.4375,0.5161290322580645,1.0,0.9393939393939394,0.0,0.034482758620689655,0.0786290322580645,0.06060606060606055,0.0950888192267502
0.9743589743589743,1.0,0.9574468085106383,1.0,0.9735054347826086,0.9743589743589743,0.5789473684210527,0.6101694915254238,1.0,1.0,0.0,0.08,0.031222123104371113,0.0,0.08
