acc,auc,precision,recall,maf1,mif1,yp1.a1,yp1.a0,yp1.y1a1,yp1.y1a0,yp1.y0a1,yp1.y0a0,parity,equality,eq_odds
0.7435897435897436,0.7956349206349206,0.6739130434782609,0.8611111111111112,0.7429136453526699,0.7560975609756099,0.42105263157894735,0.6440677966101694,0.625,0.9285714285714286,0.2727272727272727,0.3870967741935484,0.2230151650312221,0.3035714285714286,0.4179409300377043
0.6666666666666666,0.6783124588002637,0.6415094339622641,0.8292682926829268,0.6520247083047358,0.723404255319149,0.631578947368421,0.6949152542372882,0.6666666666666666,0.875,0.6,0.48148148148148145,0.06333630686886715,0.20833333333333337,0.3268518518518519
0.6794871794871795,0.7579365079365079,0.6410256410256411,0.6944444444444444,0.6790123456790123,0.6666666666666666,0.42857142857142855,0.5263157894736842,0.5,0.7692307692307693,0.36363636363636365,0.3225806451612903,0.09774436090225563,0.2692307692307693,0.3102864877058426
0.717948717948718,0.7881578947368422,0.75,0.675,0.7177631578947369,0.7105263157894738,0.3125,0.5,0.5714285714285714,0.696969696969697,0.1111111111111111,0.27586206896551724,0.1875,0.12554112554112562,0.29029208339553175
0.7692307692307692,0.7939393939393938,0.7454545454545455,0.9111111111111111,0.7492857142857143,0.8200000000000001,0.5263157894736842,0.7627118644067796,0.7272727272727273,0.9705882352941176,0.25,0.48,0.23639607493309545,0.24331550802139035,0.47331550802139033
