acc,auc,precision,recall,maf1,mif1,yp1.a1,yp1.a0,yp1.y1a1,yp1.y1a0,yp1.y0a1,yp1.y0a0,parity,equality,eq_odds
0.7051282051282051,0.7982804232804233,0.6382978723404256,0.8333333333333334,0.7039115365571877,0.7228915662650603,0.5263157894736842,0.6271186440677966,0.625,0.8928571428571429,0.45454545454545453,0.3870967741935484,0.10080285459411242,0.2678571428571429,0.33530582320904906
0.6666666666666666,0.7712590639419907,0.7419354838709677,0.5609756097560976,0.6646825396825398,0.638888888888889,0.2631578947368421,0.4406779661016949,0.3333333333333333,0.625,0.2,0.2222222222222222,0.17752007136485282,0.2916666666666667,0.3138888888888889
0.717948717948718,0.7255291005291006,0.6944444444444444,0.6944444444444444,0.7162698412698413,0.6944444444444444,0.38095238095238093,0.49122807017543857,0.5,0.7692307692307693,0.2727272727272727,0.25806451612903225,0.11027568922305764,0.2692307692307693,0.28389352582900973
0.6538461538461539,0.7730263157894737,0.6382978723404256,0.75,0.6491754122938531,0.6896551724137931,0.5,0.6290322580645161,0.7142857142857143,0.7575757575757576,0.3333333333333333,0.4827586206896552,0.12903225806451613,0.04329004329004327,0.19271533064636515
0.6923076923076923,0.806060606060606,0.6779661016949152,0.8888888888888888,0.653846153846154,0.7692307692307693,0.6842105263157895,0.7796610169491526,0.7272727272727273,0.9411764705882353,0.625,0.56,0.09545049063336308,0.213903743315508,0.27890374331550793
