acc,auc,precision,recall,maf1,mif1,yp1.a1,yp1.a0,yp1.y1a1,yp1.y1a0,yp1.y0a1,yp1.y0a0,parity,equality,eq_odds
1.0,1.0,1.0,1.0,1.0,1.0,0.42105263157894735,0.4745762711864407,1.0,1.0,0.0,0.0,0.053523639607493345,0.0,0.0
0.9871794871794871,1.0,1.0,0.975609756097561,0.9871604938271604,0.9871794871794872,0.47368421052631576,0.5254237288135594,1.0,0.96875,0.0,0.0,0.0517395182872436,0.03125,0.03125
0.9487179487179487,1.0,0.9,1.0,0.9486842105263158,0.9487179487179487,0.5238095238095238,0.5087719298245614,1.0,1.0,0.09090909090909091,0.0967741935483871,0.015037593984962405,0.0,0.0058651026392961825
1.0,1.0,1.0,1.0,1.0,1.0,0.4375,0.532258064516129,1.0,1.0,0.0,0.0,0.094758064516129,0.0,0.0
1.0,1.0,1.0,1.0,1.0,1.0,0.5789473684210527,0.576271186440678,1.0,1.0,0.0,0.0,0.00267618198037467,0.0,0.0
