acc,auc,precision,recall,maf1,mif1,yp1.a1,yp1.a0,yp1.y1a1,yp1.y1a0,yp1.y0a1,yp1.y0a0,parity,equality,eq_odds
0.6333333333333334,0.650488888888889,0.7777777777777778,0.37333333333333335,0.6067496067496068,0.6333333333333333,0.23404255319148937,0.24271844660194175,0.38095238095238093,0.37037037037037035,0.11538461538461539,0.10204081632653061,0.008675893410452384,0.010582010582010581,0.023925809640095358
0.5666666666666667,0.5240888888888888,0.55,0.7333333333333333,0.5542857142857143,0.5666666666666667,0.7391304347826086,0.6346153846153846,0.7916666666666666,0.7058823529411765,0.6818181818181818,0.5660377358490566,0.10451505016722407,0.08578431372549011,0.2015647596946153
0.5866666666666667,0.6010666666666666,0.6031746031746031,0.5066666666666667,0.5840042941492217,0.5866666666666667,0.19148936170212766,0.5242718446601942,0.2608695652173913,0.6153846153846154,0.125,0.43137254901960786,0.3327824829580665,0.3545150501672241,0.6608875991868319
0.54,0.5713777777777778,0.5375,0.5733333333333334,0.5394883203559511,0.54,0.5283018867924528,0.5360824742268041,0.6,0.56,0.4642857142857143,0.5106382978723404,0.007780587434351283,0.039999999999999925,0.08635258358662601
0.4866666666666667,0.4392888888888889,0.0,0.0,0.3273542600896861,0.4866666666666667,0.0,0.018018018018018018,0.0,0.0,0.0,0.03773584905660377,0.018018018018018018,0.0,0.03773584905660377
