acc,auc,precision,recall,maf1,mif1,yp1.a1,yp1.a0,yp1.y1a1,yp1.y1a0,yp1.y0a1,yp1.y0a0,parity,equality,eq_odds
0.5866666666666667,0.6833777777777778,0.8095238095238095,0.22666666666666666,0.5251225490196079,0.5866666666666667,0.14893617021276595,0.13592233009708737,0.23809523809523808,0.2222222222222222,0.07692307692307693,0.04081632653061224,0.013013840115678577,0.015873015873015872,0.05197976626548056
0.5266666666666667,0.4498666666666667,0.5588235294117647,0.25333333333333335,0.4884480522599548,0.5266666666666666,0.2391304347826087,0.22115384615384615,0.20833333333333334,0.27450980392156865,0.2727272727272727,0.16981132075471697,0.017976588628762558,0.06617647058823531,0.16909242256079104
0.5933333333333334,0.6166222222222222,0.6029411764705882,0.5466666666666666,0.5924457707897198,0.5933333333333334,0.44680851063829785,0.4563106796116505,0.6086956521739131,0.5192307692307693,0.2916666666666667,0.39215686274509803,0.009502168973352654,0.08946488294314381,0.18995507902157516
0.5266666666666667,0.4872888888888889,0.5192307692307693,0.72,0.5082875479015652,0.5266666666666666,0.7547169811320755,0.6597938144329897,0.72,0.72,0.7857142857142857,0.5957446808510638,0.09492316669908585,0.0,0.1899696048632219
0.4666666666666667,0.4569777777777778,0.4,0.13333333333333333,0.4,0.4666666666666667,0.28205128205128205,0.12612612612612611,0.23529411764705882,0.10344827586206896,0.3181818181818182,0.1509433962264151,0.15592515592515593,0.13184584178498987,0.299084263740393
