acc,auc,precision,recall,maf1,mif1,yp1.a1,yp1.a0,yp1.y1a1,yp1.y1a0,yp1.y0a1,yp1.y0a0,parity,equality,eq_odds
0.6266666666666667,0.6755555555555556,0.6938775510204082,0.4533333333333333,0.6151026392961877,0.6266666666666667,0.14893617021276595,0.4077669902912621,0.23809523809523808,0.5370370370370371,0.07692307692307693,0.2653061224489796,0.25883082007849617,0.298941798941799,0.4873248444677017
0.6000000000000001,0.6030222222222222,0.5789473684210527,0.7333333333333333,0.5927601809954751,0.6,0.391304347826087,0.7403846153846154,0.625,0.7843137254901961,0.13636363636363635,0.6981132075471698,0.34908026755852845,0.15931372549019607,0.7210632966737295
0.6133333333333334,0.6352,0.5841584158415841,0.7866666666666666,0.6013563049853372,0.6133333333333333,0.44680851063829785,0.7766990291262136,0.5652173913043478,0.8846153846153846,0.3333333333333333,0.6666666666666666,0.32989051848791573,0.3193979933110368,0.6527313266443702
0.6066666666666667,0.6167111111111111,0.6025641025641025,0.6266666666666667,0.6065092703748167,0.6066666666666667,0.37735849056603776,0.5979381443298969,0.48,0.7,0.2857142857142857,0.48936170212765956,0.22057965376385913,0.21999999999999997,0.42364741641337383
0.5866666666666667,0.6181333333333332,0.5866666666666667,0.5866666666666667,0.5866666666666667,0.5866666666666667,0.358974358974359,0.5495495495495496,0.4117647058823529,0.6379310344827587,0.3181818181818182,0.4528301886792453,0.19057519057519062,0.22616632860040575,0.36081469909783287
