acc,auc,precision,recall,maf1,mif1,yp1.a1,yp1.a0,yp1.y1a1,yp1.y1a0,yp1.y0a1,yp1.y0a0,parity,equality,eq_odds
0.5666666666666667,0.5819555555555556,0.5462962962962963,0.7866666666666666,0.5446265938069217,0.5666666666666667,0.574468085106383,0.7864077669902912,0.6666666666666666,0.8333333333333334,0.5,0.7346938775510204,0.21193968188390822,0.16666666666666674,0.4013605442176872
0.4866666666666667,0.4083555555555556,0.49230769230769234,0.8533333333333334,0.4069319640564827,0.4866666666666667,0.8043478260869565,0.8942307692307693,0.7083333333333334,0.9215686274509803,0.9090909090909091,0.8679245283018868,0.08988294314381273,0.21323529411764697,0.2544016749066692
0.56,0.5513777777777777,0.5445544554455446,0.7333333333333333,0.5463709677419355,0.56,0.6808510638297872,0.6699029126213593,0.7391304347826086,0.7307692307692307,0.625,0.6078431372549019,0.010948151208427959,0.00836120401337792,0.02551806675847601
0.5,0.5370666666666667,0.5,1.0,0.3333333333333333,0.5,1.0,1.0,1.0,1.0,1.0,1.0,0.0,0.0,0.0
0.52,0.5495111111111111,0.5283018867924528,0.37333333333333335,0.5094476744186046,0.52,0.358974358974359,0.35135135135135137,0.35294117647058826,0.3793103448275862,0.36363636363636365,0.32075471698113206,0.007623007623007605,0.02636916835699793,0.06925081501222952
