acc,auc,precision,recall,maf1,mif1,yp1.a1,yp1.a0,yp1.y1a1,yp1.y1a0,yp1.y0a1,yp1.y0a0,parity,equality,eq_odds
0.6333333333333334,0.6688,0.6063829787234043,0.76,0.6273544423867383,0.6333333333333333,0.3829787234042553,0.7378640776699029,0.6666666666666666,0.7962962962962963,0.15384615384615385,0.673469387755102,0.3548853542656476,0.12962962962962965,0.6492528635385778
0.5866666666666667,0.6284444444444445,0.6065573770491803,0.49333333333333335,0.5830344332855093,0.5866666666666667,0.30434782608695654,0.4519230769230769,0.4583333333333333,0.5098039215686274,0.13636363636363635,0.39622641509433965,0.1475752508361204,0.0514705882352941,0.3113333669659974
0.5933333333333334,0.6673777777777778,0.6029411764705882,0.5466666666666666,0.5924457707897198,0.5933333333333334,0.1276595744680851,0.6019417475728155,0.21739130434782608,0.6923076923076923,0.041666666666666664,0.5098039215686274,0.4742821731047304,0.47491638795986624,0.943053642861827
0.6533333333333333,0.6956444444444443,0.7169811320754716,0.5066666666666667,0.6457122093023255,0.6533333333333333,0.18867924528301888,0.44329896907216493,0.28,0.62,0.10714285714285714,0.2553191489361702,0.25461972378914605,0.33999999999999997,0.488176291793313
0.6066666666666667,0.6892444444444444,0.5952380952380952,0.6666666666666666,0.6052455506490031,0.6066666666666667,0.5641025641025641,0.5585585585585585,0.7058823529411765,0.6551724137931034,0.45454545454545453,0.4528301886792453,0.005544005544005581,0.05070993914807309,0.05242520501428233
