acc,auc,precision,recall,maf1,mif1,yp1.a1,yp1.a0,yp1.y1a1,yp1.y1a0,yp1.y0a1,yp1.y0a0,parity,equality,eq_odds
0.4733333333333334,0.5046222222222223,0.4803921568627451,0.6533333333333333,0.45569794680997655,0.47333333333333333,0.6382978723404256,0.6990291262135923,0.6666666666666666,0.6481481481481481,0.6153846153846154,0.7551020408163265,0.06073125387316669,0.01851851851851849,0.15823594395022955
0.5266666666666667,0.5422222222222223,0.5153846153846153,0.8933333333333333,0.4531450577663671,0.5266666666666666,0.8913043478260869,0.8557692307692307,0.875,0.9019607843137255,0.9090909090909091,0.8113207547169812,0.03553511705685619,0.026960784313725505,0.12473093868765339
0.5666666666666667,0.5864,0.5416666666666666,0.8666666666666667,0.5238095238095238,0.5666666666666667,0.8085106382978723,0.7961165048543689,0.8695652173913043,0.8653846153846154,0.75,0.7254901960784313,0.012394133443503375,0.004180602006688905,0.028690405928257556
0.5,0.4446222222222222,0.5,1.0,0.3333333333333333,0.5,1.0,1.0,1.0,1.0,1.0,1.0,0.0,0.0,0.0
0.5333333333333333,0.4981333333333334,0.5221238938053098,0.7866666666666666,0.5013297872340425,0.5333333333333333,0.7692307692307693,0.7477477477477478,0.7058823529411765,0.8103448275862069,0.8181818181818182,0.6792452830188679,0.021483021483021503,0.10446247464503033,0.24339900980798068
