acc,auc,precision,recall,maf1,mif1,yp1.a1,yp1.a0,yp1.y1a1,yp1.y1a0,yp1.y0a1,yp1.y0a0,parity,equality,eq_odds
0.4733333333333334,0.4208,0.475,0.5066666666666667,0.47274749721913234,0.47333333333333333,0.5319148936170213,0.5339805825242718,0.47619047619047616,0.5185185185185185,0.5769230769230769,0.5510204081632653,0.0020656889072505624,0.042328042328042326,0.06823071108785395
0.4666666666666667,0.41519999999999996,0.4528301886792453,0.32,0.4549418604651163,0.4666666666666667,0.2391304347826087,0.40384615384615385,0.3333333333333333,0.3137254901960784,0.13636363636363635,0.49056603773584906,0.16471571906354515,0.019607843137254888,0.3738102445094676
0.52,0.6183111111111111,0.5111111111111111,0.92,0.42857142857142855,0.52,0.8936170212765957,0.9029126213592233,0.9130434782608695,0.9230769230769231,0.875,0.8823529411764706,0.009295600082627642,0.010033444816053616,0.017386385992524178
0.5,0.5056888888888889,0.5,1.0,0.3333333333333333,0.5,1.0,1.0,1.0,1.0,1.0,1.0,0.0,0.0,0.0
0.5333333333333333,0.5125333333333334,0.5190839694656488,0.9066666666666666,0.4577566618467258,0.5333333333333333,0.8205128205128205,0.8918918918918919,0.8823529411764706,0.9137931034482759,0.7727272727272727,0.8679245283018868,0.0713790713790714,0.03144016227180535,0.12663741784641946
