acc,auc,precision,recall,maf1,mif1,yp1.a1,yp1.a0,yp1.y1a1,yp1.y1a0,yp1.y0a1,yp1.y0a0,parity,equality,eq_odds
0.6000000000000001,0.6113777777777778,0.8260869565217391,0.25333333333333335,0.5453626995352596,0.6,0.1702127659574468,0.14563106796116504,0.23809523809523808,0.25925925925925924,0.11538461538461539,0.02040816326530612,0.024581697996281765,0.021164021164021163,0.11614047328333044
0.49333333333333335,0.4664888888888889,0.48484848484848486,0.21333333333333335,0.4502314814814815,0.4933333333333334,0.17391304347826086,0.2403846153846154,0.16666666666666666,0.23529411764705882,0.18181818181818182,0.24528301886792453,0.06647157190635453,0.06862745098039216,0.13209228803013487
0.54,0.5788444444444445,0.5535714285714286,0.41333333333333333,0.5324992095397263,0.54,0.23404255319148937,0.4368932038834951,0.30434782608695654,0.46153846153846156,0.16666666666666666,0.4117647058823529,0.20285065069200575,0.15719063545150502,0.4022886746671913
0.5866666666666667,0.6119111111111111,0.6031746031746031,0.5066666666666667,0.5840042941492217,0.5866666666666667,0.39622641509433965,0.4329896907216495,0.48,0.52,0.32142857142857145,0.3404255319148936,0.036763275627309855,0.040000000000000036,0.05899696048632219
0.54,0.5049777777777779,0.8,0.10666666666666667,0.43365253077975374,0.54,0.05128205128205128,0.07207207207207207,0.0,0.13793103448275862,0.09090909090909091,0.0,0.02079002079002079,0.13793103448275862,0.22884012539184953
