acc,auc,precision,recall,maf1,mif1,yp1.a1,yp1.a0,yp1.y1a1,yp1.y1a0,yp1.y0a1,yp1.y0a0,parity,equality,eq_odds
0.45333333333333337,0.45893333333333336,0.3870967741935484,0.16,0.40186734098424426,0.4533333333333333,0.19148936170212766,0.21359223300970873,0.09523809523809523,0.18518518518518517,0.2692307692307692,0.24489795918367346,0.022102871307581068,0.08994708994708994,0.1142798999941857
0.49333333333333335,0.5255111111111112,0.4918032786885246,0.4,0.48888091822094687,0.4933333333333334,0.6956521739130435,0.27884615384615385,0.7083333333333334,0.2549019607843137,0.6818181818181818,0.3018867924528302,0.4168060200668896,0.45343137254901966,0.8333627619143713
0.5,0.5303111111111111,0.0,0.0,0.3333333333333333,0.5,0.0,0.0,0.0,0.0,0.0,0.0,0.0,0.0,0.0
0.54,0.5982222222222222,0.6071428571428571,0.22666666666666666,0.4899216401360209,0.54,0.2641509433962264,0.14432989690721648,0.4,0.14,0.14285714285714285,0.14893617021276595,0.11982104648900993,0.26,0.2660790273556231
0.5066666666666667,0.42115555555555556,0.5037037037037037,0.9066666666666666,0.4126984126984127,0.5066666666666667,1.0,0.8648648648648649,1.0,0.8793103448275862,1.0,0.8490566037735849,0.1351351351351351,0.12068965517241381,0.2716330513988289
