acc,auc,precision,recall,maf1,mif1,yp1.a1,yp1.a0,yp1.y1a1,yp1.y1a0,yp1.y0a1,yp1.y0a0,parity,equality,eq_odds
0.6133333333333334,0.6832,0.6231884057971014,0.5733333333333334,0.6127136752136753,0.6133333333333333,0.2127659574468085,0.5728155339805825,0.42857142857142855,0.6296296296296297,0.038461538461538464,0.5102040816326531,0.360049576533774,0.2010582010582011,0.6728007442293158
0.6266666666666667,0.6412444444444445,0.6461538461538462,0.56,0.6250000000000001,0.6266666666666667,0.32608695652173914,0.4807692307692308,0.5416666666666666,0.5686274509803921,0.09090909090909091,0.39622641509433965,0.15468227424749165,0.026960784313725505,0.3322781084989742
0.6133333333333334,0.6435555555555554,0.6268656716417911,0.56,0.6122303440898557,0.6133333333333333,0.14893617021276595,0.5825242718446602,0.2608695652173913,0.6923076923076923,0.041666666666666664,0.47058823529411764,0.4335881016318942,0.431438127090301,0.860359695717752
0.6466666666666667,0.6945777777777777,0.7037037037037037,0.5066666666666667,0.6396028831769345,0.6466666666666666,0.24528301886792453,0.422680412371134,0.4,0.56,0.10714285714285714,0.2765957446808511,0.1773973935032095,0.16000000000000003,0.32945288753799395
0.5733333333333334,0.6814222222222223,0.5774647887323944,0.5466666666666666,0.5730297100160113,0.5733333333333334,0.46153846153846156,0.4774774774774775,0.47058823529411764,0.5689655172413793,0.45454545454545453,0.37735849056603776,0.01593901593901592,0.0983772819472617,0.17556424592667846
