acc,auc,precision,recall,maf1,mif1,yp1.a1,yp1.a0,yp1.y1a1,yp1.y1a0,yp1.y0a1,yp1.y0a0,parity,equality,eq_odds
0.64,0.7127111111111111,0.7142857142857143,0.4666666666666667,0.6288489736070382,0.64,0.2553191489361702,0.3592233009708738,0.42857142857142855,0.48148148148148145,0.11538461538461539,0.22448979591836735,0.1039041520347036,0.05291005291005291,0.16201523344380486
0.5,0.512,0.5,0.06666666666666667,0.38440492476060195,0.5,0.08695652173913043,0.057692307692307696,0.041666666666666664,0.0784313725490196,0.13636363636363635,0.03773584905660377,0.029264214046822737,0.03676470588235294,0.13539249318938554
0.5800000000000001,0.6344888888888889,0.65,0.3466666666666667,0.5558166862514688,0.58,0.19148936170212766,0.30097087378640774,0.2608695652173913,0.38461538461538464,0.125,0.21568627450980393,0.10948151208428009,0.12374581939799334,0.21443209390779727
0.56,0.6016,0.5882352941176471,0.4,0.548440065681445,0.56,0.39622641509433965,0.30927835051546393,0.44,0.38,0.35714285714285715,0.23404255319148937,0.08694806457887572,0.06,0.18310030395136778
0.5,0.4280888888888889,0.5,0.3466666666666667,0.48796140366847207,0.5,0.3076923076923077,0.36036036036036034,0.4117647058823529,0.3275862068965517,0.22727272727272727,0.39622641509433965,0.052668052668052634,0.08417849898580121,0.25313218680741356
