acc,auc,precision,recall,maf1,mif1,yp1.a1,yp1.a0,yp1.y1a1,yp1.y1a0,yp1.y0a1,yp1.y0a0,parity,equality,eq_odds
0.56,0.6271111111111111,0.5918367346938775,0.38666666666666666,0.5463709677419355,0.56,0.3191489361702128,0.3300970873786408,0.42857142857142855,0.37037037037037035,0.23076923076923078,0.2857142857142857,0.010948151208428014,0.0582010582010582,0.11314611314611311
0.5666666666666667,0.5078222222222222,0.5403225806451613,0.8933333333333333,0.5149012388676053,0.5666666666666667,0.8913043478260869,0.7980769230769231,0.9583333333333334,0.8627450980392157,0.8181818181818182,0.7358490566037735,0.09322742474916379,0.09558823529411764,0.17792099687216234
0.5,0.49244444444444435,0.5,1.0,0.3333333333333333,0.5,1.0,1.0,1.0,1.0,1.0,1.0,0.0,0.0,0.0
0.5,0.502311111111111,0.5,1.0,0.3333333333333333,0.5,1.0,1.0,1.0,1.0,1.0,1.0,0.0,0.0,0.0
0.48000000000000004,0.4156444444444444,0.4842105263157895,0.6133333333333333,0.47058823529411764,0.48,0.6410256410256411,0.6306306306306306,0.5882352941176471,0.6206896551724138,0.6818181818181818,0.6415094339622641,0.010395010395010451,0.032454361054766734,0.07276310891068438
