acc,auc,precision,recall,maf1,mif1,yp1.a1,yp1.a0,yp1.y1a1,yp1.y1a0,yp1.y0a1,yp1.y0a0,parity,equality,eq_odds
0.49333333333333335,0.3756444444444445,0.49645390070921985,0.9333333333333333,0.3716931216931217,0.4933333333333334,0.9148936170212766,0.9514563106796117,0.8571428571428571,0.9629629629629629,0.9615384615384616,0.9387755102040817,0.03656269365833509,0.10582010582010581,0.1285830571544857
0.4666666666666667,0.40693333333333337,0.46835443037974683,0.49333333333333335,0.4662871375200142,0.4666666666666667,0.4782608695652174,0.5480769230769231,0.5,0.49019607843137253,0.45454545454545453,0.6037735849056604,0.06981605351170572,0.009803921568627472,0.1590320519288333
0.5,0.43075555555555556,0.5,1.0,0.3333333333333333,0.5,1.0,1.0,1.0,1.0,1.0,1.0,0.0,0.0,0.0
0.4666666666666667,0.4728888888888889,0.4675324675324675,0.48,0.4665718349928877,0.4666666666666667,0.5094339622641509,0.5154639175257731,0.56,0.44,0.4642857142857143,0.5957446808510638,0.0060299552616222,0.12000000000000005,0.25145896656534955
0.49333333333333335,0.4581333333333333,0.4927536231884058,0.4533333333333333,0.4925213675213675,0.4933333333333334,0.38461538461538464,0.4864864864864865,0.35294117647058826,0.4827586206896552,0.4090909090909091,0.49056603773584906,0.10187110187110188,0.12981744421906694,0.21129257286400688
