acc,auc,precision,recall,maf1,mif1,yp1.a1,yp1.a0,yp1.y1a1,yp1.y1a0,yp1.y0a1,yp1.y0a0,parity,equality,eq_odds
0.64,0.6798222222222223,0.6438356164383562,0.6266666666666667,0.6399359886201992,0.64,0.23404255319148937,0.6019417475728155,0.47619047619047616,0.6851851851851852,0.038461538461538464,0.5102040816326531,0.3678991943813261,0.20899470899470907,0.6807372521658237
0.5933333333333334,0.6618666666666667,0.6029411764705882,0.5466666666666666,0.5924457707897198,0.5933333333333334,0.3695652173913043,0.49038461538461536,0.5833333333333334,0.5294117647058824,0.13636363636363635,0.4528301886792453,0.12081939799331104,0.05392156862745101,0.37038812094305995
0.5933333333333334,0.6647111111111111,0.6060606060606061,0.5333333333333333,0.5918640438913422,0.5933333333333334,0.1276595744680851,0.5825242718446602,0.21739130434782608,0.6730769230769231,0.041666666666666664,0.49019607843137253,0.4548646973765751,0.4556856187290971,0.9042150304938029
0.6333333333333334,0.6892444444444444,0.6923076923076923,0.48,0.6245050293568795,0.6333333333333333,0.20754716981132076,0.422680412371134,0.32,0.56,0.10714285714285714,0.2765957446808511,0.21513324255981325,0.24000000000000005,0.40945288753799397
0.5933333333333334,0.6830222222222222,0.6029411764705882,0.5466666666666666,0.5924457707897198,0.5933333333333334,0.4358974358974359,0.4594594594594595,0.5294117647058824,0.5517241379310345,0.36363636363636365,0.3584905660377358,0.023562023562023582,0.022312373225152116,0.027458170823779937
