acc,auc,precision,recall,maf1,mif1,yp1.a1,yp1.a0,yp1.y1a1,yp1.y1a0,yp1.y0a1,yp1.y0a0,parity,equality,eq_odds
0.5933333333333334,0.6835555555555556,0.5972222222222222,0.5733333333333334,0.593170601573963,0.5933333333333334,0.2127659574468085,0.6019417475728155,0.38095238095238093,0.6481481481481481,0.07692307692307693,0.5510204081632653,0.389175790126007,0.2671957671957672,0.7412930984359556
0.5933333333333334,0.6296888888888889,0.6166666666666667,0.49333333333333335,0.5892255892255892,0.5933333333333334,0.2608695652173913,0.46153846153846156,0.4166666666666667,0.5294117647058824,0.09090909090909091,0.39622641509433965,0.20066889632107027,0.11274509803921567,0.4180624222244644
0.6133333333333334,0.6789333333333334,0.6307692307692307,0.5466666666666666,0.6116071428571429,0.6133333333333333,0.1276595744680851,0.5728155339805825,0.21739130434782608,0.6923076923076923,0.041666666666666664,0.45098039215686275,0.4451559595124974,0.47491638795986624,0.8842301134500623
0.6466666666666667,0.7036444444444444,0.7291666666666666,0.4666666666666667,0.6348353314041615,0.6466666666666666,0.1509433962264151,0.41237113402061853,0.24,0.58,0.07142857142857142,0.23404255319148937,0.2614277377942035,0.33999999999999997,0.5026139817629179
0.5933333333333334,0.6824888888888888,0.6166666666666667,0.49333333333333335,0.5892255892255892,0.5933333333333334,0.38461538461538464,0.40540540540540543,0.47058823529411764,0.5,0.3181818181818182,0.3018867924528302,0.02079002079002079,0.02941176470588236,0.04570679043487036
