acc,auc,precision,recall,maf1,mif1,yp1.a1,yp1.a0,yp1.y1a1,yp1.y1a0,yp1.y0a1,yp1.y0a0,parity,equality,eq_odds
0.6933333333333334,0.7180444444444444,0.7543859649122807,0.5733333333333334,0.6888528138528138,0.6933333333333334,0.5957446808510638,0.2815533980582524,0.7142857142857143,0.5185185185185185,0.5,0.02040816326530612,0.3141912827928114,0.1957671957671958,0.6753590325018897
0.62,0.6913777777777779,0.6285714285714286,0.5866666666666667,0.6195773081201335,0.62,0.6956521739130435,0.36538461538461536,0.7083333333333334,0.5294117647058824,0.6818181818181818,0.20754716981132076,0.3302675585284281,0.178921568627451,0.653192580634312
0.66,0.7310222222222222,0.6714285714285714,0.6266666666666667,0.6596218020022248,0.66,0.6382978723404256,0.3883495145631068,0.6956521739130435,0.5961538461538461,0.5833333333333334,0.17647058823529413,0.24994835777731877,0.09949832775919731,0.5063610728572365
0.64,0.7034666666666667,0.6235294117647059,0.7066666666666667,0.6383928571428572,0.64,0.8490566037735849,0.41237113402061853,0.84,0.64,0.8571428571428571,0.1702127659574468,0.4366854697529664,0.19999999999999996,0.8869300911854102
0.6666666666666667,0.7518222222222223,0.7192982456140351,0.5466666666666666,0.6617965367965368,0.6666666666666666,0.7692307692307693,0.24324324324324326,0.9411764705882353,0.43103448275862066,0.6363636363636364,0.03773584905660377,0.525987525987526,0.5101419878296146,1.1087697751366472
