acc,auc,precision,recall,maf1,mif1,yp1.a1,yp1.a0,yp1.y1a1,yp1.y1a0,yp1.y0a1,yp1.y0a0,parity,equality,eq_odds
0.4733333333333334,0.47191111111111117,0.4444444444444444,0.21333333333333335,0.43514943514943516,0.47333333333333333,0.3191489361702128,0.20388349514563106,0.38095238095238093,0.14814814814814814,0.2692307692307692,0.2653061224489796,0.11526544102458172,0.2328042328042328,0.2367288795860224
0.5533333333333333,0.5518222222222223,0.6666666666666666,0.21333333333333335,0.4949494949494949,0.5533333333333333,0.10869565217391304,0.18269230769230768,0.125,0.2549019607843137,0.09090909090909091,0.11320754716981132,0.07399665551839464,0.1299019607843137,0.15220041704503412
0.5266666666666667,0.5545777777777778,0.5163934426229508,0.84,0.4751367601399635,0.5266666666666666,0.7872340425531915,0.8252427184466019,0.8260869565217391,0.8461538461538461,0.75,0.803921568627451,0.03800867589341039,0.02006688963210701,0.07398845825955802
0.5533333333333333,0.5308444444444443,0.5869565217391305,0.36,0.5359896578789418,0.5533333333333333,0.3018867924528302,0.30927835051546393,0.48,0.3,0.14285714285714285,0.3191489361702128,0.007391558062633752,0.18,0.3562917933130699
0.5,0.5176888888888889,0.0,0.0,0.3333333333333333,0.5,0.0,0.0,0.0,0.0,0.0,0.0,0.0,0.0,0.0
