acc,auc,precision,recall,maf1,mif1,yp1.a1,yp1.a0,yp1.y1a1,yp1.y1a0,yp1.y0a1,yp1.y0a0,parity,equality,eq_odds
0.6066666666666667,0.6286222222222221,0.8333333333333334,0.26666666666666666,0.5552540328659732,0.6066666666666667,0.14893617021276595,0.1650485436893204,0.23809523809523808,0.2777777777777778,0.07692307692307693,0.04081632653061224,0.016112373476554448,0.03968253968253971,0.0757892900750044
0.45333333333333337,0.5342222222222222,0.4444444444444444,0.37333333333333335,0.44981213097155126,0.4533333333333333,0.34782608695652173,0.4519230769230769,0.2916666666666667,0.4117647058823529,0.4090909090909091,0.49056603773584906,0.1040969899665552,0.12009803921568624,0.20157316786062618
0.6000000000000001,0.6103111111111111,0.7419354838709677,0.30666666666666664,0.5623419568177397,0.6,0.14893617021276595,0.23300970873786409,0.2608695652173913,0.3269230769230769,0.041666666666666664,0.13725490196078433,0.08407353852509813,0.06605351170568563,0.1616417469998033
0.5733333333333334,0.5939555555555555,0.582089552238806,0.52,0.5721162417543234,0.5733333333333334,0.39622641509433965,0.4742268041237113,0.48,0.54,0.32142857142857145,0.40425531914893614,0.07800038902937168,0.06000000000000005,0.14282674772036474
0.5133333333333334,0.44177777777777777,0.52,0.3466666666666667,0.4994285714285715,0.5133333333333333,0.3333333333333333,0.3333333333333333,0.47058823529411764,0.3103448275862069,0.22727272727272727,0.3584905660377358,0.0,0.16024340770791073,0.29146124647291927
