acc,auc,precision,recall,maf1,mif1,yp1.a1,yp1.a0,yp1.y1a1,yp1.y1a0,yp1.y0a1,yp1.y0a0,parity,equality,eq_odds
0.62,0.6672,0.65,0.52,0.6161616161616162,0.62,0.1276595744680851,0.5242718446601942,0.23809523809523808,0.6296296296296297,0.038461538461538464,0.40816326530612246,0.3966122701921091,0.39153439153439157,0.7612361183789755
0.6133333333333334,0.6672,0.6440677966101694,0.5066666666666667,0.6088832943715159,0.6133333333333333,0.30434782608695654,0.4326923076923077,0.5,0.5098039215686274,0.09090909090909091,0.3584905660377358,0.12834448160535117,0.009803921568627416,0.27738539669727236
0.6000000000000001,0.6691555555555556,0.6056338028169014,0.5733333333333334,0.5997153531400108,0.6,0.14893617021276595,0.6213592233009708,0.2608695652173913,0.7115384615384616,0.041666666666666664,0.5294117647058824,0.47242305308820487,0.45066889632107027,0.9384139943602859
0.6533333333333333,0.6942222222222223,0.7017543859649122,0.5333333333333333,0.6482683982683983,0.6533333333333333,0.22641509433962265,0.4639175257731959,0.36,0.62,0.10714285714285714,0.2978723404255319,0.23750243143357325,0.26,0.45072948328267476
0.5666666666666667,0.6896,0.5735294117647058,0.52,0.565720903300521,0.5666666666666667,0.46153846153846156,0.45045045045045046,0.5294117647058824,0.5172413793103449,0.4090909090909091,0.37735849056603776,0.011088011088011107,0.012170385395537497,0.04390280392040885
