acc,auc,precision,recall,maf1,mif1,yp1.a1,yp1.a0,yp1.y1a1,yp1.y1a0,yp1.y0a1,yp1.y0a0,parity,equality,eq_odds
0.6333333333333334,0.6718222222222221,0.6612903225806451,0.5466666666666666,0.630558416550983,0.6333333333333333,0.2553191489361702,0.4854368932038835,0.47619047619047616,0.5740740740740741,0.07692307692307693,0.3877551020408163,0.2301177442677133,0.0978835978835979,0.4087156230013373
0.5933333333333334,0.5959111111111111,0.5714285714285714,0.7466666666666667,0.5835419416503573,0.5933333333333334,0.5,0.7211538461538461,0.6666666666666666,0.7843137254901961,0.3181818181818182,0.660377358490566,0.22115384615384615,0.11764705882352944,0.45984259913227726
0.64,0.6638222222222222,0.6153846153846154,0.7466666666666667,0.6358568602769287,0.64,0.3617021276595745,0.7184466019417476,0.5652173913043478,0.8269230769230769,0.16666666666666666,0.6078431372549019,0.3567444742821731,0.2617056856187291,0.7028821562069644
0.5800000000000001,0.6304000000000001,0.6428571428571429,0.36,0.5586380832282472,0.58,0.16981132075471697,0.3402061855670103,0.2,0.44,0.14285714285714285,0.23404255319148937,0.17039486481229335,0.24,0.3311854103343465
0.5933333333333334,0.6346666666666666,0.5972222222222222,0.5733333333333334,0.593170601573963,0.5933333333333334,0.41025641025641024,0.5045045045045045,0.47058823529411764,0.603448275862069,0.36363636363636365,0.39622641509433965,0.09424809424809422,0.1328600405679513,0.1654500920259273
