acc,auc,precision,recall,maf1,mif1,yp1.a1,yp1.a0,yp1.y1a1,yp1.y1a0,yp1.y0a1,yp1.y0a0,parity,equality,eq_odds
0.6666666666666667,0.7399111111111111,0.6237623762376238,0.84,0.656341642228739,0.6666666666666666,0.44680851063829785,0.7766990291262136,0.9047619047619048,0.8148148148148148,0.07692307692307693,0.7346938775510204,0.32989051848791573,0.08994708994709,0.7477178905750335
0.56,0.5904,0.5818181818181818,0.4266666666666667,0.5520361990950227,0.56,0.21739130434782608,0.4326923076923077,0.4166666666666667,0.43137254901960786,0.0,0.4339622641509434,0.21530100334448163,0.01470588235294118,0.4486681465038846
0.6133333333333334,0.636088888888889,0.6103896103896104,0.6266666666666667,0.6132645803698435,0.6133333333333333,0.40425531914893614,0.5631067961165048,0.5652173913043478,0.6538461538461539,0.25,0.47058823529411764,0.15885147696756868,0.08862876254180607,0.3092169978359237
0.64,0.6440888888888889,0.6179775280898876,0.7333333333333333,0.6368364418938306,0.64,0.5283018867924528,0.6288659793814433,0.8,0.7,0.2857142857142857,0.5531914893617021,0.10056409258899046,0.10000000000000009,0.36747720364741654
0.5466666666666667,0.5854222222222221,0.559322033898305,0.44,0.5414493796079842,0.5466666666666666,0.20512820512820512,0.4594594594594595,0.35294117647058826,0.46551724137931033,0.09090909090909091,0.4528301886792453,0.25433125433125436,0.11257606490872207,0.4744971626788764
