acc,auc,precision,recall,maf1,mif1,yp1.a1,yp1.a0,yp1.y1a1,yp1.y1a0,yp1.y0a1,yp1.y0a0,parity,equality,eq_odds
0.52,0.5032888888888889,0.5114503816793893,0.8933333333333333,0.44226399504234665,0.52,0.9787234042553191,0.8252427184466019,1.0,0.8518518518518519,0.9615384615384616,0.7959183673469388,0.1534806858087172,0.14814814814814814,0.31376824233967093
0.5266666666666667,0.5167999999999999,0.5204081632653061,0.68,0.5152701288061536,0.5266666666666666,0.6086956521739131,0.6730769230769231,0.6666666666666666,0.6862745098039216,0.5454545454545454,0.660377358490566,0.06438127090301005,0.019607843137254943,0.13453065617327553
0.5,0.44835555555555556,0.5,1.0,0.3333333333333333,0.5,1.0,1.0,1.0,1.0,1.0,1.0,0.0,0.0,0.0
0.5266666666666667,0.5933333333333334,0.5212765957446809,0.6533333333333333,0.5189484619901531,0.5266666666666666,0.6037735849056604,0.6391752577319587,0.72,0.62,0.5,0.6595744680851063,0.03540167282629836,0.09999999999999998,0.2595744680851063
0.4866666666666667,0.4351111111111111,0.4875,0.52,0.4860956618464961,0.4866666666666667,0.48717948717948717,0.5495495495495496,0.4117647058823529,0.5517241379310345,0.5454545454545454,0.5471698113207547,0.06237006237006243,0.13995943204868155,0.14167469791489085
