acc,auc,precision,recall,maf1,mif1,yp1.a1,yp1.a0,yp1.y1a1,yp1.y1a0,yp1.y0a1,yp1.y0a0,parity,equality,eq_odds
0.5066666666666667,0.5944,0.503448275862069,0.9733333333333334,0.36931818181818177,0.5066666666666667,1.0,0.9514563106796117,1.0,0.9629629629629629,1.0,0.9387755102040817,0.04854368932038833,0.03703703703703709,0.09826152683295541
0.5933333333333334,0.5676444444444444,0.5673076923076923,0.7866666666666666,0.5775428228450066,0.5933333333333334,0.5869565217391305,0.7403846153846154,0.6666666666666666,0.8431372549019608,0.5,0.6415094339622641,0.15342809364548493,0.17647058823529416,0.3179800221975583
0.5,0.4032,0.5,1.0,0.3333333333333333,0.5,1.0,1.0,1.0,1.0,1.0,1.0,0.0,0.0,0.0
0.5133333333333334,0.5150222222222223,0.5151515151515151,0.4533333333333333,0.5115750033453766,0.5133333333333333,0.32075471698113206,0.5051546391752577,0.36,0.5,0.2857142857142857,0.5106382978723404,0.18439992219412565,0.14,0.3649240121580547
0.48000000000000004,0.4769777777777778,0.4823529411764706,0.5466666666666666,0.4776785714285714,0.48,0.6153846153846154,0.5495495495495496,0.7058823529411765,0.5,0.5454545454545454,0.6037735849056604,0.06583506583506582,0.20588235294117652,0.26420139239229146
