acc,auc,precision,recall,maf1,mif1,yp1.a1,yp1.a0,yp1.y1a1,yp1.y1a0,yp1.y0a1,yp1.y0a0,parity,equality,eq_odds
0.7000000000000001,0.8926222222222222,0.96875,0.41333333333333333,0.6731393152873952,0.7,0.0,0.3106796116504854,0.0,0.5740740740740741,0.0,0.02040816326530612,0.3106796116504854,0.5740740740740741,0.5944822373393802
0.6533333333333333,0.7650666666666667,0.6138613861386139,0.8266666666666667,0.6425953079178885,0.6533333333333333,0.30434782608695654,0.8365384615384616,0.5833333333333334,0.9411764705882353,0.0,0.7358490566037735,0.532190635451505,0.3578431372549019,1.0936921938586754
0.7400000000000001,0.8053333333333335,0.8214285714285714,0.6133333333333333,0.7357604227833235,0.74,0.0,0.5436893203883495,0.0,0.8846153846153846,0.0,0.19607843137254902,0.5436893203883495,0.8846153846153846,1.0806938159879336
0.7400000000000001,0.8986666666666667,0.9736842105263158,0.49333333333333335,0.7231555534522739,0.74,0.018867924528301886,0.38144329896907214,0.04,0.72,0.0,0.02127659574468085,0.36257537444077026,0.6799999999999999,0.7012765957446808
0.7400000000000001,0.8528,0.7903225806451613,0.6533333333333333,0.7380323317361515,0.74,0.02564102564102564,0.5495495495495496,0.058823529411764705,0.8275862068965517,0.0,0.24528301886792453,0.5239085239085239,0.768762677484787,1.0140456963527116
