acc,auc,precision,recall,maf1,mif1,yp1.a1,yp1.a0,yp1.y1a1,yp1.y1a0,yp1.y0a1,yp1.y0a0,parity,equality,eq_odds
0.5666666666666667,0.5849777777777778,0.6,0.4,0.5542857142857143,0.5666666666666667,0.2553191489361702,0.36893203883495146,0.3333333333333333,0.42592592592592593,0.19230769230769232,0.30612244897959184,0.11361288989878127,0.09259259259259262,0.20640734926449214
0.5533333333333333,0.6000888888888889,0.7222222222222222,0.17333333333333334,0.4779491974442886,0.5533333333333333,0.13043478260869565,0.11538461538461539,0.25,0.13725490196078433,0.0,0.09433962264150944,0.015050167224080258,0.11274509803921567,0.20708472068072512
0.6000000000000001,0.6432888888888889,0.5641025641025641,0.88,0.5659722222222222,0.6,0.8085106382978723,0.7669902912621359,0.9565217391304348,0.8461538461538461,0.6666666666666666,0.6862745098039216,0.04152034703573637,0.11036789297658867,0.1299757361138436
0.5,0.4917333333333333,0.5,1.0,0.3333333333333333,0.5,1.0,1.0,1.0,1.0,1.0,1.0,0.0,0.0,0.0
0.5266666666666667,0.520888888888889,0.5175438596491229,0.7866666666666666,0.4923494923494924,0.5266666666666666,0.8461538461538461,0.7297297297297297,0.7647058823529411,0.7931034482758621,0.9090909090909091,0.660377358490566,0.11642411642411643,0.028397565922920975,0.27711111652326403
