acc,auc,precision,recall,maf1,mif1,yp1.a1,yp1.a0,yp1.y1a1,yp1.y1a0,yp1.y0a1,yp1.y0a0,parity,equality,eq_odds
0.64,0.6992,0.6235294117647059,0.7066666666666667,0.6383928571428572,0.64,0.2765957446808511,0.6990291262135923,0.5714285714285714,0.7592592592592593,0.038461538461538464,0.6326530612244898,0.4224333815327412,0.1878306878306879,0.7820222105936393
0.6066666666666667,0.6791111111111111,0.6212121212121212,0.5466666666666666,0.6052455506490031,0.6066666666666667,0.2391304347826087,0.5288461538461539,0.4166666666666667,0.6078431372549019,0.045454545454545456,0.4528301886792453,0.28971571906354515,0.19117647058823523,0.598552113812935
0.6466666666666667,0.6967111111111111,0.6833333333333333,0.5466666666666666,0.6430976430976432,0.6466666666666666,0.10638297872340426,0.5339805825242718,0.17391304347826086,0.7115384615384616,0.041666666666666664,0.35294117647058826,0.4275976038008676,0.5376254180602007,0.8488999278641223
0.6866666666666668,0.7504,0.75,0.56,0.6815574325850309,0.6866666666666666,0.22641509433962265,0.4536082474226804,0.44,0.62,0.03571428571428571,0.2765957446808511,0.22719315308305776,0.18,0.42088145896656537
0.6000000000000001,0.6748444444444444,0.6666666666666666,0.4,0.5833333333333333,0.6,0.28205128205128205,0.3063063063063063,0.35294117647058826,0.41379310344827586,0.22727272727272727,0.18867924528301888,0.024255024255024238,0.0608519269776876,0.09944540896739598
