acc,auc,precision,recall,maf1,mif1,yp1.a1,yp1.a0,yp1.y1a1,yp1.y1a0,yp1.y0a1,yp1.y0a0,parity,equality,eq_odds
0.6333333333333334,0.6828444444444445,0.6,0.8,0.6228571428571429,0.6333333333333333,0.574468085106383,0.7087378640776699,0.9523809523809523,0.7407407407407407,0.2692307692307692,0.673469387755102,0.1342697789712869,0.21164021164021163,0.6158788301645444
0.62,0.6124444444444445,0.618421052631579,0.6266666666666667,0.6199831103604605,0.62,0.41304347826086957,0.5480769230769231,0.7916666666666666,0.5490196078431373,0.0,0.5471698113207547,0.13503344481605356,0.24264705882352933,0.789816870144284
0.64,0.6757333333333334,0.6779661016949152,0.5333333333333333,0.6358568602769287,0.64,0.2553191489361702,0.4563106796116505,0.4782608695652174,0.5576923076923077,0.041666666666666664,0.35294117647058826,0.2009915306754803,0.0794314381270903,0.3907059479310119
0.68,0.7018666666666666,0.6901408450704225,0.6533333333333333,0.6797722825120085,0.68,0.39622641509433965,0.5154639175257731,0.84,0.56,0.0,0.46808510638297873,0.1192375024314335,0.2799999999999999,0.7480851063829786
0.5933333333333334,0.6124444444444445,0.609375,0.52,0.5911345457795255,0.5933333333333334,0.1794871794871795,0.5135135135135135,0.4117647058823529,0.5517241379310345,0.0,0.4716981132075472,0.33402633402633397,0.13995943204868155,0.6116575452562287
