acc,auc,precision,recall,maf1,mif1,yp1.a1,yp1.a0,yp1.y1a1,yp1.y1a0,yp1.y0a1,yp1.y0a0,parity,equality,eq_odds
0.5533333333333333,0.5868444444444444,0.5769230769230769,0.4,0.5425788539438351,0.5533333333333333,0.3617021276595745,0.33980582524271846,0.47619047619047616,0.37037037037037035,0.2692307692307692,0.30612244897959184,0.02189630241685603,0.10582010582010581,0.14271178556892844
0.48000000000000004,0.5161777777777777,0.2857142857142857,0.02666666666666667,0.3454911613336317,0.48,0.06521739130434782,0.038461538461538464,0.041666666666666664,0.0196078431372549,0.09090909090909091,0.05660377358490566,0.02675585284280936,0.022058823529411763,0.05636414085359701
0.5,0.4902222222222222,0.5,1.0,0.3333333333333333,0.5,1.0,1.0,1.0,1.0,1.0,1.0,0.0,0.0,0.0
0.48000000000000004,0.48435555555555554,0.48872180451127817,0.8666666666666667,0.3885869565217391,0.48,0.9622641509433962,0.845360824742268,0.96,0.82,0.9642857142857143,0.8723404255319149,0.1169033262011282,0.14,0.23194528875379938
0.5333333333333333,0.5288,0.5287356321839081,0.6133333333333333,0.5303274288781534,0.5333333333333333,0.717948717948718,0.5315315315315315,0.8235294117647058,0.5517241379310345,0.6363636363636364,0.5094339622641509,0.1864171864171864,0.27180527383367137,0.3987349479331568
