acc,auc,precision,recall,maf1,mif1,yp1.a1,yp1.a0,yp1.y1a1,yp1.y1a0,yp1.y0a1,yp1.y0a0,parity,equality,eq_odds
0.48000000000000004,0.5188444444444444,0.42105263157894735,0.10666666666666667,0.3957859946292088,0.48,0.14893617021276595,0.11650485436893204,0.19047619047619047,0.07407407407407407,0.11538461538461539,0.16326530612244897,0.03243131584383391,0.1164021164021164,0.16428280713994997
0.5266666666666667,0.4927111111111111,0.515625,0.88,0.45914377126606065,0.5266666666666666,0.9130434782608695,0.8269230769230769,0.9583333333333334,0.8431372549019608,0.8636363636363636,0.8113207547169812,0.08612040133779264,0.11519607843137258,0.16751168735075506
0.5800000000000001,0.5951111111111111,0.55,0.88,0.5384615384615385,0.58,0.8723404255319149,0.7669902912621359,0.8695652173913043,0.8846153846153846,0.875,0.6470588235294118,0.10535013426977902,0.015050167224080258,0.24299134369466846
0.5266666666666667,0.5318222222222222,0.5303030303030303,0.4666666666666667,0.5249565101030376,0.5266666666666666,0.37735849056603776,0.4742268041237113,0.32,0.54,0.42857142857142855,0.40425531914893614,0.09686831355767356,0.22000000000000003,0.24431610942249243
0.54,0.5489777777777778,0.5230769230769231,0.9066666666666666,0.4685494223363287,0.54,0.9230769230769231,0.8468468468468469,0.8823529411764706,0.9137931034482759,0.9545454545454546,0.7735849056603774,0.07623007623007627,0.03144016227180535,0.21240071115688253
