acc,auc,precision,recall,maf1,mif1,yp1.a1,yp1.a0,yp1.y1a1,yp1.y1a0,yp1.y0a1,yp1.y0a0,parity,equality,eq_odds
0.54,0.4951111111111111,0.5277777777777778,0.76,0.5166036149642708,0.54,0.851063829787234,0.6601941747572816,0.8571428571428571,0.7222222222222222,0.8461538461538461,0.5918367346938775,0.19086965502995246,0.13492063492063489,0.3892377463806035
0.5,0.4344888888888889,0.5,1.0,0.3333333333333333,0.5,1.0,1.0,1.0,1.0,1.0,1.0,0.0,0.0,0.0
0.5,0.41084444444444446,0.5,1.0,0.3333333333333333,0.5,1.0,1.0,1.0,1.0,1.0,1.0,0.0,0.0,0.0
0.5,0.47919999999999996,0.5,1.0,0.3333333333333333,0.5,1.0,1.0,1.0,1.0,1.0,1.0,0.0,0.0,0.0
0.5,0.5262222222222224,0.5,0.8933333333333333,0.4084862505915138,0.5,0.9487179487179487,0.8738738738738738,1.0,0.8620689655172413,0.9090909090909091,0.8867924528301887,0.07484407484407485,0.13793103448275867,0.16022949074347903
