acc,auc,precision,recall,maf1,mif1,yp1.a1,yp1.a0,yp1.y1a1,yp1.y1a0,yp1.y0a1,yp1.y0a0,parity,equality,eq_odds
0.6533333333333333,0.7084444444444444,0.6263736263736264,0.76,0.6493436432296349,0.6533333333333333,0.48936170212765956,0.6601941747572816,0.7619047619047619,0.7592592592592593,0.2692307692307692,0.5510204081632653,0.17083247262962203,0.002645502645502562,0.2844351415779986
0.52,0.5114666666666667,0.5185185185185185,0.56,0.5192307692307692,0.52,0.6304347826086957,0.5,0.5833333333333334,0.5490196078431373,0.6818181818181818,0.4528301886792453,0.13043478260869568,0.03431372549019607,0.26330171862913254
0.6466666666666667,0.6572444444444444,0.6617647058823529,0.6,0.6458955057681173,0.6466666666666666,0.40425531914893614,0.47572815533980584,0.6521739130434783,0.5769230769230769,0.16666666666666666,0.37254901960784315,0.07147283619086969,0.0752508361204014,0.2811331890615779
0.5800000000000001,0.6154666666666667,0.6153846153846154,0.4266666666666667,0.5698875790815165,0.58,0.4716981132075472,0.27835051546391754,0.52,0.38,0.42857142857142855,0.1702127659574468,0.19334759774362964,0.14,0.3983586626139818
0.46,0.4229333333333333,0.4482758620689655,0.3466666666666667,0.452973751744631,0.46,0.3333333333333333,0.40540540540540543,0.4117647058823529,0.3275862068965517,0.2727272727272727,0.49056603773584906,0.07207207207207211,0.08417849898580121,0.30201726399437756
