acc,auc,precision,recall,maf1,mif1,yp1.a1,yp1.a0,yp1.y1a1,yp1.y1a0,yp1.y0a1,yp1.y0a0,parity,equality,eq_odds
0.6533333333333333,0.6741333333333333,0.6949152542372882,0.5466666666666666,0.6493436432296349,0.6533333333333333,0.2978723404255319,0.4368932038834951,0.47619047619047616,0.5740740740740741,0.15384615384615385,0.2857142857142857,0.13902086345796322,0.0978835978835979,0.22975172975172975
0.6000000000000001,0.5978666666666668,0.5773195876288659,0.7466666666666667,0.5912063953488371,0.6,0.5217391304347826,0.7019230769230769,0.7083333333333334,0.7647058823529411,0.3181818181818182,0.6415094339622641,0.18018394648829428,0.056372549019607754,0.3797001648000537
0.6333333333333334,0.6332444444444445,0.6111111111111112,0.7333333333333333,0.6296296296296295,0.6333333333333333,0.3404255319148936,0.7184466019417476,0.4782608695652174,0.8461538461538461,0.20833333333333334,0.5882352941176471,0.378021070026854,0.36789297658862874,0.7477949373729424
0.5533333333333333,0.6380444444444445,0.6111111111111112,0.29333333333333333,0.520949520949521,0.5533333333333333,0.11320754716981132,0.30927835051546393,0.16,0.36,0.07142857142857142,0.2553191489361702,0.1960708033456526,0.19999999999999998,0.38389057750759875
0.6066666666666667,0.648,0.6081081081081081,0.6,0.6066491844081959,0.6066666666666667,0.48717948717948717,0.4954954954954955,0.7058823529411765,0.5689655172413793,0.3181818181818182,0.41509433962264153,0.008316008316008316,0.13691683569979718,0.23382935714062053
