acc,auc,precision,recall,maf1,mif1,yp1.a1,yp1.a0,yp1.y1a1,yp1.y1a0,yp1.y0a1,yp1.y0a0,parity,equality,eq_odds
0.62,0.7038222222222222,0.6607142857142857,0.49333333333333335,0.6138036948371652,0.62,0.2553191489361702,0.42718446601941745,0.42857142857142855,0.5185185185185185,0.11538461538461539,0.32653061224489793,0.17186531708324726,0.08994708994708994,0.30109308680737246
0.4866666666666667,0.5224888888888889,0.4868421052631579,0.49333333333333335,0.48664385083781503,0.4866666666666667,0.3695652173913043,0.5673076923076923,0.4583333333333333,0.5098039215686274,0.2727272727272727,0.6226415094339622,0.19774247491638797,0.0514705882352941,0.40138482494198363
0.5933333333333334,0.6300444444444444,0.6666666666666666,0.37333333333333335,0.5726495726495726,0.5933333333333334,0.1702127659574468,0.3300970873786408,0.2608695652173913,0.4230769230769231,0.08333333333333333,0.23529411764705882,0.159884321421194,0.16220735785953178,0.3141681421732573
0.5666666666666667,0.5831111111111111,0.5675675675675675,0.56,0.5666474065514023,0.5666666666666667,0.4716981132075472,0.5051546391752577,0.56,0.56,0.39285714285714285,0.44680851063829785,0.03345652596771054,0.0,0.053951367781155
0.52,0.5194666666666666,0.56,0.18666666666666668,0.46,0.52,0.10256410256410256,0.1891891891891892,0.17647058823529413,0.1896551724137931,0.045454545454545456,0.18867924528301888,0.08662508662508664,0.013184584178498965,0.15640928400697238
