acc,auc,precision,recall,maf1,mif1,yp1.a1,yp1.a0,yp1.y1a1,yp1.y1a0,yp1.y0a1,yp1.y0a0,parity,equality,eq_odds
0.56,0.6656,0.5882352941176471,0.4,0.548440065681445,0.56,0.06382978723404255,0.46601941747572817,0.047619047619047616,0.5370370370370371,0.07692307692307693,0.3877551020408163,0.40218963024168564,0.4894179894179895,0.8002500145357289
0.5266666666666667,0.5584,0.5238095238095238,0.5866666666666667,0.5249565101030376,0.5266666666666666,0.10869565217391304,0.7596153846153846,0.125,0.803921568627451,0.09090909090909091,0.7169811320754716,0.6509197324414715,0.678921568627451,1.3049936097938317
0.5933333333333334,0.6565333333333334,0.6129032258064516,0.5066666666666667,0.5902556983565448,0.5933333333333334,0.10638297872340426,0.5533980582524272,0.08695652173913043,0.6923076923076923,0.125,0.4117647058823529,0.4470150795290229,0.6053511705685619,0.8921158764509148
0.62,0.6707555555555555,0.68,0.4533333333333333,0.6091428571428572,0.62,0.018867924528301886,0.5051546391752577,0.04,0.66,0.0,0.3404255319148936,0.48628671464695583,0.62,0.9604255319148935
0.5733333333333334,0.6360888888888888,0.5932203389830508,0.4666666666666667,0.5684229455133969,0.5733333333333334,0.05128205128205128,0.5135135135135135,0.058823529411764705,0.5862068965517241,0.045454545454545456,0.4339622641509434,0.4622314622314622,0.5273833671399594,0.9158910858363574
