acc,auc,precision,recall,maf1,mif1,yp1.a1,yp1.a0,yp1.y1a1,yp1.y1a0,yp1.y0a1,yp1.y0a0,parity,equality,eq_odds
0.6466666666666667,0.6325333333333334,0.775,0.41333333333333333,0.6263219741480611,0.6466666666666666,0.23404255319148937,0.2815533980582524,0.3333333333333333,0.4444444444444444,0.15384615384615385,0.10204081632653061,0.04751084486676305,0.1111111111111111,0.16291644863073435
0.44,0.47768888888888894,0.4262295081967213,0.3466666666666667,0.4350789096126255,0.44,0.43478260869565216,0.3942307692307692,0.2916666666666667,0.37254901960784315,0.5909090909090909,0.41509433962264153,0.040551839464882944,0.08088235294117646,0.25669710422762587
0.5466666666666667,0.586488888888889,0.574468085106383,0.36,0.5303002394547799,0.5466666666666666,0.19148936170212766,0.36893203883495146,0.2608695652173913,0.40384615384615385,0.125,0.3333333333333333,0.1774426771328238,0.14297658862876256,0.3513099219620959
0.5866666666666667,0.634311111111111,0.6031746031746031,0.5066666666666667,0.5840042941492217,0.5866666666666667,0.39622641509433965,0.4329896907216495,0.48,0.52,0.32142857142857145,0.3404255319148936,0.036763275627309855,0.040000000000000036,0.05899696048632219
0.56,0.5329777777777778,0.68,0.22666666666666666,0.505,0.56,0.23076923076923078,0.14414414414414414,0.11764705882352941,0.25862068965517243,0.3181818181818182,0.018867924528301886,0.08662508662508664,0.14097363083164302,0.4402875244851593
