acc,auc,precision,recall,maf1,mif1,yp1.a1,yp1.a0,yp1.y1a1,yp1.y1a0,yp1.y0a1,yp1.y0a0,parity,equality,eq_odds
0.46,0.47813333333333335,0.453125,0.38666666666666666,0.4570802984941239,0.46,0.46808510638297873,0.4077669902912621,0.47619047619047616,0.35185185185185186,0.46153846153846156,0.46938775510204084,0.06031811609171661,0.1243386243386243,0.13218791790220358
0.5666666666666667,0.5642666666666667,0.7083333333333334,0.22666666666666666,0.5100256294286145,0.5666666666666667,0.08695652173913043,0.19230769230769232,0.08333333333333333,0.29411764705882354,0.09090909090909091,0.09433962264150944,0.10535117056856189,0.21078431372549022,0.21421484545790875
0.5800000000000001,0.6195555555555555,0.5625,0.72,0.5716034271725826,0.58,0.6382978723404256,0.6407766990291263,0.6521739130434783,0.75,0.625,0.5294117647058824,0.002478826688700697,0.09782608695652173,0.19341432225063937
0.5133333333333334,0.5245333333333333,0.5076923076923077,0.88,0.43774069319640563,0.5133333333333333,0.8490566037735849,0.8762886597938144,0.84,0.9,0.8571428571428571,0.851063829787234,0.02723205602022949,0.06000000000000005,0.0660790273556231
0.5466666666666667,0.5593777777777778,0.5443037974683544,0.5733333333333334,0.5463440668920121,0.5466666666666666,0.46153846153846156,0.5495495495495496,0.4117647058823529,0.6206896551724138,0.5,0.4716981132075472,0.08801108801108803,0.2089249492900609,0.23722683608251371
