acc,auc,precision,recall,maf1,mif1,yp1.a1,yp1.a0,yp1.y1a1,yp1.y1a0,yp1.y0a1,yp1.y0a0,parity,equality,eq_odds
0.4666666666666667,0.43520000000000003,0.45614035087719296,0.3466666666666667,0.4588744588744589,0.4666666666666667,0.3191489361702128,0.4077669902912621,0.2857142857142857,0.37037037037037035,0.34615384615384615,0.4489795918367347,0.08861805412104934,0.08465608465608465,0.1874818303389732
0.4866666666666667,0.3654222222222222,0.3333333333333333,0.02666666666666667,0.3488922712667005,0.4866666666666667,0.0,0.057692307692307696,0.0,0.0392156862745098,0.0,0.07547169811320754,0.057692307692307696,0.0392156862745098,0.11468738438771735
0.5933333333333334,0.6191111111111112,0.5648148148148148,0.8133333333333334,0.5726495726495726,0.5933333333333334,0.723404255319149,0.7184466019417476,0.782608695652174,0.8269230769230769,0.6666666666666666,0.6078431372549019,0.004957653377401394,0.044314381270902925,0.10313791068266764
0.5,0.5105777777777778,0.5,1.0,0.3333333333333333,0.5,1.0,1.0,1.0,1.0,1.0,1.0,0.0,0.0,0.0
0.5,0.5035555555555555,0.5,0.56,0.4981934965877158,0.5,0.5128205128205128,0.5765765765765766,0.35294117647058826,0.6206896551724138,0.6363636363636364,0.5283018867924528,0.0637560637560638,0.26774847870182555,0.3758102282730091
