acc,auc,precision,recall,maf1,mif1,yp1.a1,yp1.a0,yp1.y1a1,yp1.y1a0,yp1.y0a1,yp1.y0a0,parity,equality,eq_odds
0.6066666666666667,0.6599111111111111,0.6,0.64,0.6062291434927698,0.6066666666666667,0.2553191489361702,0.6601941747572816,0.42857142857142855,0.7222222222222222,0.11538461538461539,0.5918367346938775,0.4048750258211114,0.29365079365079366,0.7701029129600558
0.56,0.5960888888888889,0.5633802816901409,0.5333333333333333,0.5596868884540116,0.56,0.34782608695652173,0.5288461538461539,0.5,0.5490196078431373,0.18181818181818182,0.5094339622641509,0.18102006688963213,0.0490196078431373,0.3766353882891064
0.6066666666666667,0.660088888888889,0.6081081081081081,0.6,0.6066491844081959,0.6066666666666667,0.1276595744680851,0.6601941747572816,0.21739130434782608,0.7692307692307693,0.041666666666666664,0.5490196078431373,0.5325346002891965,0.5518394648829432,1.059192406059414
0.6266666666666667,0.6901333333333334,0.6727272727272727,0.49333333333333335,0.6199095022624435,0.6266666666666667,0.18867924528301888,0.4639175257731959,0.28,0.6,0.10714285714285714,0.3191489361702128,0.275238280490177,0.31999999999999995,0.5320060790273555
0.5733333333333334,0.6798222222222222,0.5964912280701754,0.4533333333333333,0.5670995670995671,0.5733333333333334,0.358974358974359,0.38738738738738737,0.4117647058823529,0.46551724137931033,0.3181818181818182,0.3018867924528302,0.028413028413028396,0.05375253549695741,0.07004756122594541
