acc,auc,precision,recall,maf1,mif1,yp1.a1,yp1.a0,yp1.y1a1,yp1.y1a0,yp1.y0a1,yp1.y0a0,parity,equality,eq_odds
0.5333333333333333,0.5961777777777777,0.7272727272727273,0.10666666666666667,0.42947185394479465,0.5333333333333333,0.0851063829787234,0.06796116504854369,0.09523809523809523,0.1111111111111111,0.07692307692307693,0.02040816326530612,0.017145217930179715,0.015873015873015872,0.07238792953078668
0.5,0.5318222222222222,0.5,0.5866666666666667,0.4962160225695222,0.5,0.6086956521739131,0.5769230769230769,0.625,0.5686274509803921,0.5909090909090909,0.5849056603773585,0.03177257525083621,0.056372549019607865,0.06237597955134033
0.5,0.49493333333333334,0.5,1.0,0.3333333333333333,0.5,1.0,1.0,1.0,1.0,1.0,1.0,0.0,0.0,0.0
0.5,0.5300444444444445,0.5,1.0,0.3333333333333333,0.5,1.0,1.0,1.0,1.0,1.0,1.0,0.0,0.0,0.0
0.48000000000000004,0.5207999999999999,0.4444444444444444,0.16,0.4206773618538324,0.48,0.3076923076923077,0.13513513513513514,0.29411764705882354,0.1206896551724138,0.3181818181818182,0.1509433962264151,0.17255717255717257,0.17342799188640973,0.34066641384181284
