acc,auc,precision,recall,maf1,mif1,yp1.a1,yp1.a0,yp1.y1a1,yp1.y1a0,yp1.y0a1,yp1.y0a0,parity,equality,eq_odds
0.5733333333333334,0.6108444444444445,0.7619047619047619,0.21333333333333335,0.5098039215686274,0.5733333333333334,0.10638297872340426,0.1553398058252427,0.14285714285714285,0.24074074074074073,0.07692307692307693,0.061224489795918366,0.04895682710183845,0.09788359788359788,0.11358218501075644
0.5066666666666667,0.5317333333333333,0.5094339622641509,0.36,0.49582122093023256,0.5066666666666667,0.21739130434782608,0.41346153846153844,0.2916666666666667,0.39215686274509803,0.13636363636363635,0.4339622641509434,0.19607023411371235,0.10049019607843135,0.3980888238657384
0.6266666666666667,0.6284444444444444,0.6862745098039216,0.4666666666666667,0.6168582375478927,0.6266666666666667,0.1276595744680851,0.4368932038834951,0.21739130434782608,0.5769230769230769,0.041666666666666664,0.29411764705882354,0.30923362941541,0.3595317725752508,0.6119827529674077
0.5466666666666667,0.5717333333333334,0.5466666666666666,0.5466666666666666,0.5466666666666666,0.5466666666666666,0.39622641509433965,0.5567010309278351,0.44,0.6,0.35714285714285715,0.5106382978723404,0.16047461583349543,0.15999999999999998,0.3134954407294832
0.5133333333333334,0.45884444444444444,0.52,0.3466666666666667,0.4994285714285715,0.5133333333333333,0.3076923076923077,0.34234234234234234,0.4117647058823529,0.3275862068965517,0.22727272727272727,0.3584905660377358,0.03465003465003463,0.08417849898580121,0.21539633775080977
