acc,auc,precision,recall,maf1,mif1,yp1.a1,yp1.a0,yp1.y1a1,yp1.y1a0,yp1.y0a1,yp1.y0a0,parity,equality,eq_odds
0.6333333333333334,0.688711111111111,0.6470588235294118,0.5866666666666667,0.6325330720235178,0.6333333333333333,0.2978723404255319,0.5242718446601942,0.5238095238095238,0.6111111111111112,0.11538461538461539,0.42857142857142855,0.22639950423466226,0.08730158730158732,0.4004884004884005
0.6066666666666667,0.6709333333333334,0.6290322580645161,0.52,0.6036899377546909,0.6066666666666667,0.32608695652173914,0.4519230769230769,0.5,0.5294117647058824,0.13636363636363635,0.37735849056603776,0.1258361204013378,0.02941176470588236,0.27040661890828377
0.6133333333333334,0.6638222222222222,0.6307692307692307,0.5466666666666666,0.6116071428571429,0.6133333333333333,0.1702127659574468,0.5533980582524272,0.30434782608695654,0.6538461538461539,0.041666666666666664,0.45098039215686275,0.38318529229498033,0.3494983277591973,0.7588120532493934
0.6266666666666667,0.6846222222222221,0.6792452830188679,0.48,0.6184593023255814,0.6266666666666667,0.22641509433962265,0.422680412371134,0.32,0.56,0.14285714285714285,0.2765957446808511,0.19626531803151137,0.24000000000000005,0.37373860182370827
0.5933333333333334,0.7022222222222223,0.6060606060606061,0.5333333333333333,0.5918640438913422,0.5933333333333334,0.48717948717948717,0.42342342342342343,0.5294117647058824,0.5344827586206896,0.45454545454545453,0.3018867924528302,0.06375606375606374,0.005070993914807254,0.1577296560074316
