acc,auc,precision,recall,maf1,mif1,yp1.a1,yp1.a0,yp1.y1a1,yp1.y1a0,yp1.y0a1,yp1.y0a0,parity,equality,eq_odds
0.52,0.5438222222222222,0.5263157894736842,0.4,0.512987012987013,0.52,0.5106382978723404,0.32038834951456313,0.6190476190476191,0.3148148148148148,0.4230769230769231,0.32653061224489793,0.19024994835777725,0.30423280423280424,0.4007791150648294
0.52,0.5370666666666666,0.6,0.12,0.42857142857142855,0.52,0.021739130434782608,0.1346153846153846,0.041666666666666664,0.1568627450980392,0.0,0.11320754716981132,0.112876254180602,0.11519607843137256,0.22840362560118388
0.5533333333333333,0.5968888888888889,0.5408163265306123,0.7066666666666667,0.5425788539438351,0.5533333333333333,0.6595744680851063,0.6504854368932039,0.782608695652174,0.6730769230769231,0.5416666666666666,0.6274509803921569,0.009089031191902408,0.10953177257525082,0.19531608630074104
0.5,0.5096888888888889,0.5,1.0,0.3333333333333333,0.5,1.0,1.0,1.0,1.0,1.0,1.0,0.0,0.0,0.0
0.52,0.5594666666666667,0.5272727272727272,0.38666666666666666,0.5113122171945701,0.52,0.4358974358974359,0.34234234234234234,0.47058823529411764,0.3620689655172414,0.4090909090909091,0.32075471698113206,0.09355509355509356,0.10851926977687626,0.19685546188665332
