acc,auc,precision,recall,maf1,mif1,yp1.a1,yp1.a0,yp1.y1a1,yp1.y1a0,yp1.y0a1,yp1.y0a0,parity,equality,eq_odds
0.64,0.6528,0.6265060240963856,0.6933333333333334,0.6389730789802104,0.64,0.3404255319148936,0.6504854368932039,0.47619047619047616,0.7777777777777778,0.23076923076923078,0.5102040816326531,0.3100599049783103,0.3015873015873016,0.581022152450724
0.5,0.48284444444444446,0.5,0.12,0.415614773258532,0.5,0.15217391304347827,0.10576923076923077,0.125,0.11764705882352941,0.18181818181818182,0.09433962264150944,0.0464046822742475,0.00735294117647059,0.09483150035314297
0.5733333333333334,0.5968,0.6341463414634146,0.3466666666666667,0.5502248875562219,0.5733333333333334,0.1702127659574468,0.32038834951456313,0.2608695652173913,0.38461538461538464,0.08333333333333333,0.2549019607843137,0.15017558355711633,0.12374581939799334,0.29531444684897373
0.5466666666666667,0.5857777777777777,0.5376344086021505,0.6666666666666666,0.5400432900432901,0.5466666666666666,0.5849056603773585,0.6391752577319587,0.72,0.64,0.4642857142857143,0.6382978723404256,0.05426959735460024,0.07999999999999996,0.2540121580547112
0.5,0.48906666666666665,0.5,0.26666666666666666,0.4712103407755581,0.5,0.28205128205128205,0.26126126126126126,0.17647058823529413,0.29310344827586204,0.36363636363636365,0.22641509433962265,0.02079002079002079,0.11663286004056792,0.2538541293373089
