acc,auc,precision,recall,maf1,mif1,yp1.a1,yp1.a0,yp1.y1a1,yp1.y1a0,yp1.y0a1,yp1.y0a0,parity,equality,eq_odds
0.4866666666666667,0.4844444444444444,0.48148148148148145,0.3466666666666667,0.4764041887664899,0.4866666666666667,0.40425531914893614,0.33980582524271846,0.42857142857142855,0.3148148148148148,0.38461538461538464,0.3673469387755102,0.06444949390621768,0.11375661375661372,0.13102505959648814
0.5,0.4344888888888889,0.5,1.0,0.3333333333333333,0.5,1.0,1.0,1.0,1.0,1.0,1.0,0.0,0.0,0.0
0.5,0.41022222222222215,0.5,1.0,0.3333333333333333,0.5,1.0,1.0,1.0,1.0,1.0,1.0,0.0,0.0,0.0
0.5,0.47920000000000007,0.5,1.0,0.3333333333333333,0.5,1.0,1.0,1.0,1.0,1.0,1.0,0.0,0.0,0.0
0.5066666666666667,0.4949333333333334,0.504424778761062,0.76,0.4728343465045593,0.5066666666666667,0.8974358974358975,0.7027027027027027,0.9411764705882353,0.7068965517241379,0.8636363636363636,0.6981132075471698,0.19473319473319473,0.23427991886409738,0.39980307495329126
