acc,auc,precision,recall,maf1,mif1,yp1.a1,yp1.a0,yp1.y1a1,yp1.y1a0,yp1.y0a1,yp1.y0a0,parity,equality,eq_odds
0.6066666666666667,0.6848,0.7,0.37333333333333335,0.5840188014101058,0.6066666666666667,0.19148936170212766,0.30097087378640774,0.3333333333333333,0.3888888888888889,0.07692307692307693,0.20408163265306123,0.10948151208428009,0.05555555555555558,0.18271411128553988
0.6000000000000001,0.5936,0.5714285714285714,0.8,0.5833333333333333,0.6,0.5652173913043478,0.7596153846153846,0.75,0.8235294117647058,0.36363636363636365,0.6981132075471698,0.1943979933110368,0.07352941176470584,0.40800625567551196
0.6066666666666667,0.6631111111111111,0.6,0.64,0.6062291434927698,0.6066666666666667,0.3191489361702128,0.6310679611650486,0.4782608695652174,0.7115384615384616,0.16666666666666666,0.5490196078431373,0.3119190249948358,0.23327759197324416,0.6156305331497148
0.56,0.6304,0.5652173913043478,0.52,0.5592948717948718,0.56,0.2641509433962264,0.5670103092783505,0.32,0.62,0.21428571428571427,0.5106382978723404,0.3028593658821241,0.3,0.5963525835866261
0.5800000000000001,0.6339555555555556,0.5857142857142857,0.5466666666666666,0.5795328142380423,0.58,0.41025641025641024,0.4864864864864865,0.47058823529411764,0.5689655172413793,0.36363636363636365,0.39622641509433965,0.07623007623007627,0.0983772819472617,0.1309673334052377
