acc,auc,precision,recall,maf1,mif1,yp1.a1,yp1.a0,yp1.y1a1,yp1.y1a0,yp1.y0a1,yp1.y0a0,parity,equality,eq_odds
0.62,0.666488888888889,0.59,0.7866666666666666,0.6091428571428572,0.62,0.3829787234042553,0.7961165048543689,0.6666666666666666,0.8333333333333334,0.15384615384615385,0.7551020408163265,0.4131377814501136,0.16666666666666674,0.7679225536368394
0.6000000000000001,0.6538666666666666,0.6086956521739131,0.56,0.5993589743589743,0.6,0.41304347826086957,0.4807692307692308,0.625,0.5294117647058824,0.18181818181818182,0.4339622641509434,0.06772575250836121,0.09558823529411764,0.34773231762687923
0.62,0.6748444444444444,0.6363636363636364,0.56,0.618627057406664,0.62,0.1276595744680851,0.5825242718446602,0.21739130434782608,0.7115384615384616,0.041666666666666664,0.45098039215686275,0.4548646973765751,0.4941471571906355,0.9034608826808316
0.6733333333333333,0.6968888888888888,0.7241379310344828,0.56,0.6690828868578632,0.6733333333333333,0.22641509433962265,0.4742268041237113,0.36,0.66,0.10714285714285714,0.2765957446808511,0.24781170978408867,0.30000000000000004,0.46945288753799397
0.5933333333333334,0.6990222222222222,0.5921052631578947,0.6,0.5933152584559314,0.5933333333333334,0.48717948717948717,0.5135135135135135,0.5882352941176471,0.603448275862069,0.4090909090909091,0.41509433962264153,0.026334026334026317,0.015212981744421872,0.021216412276154284
