acc,auc,precision,recall,maf1,mif1,yp1.a1,yp1.a0,yp1.y1a1,yp1.y1a0,yp1.y0a1,yp1.y0a0,parity,equality,eq_odds
0.62,0.6661333333333334,0.875,0.28,0.5703301673450927,0.62,0.14893617021276595,0.1650485436893204,0.23809523809523808,0.2962962962962963,0.07692307692307693,0.02040816326530612,0.016112373476554448,0.0582010582010582,0.11471597185882901
0.4866666666666667,0.5066666666666666,0.375,0.04,0.3587252234745434,0.4866666666666667,0.10869565217391304,0.028846153846153848,0.08333333333333333,0.0196078431372549,0.13636363636363635,0.03773584905660377,0.0798494983277592,0.06372549019607843,0.16235327750311102
0.56,0.5820444444444445,0.5737704918032787,0.4666666666666667,0.5561334289813487,0.56,0.3617021276595745,0.42718446601941745,0.34782608695652173,0.5192307692307693,0.375,0.3333333333333333,0.06548233835984296,0.17140468227424754,0.21307134894091423
0.5266666666666667,0.5678222222222222,0.5434782608695652,0.3333333333333333,0.5082875479015652,0.5266666666666666,0.32075471698113206,0.29896907216494845,0.36,0.32,0.2857142857142857,0.2765957446808511,0.021785644816183614,0.03999999999999998,0.049118541033434604
0.5066666666666667,0.5116444444444445,0.5263157894736842,0.13333333333333333,0.42677132823796726,0.5066666666666667,0.10256410256410256,0.13513513513513514,0.058823529411764705,0.15517241379310345,0.13636363636363635,0.11320754716981132,0.03257103257103258,0.09634888438133875,0.11950497357516378
