acc,auc,precision,recall,maf1,mif1,yp1.a1,yp1.a0,yp1.y1a1,yp1.y1a0,yp1.y0a1,yp1.y0a0,parity,equality,eq_odds
0.62,0.6728888888888889,0.6363636363636364,0.56,0.618627057406664,0.62,0.19148936170212766,0.5533980582524272,0.38095238095238093,0.6296296296296297,0.038461538461538464,0.46938775510204084,0.3619086965502995,0.24867724867724872,0.6796034653177511
0.6066666666666667,0.6355555555555555,0.6290322580645161,0.52,0.6036899377546909,0.6066666666666667,0.30434782608695654,0.46153846153846156,0.5416666666666666,0.5098039215686274,0.045454545454545456,0.41509433962264153,0.15719063545150502,0.031862745098039214,0.40150253926613527
0.5933333333333334,0.6647111111111111,0.609375,0.52,0.5911345457795255,0.5933333333333334,0.1276595744680851,0.5631067961165048,0.21739130434782608,0.6538461538461539,0.041666666666666664,0.47058823529411764,0.43544722164841976,0.4364548494983278,0.8653764181257788
0.6133333333333334,0.6849777777777778,0.6888888888888889,0.41333333333333333,0.5972222222222223,0.6133333333333333,0.1509433962264151,0.38144329896907214,0.24,0.5,0.07142857142857142,0.2553191489361702,0.23049990274265705,0.26,0.44389057750759875
0.6266666666666667,0.6846222222222222,0.5887850467289719,0.84,0.6088657105606259,0.6266666666666667,0.5641025641025641,0.7657657657657657,0.7058823529411765,0.8793103448275862,0.45454545454545453,0.6415094339622641,0.20166320166320162,0.17342799188640967,0.36039197130321926
