acc,auc,precision,recall,maf1,mif1,yp1.a1,yp1.a0,yp1.y1a1,yp1.y1a0,yp1.y0a1,yp1.y0a0,parity,equality,eq_odds
0.6533333333333333,0.6533333333333334,0.6716417910447762,0.6,0.6523444464253878,0.6533333333333333,0.2765957446808511,0.5242718446601942,0.38095238095238093,0.6851851851851852,0.19230769230769232,0.3469387755102041,0.2476760999793431,0.3042328042328043,0.45886388743531603
0.4866666666666667,0.49333333333333335,0.4897959183673469,0.64,0.4743070410996313,0.4866666666666667,0.5652173913043478,0.6923076923076923,0.5,0.7058823529411765,0.6363636363636364,0.6792452830188679,0.1270903010033445,0.20588235294117652,0.24876399959640805
0.5666666666666667,0.5655111111111111,0.5409836065573771,0.88,0.5194914001281357,0.5666666666666667,0.48936170212765956,0.9611650485436893,0.6956521739130435,0.9615384615384616,0.2916666666666667,0.9607843137254902,0.4718033464160298,0.2658862876254181,0.9350039346842417
0.5533333333333333,0.5982222222222223,0.5444444444444444,0.6533333333333333,0.5488215488215489,0.5533333333333333,0.5660377358490566,0.6185567010309279,0.72,0.62,0.42857142857142855,0.6170212765957447,0.05251896518187127,0.09999999999999998,0.2884498480243161
0.44,0.4004444444444445,0.40816326530612246,0.26666666666666666,0.4226539589442816,0.44,0.20512820512820512,0.36936936936936937,0.058823529411764705,0.3275862068965517,0.3181818181818182,0.41509433962264153,0.16424116424116425,0.268762677484787,0.36567519892561035
