acc,auc,precision,recall,maf1,mif1,yp1.a1,yp1.a0,yp1.y1a1,yp1.y1a0,yp1.y0a1,yp1.y0a0,parity,equality,eq_odds
0.4133333333333334,0.40693333333333337,0.4,0.3466666666666667,0.4107142857142857,0.41333333333333333,0.48936170212765956,0.4077669902912621,0.42857142857142855,0.3148148148148148,0.5384615384615384,0.5102040816326531,0.08159471183639744,0.11375661375661372,0.14201407058549909
0.52,0.47217777777777775,0.5405405405405406,0.26666666666666666,0.4870820668693009,0.52,0.1956521739130435,0.2692307692307692,0.25,0.27450980392156865,0.13636363636363635,0.2641509433962264,0.07357859531772573,0.02450980392156865,0.1522971109541587
0.5533333333333333,0.6203555555555555,0.5377358490566038,0.76,0.5334045220298064,0.5533333333333333,0.723404255319149,0.6990291262135923,0.782608695652174,0.75,0.6666666666666666,0.6470588235294118,0.024375129105556725,0.03260869565217395,0.05221653878942878
0.5,0.5181333333333333,0.5,1.0,0.3333333333333333,0.5,1.0,1.0,1.0,1.0,1.0,1.0,0.0,0.0,0.0
0.5066666666666667,0.5208,0.5037037037037037,0.9066666666666666,0.4126984126984127,0.5066666666666667,0.9230769230769231,0.8918918918918919,0.8823529411764706,0.9137931034482759,0.9545454545454546,0.8679245283018868,0.031185031185031242,0.03144016227180535,0.11806108851537311
