acc,auc,precision,recall,maf1,mif1,yp1.a1,yp1.a0,yp1.y1a1,yp1.y1a0,yp1.y0a1,yp1.y0a0,parity,equality,eq_odds
0.6333333333333334,0.684088888888889,0.6470588235294118,0.5866666666666667,0.6325330720235178,0.6333333333333333,0.19148936170212766,0.5728155339805825,0.42857142857142855,0.6481481481481481,0.0,0.4897959183673469,0.38132617227845483,0.2195767195767196,0.7093726379440666
0.5800000000000001,0.6238222222222223,0.6071428571428571,0.4533333333333333,0.5731514521884458,0.58,0.21739130434782608,0.4423076923076923,0.3333333333333333,0.5098039215686274,0.09090909090909091,0.37735849056603776,0.2249163879598662,0.1764705882352941,0.4629199878922409
0.62,0.6819555555555555,0.6323529411764706,0.5733333333333334,0.6191706382789186,0.62,0.1276595744680851,0.6019417475728155,0.21739130434782608,0.7307692307692307,0.041666666666666664,0.47058823529411764,0.4742821731047304,0.5133779264214047,0.9422994950488557
0.66,0.7104,0.7068965517241379,0.5466666666666666,0.6555760659132862,0.66,0.24528301886792453,0.4639175257731959,0.4,0.62,0.10714285714285714,0.2978723404255319,0.21863450690527136,0.21999999999999997,0.4107294832826747
0.56,0.6787555555555556,0.5714285714285714,0.48,0.5571658615136876,0.56,0.4358974358974359,0.4144144144144144,0.5294117647058824,0.46551724137931033,0.36363636363636365,0.3584905660377358,0.021483021483021503,0.06389452332657203,0.06904032092519985
