acc,auc,precision,recall,maf1,mif1,yp1.a1,yp1.a0,yp1.y1a1,yp1.y1a0,yp1.y0a1,yp1.y0a0,parity,equality,eq_odds
0.6266666666666667,0.6753777777777779,0.6938775510204082,0.4533333333333333,0.6151026392961877,0.6266666666666667,0.1276595744680851,0.4174757281553398,0.2857142857142857,0.5185185185185185,0.0,0.30612244897959184,0.28981615368725466,0.2328042328042328,0.5389266817838246
0.5933333333333334,0.6432,0.6,0.56,0.5928809788654059,0.5933333333333334,0.32608695652173914,0.5288461538461539,0.5416666666666666,0.5686274509803921,0.09090909090909091,0.49056603773584906,0.20275919732441472,0.026960784313725505,0.4266177311404836
0.62,0.6787555555555556,0.640625,0.5466666666666666,0.6179453952366056,0.62,0.1276595744680851,0.5631067961165048,0.21739130434782608,0.6923076923076923,0.041666666666666664,0.43137254901960786,0.43544722164841976,0.47491638795986624,0.8646222703128075
0.66,0.7041777777777778,0.7307692307692307,0.5066666666666667,0.651813754494561,0.66,0.18867924528301888,0.4329896907216495,0.32,0.6,0.07142857142857142,0.2553191489361702,0.24431044543863062,0.27999999999999997,0.46389057750759877
0.5933333333333334,0.688711111111111,0.5945945945945946,0.5866666666666667,0.5933152584559314,0.5933333333333334,0.4358974358974359,0.5135135135135135,0.5294117647058824,0.603448275862069,0.36363636363636365,0.41509433962264153,0.07761607761607758,0.07403651115618659,0.12549448714246447
