acc,auc,precision,recall,maf1,mif1,yp1.a1,yp1.a0,yp1.y1a1,yp1.y1a0,yp1.y0a1,yp1.y0a0,parity,equality,eq_odds
0.54,0.6355555555555555,0.65,0.17333333333333334,0.4685494223363287,0.54,0.06382978723404255,0.1650485436893204,0.047619047619047616,0.2222222222222222,0.07692307692307693,0.10204081632653061,0.10121875645527785,0.1746031746031746,0.19972091400662828
0.54,0.5719111111111111,0.5348837209302325,0.6133333333333333,0.5375128468653647,0.54,0.32608695652173914,0.6826923076923077,0.4166666666666667,0.7058823529411765,0.22727272727272727,0.660377358490566,0.3566053511705686,0.28921568627450983,0.7223203174923485
0.5933333333333334,0.6229333333333333,0.5897435897435898,0.6133333333333333,0.593170601573963,0.5933333333333334,0.2553191489361702,0.6407766990291263,0.34782608695652173,0.7307692307692307,0.16666666666666666,0.5490196078431373,0.38545755009295607,0.382943143812709,0.7652960849891797
0.56,0.6010666666666665,0.6153846153846154,0.32,0.533106960950764,0.56,0.1509433962264151,0.31958762886597936,0.12,0.42,0.17857142857142858,0.2127659574468085,0.16864423263956427,0.3,0.3341945288753799
0.5533333333333333,0.6063999999999999,0.6111111111111112,0.29333333333333333,0.520949520949521,0.5533333333333333,0.20512820512820512,0.25225225225225223,0.23529411764705882,0.3103448275862069,0.18181818181818182,0.18867924528301888,0.04712404712404711,0.07505070993914809,0.08191177340398514
