acc,auc,precision,recall,maf1,mif1,yp1.a1,yp1.a0,yp1.y1a1,yp1.y1a0,yp1.y0a1,yp1.y0a0,parity,equality,eq_odds
0.6533333333333333,0.7562666666666666,0.9259259259259259,0.3333333333333333,0.6137849079025549,0.6533333333333333,0.0,0.2621359223300971,0.0,0.46296296296296297,0.0,0.04081632653061224,0.2621359223300971,0.46296296296296297,0.5037792894935752
0.6066666666666667,0.6654222222222222,0.6025641025641025,0.6266666666666667,0.6065092703748167,0.6066666666666667,0.13043478260869565,0.6923076923076923,0.25,0.803921568627451,0.0,0.5849056603773585,0.5618729096989966,0.553921568627451,1.1388272290048094
0.6066666666666667,0.6704000000000001,0.6081081081081081,0.6,0.6066491844081959,0.6066666666666667,0.0425531914893617,0.6990291262135923,0.043478260869565216,0.8461538461538461,0.041666666666666664,0.5490196078431373,0.6564759347242306,0.802675585284281,1.3100285264607516
0.7000000000000001,0.7964444444444444,0.8260869565217391,0.5066666666666667,0.6883512627545131,0.7,0.0,0.4742268041237113,0.0,0.76,0.0,0.1702127659574468,0.4742268041237113,0.76,0.9302127659574468
0.7200000000000001,0.7962666666666668,0.7538461538461538,0.6533333333333333,0.71875,0.72,0.0,0.5855855855855856,0.0,0.8448275862068966,0.0,0.3018867924528302,0.5855855855855856,0.8448275862068966,1.1467143786597267
