acc,auc,precision,recall,maf1,mif1,yp1.a1,yp1.a0,yp1.y1a1,yp1.y1a0,yp1.y0a1,yp1.y0a0,parity,equality,eq_odds
0.56,0.5962666666666666,0.5918367346938775,0.38666666666666666,0.5463709677419355,0.56,0.2553191489361702,0.3592233009708738,0.3333333333333333,0.4074074074074074,0.19230769230769232,0.30612244897959184,0.1039041520347036,0.07407407407407407,0.1878888307459736
0.5800000000000001,0.5811555555555556,0.5555555555555556,0.8,0.5586380832282472,0.58,0.6521739130434783,0.75,0.7083333333333334,0.8431372549019608,0.5909090909090909,0.660377358490566,0.09782608695652173,0.13480392156862742,0.20427218915010248
0.5,0.4813333333333334,0.5,1.0,0.3333333333333333,0.5,1.0,1.0,1.0,1.0,1.0,1.0,0.0,0.0,0.0
0.4666666666666667,0.5051555555555556,0.4,0.13333333333333333,0.4,0.4666666666666667,0.18867924528301888,0.15463917525773196,0.16,0.12,0.21428571428571427,0.19148936170212766,0.03404007002528692,0.04000000000000001,0.06279635258358662
0.52,0.5426666666666666,0.5130434782608696,0.7866666666666666,0.4832535885167464,0.52,0.8974358974358975,0.7207207207207207,0.9411764705882353,0.7413793103448276,0.8636363636363636,0.6981132075471698,0.17671517671517678,0.19979716024340766,0.36532031633260154
