acc,auc,precision,recall,maf1,mif1,yp1.a1,yp1.a0,yp1.y1a1,yp1.y1a0,yp1.y0a1,yp1.y0a0,parity,equality,eq_odds
0.5866666666666667,0.6076444444444444,0.6101694915254238,0.48,0.5819097284661032,0.5866666666666667,0.40425531914893614,0.3883495145631068,0.5238095238095238,0.46296296296296297,0.3076923076923077,0.30612244897959184,0.015905804585829353,0.06084656084656087,0.06241641955927674
0.5466666666666667,0.5936000000000001,0.5573770491803278,0.4533333333333333,0.5426829268292682,0.5466666666666666,0.5,0.36538461538461536,0.4583333333333333,0.45098039215686275,0.5454545454545454,0.2830188679245283,0.13461538461538464,0.007352941176470562,0.2697886187064877
0.5,0.5246222222222223,0.5,1.0,0.3333333333333333,0.5,1.0,1.0,1.0,1.0,1.0,1.0,0.0,0.0,0.0
0.5,0.49777777777777776,0.5,1.0,0.3333333333333333,0.5,1.0,1.0,1.0,1.0,1.0,1.0,0.0,0.0,0.0
0.5466666666666667,0.5334222222222222,0.5327102803738317,0.76,0.5250512199664742,0.5466666666666666,0.6153846153846154,0.7477477477477478,0.6470588235294118,0.7931034482758621,0.5909090909090909,0.6981132075471698,0.13236313236313235,0.1460446247464503,0.25324874138452913
