acc,auc,precision,recall,maf1,mif1,yp1.a1,yp1.a0,yp1.y1a1,yp1.y1a0,yp1.y0a1,yp1.y0a0,parity,equality,eq_odds
0.5,0.5176888888888889,0.5,0.6933333333333334,0.48058543792418856,0.5,0.5531914893617021,0.7572815533980582,0.5238095238095238,0.7592592592592593,0.5769230769230769,0.7551020408163265,0.2040900640363561,0.23544973544973546,0.4136286993429851
0.56,0.5576,0.5365853658536586,0.88,0.5098039215686274,0.56,0.8478260869565217,0.8076923076923077,0.875,0.8823529411764706,0.8181818181818182,0.7358490566037735,0.04013377926421402,0.007352941176470562,0.08968570275451526
0.5,0.4560888888888889,0.5,1.0,0.3333333333333333,0.5,1.0,1.0,1.0,1.0,1.0,1.0,0.0,0.0,0.0
0.5,0.5346666666666666,0.5,1.0,0.3333333333333333,0.5,1.0,1.0,1.0,1.0,1.0,1.0,0.0,0.0,0.0
0.4733333333333334,0.5017777777777778,0.4375,0.18666666666666668,0.42617790906009395,0.47333333333333333,0.358974358974359,0.16216216216216217,0.47058823529411764,0.10344827586206896,0.2727272727272727,0.22641509433962265,0.1968121968121968,0.3671399594320487,0.41345213781969875
