acc,auc,precision,recall,maf1,mif1,yp1.a1,yp1.a0,yp1.y1a1,yp1.y1a0,yp1.y0a1,yp1.y0a0,parity,equality,eq_odds
0.6466666666666667,0.6682666666666667,0.6571428571428571,0.6133333333333333,0.646273637374861,0.6466666666666666,0.3404255319148936,0.5242718446601942,0.47619047619047616,0.6666666666666666,0.23076923076923078,0.3673469387755102,0.18384631274530056,0.19047619047619047,0.3270538984824699
0.48000000000000004,0.48586666666666667,0.4827586206896552,0.56,0.47665056360708535,0.48,0.6304347826086957,0.5576923076923077,0.625,0.5294117647058824,0.6363636363636364,0.5849056603773585,0.07274247491638797,0.09558823529411764,0.14704621128039552
0.5733333333333334,0.5957333333333333,0.5604395604395604,0.68,0.5684229455133969,0.5733333333333334,0.44680851063829785,0.6796116504854369,0.6086956521739131,0.7115384615384616,0.2916666666666667,0.6470588235294118,0.23280313984713907,0.10284280936454848,0.4582349662272936
0.5533333333333333,0.5836444444444444,0.5476190476190477,0.6133333333333333,0.5517195236183594,0.5533333333333333,0.5471698113207547,0.5670103092783505,0.68,0.58,0.42857142857142855,0.5531914893617021,0.019840497957595793,0.10000000000000009,0.2246200607902737
0.49333333333333335,0.45191111111111115,0.4909090909090909,0.36,0.48416289592760187,0.4933333333333334,0.3333333333333333,0.3783783783783784,0.47058823529411764,0.3275862068965517,0.22727272727272727,0.4339622641509434,0.045045045045045085,0.14300202839756593,0.34969156527578205
