acc,auc,precision,recall,maf1,mif1,yp1.a1,yp1.a0,yp1.y1a1,yp1.y1a0,yp1.y0a1,yp1.y0a0,parity,equality,eq_odds
0.52,0.5306666666666666,0.5714285714285714,0.16,0.4485294117647059,0.52,0.0851063829787234,0.1650485436893204,0.047619047619047616,0.2037037037037037,0.11538461538461539,0.12244897959183673,0.079942160710597,0.15608465608465608,0.16314902029187742
0.4666666666666667,0.4927111111111111,0.47191011235955055,0.56,0.4619799139167863,0.4666666666666667,0.30434782608695654,0.7211538461538461,0.2916666666666667,0.6862745098039216,0.3181818181818182,0.7547169811320755,0.4168060200668896,0.3946078431372549,0.8311430060875122
0.6466666666666667,0.6734222222222223,0.6486486486486487,0.64,0.6466509622649895,0.6466666666666666,0.3617021276595745,0.5533980582524272,0.6086956521739131,0.6538461538461539,0.125,0.45098039215686275,0.19169593059285267,0.04515050167224077,0.3711308938291035
0.5466666666666667,0.5720888888888889,0.5492957746478874,0.52,0.5463440668920121,0.5466666666666666,0.41509433962264153,0.5051546391752577,0.56,0.5,0.2857142857142857,0.5106382978723404,0.09006029955261619,0.06000000000000005,0.28492401215805474
0.5,0.46586666666666665,0.5,0.8666666666666667,0.42233632862644416,0.5,0.9743589743589743,0.8288288288288288,0.9411764705882353,0.8448275862068966,1.0,0.8113207547169812,0.14553014553014554,0.0963488843813387,0.28502812966435753
