acc,auc,precision,recall,maf1,mif1,yp1.a1,yp1.a0,yp1.y1a1,yp1.y1a0,yp1.y0a1,yp1.y0a0,parity,equality,eq_odds
0.6000000000000001,0.664,0.5742574257425742,0.7733333333333333,0.5876099706744868,0.6,0.48936170212765956,0.7572815533980582,0.7619047619047619,0.7777777777777778,0.2692307692307692,0.7346938775510204,0.2679198512703987,0.015873015873015928,0.48133612419326716
0.5933333333333334,0.6716444444444445,0.6166666666666667,0.49333333333333335,0.5892255892255892,0.5933333333333334,0.2608695652173913,0.46153846153846156,0.4166666666666667,0.5294117647058824,0.09090909090909091,0.39622641509433965,0.20066889632107027,0.11274509803921567,0.4180624222244644
0.6066666666666667,0.6624,0.6142857142857143,0.5733333333333334,0.6062291434927698,0.6066666666666667,0.10638297872340426,0.6310679611650486,0.21739130434782608,0.7307692307692307,0.0,0.5294117647058824,0.5246849824416443,0.5133779264214047,1.042789691127287
0.7000000000000001,0.7514666666666666,0.734375,0.6266666666666667,0.6983779436078467,0.7,0.2830188679245283,0.5051546391752577,0.52,0.68,0.07142857142857142,0.3191489361702128,0.22213577125072942,0.16000000000000003,0.4077203647416414
0.6133333333333334,0.6958222222222222,0.6491228070175439,0.49333333333333335,0.6076839826839826,0.6133333333333333,0.2564102564102564,0.42342342342342343,0.35294117647058826,0.5344827586206896,0.18181818181818182,0.3018867924528302,0.16701316701316704,0.18154158215010135,0.3016101927847497
