acc,auc,precision,recall,maf1,mif1,yp1.a1,yp1.a0,yp1.y1a1,yp1.y1a0,yp1.y0a1,yp1.y0a0,parity,equality,eq_odds
0.62,0.6914666666666666,0.7142857142857143,0.4,0.6006725514922236,0.62,0.1702127659574468,0.3300970873786408,0.2857142857142857,0.4444444444444444,0.07692307692307693,0.20408163265306123,0.159884321421194,0.15873015873015872,0.285888714460143
0.5733333333333334,0.6039111111111112,0.5647058823529412,0.64,0.5714285714285714,0.5733333333333334,0.34782608695652173,0.6634615384615384,0.5416666666666666,0.6862745098039216,0.13636363636363635,0.6415094339622641,0.3156354515050167,0.14460784313725494,0.6497536407358827
0.6266666666666667,0.6792888888888889,0.6266666666666667,0.6266666666666667,0.6266666666666667,0.6266666666666667,0.2978723404255319,0.5922330097087378,0.43478260869565216,0.7115384615384616,0.16666666666666666,0.47058823529411764,0.2943606692832059,0.2767558528428094,0.5806774214702604
0.5800000000000001,0.6216888888888887,0.5833333333333334,0.56,0.5798319327731092,0.58,0.33962264150943394,0.5567010309278351,0.44,0.62,0.25,0.48936170212765956,0.21707838941840113,0.18,0.41936170212765955
0.5666666666666667,0.6433777777777777,0.5735294117647058,0.52,0.565720903300521,0.5666666666666667,0.38461538461538464,0.4774774774774775,0.47058823529411764,0.5344827586206896,0.3181818181818182,0.41509433962264153,0.09286209286209285,0.06389452332657197,0.16080704476739532
