acc,auc,precision,recall,maf1,mif1,yp1.a1,yp1.a0,yp1.y1a1,yp1.y1a0,yp1.y0a1,yp1.y0a0,parity,equality,eq_odds
0.6333333333333334,0.7002666666666667,0.6666666666666666,0.5333333333333333,0.6296296296296295,0.6333333333333333,0.2978723404255319,0.44660194174757284,0.38095238095238093,0.5925925925925926,0.23076923076923078,0.2857142857142857,0.14872960132204094,0.21164021164021163,0.26658526658526654
0.4733333333333334,0.5555555555555555,0.375,0.08,0.37693885062306115,0.47333333333333333,0.08695652173913043,0.11538461538461539,0.041666666666666664,0.09803921568627451,0.13636363636363635,0.1320754716981132,0.02842809364548496,0.056372549019607844,0.06066071368513099
0.5733333333333334,0.6268444444444444,0.569620253164557,0.6,0.5730297100160113,0.5733333333333334,0.2978723404255319,0.6310679611650486,0.43478260869565216,0.6730769230769231,0.16666666666666666,0.5882352941176471,0.3331956207395167,0.23829431438127097,0.6598629418322515
0.5733333333333334,0.6028444444444445,0.5733333333333334,0.5733333333333334,0.5733333333333334,0.5733333333333334,0.5094339622641509,0.4948453608247423,0.68,0.52,0.35714285714285715,0.46808510638297873,0.014588601439408655,0.16000000000000003,0.2709422492401216
0.5,0.45635555555555557,0.5,0.3333333333333333,0.48571428571428577,0.5,0.3076923076923077,0.34234234234234234,0.4117647058823529,0.3103448275862069,0.22727272727272727,0.37735849056603776,0.03465003465003463,0.10141987829614602,0.25150564158945654
