acc,auc,precision,recall,maf1,mif1,yp1.a1,yp1.a0,yp1.y1a1,yp1.y1a0,yp1.y0a1,yp1.y0a0,parity,equality,eq_odds
0.48000000000000004,0.5121777777777778,0.4805194805194805,0.49333333333333335,0.4799075391180654,0.48,0.5106382978723404,0.5145631067961165,0.47619047619047616,0.5,0.5384615384615384,0.5306122448979592,0.003924808923776113,0.023809523809523836,0.031658817373103054
0.5800000000000001,0.5474666666666668,0.5714285714285714,0.64,0.5784825371336814,0.58,0.5434782608695652,0.5673076923076923,0.7916666666666666,0.5686274509803921,0.2727272727272727,0.5660377358490566,0.023829431438127102,0.2230392156862745,0.5163496788080584
0.5,0.4349333333333334,0.5,1.0,0.3333333333333333,0.5,1.0,1.0,1.0,1.0,1.0,1.0,0.0,0.0,0.0
0.49333333333333335,0.44737777777777776,0.4925373134328358,0.44,0.491888037083259,0.4933333333333334,0.32075471698113206,0.5154639175257731,0.2,0.56,0.42857142857142855,0.46808510638297873,0.19470920054464108,0.36000000000000004,0.3995136778115502
0.5066666666666667,0.46755555555555556,0.52,0.17333333333333334,0.44500000000000006,0.5066666666666667,0.1282051282051282,0.18018018018018017,0.11764705882352941,0.1896551724137931,0.13636363636363635,0.16981132075471697,0.05197505197505198,0.07200811359026368,0.1054557979813443
