acc,auc,precision,recall,maf1,mif1,yp1.a1,yp1.a0,yp1.y1a1,yp1.y1a0,yp1.y0a1,yp1.y0a0,parity,equality,eq_odds
0.6333333333333334,0.687288888888889,0.6282051282051282,0.6533333333333333,0.6331866079765238,0.6333333333333333,0.2553191489361702,0.6407766990291263,0.5238095238095238,0.7037037037037037,0.038461538461538464,0.5714285714285714,0.38545755009295607,0.17989417989417988,0.7128612128612128
0.5933333333333334,0.6544000000000001,0.6206896551724138,0.48,0.5880419611904011,0.5933333333333334,0.1956521739130435,0.47115384615384615,0.375,0.5294117647058824,0.0,0.41509433962264153,0.2755016722408027,0.15441176470588236,0.5695061043285239
0.6266666666666667,0.7011555555555556,0.6792452830188679,0.48,0.6184593023255814,0.6266666666666667,0.10638297872340426,0.46601941747572817,0.17391304347826086,0.6153846153846154,0.041666666666666664,0.3137254901960784,0.35963643875232393,0.44147157190635455,0.7135303954357664
0.6466666666666667,0.7276444444444444,0.7291666666666666,0.4666666666666667,0.6348353314041615,0.6466666666666666,0.20754716981132076,0.38144329896907214,0.4,0.5,0.03571428571428571,0.2553191489361702,0.17389612915775138,0.09999999999999998,0.31960486322188447
0.5733333333333334,0.6831999999999999,0.5846153846153846,0.5066666666666667,0.5714285714285714,0.5733333333333334,0.41025641025641024,0.44144144144144143,0.47058823529411764,0.5172413793103449,0.36363636363636365,0.3584905660377358,0.031185031185031187,0.04665314401622722,0.05179894161485504
