acc,auc,precision,recall,maf1,mif1,yp1.a1,yp1.a0,yp1.y1a1,yp1.y1a0,yp1.y0a1,yp1.y0a0,parity,equality,eq_odds
0.7066666666666667,0.7813333333333334,0.6565656565656566,0.8666666666666667,0.69896004378763,0.7066666666666667,0.44680851063829785,0.7572815533980582,0.8571428571428571,0.8703703703703703,0.11538461538461539,0.6326530612244898,0.3104730427597604,0.013227513227513255,0.5304959590673877
0.62,0.712,0.65,0.52,0.6161616161616162,0.62,0.2826086956521739,0.4519230769230769,0.5,0.5294117647058824,0.045454545454545456,0.37735849056603776,0.16931438127090304,0.02941176470588236,0.36131570981737465
0.6533333333333333,0.6652444444444444,0.6455696202531646,0.68,0.6530866393880093,0.6533333333333333,0.48936170212765956,0.5436893203883495,0.6086956521739131,0.7115384615384616,0.375,0.37254901960784315,0.054327618260689936,0.10284280936454848,0.10529378975670534
0.62,0.6709333333333334,0.59375,0.76,0.6124031007751938,0.62,0.5283018867924528,0.7010309278350515,0.72,0.78,0.35714285714285715,0.6170212765957447,0.17272904104259867,0.06000000000000005,0.3198784194528876
0.6066666666666667,0.6709333333333334,0.8076923076923077,0.28,0.5596795860490572,0.6066666666666667,0.05128205128205128,0.21621621621621623,0.11764705882352941,0.3275862068965517,0.0,0.09433962264150944,0.16493416493416496,0.2099391480730223,0.30427877071453174
