acc,auc,precision,recall,maf1,mif1,yp1.a1,yp1.a0,yp1.y1a1,yp1.y1a0,yp1.y0a1,yp1.y0a0,parity,equality,eq_odds
0.49333333333333335,0.5294222222222222,0.49473684210526314,0.6266666666666667,0.48416289592760187,0.4933333333333334,0.5319148936170213,0.6796116504854369,0.47619047619047616,0.6851851851851852,0.5769230769230769,0.673469387755102,0.14769675686841566,0.20899470899470907,0.3055410198267342
0.35333333333333333,0.36737777777777775,0.375,0.44,0.34843938918991535,0.35333333333333333,0.6086956521739131,0.5769230769230769,0.5,0.4117647058823529,0.7272727272727273,0.7358490566037735,0.03177257525083621,0.08823529411764708,0.09681162344869332
0.56,0.6577777777777778,0.5328467153284672,0.9733333333333334,0.4693396226415094,0.56,0.9148936170212766,0.912621359223301,0.9565217391304348,0.9807692307692307,0.875,0.8431372549019608,0.0022722577979755743,0.024247491638795915,0.05611023673683513
0.5,0.5711111111111111,0.5,1.0,0.3333333333333333,0.5,1.0,1.0,1.0,1.0,1.0,1.0,0.0,0.0,0.0
0.5533333333333333,0.5494222222222223,0.5317460317460317,0.8933333333333333,0.4949494949494949,0.5533333333333333,0.8461538461538461,0.8378378378378378,0.7647058823529411,0.9310344827586207,0.9090909090909091,0.7358490566037735,0.008316008316008316,0.16632860040567954,0.33957045289281507
