acc,auc,precision,recall,maf1,mif1,yp1.a1,yp1.a0,yp1.y1a1,yp1.y1a0,yp1.y0a1,yp1.y0a0,parity,equality,eq_odds
0.52,0.46844444444444444,0.5172413793103449,0.6,0.5169082125603865,0.52,0.5531914893617021,0.5922330097087378,0.6666666666666666,0.5740740740740741,0.46153846153846156,0.6122448979591837,0.039041520347035674,0.09259259259259256,0.24329902901331468
0.5,0.4078222222222222,0.5,1.0,0.3333333333333333,0.5,1.0,1.0,1.0,1.0,1.0,1.0,0.0,0.0,0.0
0.5,0.4742222222222222,0.5,1.0,0.3333333333333333,0.5,1.0,1.0,1.0,1.0,1.0,1.0,0.0,0.0,0.0
0.54,0.5542222222222222,0.6,0.24,0.4945054945054945,0.54,0.16981132075471697,0.21649484536082475,0.24,0.24,0.10714285714285714,0.19148936170212766,0.04668352460610778,0.0,0.08434650455927052
0.43333333333333335,0.42800000000000005,0.421875,0.36,0.43026944903704367,0.43333333333333335,0.3333333333333333,0.4594594594594595,0.23529411764705882,0.39655172413793105,0.4090909090909091,0.5283018867924528,0.12612612612612617,0.16125760649087223,0.28046858419241594
