acc,auc,precision,recall,maf1,mif1,yp1.a1,yp1.a0,yp1.y1a1,yp1.y1a0,yp1.y0a1,yp1.y0a0,parity,equality,eq_odds
0.6266666666666667,0.6775111111111111,0.7878787878787878,0.3466666666666667,0.5949074074074074,0.6266666666666667,0.06382978723404255,0.2912621359223301,0.14285714285714285,0.42592592592592593,0.0,0.14285714285714285,0.22743234868828754,0.2830687830687831,0.42592592592592593
0.5133333333333334,0.5706666666666667,0.5161290322580645,0.4266666666666667,0.5096502619676683,0.5133333333333333,0.2608695652173913,0.4807692307692308,0.2916666666666667,0.49019607843137253,0.22727272727272727,0.4716981132075472,0.21989966555183948,0.19852941176470584,0.4429547976995257
0.6333333333333334,0.6408888888888888,0.6282051282051282,0.6533333333333333,0.6331866079765238,0.6333333333333333,0.44680851063829785,0.5533980582524272,0.5217391304347826,0.7115384615384616,0.375,0.39215686274509803,0.10658954761412931,0.18979933110367897,0.206956193848777
0.62,0.6615111111111112,0.625,0.6,0.6198479391756702,0.62,0.41509433962264153,0.5154639175257731,0.56,0.62,0.2857142857142857,0.40425531914893614,0.10036957790313161,0.05999999999999994,0.1785410334346504
0.6066666666666667,0.6703999999999999,0.8076923076923077,0.28,0.5596795860490572,0.6066666666666667,0.05128205128205128,0.21621621621621623,0.11764705882352941,0.3275862068965517,0.0,0.09433962264150944,0.16493416493416496,0.2099391480730223,0.30427877071453174
