acc,auc,precision,recall,maf1,mif1,yp1.a1,yp1.a0,yp1.y1a1,yp1.y1a0,yp1.y0a1,yp1.y0a0,parity,equality,eq_odds
0.6133333333333334,0.7004444444444444,0.7931034482758621,0.30666666666666664,0.5731946624803768,0.6133333333333333,0.0,0.2815533980582524,0.0,0.42592592592592593,0.0,0.12244897959183673,0.2815533980582524,0.42592592592592593,0.5483749055177627
0.5733333333333334,0.6250666666666665,0.627906976744186,0.36,0.5529893834978581,0.5733333333333334,0.021739130434782608,0.40384615384615385,0.041666666666666664,0.5098039215686274,0.0,0.3018867924528302,0.38210702341137126,0.46813725490196073,0.7700240473547909
0.64,0.6878222222222221,0.7058823529411765,0.48,0.6305418719211822,0.64,0.02127659574468085,0.4854368932038835,0.043478260869565216,0.6730769230769231,0.0,0.29411764705882354,0.4641602974592027,0.6295986622073579,0.9237163092661815
0.5933333333333334,0.6471111111111112,0.6944444444444444,0.3333333333333333,0.5638495638495639,0.5933333333333334,0.03773584905660377,0.35051546391752575,0.04,0.48,0.03571428571428571,0.2127659574468085,0.312779614860922,0.44,0.6170516717325227
0.62,0.6771555555555556,0.6451612903225806,0.5333333333333333,0.6171241771528369,0.62,0.1282051282051282,0.5135135135135135,0.17647058823529413,0.6379310344827587,0.09090909090909091,0.37735849056603776,0.3853083853083853,0.4614604462474645,0.7479098459044113
