acc,auc,precision,recall,maf1,mif1,yp1.a1,yp1.a0,yp1.y1a1,yp1.y1a0,yp1.y0a1,yp1.y0a0,parity,equality,eq_odds
0.6133333333333334,0.6936888888888888,0.5955056179775281,0.7066666666666667,0.6099354375896701,0.6133333333333333,0.2127659574468085,0.7669902912621359,0.47619047619047616,0.7962962962962963,0.0,0.7346938775510204,0.5542243338153274,0.3201058201058201,1.0547996976568406
0.6066666666666667,0.6497777777777778,0.5952380952380952,0.6666666666666666,0.6052455506490031,0.6066666666666667,0.391304347826087,0.6346153846153846,0.625,0.6862745098039216,0.13636363636363635,0.5849056603773585,0.2433110367892976,0.06127450980392157,0.5098165338176437
0.6266666666666667,0.6876444444444445,0.6338028169014085,0.6,0.6264009962640099,0.6266666666666667,0.14893617021276595,0.6213592233009708,0.2608695652173913,0.75,0.041666666666666664,0.49019607843137253,0.47242305308820487,0.4891304347826087,0.9376598465473145
0.6866666666666668,0.7610666666666666,0.7592592592592593,0.5466666666666666,0.6804025567795458,0.6866666666666666,0.24528301886792453,0.422680412371134,0.48,0.58,0.03571428571428571,0.2553191489361702,0.1773973935032095,0.09999999999999998,0.31960486322188447
0.6266666666666667,0.7114666666666667,0.6461538461538462,0.56,0.6250000000000001,0.6266666666666667,0.2564102564102564,0.4954954954954955,0.4117647058823529,0.603448275862069,0.13636363636363635,0.37735849056603776,0.2390852390852391,0.19168356997971603,0.43267842418211744
