acc,auc,precision,recall,maf1,mif1,yp1.a1,yp1.a0,yp1.y1a1,yp1.y1a0,yp1.y0a1,yp1.y0a0,parity,equality,eq_odds
0.6133333333333334,0.653511111111111,0.5858585858585859,0.7733333333333333,0.6031746031746033,0.6133333333333333,0.5106382978723404,0.7281553398058253,0.6666666666666666,0.8148148148148148,0.38461538461538464,0.6326530612244898,0.21751704193348487,0.14814814814814814,0.39618582475725334
0.49333333333333335,0.5523555555555555,0.4827586206896552,0.18666666666666668,0.4407378335949764,0.4933333333333334,0.10869565217391304,0.23076923076923078,0.125,0.21568627450980393,0.09090909090909091,0.24528301886792453,0.12207357859531774,0.09068627450980393,0.24506020246863755
0.5800000000000001,0.6131555555555556,0.573170731707317,0.6266666666666667,0.5790833370451205,0.58,0.48936170212765956,0.5728155339805825,0.5217391304347826,0.6730769230769231,0.4583333333333333,0.47058823529411764,0.08345383185292293,0.15133779264214053,0.16359269460292486
0.5666666666666667,0.5807999999999999,0.5555555555555556,0.6666666666666666,0.5622895622895623,0.5666666666666667,0.5660377358490566,0.6185567010309279,0.72,0.64,0.42857142857142855,0.5957446808510638,0.05251896518187127,0.07999999999999996,0.2471732522796352
0.5,0.46613333333333334,0.5,0.28,0.47456914670029426,0.5,0.1794871794871795,0.3153153153153153,0.17647058823529413,0.3103448275862069,0.18181818181818182,0.32075471698113206,0.13582813582813583,0.13387423935091278,0.27281077451386304
