acc,auc,precision,recall,maf1,mif1,yp1.a1,yp1.a0,yp1.y1a1,yp1.y1a0,yp1.y0a1,yp1.y0a0,parity,equality,eq_odds
0.6933333333333334,0.7182222222222223,0.6746987951807228,0.7466666666666667,0.6924585487609201,0.6933333333333334,0.40425531914893614,0.6213592233009708,0.7142857142857143,0.7592592592592593,0.15384615384615385,0.46938775510204084,0.21710390415203468,0.044973544973545,0.360515146229432
0.4866666666666667,0.5153777777777777,0.46875,0.2,0.4407050506028764,0.4866666666666667,0.17391304347826086,0.23076923076923078,0.16666666666666666,0.21568627450980393,0.18181818181818182,0.24528301886792453,0.05685618729096992,0.049019607843137275,0.11248444489287998
0.5800000000000001,0.6270222222222221,0.573170731707317,0.6266666666666667,0.5790833370451205,0.58,0.2765957446808511,0.6699029126213593,0.43478260869565216,0.7115384615384616,0.125,0.6274509803921569,0.3933071679405082,0.2767558528428094,0.7792068332349662
0.54,0.5740444444444444,0.5294117647058824,0.72,0.524596940884663,0.54,0.6226415094339622,0.711340206185567,0.76,0.7,0.5,0.723404255319149,0.0886986967516048,0.06000000000000005,0.28340425531914903
0.5266666666666667,0.5308444444444443,0.5625,0.24,0.48428647523122365,0.5266666666666666,0.1794871794871795,0.22522522522522523,0.17647058823529413,0.25862068965517243,0.18181818181818182,0.18867924528301888,0.04573804573804574,0.0821501014198783,0.08901116488471536
