acc,auc,precision,recall,maf1,mif1,yp1.a1,yp1.a0,yp1.y1a1,yp1.y1a0,yp1.y0a1,yp1.y0a0,parity,equality,eq_odds
0.6333333333333334,0.6883555555555555,0.6470588235294118,0.5866666666666667,0.6325330720235178,0.6333333333333333,0.2765957446808511,0.5339805825242718,0.47619047619047616,0.6296296296296297,0.11538461538461539,0.42857142857142855,0.25738483784342076,0.1534391534391535,0.46662596662596667
0.5800000000000001,0.6481777777777777,0.5967741935483871,0.49333333333333335,0.5768214589583986,0.58,0.32608695652173914,0.4519230769230769,0.5,0.49019607843137253,0.13636363636363635,0.41509433962264153,0.1258361204013378,0.009803921568627472,0.28853462482763265
0.6066666666666667,0.6755555555555555,0.6290322580645161,0.52,0.6036899377546909,0.6066666666666667,0.1276595744680851,0.5436893203883495,0.21739130434782608,0.6538461538461539,0.041666666666666664,0.43137254901960786,0.4160297459202644,0.4364548494983278,0.8261607318512689
0.6333333333333334,0.695111111111111,0.6923076923076923,0.48,0.6245050293568795,0.6333333333333333,0.20754716981132076,0.422680412371134,0.32,0.56,0.10714285714285714,0.2765957446808511,0.21513324255981325,0.24000000000000005,0.40945288753799397
0.6066666666666667,0.6860444444444443,0.6739130434782609,0.41333333333333333,0.5913938778336949,0.6066666666666667,0.3333333333333333,0.2972972972972973,0.35294117647058826,0.43103448275862066,0.3181818181818182,0.1509433962264151,0.036036036036036,0.0780933062880324,0.2453317282434355
