acc,auc,precision,recall,maf1,mif1,yp1.a1,yp1.a0,yp1.y1a1,yp1.y1a0,yp1.y0a1,yp1.y0a0,parity,equality,eq_odds
0.6333333333333334,0.6647111111111111,0.6666666666666666,0.5333333333333333,0.6296296296296295,0.6333333333333333,0.2553191489361702,0.46601941747572817,0.47619047619047616,0.5555555555555556,0.07692307692307693,0.3673469387755102,0.21070026853955798,0.07936507936507942,0.3697889412175127
0.5800000000000001,0.6120888888888889,0.5714285714285714,0.64,0.5784825371336814,0.58,0.391304347826087,0.6346153846153846,0.5416666666666666,0.6862745098039216,0.22727272727272727,0.5849056603773585,0.2433110367892976,0.14460784313725494,0.5022407762418861
0.6133333333333334,0.6261333333333334,0.6024096385542169,0.6666666666666666,0.6122303440898557,0.6133333333333333,0.2978723404255319,0.6699029126213593,0.43478260869565216,0.7692307692307693,0.16666666666666666,0.5686274509803921,0.37203057219582736,0.3344481605351171,0.7364089448488427
0.5933333333333334,0.6264888888888889,0.5897435897435898,0.6133333333333333,0.593170601573963,0.5933333333333334,0.3018867924528302,0.6391752577319587,0.36,0.74,0.25,0.5319148936170213,0.33728846527912854,0.38,0.6619148936170213
0.5933333333333334,0.6709333333333334,0.5853658536585366,0.64,0.5924457707897198,0.5933333333333334,0.5128205128205128,0.5585585585585585,0.7058823529411765,0.6206896551724138,0.36363636363636365,0.49056603773584906,0.04573804573804574,0.0851926977687627,0.21212237186824812
