acc,auc,precision,recall,maf1,mif1,yp1.a1,yp1.a0,yp1.y1a1,yp1.y1a0,yp1.y0a1,yp1.y0a0,parity,equality,eq_odds
0.6866666666666668,0.7731555555555556,0.6891891891891891,0.68,0.6866527401217832,0.6866666666666666,0.2127659574468085,0.6213592233009708,0.47619047619047616,0.7592592592592593,0.0,0.46938775510204084,0.40859326585416234,0.28306878306878314,0.7524565381708239
0.6733333333333333,0.7690666666666667,0.6585365853658537,0.72,0.6726203732573159,0.6733333333333333,0.2826086956521739,0.6634615384615384,0.5416666666666666,0.803921568627451,0.0,0.5283018867924528,0.38085284280936454,0.2622549019607844,0.7905567887532372
0.6933333333333334,0.7950222222222223,0.7457627118644068,0.5866666666666667,0.689803992087754,0.6933333333333334,0.0851063829787234,0.5339805825242718,0.17391304347826086,0.7692307692307693,0.0,0.29411764705882354,0.4488741995455484,0.5953177257525084,0.889435372811332
0.7266666666666667,0.8348444444444445,0.7931034482758621,0.6133333333333333,0.7231101706361712,0.7266666666666666,0.20754716981132076,0.4845360824742268,0.44,0.7,0.0,0.2553191489361702,0.27698891266290604,0.25999999999999995,0.5153191489361701
0.7666666666666667,0.8360888888888889,0.717391304347826,0.88,0.7636306334699022,0.7666666666666667,0.4358974358974359,0.6756756756756757,0.7647058823529411,0.9137931034482759,0.18181818181818182,0.41509433962264153,0.23977823977823975,0.1490872210953348,0.3823633788997945
