acc,auc,precision,recall,maf1,mif1,yp1.a1,yp1.a0,yp1.y1a1,yp1.y1a0,yp1.y0a1,yp1.y0a0,parity,equality,eq_odds
0.4733333333333334,0.5008,0.46,0.30666666666666664,0.4582857142857143,0.47333333333333333,0.3829787234042553,0.3106796116504854,0.2857142857142857,0.3148148148148148,0.46153846153846156,0.30612244897959184,0.0722991117537699,0.029100529100529127,0.18451654165939885
0.6133333333333334,0.606311111111111,0.5955056179775281,0.7066666666666667,0.6099354375896701,0.6133333333333333,0.6304347826086957,0.5769230769230769,0.7916666666666666,0.6666666666666666,0.45454545454545453,0.49056603773584906,0.053511705685618804,0.125,0.16102058319039453
0.5,0.5009777777777777,0.5,1.0,0.3333333333333333,0.5,1.0,1.0,1.0,1.0,1.0,1.0,0.0,0.0,0.0
0.49333333333333335,0.5300444444444444,0.4909090909090909,0.36,0.48416289592760187,0.4933333333333334,0.32075471698113206,0.3917525773195876,0.36,0.36,0.2857142857142857,0.425531914893617,0.07099786033845557,0.0,0.13981762917933133
0.46,0.44115555555555563,0.45714285714285713,0.4266666666666667,0.4593993325917687,0.46,0.5128205128205128,0.45045045045045046,0.5294117647058824,0.39655172413793105,0.5,0.5094339622641509,0.06237006237006232,0.1328600405679513,0.14229400283210225
