acc,auc,precision,recall,maf1,mif1,yp1.a1,yp1.a0,yp1.y1a1,yp1.y1a0,yp1.y0a1,yp1.y0a0,parity,equality,eq_odds
0.5466666666666667,0.5516444444444445,0.6842105263157895,0.17333333333333334,0.47324932865110514,0.5466666666666666,0.02127659574468085,0.17475728155339806,0.0,0.24074074074074073,0.038461538461538464,0.10204081632653061,0.1534806858087172,0.24074074074074073,0.3043200186057329
0.5133333333333334,0.5328,0.5104166666666666,0.6533333333333333,0.5036039711682306,0.5133333333333333,0.2608695652173913,0.8076923076923077,0.3333333333333333,0.803921568627451,0.18181818181818182,0.8113207547169812,0.5468227424749164,0.4705882352941177,1.100090808192917
0.5466666666666667,0.5761777777777778,0.5614035087719298,0.4266666666666667,0.5400432900432901,0.5466666666666666,0.0425531914893617,0.5339805825242718,0.043478260869565216,0.5961538461538461,0.041666666666666664,0.47058823529411764,0.4914273910349101,0.552675585284281,0.9815971539117319
0.5666666666666667,0.5537777777777777,0.5862068965517241,0.4533333333333333,0.5610283193012471,0.5666666666666667,0.39622641509433965,0.38144329896907214,0.32,0.52,0.4642857142857143,0.23404255319148937,0.014783116125267504,0.2,0.43024316109422495
0.5733333333333334,0.5969777777777778,0.5407407407407407,0.9733333333333334,0.4920634920634921,0.5733333333333334,0.6410256410256411,0.990990990990991,0.9411764705882353,0.9827586206896551,0.4090909090909091,1.0,0.3499653499653499,0.04158215010141986,0.6324912410105107
