acc,auc,precision,recall,maf1,mif1,yp1.a1,yp1.a0,yp1.y1a1,yp1.y1a0,yp1.y0a1,yp1.y0a0,parity,equality,eq_odds
0.6333333333333334,0.677688888888889,0.6282051282051282,0.6533333333333333,0.6331866079765238,0.6333333333333333,0.2978723404255319,0.6213592233009708,0.42857142857142855,0.7407407407407407,0.19230769230769232,0.4897959183673469,0.3234868828754389,0.31216931216931215,0.6096575382289668
0.48000000000000004,0.4773333333333334,0.4835164835164835,0.5866666666666667,0.47401546484445245,0.48,0.6086956521739131,0.6057692307692307,0.5833333333333334,0.5882352941176471,0.6363636363636364,0.6226415094339622,0.0029264214046823556,0.004901960784313708,0.018624087713987825
0.5333333333333333,0.5834666666666667,0.5301204819277109,0.5866666666666667,0.5320021394187913,0.5333333333333333,0.10638297872340426,0.7572815533980582,0.13043478260869565,0.7884615384615384,0.08333333333333333,0.7254901960784313,0.650898574674654,0.6580267558528428,1.3001836185979407
0.5666666666666667,0.6161777777777777,0.5531914893617021,0.6933333333333334,0.5596007046388725,0.5666666666666667,0.6037735849056604,0.6391752577319587,0.76,0.66,0.4642857142857143,0.6170212765957447,0.03540167282629836,0.09999999999999998,0.25273556231003036
0.5,0.46186666666666665,0.5,0.37333333333333335,0.4918469668910069,0.5,0.3333333333333333,0.38738738738738737,0.47058823529411764,0.3448275862068966,0.22727272727272727,0.4339622641509434,0.05405405405405406,0.12576064908722107,0.3324501859654372
