acc,auc,precision,recall,maf1,mif1,yp1.a1,yp1.a0,yp1.y1a1,yp1.y1a0,yp1.y0a1,yp1.y0a0,parity,equality,eq_odds
0.6733333333333333,0.7536,0.782608695652174,0.48,0.6606491527771367,0.6733333333333333,0.3617021276595745,0.2815533980582524,0.5714285714285714,0.4444444444444444,0.19230769230769232,0.10204081632653061,0.08014872960132208,0.12698412698412698,0.21725100296528868
0.6666666666666667,0.6995555555555555,0.6811594202898551,0.6266666666666667,0.6661324786324785,0.6666666666666666,0.6956521739130435,0.3557692307692308,0.625,0.6274509803921569,0.7727272727272727,0.09433962264150944,0.3398829431438127,0.002450980392156854,0.6808386304779201
0.6133333333333334,0.6686222222222222,0.6349206349206349,0.5333333333333333,0.6108427267847558,0.6133333333333333,0.6595744680851063,0.3106796116504854,0.6521739130434783,0.4807692307692308,0.6666666666666666,0.13725490196078433,0.3488948564346209,0.1714046822742475,0.7008164469801297
0.6000000000000001,0.6496000000000001,0.6,0.6,0.6,0.6,0.660377358490566,0.41237113402061853,0.72,0.54,0.6071428571428571,0.2765957446808511,0.24800622446994747,0.17999999999999994,0.510547112462006
0.5933333333333334,0.6264888888888888,0.6296296296296297,0.4533333333333333,0.585203318373453,0.5933333333333334,0.5128205128205128,0.3063063063063063,0.29411764705882354,0.5,0.6818181818181818,0.09433962264150944,0.2065142065142065,0.20588235294117646,0.7933609121178489
