acc,auc,precision,recall,maf1,mif1,yp1.a1,yp1.a0,yp1.y1a1,yp1.y1a0,yp1.y0a1,yp1.y0a0,parity,equality,eq_odds
0.5733333333333334,0.6691555555555556,0.5662650602409639,0.6266666666666667,0.5721162417543234,0.5733333333333334,0.2553191489361702,0.6893203883495146,0.42857142857142855,0.7037037037037037,0.11538461538461539,0.673469387755102,0.4340012394133444,0.2751322751322752,0.8332170475027618
0.5933333333333334,0.6204444444444445,0.6129032258064516,0.5066666666666667,0.5902556983565448,0.5933333333333334,0.2826086956521739,0.47115384615384615,0.5,0.5098039215686274,0.045454545454545456,0.4339622641509434,0.18854515050167225,0.009803921568627416,0.39831164026502536
0.5866666666666667,0.6613333333333332,0.6065573770491803,0.49333333333333335,0.5830344332855093,0.5866666666666667,0.10638297872340426,0.5436893203883495,0.17391304347826086,0.6346153846153846,0.041666666666666664,0.45098039215686275,0.43730634166494525,0.4607023411371237,0.8700160666273198
0.6333333333333334,0.6892444444444444,0.6851851851851852,0.49333333333333335,0.6260029919760641,0.6333333333333333,0.18867924528301888,0.4536082474226804,0.28,0.6,0.10714285714285714,0.2978723404255319,0.26492900213966153,0.31999999999999995,0.5107294832826748
0.5666666666666667,0.6986666666666667,0.5657894736842105,0.5733333333333334,0.5666474065514023,0.5666666666666667,0.4358974358974359,0.5315315315315315,0.47058823529411764,0.603448275862069,0.4090909090909091,0.4528301886792453,0.09563409563409564,0.1328600405679513,0.1765993201562875
