acc,auc,precision,recall,maf1,mif1,yp1.a1,yp1.a0,yp1.y1a1,yp1.y1a0,yp1.y0a1,yp1.y0a0,parity,equality,eq_odds
0.5933333333333334,0.6812444444444444,0.8888888888888888,0.21333333333333335,0.524700015583606,0.5933333333333334,0.10638297872340426,0.1262135922330097,0.14285714285714285,0.24074074074074073,0.07692307692307693,0.0,0.019830613509605452,0.09788359788359788,0.1748066748066748
0.49333333333333335,0.556088888888889,0.4909090909090909,0.36,0.48416289592760187,0.4933333333333334,0.45652173913043476,0.3269230769230769,0.375,0.35294117647058826,0.5454545454545454,0.3018867924528302,0.12959866220735783,0.022058823529411742,0.265626576531127
0.5666666666666667,0.6529777777777778,0.5961538461538461,0.41333333333333333,0.5562332165126758,0.5666666666666667,0.3404255319148936,0.34951456310679613,0.30434782608695654,0.46153846153846156,0.375,0.23529411764705882,0.009089031191902519,0.15719063545150502,0.2968965178044462
0.5466666666666667,0.5747555555555557,0.559322033898305,0.44,0.5414493796079842,0.5466666666666666,0.39622641509433965,0.3917525773195876,0.48,0.42,0.32142857142857145,0.3617021276595745,0.004473837774752021,0.06,0.10027355623100304
0.5466666666666667,0.5319111111111111,0.7058823529411765,0.16,0.46697324414715713,0.5466666666666666,0.05128205128205128,0.13513513513513514,0.11764705882352941,0.1724137931034483,0.0,0.09433962264150944,0.08385308385308386,0.05476673427991888,0.14910635692142832
