acc,auc,precision,recall,maf1,mif1,yp1.a1,yp1.a0,yp1.y1a1,yp1.y1a0,yp1.y0a1,yp1.y0a0,parity,equality,eq_odds
0.6066666666666667,0.6632888888888888,0.5975609756097561,0.6533333333333333,0.6058082045343192,0.6066666666666667,0.2765957446808511,0.6699029126213593,0.47619047619047616,0.7222222222222222,0.11538461538461539,0.6122448979591837,0.3933071679405082,0.24603174603174605,0.7428920286063143
0.5933333333333334,0.6250666666666667,0.6029411764705882,0.5466666666666666,0.5924457707897198,0.5933333333333334,0.3695652173913043,0.49038461538461536,0.5416666666666666,0.5490196078431373,0.18181818181818182,0.4339622641509434,0.12081939799331104,0.007352941176470673,0.25949702350923226
0.62,0.6675555555555555,0.6451612903225806,0.5333333333333333,0.6171241771528369,0.62,0.14893617021276595,0.5339805825242718,0.2608695652173913,0.6538461538461539,0.041666666666666664,0.4117647058823529,0.3850444123115059,0.39297658862876256,0.7630746278444488
0.64,0.6919111111111111,0.7058823529411765,0.48,0.6305418719211822,0.64,0.20754716981132076,0.41237113402061853,0.32,0.56,0.10714285714285714,0.2553191489361702,0.20482396420929777,0.24000000000000005,0.3881762917933131
0.5866666666666667,0.6768000000000001,0.6101694915254238,0.48,0.5819097284661032,0.5866666666666667,0.38461538461538464,0.3963963963963964,0.4117647058823529,0.5,0.36363636363636365,0.2830188679245283,0.011781011781011763,0.08823529411764708,0.16885278982948243
