acc,auc,precision,recall,maf1,mif1,yp1.a1,yp1.a0,yp1.y1a1,yp1.y1a0,yp1.y0a1,yp1.y0a0,parity,equality,eq_odds
0.7000000000000001,0.7902222222222222,0.6923076923076923,0.72,0.6998799519807923,0.7,0.2978723404255319,0.6213592233009708,0.6666666666666666,0.7407407407407407,0.0,0.4897959183673469,0.3234868828754389,0.07407407407407407,0.563869992441421
0.6933333333333334,0.7701333333333333,0.6790123456790124,0.7333333333333333,0.6928418803418803,0.6933333333333334,0.30434782608695654,0.6442307692307693,0.5833333333333334,0.803921568627451,0.0,0.49056603773584906,0.33988294314381273,0.22058823529411764,0.7111542730299667
0.6666666666666667,0.7575111111111111,0.6923076923076923,0.6,0.6651785714285714,0.6666666666666666,0.0851063829787234,0.5922330097087378,0.17391304347826086,0.7884615384615384,0.0,0.39215686274509803,0.5071266267300144,0.6145484949832776,1.0067053577283755
0.7533333333333334,0.8449777777777778,0.7567567567567568,0.7466666666666667,0.753322369883106,0.7533333333333333,0.3584905660377358,0.5670103092783505,0.68,0.78,0.07142857142857142,0.3404255319148936,0.20851974324061467,0.09999999999999998,0.36899696048632213
0.7866666666666667,0.8746666666666667,0.7263157894736842,0.92,0.7828054298642535,0.7866666666666666,0.4358974358974359,0.7027027027027027,0.8235294117647058,0.9482758620689655,0.13636363636363635,0.4339622641509434,0.26680526680526684,0.12474645030425968,0.42234507809156674
