acc,auc,precision,recall,maf1,mif1,yp1.a1,yp1.a0,yp1.y1a1,yp1.y1a0,yp1.y0a1,yp1.y0a0,parity,equality,eq_odds
0.5866666666666667,0.6222222222222222,0.696969696969697,0.30666666666666664,0.5515046296296297,0.5866666666666667,0.14893617021276595,0.2524271844660194,0.23809523809523808,0.3333333333333333,0.07692307692307693,0.16326530612244897,0.10349101425325347,0.09523809523809523,0.18158032443746727
0.5,0.45102222222222227,0.5,0.17333333333333334,0.44027066023185235,0.5,0.21739130434782608,0.15384615384615385,0.16666666666666666,0.17647058823529413,0.2727272727272727,0.1320754716981132,0.06354515050167223,0.009803921568627472,0.15045572259778697
0.54,0.5616,0.5384615384615384,0.56,0.5398159263705482,0.54,0.2978723404255319,0.6213592233009708,0.391304347826087,0.6346153846153846,0.20833333333333334,0.6078431372549019,0.3234868828754389,0.2433110367892976,0.6428208407108662
0.52,0.5752888888888888,0.5283018867924528,0.37333333333333335,0.5094476744186046,0.52,0.32075471698113206,0.3711340206185567,0.4,0.36,0.25,0.3829787234042553,0.050379303637424655,0.040000000000000036,0.17297872340425535
0.5066666666666667,0.4545777777777778,0.5102040816326531,0.3333333333333333,0.4913856304985337,0.5066666666666667,0.3333333333333333,0.32432432432432434,0.47058823529411764,0.29310344827586204,0.22727272727272727,0.3584905660377358,0.009009009009008973,0.1774847870182556,0.30870262578326413
