acc,auc,precision,recall,maf1,mif1,yp1.a1,yp1.a0,yp1.y1a1,yp1.y1a0,yp1.y0a1,yp1.y0a0,parity,equality,eq_odds
0.66,0.6656,0.7068965517241379,0.5466666666666666,0.6555760659132862,0.66,0.2978723404255319,0.42718446601941745,0.5238095238095238,0.5555555555555556,0.11538461538461539,0.2857142857142857,0.12931212559388555,0.031746031746031744,0.20207570207570205
0.5866666666666667,0.5879111111111112,0.5619047619047619,0.7866666666666666,0.5694444444444444,0.5866666666666667,0.6086956521739131,0.7403846153846154,0.7916666666666666,0.7843137254901961,0.4090909090909091,0.6981132075471698,0.13168896321070234,0.007352941176470562,0.2963752396327312
0.6266666666666667,0.664,0.6266666666666667,0.6266666666666667,0.6266666666666667,0.6266666666666667,0.2765957446808511,0.6019417475728155,0.391304347826087,0.7307692307692307,0.16666666666666666,0.47058823529411764,0.3253460028919644,0.33946488294314375,0.6433864515705947
0.6066666666666667,0.6570666666666668,0.6481481481481481,0.4666666666666667,0.5988032095743234,0.6066666666666667,0.18867924528301888,0.4536082474226804,0.28,0.56,0.10714285714285714,0.3404255319148936,0.26492900213966153,0.28,0.5132826747720365
0.6133333333333334,0.6499555555555555,0.6103896103896104,0.6266666666666667,0.6132645803698435,0.6133333333333333,0.46153846153846156,0.5315315315315315,0.5882352941176471,0.6379310344827587,0.36363636363636365,0.41509433962264153,0.06999306999306998,0.049695740365111596,0.10115371635138948
