acc,auc,precision,recall,maf1,mif1,yp1.a1,yp1.a0,yp1.y1a1,yp1.y1a0,yp1.y0a1,yp1.y0a0,parity,equality,eq_odds
0.6733333333333333,0.7253333333333333,0.6756756756756757,0.6666666666666666,0.6733188141695186,0.6733333333333333,0.3404255319148936,0.5631067961165048,0.5714285714285714,0.7037037037037037,0.15384615384615385,0.40816326530612246,0.22268126420161122,0.13227513227513232,0.3865922437351009
0.5133333333333334,0.5047111111111111,0.5714285714285714,0.10666666666666667,0.41690185845891686,0.5133333333333333,0.10869565217391304,0.08653846153846154,0.08333333333333333,0.11764705882352941,0.13636363636363635,0.05660377358490566,0.022157190635451504,0.03431372549019608,0.11407358826892677
0.5466666666666667,0.5854222222222222,0.5368421052631579,0.68,0.5384615384615385,0.5466666666666666,0.574468085106383,0.6601941747572816,0.5652173913043478,0.7307692307692307,0.5833333333333334,0.5882352941176471,0.08572608965089856,0.16555183946488294,0.17045380024919665
0.5533333333333333,0.5960888888888889,0.5625,0.48,0.550918271593905,0.5533333333333333,0.39622641509433965,0.44329896907216493,0.48,0.48,0.32142857142857145,0.40425531914893614,0.04707255397782528,0.0,0.08282674772036469
0.5066666666666667,0.44053333333333333,0.5111111111111111,0.30666666666666664,0.4861111111111111,0.5066666666666667,0.28205128205128205,0.3063063063063063,0.35294117647058826,0.29310344827586204,0.22727272727272727,0.32075471698113206,0.024255024255024238,0.059837728194726214,0.153319717903131
