acc,auc,precision,recall,maf1,mif1,yp1.a1,yp1.a0,yp1.y1a1,yp1.y1a0,yp1.y0a1,yp1.y0a0,parity,equality,eq_odds
0.6133333333333334,0.6622222222222223,0.6491228070175439,0.49333333333333335,0.6076839826839826,0.6133333333333333,0.19148936170212766,0.46601941747572817,0.3333333333333333,0.5555555555555556,0.07692307692307693,0.3673469387755102,0.2745300557736005,0.22222222222222227,0.5126460840746556
0.5866666666666667,0.5799111111111112,0.5656565656565656,0.7466666666666667,0.5758073344280241,0.5866666666666667,0.3695652173913043,0.7884615384615384,0.5416666666666666,0.8431372549019608,0.18181818181818182,0.7358490566037735,0.4188963210702341,0.30147058823529416,0.8555014630208859
0.62,0.6631111111111111,0.6323529411764706,0.5733333333333334,0.6191706382789186,0.62,0.2127659574468085,0.5631067961165048,0.30434782608695654,0.6923076923076923,0.125,0.43137254901960786,0.35034083866969634,0.38795986622073575,0.6943324152403436
0.5333333333333333,0.6472888888888889,0.5925925925925926,0.21333333333333335,0.4800950683303625,0.5333333333333333,0.03773584905660377,0.25773195876288657,0.0,0.32,0.07142857142857142,0.19148936170212766,0.2199961097062828,0.32,0.44006079027355627
0.5866666666666667,0.6346666666666667,0.5942028985507246,0.5466666666666666,0.5860042735042734,0.5866666666666667,0.3076923076923077,0.5135135135135135,0.35294117647058826,0.603448275862069,0.2727272727272727,0.41509433962264153,0.20582120582120578,0.2505070993914807,0.3928741662868495
