acc,auc,precision,recall,maf1,mif1,yp1.a1,yp1.a0,yp1.y1a1,yp1.y1a0,yp1.y0a1,yp1.y0a0,parity,equality,eq_odds
0.6666666666666667,0.773511111111111,0.8571428571428571,0.4,0.6411483253588517,0.6666666666666666,0.0,0.33980582524271846,0.0,0.5555555555555556,0.0,0.10204081632653061,0.33980582524271846,0.5555555555555556,0.6575963718820862
0.5733333333333334,0.6401777777777777,0.5504587155963303,0.8,0.5502248875562219,0.5733333333333334,0.34782608695652173,0.8942307692307693,0.5416666666666666,0.9215686274509803,0.13636363636363635,0.8679245283018868,0.5464046822742475,0.3799019607843137,1.111462852722564
0.6533333333333333,0.720888888888889,0.7169811320754716,0.5066666666666667,0.6457122093023255,0.6533333333333333,0.02127659574468085,0.5048543689320388,0.043478260869565216,0.7115384615384616,0.0,0.29411764705882354,0.483577773187358,0.6680602006688964,0.9621778477277199
0.6466666666666667,0.7210666666666667,0.75,0.44,0.6309020845907424,0.6466666666666666,0.018867924528301886,0.44329896907216493,0.04,0.64,0.0,0.23404255319148937,0.42443104454386305,0.6,0.8340425531914893
0.62,0.7603555555555556,0.5849056603773585,0.8266666666666667,0.6030456381447606,0.62,0.23076923076923078,0.8738738738738738,0.47058823529411764,0.9310344827586207,0.045454545454545456,0.8113207547169812,0.643104643104643,0.460446247464503,1.2263124567269388
