acc,auc,precision,recall,maf1,mif1,yp1.a1,yp1.a0,yp1.y1a1,yp1.y1a0,yp1.y0a1,yp1.y0a0,parity,equality,eq_odds
0.6466666666666667,0.6798222222222221,0.7391304347826086,0.4533333333333333,0.6329470427997599,0.6466666666666666,0.2127659574468085,0.34951456310679613,0.38095238095238093,0.48148148148148145,0.07692307692307693,0.20408163265306123,0.13674860565998762,0.10052910052910052,0.22768765625908483
0.6000000000000001,0.6090666666666665,0.5757575757575758,0.76,0.5894909688013137,0.6,0.5217391304347826,0.7211538461538461,0.7083333333333334,0.7843137254901961,0.3181818181818182,0.660377358490566,0.19941471571906355,0.0759803921568627,0.4181759324656105
0.6333333333333334,0.6936888888888889,0.6428571428571429,0.6,0.6329254727474972,0.6333333333333333,0.23404255319148937,0.5728155339805825,0.34782608695652173,0.7115384615384616,0.125,0.43137254901960786,0.3387729807890931,0.36371237458193983,0.6700849236015477
0.5733333333333334,0.6424888888888889,0.5846153846153846,0.5066666666666667,0.5714285714285714,0.5733333333333334,0.24528301886792453,0.5360824742268041,0.28,0.62,0.21428571428571427,0.44680851063829785,0.2907994553588796,0.33999999999999997,0.5725227963525835
0.6000000000000001,0.6702222222222223,0.6119402985074627,0.5466666666666666,0.5988589766446781,0.6,0.4358974358974359,0.45045045045045046,0.5882352941176471,0.5344827586206896,0.3181818181818182,0.3584905660377358,0.014553014553014554,0.053752535496957465,0.09406128335287511
