acc,auc,precision,recall,maf1,mif1,yp1.a1,yp1.a0,yp1.y1a1,yp1.y1a0,yp1.y0a1,yp1.y0a0,parity,equality,eq_odds
0.64,0.7535999999999999,0.8387096774193549,0.3466666666666667,0.6061077611359658,0.64,0.0,0.30097087378640774,0.0,0.48148148148148145,0.0,0.10204081632653061,0.30097087378640774,0.48148148148148145,0.5835222978080121
0.56,0.6174222222222223,0.5517241379310345,0.64,0.5571658615136876,0.56,0.13043478260869565,0.7788461538461539,0.20833333333333334,0.8431372549019608,0.045454545454545456,0.7169811320754716,0.6484113712374582,0.6348039215686274,1.3063305081895535
0.66,0.6986666666666667,0.7222222222222222,0.52,0.6532027743778049,0.66,0.02127659574468085,0.5145631067961165,0.043478260869565216,0.7307692307692307,0.0,0.29411764705882354,0.49328651105143567,0.6872909698996655,0.981408616958489
0.64,0.7351111111111112,0.8181818181818182,0.36,0.609375,0.64,0.018867924528301886,0.32989690721649484,0.04,0.52,0.0,0.1276595744680851,0.31102898268819296,0.48000000000000004,0.6076595744680852
0.6666666666666667,0.719111111111111,0.7551020408163265,0.49333333333333335,0.656341642228739,0.6666666666666666,0.02564102564102564,0.43243243243243246,0.058823529411764705,0.6206896551724138,0.0,0.22641509433962265,0.4067914067914068,0.5618661257606491,0.7882812201002718
