acc,auc,precision,recall,maf1,mif1,yp1.a1,yp1.a0,yp1.y1a1,yp1.y1a0,yp1.y0a1,yp1.y0a0,parity,equality,eq_odds
0.5933333333333334,0.6683555555555556,0.8888888888888888,0.21333333333333335,0.524700015583606,0.5933333333333334,0.1276595744680851,0.11650485436893204,0.19047619047619047,0.2222222222222222,0.07692307692307693,0.0,0.011154720099153054,0.031746031746031744,0.10866910866910867
0.5,0.5091555555555556,0.5,0.5466666666666666,0.4989087345775244,0.5,0.6086956521739131,0.5192307692307693,0.625,0.5098039215686274,0.5909090909090909,0.5283018867924528,0.08946488294314381,0.11519607843137258,0.1778032825480107
0.6000000000000001,0.6526222222222222,0.5949367088607594,0.6266666666666667,0.5997153531400108,0.6,0.3617021276595745,0.6019417475728155,0.43478260869565216,0.7115384615384616,0.2916666666666667,0.49019607843137253,0.240239619913241,0.2767558528428094,0.47528526460751525
0.5466666666666667,0.5784888888888889,0.5421686746987951,0.6,0.5453735068639687,0.5466666666666666,0.5094339622641509,0.5773195876288659,0.6,0.6,0.42857142857142855,0.5531914893617021,0.06788562536471499,0.0,0.1246200607902736
0.5133333333333334,0.46702222222222217,0.5227272727272727,0.30666666666666664,0.49161985236083383,0.5133333333333333,0.2564102564102564,0.3063063063063063,0.29411764705882354,0.3103448275862069,0.22727272727272727,0.3018867924528302,0.0498960498960499,0.016227180527383367,0.09084124570748628
