acc,auc,precision,recall,maf1,mif1,yp1.a1,yp1.a0,yp1.y1a1,yp1.y1a0,yp1.y0a1,yp1.y0a0,parity,equality,eq_odds
0.6533333333333333,0.6983111111111112,0.6619718309859155,0.6266666666666667,0.6530866393880093,0.6533333333333333,0.6170212765957447,0.4077669902912621,0.7142857142857143,0.5925925925925926,0.5384615384615384,0.20408163265306123,0.20925428630448256,0.12169312169312174,0.45607302750159895
0.64,0.6915555555555555,0.64,0.64,0.64,0.64,0.7608695652173914,0.38461538461538464,0.8333333333333334,0.5490196078431373,0.6818181818181818,0.22641509433962265,0.3762541806020067,0.28431372549019607,0.7397168129687552
0.6866666666666668,0.730488888888889,0.6666666666666666,0.7466666666666667,0.6855345911949686,0.6866666666666666,0.8085106382978723,0.44660194174757284,0.8695652173913043,0.6923076923076923,0.75,0.19607843137254902,0.36190869655029945,0.17725752508361203,0.731179093711063
0.6333333333333334,0.6853333333333333,0.6063829787234043,0.76,0.6273544423867383,0.6333333333333333,0.8679245283018868,0.4948453608247423,0.88,0.7,0.8571428571428571,0.2765957446808511,0.37307916747714454,0.18000000000000005,0.7605471124620061
0.6533333333333333,0.7143111111111111,0.6575342465753424,0.64,0.653271692745377,0.6533333333333333,0.7692307692307693,0.38738738738738737,0.8823529411764706,0.5689655172413793,0.6818181818181818,0.18867924528301888,0.3818433818433819,0.3133874239350912,0.8065263604702542
