acc,auc,precision,recall,maf1,mif1,yp1.a1,yp1.a0,yp1.y1a1,yp1.y1a0,yp1.y0a1,yp1.y0a0,parity,equality,eq_odds
0.5533333333333333,0.6138666666666666,0.75,0.16,0.4715810505284189,0.5533333333333333,0.0851063829787234,0.11650485436893204,0.09523809523809523,0.18518518518518517,0.07692307692307693,0.04081632653061224,0.03139847139020864,0.08994708994708994,0.12605384033955463
0.56,0.5861333333333333,0.5957446808510638,0.37333333333333335,0.5441149382943452,0.56,0.08695652173913043,0.41346153846153844,0.125,0.49019607843137253,0.045454545454545456,0.33962264150943394,0.326505016722408,0.36519607843137253,0.6593641744862611
0.6000000000000001,0.5902222222222222,0.5742574257425742,0.7733333333333333,0.5876099706744868,0.6,0.40425531914893614,0.7961165048543689,0.5652173913043478,0.8653846153846154,0.25,0.7254901960784313,0.39186118570543277,0.30016722408026764,0.775657420158699
0.6133333333333334,0.6698666666666667,0.673469387755102,0.44,0.6013563049853372,0.6133333333333333,0.22641509433962265,0.38144329896907214,0.28,0.52,0.17857142857142858,0.23404255319148937,0.1550282046294495,0.24,0.29547112462006075
0.54,0.6167111111111112,0.5357142857142857,0.6,0.5383380168606985,0.54,0.20512820512820512,0.6846846846846847,0.23529411764705882,0.7068965517241379,0.18181818181818182,0.660377358490566,0.47955647955647956,0.4716024340770791,0.9501616107494633
