acc,auc,precision,recall,maf1,mif1,yp1.a1,yp1.a0,yp1.y1a1,yp1.y1a0,yp1.y0a1,yp1.y0a0,parity,equality,eq_odds
0.56,0.6332444444444445,0.8,0.16,0.4761904761904763,0.56,0.02127659574468085,0.13592233009708737,0.047619047619047616,0.2037037037037037,0.0,0.061224489795918366,0.11464573435240652,0.15608465608465608,0.21730914588057443
0.56,0.5432888888888888,0.5428571428571428,0.76,0.5416666666666666,0.56,0.5434782608695652,0.7692307692307693,0.7083333333333334,0.7843137254901961,0.36363636363636365,0.7547169811320755,0.22575250836120409,0.0759803921568627,0.4670610096525746
0.62,0.6583111111111112,0.6451612903225806,0.5333333333333333,0.6171241771528369,0.62,0.1276595744680851,0.5436893203883495,0.17391304347826086,0.6923076923076923,0.08333333333333333,0.39215686274509803,0.4160297459202644,0.5183946488294314,0.8272181782411961
0.5933333333333334,0.5925333333333334,0.6521739130434783,0.4,0.5775428228450066,0.5933333333333334,0.16981132075471697,0.38144329896907214,0.24,0.48,0.10714285714285714,0.2765957446808511,0.21163197821435517,0.24,0.4094528875379939
0.56,0.6058666666666667,0.5714285714285714,0.48,0.5571658615136876,0.56,0.23076923076923078,0.4864864864864865,0.23529411764705882,0.5517241379310345,0.22727272727272727,0.41509433962264153,0.25571725571725573,0.31643002028397565,0.50425163263389
