acc,auc,precision,recall,maf1,mif1,yp1.a1,yp1.a0,yp1.y1a1,yp1.y1a0,yp1.y0a1,yp1.y0a0,parity,equality,eq_odds
0.5066666666666667,0.5690666666666666,0.5035460992907801,0.9466666666666667,0.3882275132275132,0.5066666666666667,0.9787234042553191,0.9223300970873787,1.0,0.9259259259259259,0.9615384615384616,0.9183673469387755,0.05639330716794044,0.07407407407407407,0.1172451886737601
0.56,0.5537777777777777,0.5542168674698795,0.6133333333333333,0.558744874309146,0.56,0.43478260869565216,0.6057692307692307,0.625,0.6078431372549019,0.22727272727272727,0.6037735849056604,0.17098662207357856,0.01715686274509809,0.39365772037803115
0.5,0.4073777777777777,0.5,1.0,0.3333333333333333,0.5,1.0,1.0,1.0,1.0,1.0,1.0,0.0,0.0,0.0
0.52,0.5447111111111111,0.5137614678899083,0.7466666666666667,0.4940029985007497,0.52,0.6415094339622641,0.7731958762886598,0.72,0.76,0.5714285714285714,0.7872340425531915,0.1316864423263957,0.040000000000000036,0.25580547112462015
0.5533333333333333,0.596,0.7857142857142857,0.14666666666666667,0.4648277331061292,0.5533333333333333,0.07692307692307693,0.0990990990990991,0.11764705882352941,0.15517241379310345,0.045454545454545456,0.03773584905660377,0.022176022176022173,0.03752535496957404,0.04524405136751573
