acc,auc,precision,recall,maf1,mif1,yp1.a1,yp1.a0,yp1.y1a1,yp1.y1a0,yp1.y0a1,yp1.y0a0,parity,equality,eq_odds
0.6133333333333334,0.68,0.6075949367088608,0.64,0.6130581747020103,0.6133333333333333,0.2765957446808511,0.6407766990291263,0.5714285714285714,0.6666666666666666,0.038461538461538464,0.6122448979591837,0.3641809543482752,0.09523809523809523,0.6690214547357405
0.6066666666666667,0.6371555555555556,0.6333333333333333,0.5066666666666667,0.6026936026936027,0.6066666666666667,0.2608695652173913,0.46153846153846156,0.4583333333333333,0.5294117647058824,0.045454545454545456,0.39622641509433965,0.20066889632107027,0.07107843137254904,0.4218503010123432
0.62,0.6919111111111111,0.7045454545454546,0.41333333333333333,0.6030456381447606,0.62,0.10638297872340426,0.3786407766990291,0.17391304347826086,0.5192307692307693,0.041666666666666664,0.23529411764705882,0.2722577979756249,0.3453177257525084,0.5389451767329005
0.6333333333333334,0.6928,0.7,0.4666666666666667,0.6228571428571429,0.6333333333333333,0.1509433962264151,0.4329896907216495,0.24,0.58,0.07142857142857142,0.2765957446808511,0.28204629449523444,0.33999999999999997,0.5451671732522796
0.5800000000000001,0.6679111111111111,0.6071428571428571,0.4533333333333333,0.5731514521884458,0.58,0.38461538461538464,0.36936936936936937,0.4117647058823529,0.46551724137931033,0.36363636363636365,0.2641509433962264,0.015246015246015265,0.05375253549695741,0.15323795573709464
