acc,auc,precision,recall,maf1,mif1,yp1.a1,yp1.a0,yp1.y1a1,yp1.y1a0,yp1.y0a1,yp1.y0a0,parity,equality,eq_odds
0.6866666666666668,0.7461333333333333,0.7,0.6533333333333333,0.6863181312569522,0.6866666666666666,0.1702127659574468,0.6019417475728155,0.38095238095238093,0.7592592592592593,0.0,0.42857142857142855,0.43172898161536866,0.37830687830687837,0.806878306878307
0.6866666666666668,0.7415111111111111,0.6555555555555556,0.7866666666666666,0.6835016835016836,0.6866666666666666,0.391304347826087,0.6923076923076923,0.6666666666666666,0.8431372549019608,0.09090909090909091,0.5471698113207547,0.3010033444816053,0.17647058823529416,0.6327313086469579
0.6933333333333334,0.7665777777777777,0.6666666666666666,0.7733333333333333,0.691358024691358,0.6933333333333334,0.3404255319148936,0.6893203883495146,0.6521739130434783,0.8269230769230769,0.041666666666666664,0.5490196078431373,0.348894856434621,0.1747491638795986,0.6821021050560693
0.7266666666666667,0.8106666666666666,0.75,0.68,0.7260701082357133,0.7266666666666666,0.32075471698113206,0.5257731958762887,0.6,0.72,0.07142857142857142,0.3191489361702128,0.20501847889515662,0.12,0.3677203647416414
0.7133333333333334,0.8053333333333333,0.7580645161290323,0.6266666666666667,0.7111638529398594,0.7133333333333335,0.2564102564102564,0.46846846846846846,0.4117647058823529,0.6896551724137931,0.13636363636363635,0.22641509433962265,0.21205821205821207,0.27789046653144023,0.3679419245074265
