acc,auc,precision,recall,maf1,mif1,yp1.a1,yp1.a0,yp1.y1a1,yp1.y1a0,yp1.y0a1,yp1.y0a0,parity,equality,eq_odds
0.6266666666666667,0.6778666666666666,0.8518518518518519,0.30666666666666664,0.5840760546642899,0.6266666666666667,0.14893617021276595,0.1941747572815534,0.23809523809523808,0.3333333333333333,0.07692307692307693,0.04081632653061224,0.045238587068787445,0.09523809523809523,0.13134484563055993
0.5666666666666667,0.6071111111111112,0.6041666666666666,0.38666666666666666,0.5521565385145377,0.5666666666666667,0.30434782608695654,0.3269230769230769,0.3333333333333333,0.4117647058823529,0.2727272727272727,0.24528301886792453,0.022575250836120386,0.0784313725490196,0.10587562640836778
0.5933333333333334,0.6255999999999999,0.5714285714285714,0.7466666666666667,0.5835419416503573,0.5933333333333334,0.6382978723404256,0.6601941747572816,0.6521739130434783,0.7884615384615384,0.625,0.5294117647058824,0.02189630241685603,0.13628762541806017,0.2318758607121778
0.5266666666666667,0.5633777777777778,0.5357142857142857,0.4,0.5189484619901531,0.5266666666666666,0.3584905660377358,0.38144329896907214,0.36,0.42,0.35714285714285715,0.3404255319148936,0.022952732931336317,0.06,0.07671732522796354
0.52,0.5441777777777778,0.6,0.12,0.42857142857142855,0.52,0.07692307692307693,0.10810810810810811,0.058823529411764705,0.13793103448275862,0.09090909090909091,0.07547169811320754,0.031185031185031187,0.07910750507099391,0.09454489786687728
