acc,auc,precision,recall,maf1,mif1,yp1.a1,yp1.a0,yp1.y1a1,yp1.y1a0,yp1.y0a1,yp1.y0a0,parity,equality,eq_odds
0.6266666666666667,0.7084444444444444,0.6338028169014085,0.6,0.6264009962640099,0.6266666666666667,0.14893617021276595,0.6213592233009708,0.3333333333333333,0.7037037037037037,0.0,0.5306122448979592,0.47242305308820487,0.3703703703703704,0.9009826152683296
0.6266666666666667,0.6986666666666667,0.6461538461538462,0.56,0.6250000000000001,0.6266666666666667,0.1956521739130435,0.5384615384615384,0.3333333333333333,0.6666666666666666,0.045454545454545456,0.41509433962264153,0.342809364548495,0.3333333333333333,0.7029731275014294
0.64,0.7143111111111112,0.6842105263157895,0.52,0.6347402597402597,0.64,0.10638297872340426,0.5048543689320388,0.17391304347826086,0.6730769230769231,0.041666666666666664,0.3333333333333333,0.3984713902086346,0.49916387959866226,0.7908305462653289
0.6866666666666668,0.7336888888888888,0.7592592592592593,0.5466666666666666,0.6804025567795458,0.6866666666666666,0.20754716981132076,0.44329896907216493,0.4,0.62,0.03571428571428571,0.2553191489361702,0.23575179926084416,0.21999999999999997,0.43960486322188447
0.6266666666666667,0.7093333333333334,0.6666666666666666,0.5066666666666667,0.6212121212121213,0.6266666666666667,0.3076923076923077,0.40540540540540543,0.47058823529411764,0.5172413793103449,0.18181818181818182,0.2830188679245283,0.09771309771309772,0.04665314401622722,0.1478538301225737
