acc,auc,precision,recall,maf1,mif1,yp1.a1,yp1.a0,yp1.y1a1,yp1.y1a0,yp1.y0a1,yp1.y0a0,parity,equality,eq_odds
0.64,0.68,0.723404255319149,0.4533333333333333,0.627003131331737,0.64,0.2127659574468085,0.3592233009708738,0.38095238095238093,0.48148148148148145,0.07692307692307693,0.22448979591836735,0.14645734352406528,0.10052910052910052,0.24809581952439094
0.5933333333333334,0.6144,0.5875,0.6266666666666667,0.5928809788654059,0.5933333333333334,0.32608695652173914,0.625,0.4583333333333333,0.7058823529411765,0.18181818181818182,0.5471698113207547,0.29891304347826086,0.2475490196078432,0.6129006491104161
0.6333333333333334,0.6942222222222222,0.6428571428571429,0.6,0.6329254727474972,0.6333333333333333,0.23404255319148937,0.5728155339805825,0.34782608695652173,0.7115384615384616,0.125,0.43137254901960786,0.3387729807890931,0.36371237458193983,0.6700849236015477
0.5866666666666667,0.6437333333333333,0.6031746031746031,0.5066666666666667,0.5840042941492217,0.5866666666666667,0.22641509433962265,0.5257731958762887,0.28,0.62,0.17857142857142858,0.425531914893617,0.29935810153666603,0.33999999999999997,0.5869604863221884
0.6133333333333334,0.6673777777777778,0.6231884057971014,0.5733333333333334,0.6127136752136753,0.6133333333333333,0.4358974358974359,0.46846846846846846,0.5882352941176471,0.5689655172413793,0.3181818181818182,0.3584905660377358,0.032571032571032554,0.01926977687626774,0.05957852473218539
