acc,auc,precision,recall,maf1,mif1,yp1.a1,yp1.a0,yp1.y1a1,yp1.y1a0,yp1.y0a1,yp1.y0a0,parity,equality,eq_odds
0.5666666666666667,0.5603555555555556,0.5555555555555556,0.6666666666666666,0.5622895622895623,0.5666666666666667,0.46808510638297873,0.6601941747572816,0.6190476190476191,0.6851851851851852,0.34615384615384615,0.6326530612244898,0.19210906837430286,0.06613756613756616,0.35263678120820985
0.5,0.49324444444444443,0.5,0.13333333333333333,0.42233632862644416,0.5,0.10869565217391304,0.14423076923076922,0.125,0.13725490196078433,0.09090909090909091,0.1509433962264151,0.03553511705685618,0.012254901960784326,0.0722892072781085
0.5,0.5018666666666667,0.5,1.0,0.3333333333333333,0.5,1.0,1.0,1.0,1.0,1.0,1.0,0.0,0.0,0.0
0.4733333333333334,0.5678222222222222,0.4838709677419355,0.8,0.41041842877755114,0.47333333333333333,0.8490566037735849,0.8144329896907216,0.84,0.78,0.8571428571428571,0.851063829787234,0.0346236140828633,0.05999999999999994,0.06607902735562299
0.5733333333333334,0.6224000000000001,0.5679012345679012,0.6133333333333333,0.5726495726495726,0.5733333333333334,0.48717948717948717,0.5585585585585585,0.47058823529411764,0.6551724137931034,0.5,0.4528301886792453,0.07137907137907135,0.18458417849898578,0.2317539898197405
