acc,auc,precision,recall,maf1,mif1,yp1.a1,yp1.a0,yp1.y1a1,yp1.y1a0,yp1.y0a1,yp1.y0a0,parity,equality,eq_odds
0.7781333333333333,0.6782092632478236,0.7785494857753439,0.9989717223650385,0.4417185477739511,0.7781333333333333,0.9803625377643505,1.0,0.9876543209876543,1.0,0.9602272727272727,1.0,0.01963746223564955,0.012345679012345734,0.05211840628507303
0.7744000000000001,0.6745138766597759,0.7820899616017554,0.9822597313124354,0.4906150335760559,0.7744000000000001,0.7798561151079136,0.9919177075679647,0.8512720156555773,0.9949008498583569,0.5815217391304348,0.9814569536423841,0.21206159246005107,0.1436288342027796,0.5435640487147289
0.7889333333333334,0.6770067230768383,0.7906851527796473,0.9952558454761098,0.466391040241509,0.7889333333333334,0.9209431345353676,0.9979347986428677,0.9558011049723757,0.9992535920880762,0.8146067415730337,0.9929577464788732,0.07699166410750014,0.04345248711570049,0.22180349202154004
0.7846666666666667,0.6856383709349739,0.7864821284600914,0.995577479163123,0.4584403914895847,0.7846666666666666,0.9145161290322581,0.9992732558139535,0.9472527472527472,0.9996312684365781,0.8242424242424242,0.9979395604395604,0.08475712678169545,0.052378521183830906,0.22607565738096713
0.7825333333333334,0.690444599473087,0.7847025495750708,0.9940191387559809,0.46849360899682924,0.7825333333333334,0.8819241982507289,0.9991194599354271,0.9308943089430894,0.9998134328358209,0.7577319587628866,0.9965612104539202,0.11719526168469818,0.06891912389273147,0.3077483755837651
