acc,auc,precision,recall,maf1,mif1,yp1.a1,yp1.a0,yp1.y1a1,yp1.y1a0,yp1.y0a1,yp1.y0a0,parity,equality,eq_odds
0.8012,0.80914806837686,0.8047993264103284,0.9828620394173093,0.5768608878659973,0.8012,0.8957703927492447,0.9553963147119041,0.977366255144033,0.983361375958123,0.6704545454545454,0.854936198791135,0.05962592196265937,0.005995120814090038,0.19047677415067965
0.8010666666666667,0.7968696938923663,0.8054375531011045,0.9796761970375474,0.5921205416114322,0.8010666666666667,0.8575539568345324,0.9501836884643644,0.9667318982387475,0.9809254013220019,0.5543478260869565,0.8423841059602649,0.09262973162983201,0.0141935030832544,0.3022297829565628
0.81,0.797599263141957,0.8181947405828003,0.9752626228397153,0.5995545885498803,0.81,0.8515950069348127,0.9471898510104735,0.9742173112338858,0.9753685389065124,0.47752808988764045,0.8408450704225352,0.09559484407566077,0.0011512276726266535,0.3644682082075214
0.8072,0.797233358856621,0.8118756155902631,0.9814594318761695,0.5853375669558433,0.8072,0.8564516129032258,0.9558139534883721,0.978021978021978,0.9817477876106194,0.5212121212121212,0.8592032967032966,0.09936234058514626,0.0037258095886414377,0.34171698507981685
0.8045333333333333,0.8082847785837055,0.8100961538461539,0.9789815447710185,0.5902009614232069,0.8045333333333333,0.8629737609329446,0.9509832697387731,0.9695121951219512,0.9798507462686568,0.5927835051546392,0.844566712517194,0.08800950880582847,0.010338551146705566,0.26212175850926034
