acc,auc,precision,recall,maf1,mif1,yp1.a1,yp1.a0,yp1.y1a1,yp1.y1a0,yp1.y0a1,yp1.y0a0,parity,equality,eq_odds
0.8204,0.8120386195964602,0.8289357959542656,0.9691516709511568,0.6593363538337482,0.8204,0.9003021148036254,0.9105001462415911,0.9691358024691358,0.9691531127313516,0.7102272727272727,0.699798522498321,0.010198031437965716,1.7310262215852745e-05,0.010446060491167586
0.8229333333333334,0.8199886145545807,0.83023598820059,0.9695142955563211,0.6721808308464936,0.8229333333333333,0.8676258992805755,0.9077149155033064,0.9569471624266145,0.9707271010387157,0.6195652173913043,0.6867549668874172,0.04008901622273087,0.01377993861210125,0.08096968810821414
0.8272,0.7998283605099393,0.8418942992874109,0.9608607251779058,0.6743822877900459,0.8272,0.8502080443828016,0.9032305649800856,0.9355432780847146,0.9634260123157306,0.5898876404494382,0.676056338028169,0.05302252059728396,0.02788273423101595,0.11405143180974675
0.8197333333333334,0.805164955745935,0.8344909117777449,0.9605375063786358,0.659373588701469,0.8197333333333333,0.8596774193548387,0.9061046511627907,0.9340659340659341,0.9627581120943953,0.6545454545454545,0.695054945054945,0.04642723180795205,0.028692178028461246,0.06920166853795173
0.8229333333333334,0.8196370608504934,0.8397416641634124,0.9553998632946001,0.6802557953637092,0.8229333333333333,0.8600583090379009,0.8905195186380981,0.9329268292682927,0.9574626865671642,0.6752577319587629,0.6437414030261348,0.03046120960019716,0.024535857298871422,0.056052186231499546
