acc,auc,precision,recall,maf1,mif1,yp1.a1,yp1.a0,yp1.y1a1,yp1.y1a0,yp1.y0a1,yp1.y0a0,parity,equality,eq_odds
0.7792,0.6821345767361191,0.7791583166332665,0.9994858611825193,0.4449806949806949,0.7792,0.9984894259818731,0.9979526177244809,1.0,0.9994391475042064,0.9943181818181818,0.9926124916051041,0.0005368082573922184,0.000560852495793629,0.0022665427088712775
0.7773333333333333,0.6768440903661521,0.7795350094620168,0.993282810885291,0.47183953839998544,0.7773333333333333,0.9697841726618706,0.9880969875091844,0.9921722113502935,0.9933899905571294,0.907608695652174,0.9695364238410596,0.01831281484731384,0.0012177792068358562,0.06314550739572156
0.7893333333333333,0.6757894589517819,0.7900671140939597,0.997289054557777,0.4614639019935198,0.7893333333333333,0.9944521497919556,0.9932143383979938,1.0,0.9970143683523045,0.9775280898876404,0.9788732394366197,0.0012378113939618407,0.002985631647695497,0.004330781196674849
0.7844,0.6807308481688974,0.7852744310575636,0.9977887395815614,0.44973045526745326,0.7844,0.9903225806451613,0.9965116279069768,0.9934065934065934,0.9981563421828908,0.9818181818181818,0.9903846153846154,0.006189047261815461,0.004749748776297413,0.01331618234273102
0.7794666666666668,0.689465243813417,0.784648765934364,0.9887218045112782,0.47129351823327725,0.7794666666666666,0.9752186588921283,0.9840035221602583,0.9796747967479674,0.9895522388059701,0.9639175257731959,0.9635488308115543,0.008784863268129994,0.009877442058002672,0.010246137019644275
