acc,auc,precision,recall,maf1,mif1,yp1.a1,yp1.a0,yp1.y1a1,yp1.y1a0,yp1.y0a1,yp1.y0a0,parity,equality,eq_odds
0.7792,0.6865605965863035,0.7791583166332665,0.9994858611825193,0.4449806949806949,0.7792,0.9969788519637462,0.9980988593155894,0.9979423868312757,0.9996260983361376,0.9943181818181818,0.9926124916051041,0.0011200073518431441,0.0016837115048619067,0.0033894017179395552
0.7750666666666667,0.6789340994395328,0.7749299158990789,0.9998277643816741,0.44126223112414686,0.7750666666666667,0.9971223021582734,0.9989713445995592,0.9980430528375733,1.0,0.9945652173913043,0.9953642384105961,0.0018490424412858086,0.00195694716242667,0.0027559681817184156
0.7874666666666668,0.6771092529674292,0.7898277717976319,0.994578109115554,0.4618366320579529,0.7874666666666666,0.9764216366158114,0.9924767664847323,0.9815837937384899,0.9958947564844187,0.9606741573033708,0.9795774647887324,0.01605512986892088,0.014310962745928801,0.03321427023129042
0.7841333333333333,0.68006331468283,0.7852933297615858,0.997278448715768,0.45021670992564283,0.7841333333333333,0.9887096774193549,0.9960755813953488,0.9912087912087912,0.9977876106194691,0.9818181818181818,0.9896978021978022,0.007365903975993904,0.006578819410677839,0.014458439790298261
0.7797333333333334,0.6887175843127236,0.785558879521349,0.9871838687628162,0.47702903869073393,0.7797333333333334,0.9708454810495627,0.9815086586439683,0.9776422764227642,0.9880597014925373,0.9536082474226805,0.9573590096286108,0.010663177594405604,0.010417425069773056,0.014168187275703348
