acc,auc,precision,recall,maf1,mif1,yp1.a1,yp1.a0,yp1.y1a1,yp1.y1a0,yp1.y0a1,yp1.y0a0,parity,equality,eq_odds
0.7862666666666667,0.704312281433104,0.7944614528249374,0.9784061696658097,0.5334430613679252,0.7862666666666667,0.9229607250755287,0.9615384615384616,0.9567901234567902,0.9803701626472238,0.8295454545454546,0.8938885157824042,0.03857773646293283,0.02358003919043361,0.08792310042738327
0.7825333333333334,0.7060971510561277,0.7890073376713277,0.981570788839132,0.523659491360626,0.7825333333333334,0.9424460431654677,0.9651726671565025,0.9667318982387475,0.9830028328611898,0.875,0.9026490066225166,0.022726623991034867,0.016270934622442335,0.043919941244958904
0.7910666666666667,0.695173863975174,0.8048952032634689,0.9695018637749915,0.5458651821819639,0.7910666666666667,0.8987517337031901,0.9530904263165658,0.9447513812154696,0.972009703302855,0.7584269662921348,0.8816901408450705,0.05433869261337576,0.027258322087385323,0.150521496640321
0.7930666666666667,0.7006631472721685,0.8011972713350968,0.9789079775472019,0.5401782307101213,0.7930666666666666,0.9225806451612903,0.9609011627906977,0.9626373626373627,0.9802728613569321,0.8121212121212121,0.8887362637362637,0.03832051762940736,0.017635498719569487,0.09425055033462104
0.7893333333333333,0.7108276400400826,0.8010146561443067,0.9712918660287081,0.5539964626838438,0.7893333333333333,0.9067055393586005,0.9501027296742002,0.9471544715447154,0.9735074626865672,0.8041237113402062,0.8638239339752407,0.04339719031559963,0.026352991141851745,0.08605321377688624
