acc,auc,precision,recall,maf1,mif1,yp1.a1,yp1.a0,yp1.y1a1,yp1.y1a0,yp1.y0a1,yp1.y0a0,parity,equality,eq_odds
0.7829333333333334,0.6934758408794397,0.7896186148974254,0.9828620394173093,0.509882550036536,0.7829333333333334,0.9501510574018127,0.9701667154138637,0.9732510288065843,0.9837352776219854,0.8863636363636364,0.9214237743451981,0.020015658012050963,0.01048424881540111,0.04554438679696282
0.7826666666666667,0.6907094643370597,0.7872867363786461,0.9855322080606269,0.514505734670176,0.7826666666666666,0.9496402877697842,0.9710506980161646,0.974559686888454,0.9865911237016053,0.8804347826086957,0.9165562913907285,0.021410410246380462,0.01203143681315133,0.04815294559518413
0.7938666666666667,0.6884904949383952,0.8033426183844011,0.9772958319213826,0.5378871923452598,0.7938666666666667,0.9209431345353676,0.9612037173624428,0.9576427255985267,0.9792871804441127,0.8089887640449438,0.8929577464788733,0.04026058282707523,0.02164445484558597,0.10561343727951544
0.7921333333333334,0.6925579906271436,0.8,0.9797584623235244,0.5346224017511969,0.7921333333333334,0.9354838709677419,0.9622093023255814,0.9648351648351648,0.9810103244837758,0.8545454545454545,0.8921703296703297,0.026725431357839557,0.016175159648610937,0.05380003477348616
0.7904,0.6994256382350403,0.7985491071428571,0.9781271360218728,0.542661639435833,0.7904,0.9314868804664723,0.9581743469327855,0.967479674796748,0.9791044776119403,0.8402061855670103,0.8810178817056397,0.026687466466313148,0.011624802815192292,0.05243649895382163
