acc,auc,precision,recall,maf1,mif1,yp1.a1,yp1.a0,yp1.y1a1,yp1.y1a0,yp1.y0a1,yp1.y0a0,parity,equality,eq_odds
0.7857333333333334,0.7043404844433122,0.7913450937155457,0.9840616966580977,0.5177209587287185,0.7857333333333333,0.945619335347432,0.9695817490494296,0.977366255144033,0.9846700317816415,0.8579545454545454,0.9153794492948287,0.023962413701997587,0.007303776637608506,0.06472868047789182
0.7829333333333334,0.7047960807551199,0.7869505494505494,0.9867378573889081,0.5125087616668511,0.7829333333333334,0.9482014388489208,0.9729610580455548,0.9765166340508806,0.987724268177526,0.8695652173913043,0.9211920529801324,0.024759619196633942,0.011207634126645383,0.06283446971547346
0.7916000000000001,0.6974662605620631,0.8038941028155204,0.9723822433073535,0.5411455894843603,0.7916,0.9153952843273232,0.9557456852043075,0.9539594843462247,0.9742489270386266,0.797752808988764,0.8859154929577465,0.04035040087698427,0.02028944269240196,0.10845212666138448
0.7914666666666667,0.7038384828149085,0.7995279744550882,0.9795883653682599,0.532506836240612,0.7914666666666667,0.9306451612903226,0.9630813953488372,0.9626373626373627,0.9810103244837758,0.8424242424242424,0.8962912087912088,0.03243623405851459,0.018372961846413127,0.07223992821337955
0.7909333333333334,0.7080106315822655,0.8,0.9760765550239234,0.549216925401841,0.7909333333333334,0.9183673469387755,0.9553859700616378,0.9552845528455285,0.9779850746268657,0.8247422680412371,0.8720770288858322,0.037018623122862304,0.02270052178133719,0.07003528262593228
