acc,auc,precision,recall,maf1,mif1,yp1.a1,yp1.a0,yp1.y1a1,yp1.y1a0,yp1.y0a1,yp1.y0a0,parity,equality,eq_odds
0.7816000000000001,0.6904812781933604,0.7820943675225165,0.9970865467009425,0.46379290507881743,0.7816,0.9788519637462235,0.9931266452179,0.9917695473251029,0.9975696391848944,0.9431818181818182,0.977165883143049,0.014274681471676431,0.0058000918597914675,0.03978415682102221
0.7838666666666667,0.6826604485609277,0.7963461266109616,0.9684808818463658,0.5570281568315987,0.7838666666666667,0.8892086330935252,0.9468038207200588,0.9452054794520548,0.9707271010387157,0.7336956521739131,0.8629139072847682,0.057595187626533595,0.025521621586660936,0.1547398766975161
0.7905333333333334,0.6826630437318081,0.7958737532449788,0.9869535750593019,0.4990467538931178,0.7905333333333333,0.9375866851595007,0.9799380439592861,0.9705340699815838,0.988617279343161,0.8370786516853933,0.9471830985915493,0.042351358799785355,0.018083209361577257,0.1281876562677332
0.7873333333333333,0.6857295580133977,0.794392523364486,0.9831604014288144,0.5071273403726055,0.7873333333333333,0.9354838709677419,0.9732558139534884,0.9560439560439561,0.9854351032448377,0.8787878787878788,0.9278846153846154,0.03777194298574649,0.02939114720088165,0.07848788379761829
0.7826666666666667,0.6960408212444174,0.7850391574399136,0.9935064935064936,0.47067463892000133,0.7826666666666666,0.967930029154519,0.9894335192251248,0.9817073170731707,0.994589552238806,0.9329896907216495,0.9704264099037139,0.021503490070605813,0.012882235165635247,0.05031895434769962
