acc,auc,precision,recall,maf1,mif1,yp1.a1,yp1.a0,yp1.y1a1,yp1.y1a0,yp1.y0a1,yp1.y0a0,parity,equality,eq_odds
0.7861333333333334,0.7657786321025396,0.7908703423621615,0.9857754927163668,0.5149259268100239,0.7861333333333335,0.9652567975830816,0.9701667154138637,0.9753086419753086,0.9867264909328847,0.9375,0.9106783075889859,0.004909917830782096,0.011417848957576027,0.03823954136859009
0.7785333333333334,0.7512588756247355,0.7828579227514672,0.9879435067171891,0.49193107424592797,0.7785333333333334,0.9697841726618706,0.9776634827332843,0.9765166340508806,0.9890462700661001,0.9510869565217391,0.937748344370861,0.007879310071413737,0.012529636015219503,0.025868248166097674
0.7997333333333334,0.7857426408561362,0.8142857142857143,0.9657743137919349,0.5838320083687263,0.7997333333333334,0.8779472954230236,0.9392240743472489,0.9410681399631676,0.9682776637432357,0.6853932584269663,0.8295774647887324,0.06127677892422523,0.027209523780068023,0.17139373014183412
0.7954666666666667,0.7857975653154994,0.802787456445993,0.9797584623235244,0.5471022337287865,0.7954666666666667,0.9387096774193548,0.9582848837209302,0.9692307692307692,0.980641592920354,0.8545454545454545,0.875,0.019575206301575387,0.011410823689584793,0.031865369144130296
0.7934666666666667,0.7906408749975115,0.8009511819834942,0.9784688995215312,0.5529839375498841,0.7934666666666668,0.9081632653061225,0.9577340769004989,0.959349593495935,0.9802238805970149,0.7783505154639175,0.874828060522696,0.049570811594376485,0.02087428710107997,0.11735183215985845
