acc,auc,precision,recall,maf1,mif1,yp1.a1,yp1.a0,yp1.y1a1,yp1.y1a0,yp1.y0a1,yp1.y0a0,parity,equality,eq_odds
0.7813333333333333,0.6873758591496381,0.7847929395790902,0.9905741216795202,0.4823232323232324,0.7813333333333333,0.93202416918429,0.986838256800234,0.9609053497942387,0.9932697700504767,0.8522727272727273,0.9637340496977838,0.054814087615943974,0.03236442025623798,0.14382574268129444
0.7768,0.6838653861717777,0.7833241908941305,0.9838098518773682,0.4960340225805659,0.7768,0.8935251798561151,0.9803085966201323,0.9432485322896281,0.987724268177526,0.7554347826086957,0.9543046357615894,0.08678341676401713,0.04447573588789788,0.24334558904079162
0.7893333333333333,0.6838185460561723,0.795137940453428,0.9864452727888852,0.49544031327152926,0.7893333333333333,0.9029126213592233,0.9840684466735506,0.9373848987108656,0.9914163090128756,0.797752808988764,0.956338028169014,0.0811558253143273,0.054031410302009975,0.21261662948226
0.786,0.687419142297908,0.787308416240925,0.9960877700289165,0.46291158540870314,0.786,0.95,0.9954941860465116,0.9714285714285714,0.9981563421828908,0.8909090909090909,0.9855769230769231,0.045494186046511675,0.026727770754319424,0.12139560292215168
0.7832,0.6974427670566532,0.7854633882734396,0.9935064935064936,0.47302428832999655,0.7832,0.9271137026239067,0.9929556794834165,0.9552845528455285,0.9970149253731343,0.8556701030927835,0.9779917469050894,0.06584197685950977,0.04173037252760581,0.16405201633991173
