acc,auc,precision,recall,maf1,mif1,yp1.a1,yp1.a0,yp1.y1a1,yp1.y1a0,yp1.y0a1,yp1.y0a0,parity,equality,eq_odds
0.7865333333333334,0.7078909243433664,0.7932132963988919,0.9814910025706941,0.5271143737342211,0.7865333333333333,0.9441087613293051,0.9644632933606317,0.9732510288065843,0.9822396709665357,0.8636363636363636,0.900604432505037,0.020354532031326644,0.008988642159951432,0.04595671102862475
0.7829333333333334,0.7050182382675414,0.7869505494505494,0.9867378573889081,0.5125087616668511,0.7829333333333334,0.9539568345323741,0.9723732549595885,0.9765166340508806,0.987724268177526,0.8913043478260869,0.9185430463576159,0.018416420427214364,0.011207634126645383,0.03844633265817432
0.7921333333333334,0.6970678041723621,0.8050287961792386,0.971026770586242,0.5462493653603214,0.7921333333333334,0.9098474341192788,0.9533854550818704,0.9521178637200737,0.9729427131927598,0.7808988764044944,0.8795774647887324,0.04353802096259163,0.020824849472686147,0.11950343785692419
0.7929333333333334,0.7064591406861319,0.8012534818941505,0.9785677836366728,0.540487571978938,0.7929333333333334,0.9258064516129032,0.9601744186046511,0.9604395604395605,0.9800884955752213,0.8303030303030303,0.885989010989011,0.034367966991747934,0.019648935135660794,0.07533491582164142
0.7889333333333334,0.7088555008162507,0.7989077160061616,0.9748803827751196,0.5447128769003708,0.7889333333333334,0.9271137026239067,0.9546521866744937,0.9613821138211383,0.9761194029850746,0.8402061855670103,0.875515818431912,0.02753848405058701,0.014737289163936351,0.05004692202883798
