acc,auc,precision,recall,maf1,mif1,yp1.a1,yp1.a0,yp1.y1a1,yp1.y1a0,yp1.y0a1,yp1.y0a0,parity,equality,eq_odds
0.7818666666666667,0.7308553283360482,0.7838312829525483,0.9936589545844045,0.4755104860286594,0.7818666666666667,0.959214501510574,0.9888856390757531,0.977366255144033,0.9951392783697888,0.9090909090909091,0.9664204163868368,0.02967113756517914,0.017773023225755802,0.07510253052168359
0.7784000000000001,0.7243323175431027,0.7822888283378746,0.9889769204271444,0.48856679059228764,0.7784,0.9381294964028777,0.9828067597354886,0.9686888454011742,0.9909348441926346,0.8532608695652174,0.9543046357615894,0.044677263332610906,0.022245998791460386,0.1232897649878324
0.7893333333333333,0.7227245044105878,0.7962709075952839,0.9840731955269401,0.5022176309558296,0.7893333333333333,0.9348127600554785,0.9765452131582829,0.9594843462246777,0.9865646575853704,0.8595505617977528,0.9387323943661972,0.04173245310280438,0.027080311360692666,0.10626214392913702
0.7872,0.7233264416608892,0.7892746183979468,0.993876509610478,0.4754250897386837,0.7872,0.9725806451612903,0.9883720930232558,0.9868131868131869,0.9944690265486725,0.9333333333333333,0.9656593406593407,0.015791447861965513,0.00765583973548567,0.03998184706149299
0.7830666666666667,0.7275632158783986,0.7845884413309983,0.9952153110047847,0.4671251944649145,0.7830666666666667,0.978134110787172,0.990901085999413,0.9898373983739838,0.9957089552238806,0.9484536082474226,0.9731774415405777,0.012766975212240905,0.00587155684989682,0.030595390143051904
