acc,auc,precision,recall,maf1,mif1,yp1.a1,yp1.a0,yp1.y1a1,yp1.y1a0,yp1.y0a1,yp1.y0a0,parity,equality,eq_odds
0.8168000000000001,0.82372006968408,0.8762017203575645,0.8903170522707797,0.7293023613555255,0.8167999999999999,0.7643504531722054,0.7930681485814566,0.8724279835390947,0.8919424191437652,0.4659090909090909,0.43787777031564806,0.028717695409251176,0.019514435604670477,0.0475457561981133
0.8081333333333334,0.8107603338320777,0.8692710975815998,0.8852910781949708,0.7193110779419496,0.8081333333333334,0.758273381294964,0.7914768552534901,0.8512720156555773,0.8885741265344664,0.5,0.4509933774834437,0.033203473958526075,0.03730211087888913,0.08630873339544542
0.8137333333333334,0.8417352531905139,0.8941382327209099,0.8658082006099628,0.7333990563077224,0.8137333333333333,0.6490984743411928,0.7740079657766632,0.8066298342541437,0.871804441127076,0.16853932584269662,0.40492957746478875,0.12490949143547037,0.0651746068729323,0.30156485849502446
0.8260000000000001,0.830056509755286,0.8730831973898858,0.9103589045756081,0.7275112872968144,0.826,0.7758064516129032,0.8210755813953489,0.8901098901098901,0.9120575221238938,0.46060606060606063,0.48214285714285715,0.04526912978244568,0.021947632014003737,0.04348442855080026
0.8177333333333334,0.8159070585776004,0.8652875061084867,0.9077238550922762,0.7158470381533242,0.8177333333333333,0.8177842565597667,0.8186087466979748,0.8780487804878049,0.9104477611940298,0.6649484536082474,0.48005502063273725,0.0008244901382080672,0.032398980706224934,0.21729241368173507
