acc,auc,precision,recall,maf1,mif1,yp1.a1,yp1.a0,yp1.y1a1,yp1.y1a0,yp1.y0a1,yp1.y0a0,parity,equality,eq_odds
0.7816000000000001,0.7397040742542029,0.7851610273134937,0.9902313624678664,0.4844379580570449,0.7816,0.9758308157099698,0.9817198011114361,0.98559670781893,0.9906524584034399,0.9488636363636364,0.9496306245802552,0.005888985401466318,0.005055750584509799,0.005822738801128602
0.7764000000000001,0.7187918515267965,0.7775238607339696,0.9962108163968308,0.4589153139549515,0.7764,0.9870503597122302,0.9923585598824394,0.9882583170254403,0.9969782813975449,0.9836956521739131,0.976158940397351,0.005308200170209165,0.008719964372104538,0.01625667614866666
0.79,0.7514283145358333,0.8018696804799776,0.9737377160284649,0.5319231205569102,0.79,0.9112343966712899,0.960318631066529,0.9484346224677717,0.9763015487964173,0.797752808988764,0.9,0.049084234395239124,0.027866926328645625,0.13011411733988165
0.7905333333333334,0.7249687534726379,0.7929018221376122,0.991835346147304,0.49610205591644185,0.7905333333333333,0.9822580645161291,0.9803779069767442,0.9912087912087912,0.9918879056047197,0.9575757575757575,0.9375,0.0018801575393848635,0.0006791143959284929,0.020754871971686017
0.7876000000000001,0.7614846430396379,0.7950672024386864,0.9805194805194806,0.526573670506132,0.7876,0.9212827988338192,0.9663927208687996,0.9512195121951219,0.9832089552238806,0.845360824742268,0.9044016506189821,0.04510992203498032,0.031989443028758724,0.09103026890547283
