acc,auc,precision,recall,maf1,mif1,yp1.a1,yp1.a0,yp1.y1a1,yp1.y1a0,yp1.y0a1,yp1.y0a0,parity,equality,eq_odds
0.7842666666666667,0.732049890507474,0.7854338703127115,0.9943444730077121,0.48380847341896516,0.7842666666666668,0.9516616314199395,0.9881544311202106,0.9814814814814815,0.9955131800336512,0.8693181818181818,0.9617192746809939,0.036492799700271084,0.01403169855216968,0.10643279141498185
0.7770666666666667,0.7268456459771088,0.7786465354543004,0.9948329314502239,0.4660608884746815,0.7770666666666666,0.9597122302158273,0.9920646583394562,0.9882583170254403,0.9954674220963173,0.8804347826086957,0.9801324503311258,0.03235242812362893,0.00720910507087702,0.10690677279330718
0.7904,0.7205221263108876,0.7954421397379913,0.9876313114198577,0.49652177255082824,0.7904,0.9042995839112344,0.9848060185868122,0.9447513812154696,0.9919761149468185,0.7808988764044944,0.9577464788732394,0.08050643467557772,0.047224733731348834,0.2240723362000938
0.7853333333333333,0.7195728709102621,0.7863947403730042,0.996938254805239,0.457005053023288,0.7853333333333333,0.9564516129032258,0.997093023255814,0.9824175824175824,0.9981563421828908,0.8848484848484849,0.9931318681318682,0.04064141035258817,0.015738759765308474,0.12402214304869175
0.7838666666666667,0.7306529818865345,0.7855311108111755,0.9945317840054683,0.4728084736058847,0.7838666666666667,0.9664723032069971,0.99002054593484,0.9817073170731707,0.9957089552238806,0.9278350515463918,0.969050894085282,0.02354824272784295,0.014001638150709872,0.055217480689600085
