acc,auc,precision,recall,maf1,mif1,yp1.a1,yp1.a0,yp1.y1a1,yp1.y1a0,yp1.y0a1,yp1.y0a0,parity,equality,eq_odds
0.7854666666666668,0.7081267900291036,0.7955244755244755,0.9748071979434447,0.5387883136774537,0.7854666666666666,0.9169184290030211,0.9568587306229892,0.9526748971193416,0.9768180968405309,0.8181818181818182,0.8851578240429818,0.03994030161996809,0.02414319972118928,0.09111920558235287
0.7845333333333334,0.7096309297754511,0.791782729805014,0.9791594901825698,0.5365874883821872,0.7845333333333334,0.9223021582733812,0.9609110947832477,0.9667318982387475,0.9803588290840416,0.7989130434782609,0.8927152317880794,0.03860893650986641,0.013626930845294094,0.10742911915511266
0.7928000000000001,0.7001677694373134,0.8072357263990956,0.9678075228736022,0.5558564528055467,0.7928,0.9042995839112344,0.9476323941584305,0.9502762430939227,0.9695838775891025,0.7640449438202247,0.8647887323943662,0.04333281024719604,0.019307634495179804,0.12005142306932126
0.7942666666666667,0.7023679468919739,0.8027087405752583,0.9778873958156149,0.5470170470725323,0.7942666666666667,0.917741935483871,0.9582848837209302,0.9626373626373627,0.9791666666666666,0.793939393939394,0.8804945054945055,0.040542948237059284,0.01652930402930397,0.1030844155844155
0.788,0.7148841114812626,0.8017558765222317,0.9675324675324676,0.5573267271013747,0.788,0.9329446064139941,0.9424713824479014,0.9695121951219512,0.9673507462686567,0.8402061855670103,0.8507565337001376,0.00952677603390728,0.002161448853294501,0.012711796986421775
