acc,auc,precision,recall,maf1,mif1,yp1.a1,yp1.a0,yp1.y1a1,yp1.y1a0,yp1.y0a1,yp1.y0a0,parity,equality,eq_odds
0.8332,0.8954705862675014,0.8451807228915663,0.9617823479005998,0.7021369471616501,0.8332,0.756797583081571,0.8977771278151506,0.9609053497942387,0.9618620302860348,0.19318181818181818,0.6675621222296844,0.14097954473357965,0.0009566804917960914,0.4753369845396623
0.8369333333333334,0.8978149664821758,0.8478821921967512,0.9619359283499828,0.7160968314549296,0.8369333333333333,0.7453237410071942,0.891844232182219,0.9647749510763209,0.9616619452313503,0.1358695652173913,0.6470198675496689,0.14652049117502475,0.003113005844970651,0.5142633081772483
0.8409333333333334,0.8913242005743371,0.8569046536304381,0.957810911555405,0.7137715839338319,0.8409333333333333,0.7558945908460472,0.8927570438117717,0.9539594843462247,0.9582011569322635,0.15168539325842698,0.645774647887324,0.13686245296572452,0.004241672586038803,0.49833092721493577
0.8384,0.893987256264757,0.8487520549992528,0.9659806089470998,0.7024072600842688,0.8384,0.7596774193548387,0.9040697674418605,0.9648351648351648,0.9660766961651918,0.19393939393939394,0.6730769230769231,0.14439234808702184,0.0012415313300269126,0.4803790604675561
0.8404,0.8962951530138232,0.8483759916180212,0.9685577580314423,0.709643719340568,0.8404,0.7376093294460642,0.9062224831229821,0.9634146341463414,0.9690298507462687,0.16494845360824742,0.6746905089408528,0.16861315367691798,0.005615216599927253,0.5153572719325327
