acc,auc,precision,recall,maf1,mif1,yp1.a1,yp1.a0,yp1.y1a1,yp1.y1a0,yp1.y0a1,yp1.y0a0,parity,equality,eq_odds
0.7826666666666667,0.6932840295308161,0.7899600055164805,0.981662382176521,0.5119098780816753,0.7826666666666666,0.9486404833836858,0.96855805791167,0.9670781893004116,0.9829874742942606,0.8977272727272727,0.9167226326393553,0.01991757452798426,0.015909284993849027,0.03490464490593159
0.7816000000000001,0.6857212402103267,0.785792649478881,0.9869100930072339,0.5068720005895859,0.7816,0.9482014388489208,0.9747244673034533,0.9667318982387475,0.9888574126534466,0.8967391304347826,0.9251655629139073,0.02652302845453247,0.02212551441469912,0.05055194689382381
0.7888000000000001,0.6828737760560579,0.8024656766601289,0.9705184683158251,0.5351821710279203,0.7888,0.9181692094313454,0.9553031420563505,0.9521178637200737,0.9723829072588169,0.8146067415730337,0.8908450704225352,0.037133932625005084,0.020265043538743255,0.0965033723882448
0.7874666666666668,0.6872566005436178,0.7932119885041741,0.9858819527130465,0.5001965768043384,0.7874666666666666,0.9564516129032258,0.9758720930232558,0.967032967032967,0.9874631268436578,0.9272727272727272,0.9326923076923077,0.01942048012003006,0.02043015981069074,0.0258497402302712
0.7821333333333333,0.6940135187372667,0.7957094784071789,0.969753930280246,0.5318184652172637,0.7821333333333333,0.9212827988338192,0.9539184032873496,0.9471544715447154,0.9718283582089552,0.8556701030927835,0.8878954607977991,0.03263560445353031,0.024673886664239753,0.05689924436925542
