acc,auc,precision,recall,maf1,mif1,yp1.a1,yp1.a0,yp1.y1a1,yp1.y1a0,yp1.y0a1,yp1.y0a0,parity,equality,eq_odds
0.7816000000000001,0.6863958045449048,0.783007417397168,0.9950299914310197,0.47018867924528307,0.7816,0.9818731117824774,0.9893243638490786,0.9917695473251029,0.99532622920172,0.9545454545454546,0.9677635997313633,0.007451252066601244,0.0035566818766170627,0.016774827062525755
0.7808,0.6820282401342745,0.7883869179600886,0.9798484326558732,0.5213047717800117,0.7808,0.9294964028776979,0.9654665686994857,0.9628180039138943,0.9814919735599622,0.8369565217391305,0.909271523178808,0.0359701658217878,0.018673969646067934,0.09098897108574544
0.7890666666666667,0.6807787521592774,0.7958904109589041,0.9844120637072179,0.5001515764541018,0.7890666666666667,0.955617198335645,0.9752175837144121,0.9760589318600368,0.9852584437395037,0.8932584269662921,0.9373239436619718,0.019600385378767182,0.009199511879466882,0.05326502857514659
0.7874666666666668,0.6838733920407427,0.7922520802073387,0.9879231161762204,0.49441552235271236,0.7874666666666666,0.9580645161290322,0.9792151162790698,0.9736263736263736,0.989122418879056,0.9151515151515152,0.9423076923076923,0.021150600150037557,0.015496045252682444,0.042652222408859575
0.7826666666666667,0.6920483267690409,0.7841184387617766,0.995557074504443,0.464249935008806,0.7826666666666666,0.978134110787172,0.9919283827414147,0.9857723577235772,0.996455223880597,0.9587628865979382,0.9752407152682255,0.013794271954242654,0.010682866157019855,0.027160694827307208
