acc,auc,precision,recall,maf1,mif1,yp1.a1,yp1.a0,yp1.y1a1,yp1.y1a0,yp1.y0a1,yp1.y0a0,parity,equality,eq_odds
0.7961333333333334,0.7399586218609355,0.8070450656018254,0.9698371893744644,0.5854060170304036,0.7961333333333334,0.8836858006042296,0.9398947060544018,0.948559670781893,0.9717704243783885,0.7045454545454546,0.8253861652115514,0.05620890545017221,0.023210753596495493,0.1440514642625923
0.7837333333333334,0.681075047146196,0.7912026726057907,0.9789872545642438,0.5340847724426367,0.7837333333333333,0.981294964028777,0.9554739162380602,0.974559686888454,0.9794145420207743,1.0,0.871523178807947,0.02582104779071681,0.004854855132320313,0.13333167632437326
0.7994666666666667,0.7273026177672955,0.8107687959299039,0.9720433751270756,0.5701467857268612,0.7994666666666667,0.883495145631068,0.949845109898215,0.9558011049723757,0.9736891211046838,0.6629213483146067,0.8598591549295774,0.06634996426714701,0.01788801613230806,0.2148258227472788
0.7970666666666667,0.7425359074042963,0.8036236933797909,0.9807790440551114,0.5506451106487701,0.7970666666666667,0.9354838709677419,0.9585755813953488,0.9692307692307692,0.9817477876106194,0.8424242424242424,0.8722527472527473,0.023091710427606937,0.012517018379850198,0.04234552320835505
0.7962666666666667,0.7408595891206392,0.8053672316384181,0.9743677375256322,0.5714826729430121,0.7962666666666667,0.8790087463556852,0.9505429997064866,0.9613821138211383,0.9755597014925373,0.6701030927835051,0.8583218707015131,0.07153425335080144,0.014177587671399094,0.2023963655894071
