acc,auc,precision,recall,maf1,mif1,yp1.a1,yp1.a0,yp1.y1a1,yp1.y1a0,yp1.y0a1,yp1.y0a0,parity,equality,eq_odds
0.7869333333333334,0.7317926667026924,0.7898481324394582,0.9893744644387318,0.508716118013726,0.7869333333333334,0.9229607250755287,0.9795261772448084,0.9650205761316872,0.9915872125630959,0.8068181818181818,0.9361987911349899,0.05656545216927966,0.026566636431408663,0.15594724574821683
0.7790666666666667,0.7302286931119173,0.7814407814407814,0.99207716155701,0.4826546413028469,0.7790666666666667,0.9309352517985612,0.9880969875091844,0.9706457925636007,0.9941454202077431,0.8206521739130435,0.9668874172185431,0.05716173571062322,0.023499627644142373,0.169734870949642
0.7906666666666667,0.725092817648628,0.800332778702163,0.9779735682819384,0.5239154936456567,0.7906666666666666,0.8737864077669902,0.9709396666174952,0.9171270718232044,0.9841388318716179,0.7415730337078652,0.9211267605633803,0.09715325885050496,0.06701176004841347,0.24656548690392854
0.7885333333333334,0.7267047182964617,0.7909719398129321,0.992515733968362,0.48547619772663103,0.7885333333333333,0.9403225806451613,0.9875,0.9692307692307692,0.9944690265486725,0.8606060606060606,0.9615384615384616,0.04717741935483877,0.0252382573179033,0.12617065825030427
0.7850666666666667,0.7331083182913152,0.7886710239651417,0.9897470950102529,0.49213596272202353,0.7850666666666667,0.9446064139941691,0.9826827120633989,0.967479674796748,0.9917910447761195,0.8865979381443299,0.9491059147180193,0.03807629806922974,0.024311369979371444,0.0868193465530609
