acc,auc,precision,recall,maf1,mif1,yp1.a1,yp1.a0,yp1.y1a1,yp1.y1a0,yp1.y0a1,yp1.y0a0,parity,equality,eq_odds
0.7834666666666668,0.7310368466152528,0.7864236158345803,0.990745501285347,0.49078998791107,0.7834666666666666,0.9561933534743202,0.9824510090669787,0.9753086419753086,0.9921480650588895,0.9034090909090909,0.9476158495634655,0.02625765559265847,0.016839423083580884,0.061046181737955396
0.7781333333333333,0.7317498874469719,0.7813094267861994,0.990699276610403,0.4826680532931495,0.7781333333333333,0.9597122302158273,0.9838354151359294,0.9804305283757339,0.9916902738432484,0.9021739130434783,0.9562913907284768,0.024123184920102125,0.011259745467514515,0.06537722315251304
0.7908000000000001,0.7247711261408174,0.7982105987611837,0.9825482887156896,0.5124323231826031,0.7908,0.9306518723994452,0.9727098392093229,0.9650092081031307,0.9843254338495988,0.8258426966292135,0.9288732394366197,0.04205796680987761,0.019316225746468074,0.12234676855387427
0.7889333333333334,0.7289732723222873,0.7909780547277161,0.99319612178942,0.4851670658347411,0.7889333333333334,0.9693548387096774,0.985610465116279,0.9868131868131869,0.9937315634218289,0.9212121212121213,0.9553571428571429,0.01625562640660161,0.0069183766086420295,0.041063398253663674
0.7836000000000001,0.7330570952425194,0.7861686290431723,0.9926520847573479,0.4773714167311303,0.7836,0.9664723032069971,0.9870854123862636,0.983739837398374,0.9934701492537313,0.9226804123711341,0.9635488308115543,0.02061310917926651,0.009730311855357332,0.05059873029577755
