acc,auc,precision,recall,maf1,mif1,yp1.a1,yp1.a0,yp1.y1a1,yp1.y1a0,yp1.y0a1,yp1.y0a0,parity,equality,eq_odds
0.7822666666666667,0.6807987936522641,0.783535762483131,0.9950299914310197,0.4731119306430745,0.7822666666666667,0.9078549848942599,0.9957589938578532,0.9588477366255144,0.9983174425126192,0.7670454545454546,0.9865681665547347,0.0879040089635933,0.039469705887104856,0.25899241789638494
0.7790666666666667,0.6894851578446919,0.7893709024968615,0.9746813641060972,0.527010632983658,0.7790666666666667,0.8158273381294964,0.9701689933872153,0.8884540117416829,0.9830028328611898,0.6141304347826086,0.9251655629139073,0.15434165525771892,0.09454882111950691,0.40558394925080554
0.7909333333333334,0.6868477900832497,0.8001385041551247,0.978820738732633,0.5227876215004629,0.7909333333333334,0.8987517337031901,0.9694645227909722,0.9484346224677717,0.9818996081358462,0.7471910112359551,0.9225352112676056,0.07071278908778211,0.03346498566807454,0.20880918569972506
0.7862666666666667,0.6828027046360287,0.791042744350667,0.988433407042014,0.4878457892915147,0.7862666666666667,0.8306451612903226,0.9928779069767442,0.8923076923076924,0.9964970501474927,0.6606060606060606,0.9793956043956044,0.16223274568642154,0.10418935783980032,0.42297890162934404
0.786,0.698339325946154,0.7921309671206493,0.9839371155160629,0.5117496261006016,0.786,0.8790087463556852,0.9782800117405341,0.9308943089430894,0.9888059701492538,0.7474226804123711,0.9394773039889959,0.09927126538484898,0.05791166120616431,0.24996628478278904
