acc,auc,precision,recall,maf1,mif1,yp1.a1,yp1.a0,yp1.y1a1,yp1.y1a0,yp1.y0a1,yp1.y0a0,parity,equality,eq_odds
0.7813333333333333,0.6915062620461079,0.7868964573929695,0.9859468723221937,0.49533666460370146,0.7813333333333333,0.9546827794561934,0.9767475870137468,0.9732510288065843,0.9871003925967471,0.9034090909090909,0.9395567494963063,0.022064807557553356,0.013849363790162772,0.04999702237737813
0.7764000000000001,0.6832215360814302,0.7862987103037027,0.9765759559076818,0.5127400605073988,0.7764,0.9410071942446043,0.9635562086700955,0.9686888454011742,0.9773371104815864,0.8641304347826086,0.9152317880794701,0.022549014425491176,0.008648265080412276,0.05974961837727377
0.7896000000000001,0.6799372012372293,0.8022930648769575,0.9722128092172145,0.5341116850221808,0.7896,0.9084604715672677,0.958400944092049,0.9521178637200737,0.9742489270386266,0.7752808988764045,0.8985915492957747,0.04994047252478129,0.022131063318552968,0.14544171373792314
0.7876000000000001,0.6846939708132093,0.7940450054884742,0.984351080115666,0.504974309005664,0.7876,0.95,0.9736918604651162,0.9626373626373627,0.9861725663716814,0.9151515151515152,0.9271978021978022,0.023691860465116288,0.02353520373431872,0.035581490780605796
0.7841333333333333,0.6863914461241365,0.796221133659902,0.9721462747778538,0.533572611767891,0.7841333333333333,0.9169096209912536,0.9562665101262108,0.9491869918699187,0.9742537313432836,0.8350515463917526,0.889958734525447,0.03935688913495716,0.025066739473364907,0.07997392760705935
