acc,auc,precision,recall,maf1,mif1,yp1.a1,yp1.a0,yp1.y1a1,yp1.y1a0,yp1.y0a1,yp1.y0a0,parity,equality,eq_odds
0.7816000000000001,0.7285750532023025,0.7841570751523358,0.9924592973436162,0.4779360519471689,0.7816,0.9652567975830816,0.986545773618017,0.9814814814814815,0.9934567208824079,0.9204545454545454,0.9617192746809939,0.021288976034935403,0.011975239400926374,0.0532399686273749
0.7785333333333334,0.7222912644615899,0.7826264830219556,0.9884602135721667,0.4905257835259493,0.7785333333333334,0.9366906474820144,0.9819250551065393,0.9667318982387475,0.9905571293673276,0.8532608695652174,0.9516556291390729,0.04523440762452491,0.02382523112858015,0.12221999070243561
0.7865333333333334,0.7109969722403766,0.7895516359229837,0.9935615045747205,0.4608885230608386,0.7865333333333333,0.9736477115117892,0.9920342233367754,0.9797421731123389,0.9949617465945139,0.9550561797752809,0.9809859154929578,0.018386511824986185,0.015219573482174953,0.041149309199851825
0.7866666666666667,0.7177915224139203,0.788614595980035,0.9943868004762715,0.4714293466655296,0.7866666666666666,0.9725806451612903,0.9898255813953488,0.9868131868131869,0.9950221238938053,0.9333333333333333,0.970467032967033,0.01724493623405854,0.008208937080618428,0.04534263671431804
0.7828,0.7275968115622242,0.7841474902435742,0.995727956254272,0.4643071128746896,0.7828,0.9839650145772595,0.9914881127091283,0.9939024390243902,0.9958955223880597,0.9587628865979382,0.9752407152682255,0.0075230981318687995,0.0019930833636694345,0.018470912033956788
