acc,auc,precision,recall,maf1,mif1,yp1.a1,yp1.a0,yp1.y1a1,yp1.y1a0,yp1.y0a1,yp1.y0a0,parity,equality,eq_odds
0.7788,0.6699898870592957,0.7786228983186549,1.0,0.44135793863705886,0.7788,0.9984894259818731,0.9992687920444574,1.0,1.0,0.9943181818181818,0.9966420416386836,0.0007793660625843302,0.0,0.0023238598205018723
0.7781333333333333,0.6869264828429329,0.7840877914951989,0.9844987943506717,0.49949436096980027,0.7781333333333333,0.958273381294964,0.9734019103600294,0.9804305283757339,0.9848914069877243,0.8967391304347826,0.9331125827814569,0.015128529065065455,0.004460878611990404,0.04083433095866473
0.788,0.6887591190105897,0.800697350069735,0.9727211114876313,0.5268385881958587,0.788,0.926490984743412,0.9591385160053105,0.9539594843462247,0.9746221309945885,0.8426966292134831,0.9007042253521127,0.032647531261898566,0.020662646648363814,0.07867024278699342
0.7841333333333333,0.6830649855365121,0.7846071619454837,0.9988093213131485,0.44492014735752966,0.7841333333333333,0.9951612903225806,0.9981104651162791,0.9956043956043956,0.9990781710914455,0.9939393939393939,0.9945054945054945,0.0029491747936984947,0.003473775487049857,0.004039876053150482
0.7808,0.6879163168844442,0.7933630786391522,0.9723171565276828,0.5208938465517413,0.7808,0.9373177842565598,0.9581743469327855,0.9613821138211383,0.9733208955223881,0.8762886597938144,0.9023383768913342,0.02085656267622571,0.011938781701249845,0.03798849879876964
