acc,auc,precision,recall,maf1,mif1,yp1.a1,yp1.a0,yp1.y1a1,yp1.y1a0,yp1.y0a1,yp1.y0a0,parity,equality,eq_odds
0.786,0.7027542195151449,0.7931799279179373,0.9806341045415595,0.5271735102155465,0.786,0.9441087613293051,0.9635858438139807,0.9732510288065843,0.9813049168068798,0.8636363636363636,0.8999328408327737,0.019477082484675612,0.008053888000295495,0.04435036519670554
0.7814666666666668,0.7039882814708232,0.7862343728534139,0.9857044436789528,0.5094336987222529,0.7814666666666665,0.9539568345323741,0.972226304188097,0.9784735812133072,0.9864022662889519,0.8858695652173914,0.9225165562913907,0.018269469655722848,0.007928685075644704,0.04457567614964408
0.7938666666666667,0.6977978657666373,0.8045302013422819,0.9749237546594375,0.5435593568088033,0.7938666666666667,0.9070735090152566,0.9585484584747013,0.9539594843462247,0.9770479567083411,0.7640449438202247,0.8887323943661972,0.05147494945944464,0.02308847236211642,0.14777592290808894
0.7945333333333334,0.704522123569719,0.802257525083612,0.9792481714577309,0.5448365083850311,0.7945333333333333,0.9354838709677419,0.9587209302325581,0.9736263736263736,0.9797197640117994,0.8303030303030303,0.8804945054945055,0.02323705926481623,0.006093390385425779,0.05628486557690093
0.7897333333333334,0.7065320585776003,0.7983251919050942,0.9774436090225563,0.5417955130710602,0.7897333333333333,0.9256559766763849,0.9583211036102143,0.967479674796748,0.9783582089552239,0.8195876288659794,0.8844566712517193,0.03266512693382939,0.010878534158475839,0.07574757654421582
