acc,auc,precision,recall,maf1,mif1,yp1.a1,yp1.a0,yp1.y1a1,yp1.y1a0,yp1.y0a1,yp1.y0a0,parity,equality,eq_odds
0.7877333333333334,0.67953758385635,0.790576633337899,0.9892030848329049,0.512364540260229,0.7877333333333333,0.9924471299093656,0.9716291313249488,0.9897119341563786,0.9891568517479903,1.0,0.9086635325721961,0.020817998584416797,0.0005550824083883077,0.09189154983619219
0.7865333333333334,0.6714788085118151,0.7893215907527178,0.9879435067171891,0.5233543658140025,0.7865333333333333,0.9899280575539569,0.9667891256429096,0.9863013698630136,0.9881019830028328,1.0,0.8920529801324504,0.02313893191104721,0.0018006131398191627,0.10974763300736878
0.7990666666666667,0.7457884813658551,0.8146928254331949,0.9639105388004067,0.5852563732087176,0.7990666666666667,0.9694868238557559,0.9269803805871072,0.9613259668508287,0.9641724202276544,0.9943820224719101,0.7866197183098591,0.04250644326864872,0.002846453376825653,0.21060875753887665
0.792,0.7288333437042458,0.804971049286824,0.9695526450076544,0.5574618736383443,0.792,0.9838709677419355,0.9405523255813953,0.978021978021978,0.9688421828908554,1.0,0.8351648351648352,0.043318642160540155,0.009179795131122548,0.17401495996628735
0.7961333333333334,0.715953988844574,0.7979324603721571,0.9892344497607656,0.5378160760687632,0.7961333333333334,0.9941690962099126,0.9646316407396537,0.991869918699187,0.9889925373134328,1.0,0.874828060522696,0.029537455470258878,0.0028773813857541075,0.1280493208630581
