acc,auc,precision,recall,maf1,mif1,yp1.a1,yp1.a0,yp1.y1a1,yp1.y1a0,yp1.y0a1,yp1.y0a0,parity,equality,eq_odds
0.7801333333333333,0.6860951439871749,0.7798128342245989,0.9996572407883462,0.44875984894660426,0.7801333333333335,0.9954682779456193,0.9975138929511553,1.0,0.9996260983361376,0.9829545454545454,0.989926124916051,0.0020456150055360167,0.0003739016638624193,0.007345481125368036
0.7805333333333334,0.680843332285414,0.7848534648041633,0.9870823286255598,0.5022244859908349,0.7805333333333334,0.9496402877697842,0.9760470242468773,0.9784735812133072,0.9879131255901794,0.8695652173913043,0.9344370860927153,0.02640673647709313,0.009439544376872222,0.07431141307828315
0.7873333333333333,0.6765568957129995,0.792794017675051,0.9879701796001356,0.48229863818900215,0.7873333333333333,0.9653259361997226,0.982298274081723,0.9797421731123389,0.988803881321142,0.9213483146067416,0.9577464788732394,0.016972337882000366,0.009061708208803143,0.04545987247530092
0.7850666666666667,0.6842092836840503,0.7867993009813147,0.995577479163123,0.46028896369945527,0.7850666666666667,0.9854838709677419,0.9924418604651163,0.9868131868131869,0.9963126843657817,0.9818181818181818,0.978021978021978,0.006957989497374362,0.009499497552594827,0.01329570134879865
0.7806666666666667,0.6945595522898155,0.7874026506353327,0.9847915242652084,0.48785290878169435,0.7806666666666666,0.9620991253644315,0.9772527149985324,0.9735772357723578,0.985820895522388,0.9329896907216495,0.9456671251719395,0.01515358963410085,0.012243659750030278,0.024921094200320293
