acc,auc,precision,recall,maf1,mif1,yp1.a1,yp1.a0,yp1.y1a1,yp1.y1a0,yp1.y0a1,yp1.y0a0,parity,equality,eq_odds
0.8256,0.8519820077146556,0.8366800535475234,0.9640102827763496,0.6801083757605497,0.8256,0.7145015105740181,0.9140099444281954,0.9711934156378601,0.9633576369414844,0.005681818181818182,0.7367360644728005,0.19950843385417727,0.00783577869637575,0.738890024987358
0.8269333333333334,0.8359120211514287,0.833925925925926,0.9695142955563211,0.6827632826866896,0.8269333333333333,0.7237410071942446,0.9180014695077149,0.9823874755381604,0.968271954674221,0.005434782608695652,0.7417218543046358,0.19426046231347027,0.014115520863939413,0.7504025925598795
0.8349333333333334,0.8565673628803201,0.8457888493475683,0.9664520501524907,0.6880950464588895,0.8349333333333334,0.7447988904299584,0.9156217731228795,0.9779005524861878,0.9652920320955403,0.033707865168539325,0.7281690140845071,0.17082288269292112,0.012608520390647526,0.7070696693066153
0.8250666666666667,0.8273009075999971,0.8349713950418073,0.9681918693655384,0.6636079605124974,0.8250666666666666,0.717741935483871,0.9261627906976744,0.978021978021978,0.9673672566371682,0.0,0.7726648351648352,0.20842085521380338,0.010654721384809829,0.783319556549645
0.8272,0.8398983170636212,0.8361865407319953,0.968215994531784,0.6754982770694531,0.8272,0.7099125364431487,0.922952744349868,0.9817073170731707,0.9669776119402985,0.020618556701030927,0.7606602475928473,0.2130402079067193,0.014729705132872195,0.7547713960246886
