acc,auc,precision,recall,maf1,mif1,yp1.a1,yp1.a0,yp1.y1a1,yp1.y1a0,yp1.y0a1,yp1.y0a0,parity,equality,eq_odds
0.7869333333333334,0.7093296895867589,0.7963351517694782,0.9756640959725793,0.5421333582724526,0.7869333333333334,0.9244712990936556,0.9559812810763381,0.9609053497942387,0.9770050476724621,0.8238636363636364,0.880456682337139,0.03150998198268251,0.016099697878223407,0.07269274385172608
0.7845333333333334,0.7066582894135895,0.7909722222222222,0.9808818463658284,0.5326591800620992,0.7845333333333334,0.939568345323741,0.96208670095518,0.974559686888454,0.9814919735599622,0.842391304347826,0.8940397350993378,0.022518355631439002,0.006932286671508248,0.05858071742301996
0.7925333333333334,0.6990600331064458,0.8067476002258611,0.9683158251440189,0.5537933984670069,0.7925333333333334,0.8959778085991679,0.9496975955155628,0.9447513812154696,0.9707034894569883,0.7471910112359551,0.8704225352112676,0.053719786916394896,0.025952108241518612,0.14918363221683106
0.7946666666666667,0.7040524943758351,0.8051765367843579,0.9736349719340024,0.5580107283615829,0.7946666666666665,0.9129032258064517,0.9510174418604651,0.9560439560439561,0.9751106194690266,0.793939393939394,0.8612637362637363,0.03811421605401344,0.019066663425070463,0.08639100574941283
0.7898666666666667,0.7092100182329169,0.8027470971396206,0.9687286397812713,0.5612244791897902,0.7898666666666667,0.9198250728862973,0.9437921925447608,0.9573170731707317,0.969776119402985,0.8247422680412371,0.8480055020632737,0.02396711965846343,0.012459046232253357,0.03572228025429003
