acc,auc,precision,recall,maf1,mif1,yp1.a1,yp1.a0,yp1.y1a1,yp1.y1a0,yp1.y0a1,yp1.y0a0,parity,equality,eq_odds
0.7814666666666668,0.7286376865297174,0.7835135135135135,0.9936589545844045,0.47377489723252897,0.7814666666666665,0.9712990936555891,0.9881544311202106,0.9835390946502057,0.9945784258739951,0.9375,0.9650772330423103,0.016855337464621534,0.011039331223789417,0.03861656426609972
0.7798666666666667,0.735436177044388,0.7828454731109599,0.9903548053737513,0.4907715634339067,0.7798666666666667,0.943884892086331,0.9829537105069802,0.9765166340508806,0.9916902738432484,0.8532608695652174,0.952317880794702,0.03906881842064924,0.015173639792367744,0.11423065102185237
0.7902666666666667,0.7232984915488652,0.7958988380041012,0.9864452727888852,0.4993828161364099,0.7902666666666667,0.9459084604715673,0.9784629001327629,0.9686924493554327,0.988244075387199,0.8764044943820225,0.9415492957746479,0.032554439661195644,0.0195516260317663,0.08469642742439165
0.7854666666666668,0.7185502954450849,0.7862697774202199,0.9974485456710325,0.45591480683160895,0.7854666666666666,0.9838709677419355,0.9953488372093023,0.989010989010989,0.9981563421828908,0.9696969696969697,0.9848901098901099,0.011477869467366841,0.009145353171901793,0.024338493365042013
0.782,0.7281828696022934,0.783134147979052,0.9965823650034177,0.4579295654564472,0.782,0.9854227405247813,0.9936894628705606,0.9878048780487805,0.9973880597014926,0.979381443298969,0.9800550206327373,0.008266722345779298,0.009583181652712103,0.010256758986480374
