acc,auc,precision,recall,maf1,mif1,yp1.a1,yp1.a0,yp1.y1a1,yp1.y1a0,yp1.y0a1,yp1.y0a0,parity,equality,eq_odds
0.7841333333333333,0.6982693747732308,0.7928591275354265,0.9780634104541559,0.5263480201659306,0.7841333333333333,0.9229607250755287,0.9632933606317636,0.9547325102880658,0.9801832118152926,0.8352272727272727,0.9026192075218268,0.0403326355562349,0.025450701527226727,0.0928426363217808
0.7821333333333333,0.6902769943237484,0.7905292479108635,0.9776093696176369,0.5314257153567412,0.7821333333333333,0.9151079136690647,0.9616458486407053,0.9530332681017613,0.9799811142587347,0.8097826086956522,0.8973509933774835,0.046537934971640604,0.026947846156973432,0.11451623083880469
0.7909333333333334,0.6903925993564473,0.8040123456790124,0.971026770586242,0.5418616157169516,0.7909333333333334,0.897364771151179,0.956040713969612,0.9410681399631676,0.9740623250606456,0.7640449438202247,0.8880281690140845,0.058675942818433025,0.03299418509747798,0.15697741029133783
0.7877333333333334,0.6917219341860147,0.7973366625052019,0.9777172988603504,0.5228629374635554,0.7877333333333333,0.9290322580645162,0.9640988372093023,0.9538461538461539,0.9797197640117994,0.8606060606060606,0.9059065934065934,0.03506657914478617,0.02587361016564549,0.0711741429661783
0.7870666666666667,0.6976465186576326,0.7995213290159088,0.9704374572795625,0.5478990185133984,0.7870666666666667,0.9052478134110787,0.9512767830936307,0.9491869918699187,0.9723880597014926,0.7938144329896907,0.8734525447042641,0.04602896968255199,0.02320106783157383,0.1028391795461473
