acc,auc,precision,recall,maf1,mif1,yp1.a1,yp1.a0,yp1.y1a1,yp1.y1a0,yp1.y0a1,yp1.y0a0,parity,equality,eq_odds
0.7788,0.6793890033992862,0.7804943578721117,0.9957155098543273,0.4555457300235823,0.7788,0.9214501510574018,0.9994150336355659,0.948559670781893,1.0,0.8465909090909091,0.9973136333109469,0.07796488257816414,0.05144032921810704,0.2021630534381449
0.7745333333333334,0.6742141927843239,0.7830513137983216,0.9803651395108508,0.49611382880981353,0.7745333333333333,0.7741007194244605,0.9891256429096252,0.8473581213307241,0.9932011331444759,0.5706521739130435,0.9748344370860927,0.21502492348516478,0.1458430118137518,0.5500252749868011
0.7905333333333334,0.679848720168255,0.793070780890513,0.9928837682141647,0.4812743450508026,0.7905333333333333,0.8862690707350902,0.9957220829030831,0.9410681399631676,0.9981339802201903,0.7191011235955056,0.9866197183098592,0.10945301216799286,0.05706584025702266,0.32458443497137623
0.7848,0.6839575485849266,0.7863569222505707,0.9960877700289165,0.45736283988451715,0.7848,0.9258064516129032,0.9989825581395348,0.9582417582417583,0.9992625368731564,0.8363636363636363,0.9979395604395604,0.07317610652663165,0.04102077863139808,0.20259670270732222
0.7814666666666668,0.6920115166833678,0.7844699527346387,0.9926520847573479,0.4680172213114573,0.7814666666666665,0.880466472303207,0.9980921631934253,0.926829268292683,0.9986940298507463,0.7628865979381443,0.9958734525447043,0.11762569089021835,0.07186476155806332,0.3048516161646233
