acc,auc,precision,recall,maf1,mif1,yp1.a1,yp1.a0,yp1.y1a1,yp1.y1a0,yp1.y0a1,yp1.y0a0,parity,equality,eq_odds
0.7841333333333333,0.7267555473211,0.7840204796550795,0.9972579263067695,0.474508774437614,0.7841333333333333,0.9667673716012085,0.9918104708979234,0.9897119341563786,0.9979435408487568,0.9034090909090909,0.9697783747481531,0.025043099296714888,0.008231606692378213,0.07460089053144037
0.7765333333333334,0.7234836961804362,0.7783769210029657,0.9944884602135722,0.4647835221791665,0.7765333333333332,0.9640287769784173,0.9916238060249817,0.9902152641878669,0.9949008498583569,0.8913043478260869,0.9801324503311258,0.027595029046564412,0.0046855856704900445,0.09351368817552896
0.7886666666666667,0.7224406651995102,0.791413527744026,0.9932226363944425,0.47179622918271735,0.7886666666666666,0.9722607489597781,0.9892314500663815,0.994475138121547,0.9930957268147043,0.9044943820224719,0.9746478873239437,0.01697070110660337,0.001379411306842715,0.07153291660831451
0.7846666666666667,0.7229758068823474,0.7853319057815846,0.9981289334920905,0.44982691747867065,0.7846666666666666,0.9709677419354839,0.998546511627907,0.9868131868131869,0.9990781710914455,0.9272727272727272,0.9965659340659341,0.027578769692423122,0.012264984278258617,0.08155819107146545
0.7809333333333334,0.7263697395795313,0.7827488915759774,0.995557074504443,0.4563916715101371,0.7809333333333334,0.9825072886297376,0.993395949515703,0.9857723577235772,0.996455223880597,0.9742268041237113,0.9821182943603851,0.010888660885965407,0.010682866157019855,0.018574356393693647
