acc,auc,precision,recall,maf1,mif1,yp1.a1,yp1.a0,yp1.y1a1,yp1.y1a0,yp1.y0a1,yp1.y0a0,parity,equality,eq_odds
0.7870666666666667,0.7639307688150875,0.7913115204839153,0.9864610111396743,0.5168242969828818,0.7870666666666667,0.9788519637462235,0.9689967826849956,0.977366255144033,0.9872873434286783,0.9829545454545454,0.9032907991940899,0.009855181061227958,0.00992108828464533,0.0895848345451008
0.7838666666666667,0.7460837748353797,0.7893790623703499,0.9831209094040647,0.524942353224771,0.7838666666666667,0.9697841726618706,0.9635562086700955,0.9765166340508806,0.9837582625118035,0.9510869565217391,0.8927152317880794,0.006227963991775054,0.007241628460922911,0.06561335319458261
0.7952,0.751622983490461,0.8040389972144847,0.9781430023720773,0.5408762790700641,0.7952000000000001,0.9514563106796117,0.957958400944092,0.9723756906077348,0.9787273745101698,0.8876404494382022,0.8795774647887324,0.0065020902644803424,0.0063516839024350125,0.014414668551904763
0.7924,0.7563257231822633,0.7979046043562172,0.9845211770709305,0.5237427348590667,0.7924,0.9758064516129032,0.9664244186046511,0.9868131868131869,0.9843289085545722,0.9454545454545454,0.8997252747252747,0.009382033008252133,0.002484278258614636,0.048213548987885324
0.7930666666666667,0.7673176417986715,0.7977014677374689,0.9844497607655502,0.5377379755877996,0.7930666666666666,0.967930029154519,0.9624302905782213,0.9735772357723578,0.9854477611940299,0.9536082474226805,0.8775790921595599,0.005499738576297708,0.011870525421672107,0.0878996806847927
