acc,auc,precision,recall,maf1,mif1,yp1.a1,yp1.a0,yp1.y1a1,yp1.y1a0,yp1.y0a1,yp1.y0a0,parity,equality,eq_odds
0.7797333333333334,0.6854258371482022,0.7836701478367015,0.9902313624678664,0.4765246441550576,0.7797333333333334,0.9682779456193353,0.9844983913424978,0.977366255144033,0.9914002617311647,0.9431818181818182,0.9597044996642041,0.016220445723162502,0.01403400658713172,0.030556688069517612
0.7766666666666667,0.6702699056181349,0.7813649366571311,0.9879435067171891,0.4843274753892337,0.7766666666666666,0.9525179856115108,0.9814842027920646,0.9726027397260274,0.989423984891407,0.8967391304347826,0.9536423841059603,0.02896621718055381,0.01682124516537964,0.0737244988365573
0.784,0.6774651917913319,0.7985220301171222,0.9703490342256862,0.5174842270955125,0.7840000000000001,0.9278779472954231,0.9592860303879628,0.9539594843462247,0.972009703302855,0.848314606741573,0.9112676056338028,0.03140808309253973,0.018050218956630282,0.08100321784886011
0.7869333333333334,0.6682089944877463,0.7914227365554799,0.988773600952543,0.4896921649417112,0.7869333333333334,0.9693548387096774,0.9802325581395349,0.9824175824175824,0.9893067846607669,0.9333333333333333,0.9464285714285714,0.01087771942985749,0.006889202243184567,0.019984440338422615
0.782,0.6771570399133314,0.790787477589298,0.9798359535201641,0.5066661125502895,0.782,0.9416909620991254,0.969327854417376,0.9654471544715447,0.9811567164179105,0.8814432989690721,0.9257221458046767,0.027636892318250617,0.015709561946365747,0.059988408781970315
