acc,auc,precision,recall,maf1,mif1,yp1.a1,yp1.a0,yp1.y1a1,yp1.y1a0,yp1.y0a1,yp1.y0a0,parity,equality,eq_odds
0.7801333333333333,0.6642129018478632,0.7819234913793104,0.9948586118251928,0.46423741999787826,0.7801333333333335,0.986404833836858,0.9902018133957298,0.9958847736625515,0.9947653767059264,0.9602272727272727,0.9738079247817327,0.003796979558871816,0.0011193969566251072,0.014700049011085126
0.7742666666666667,0.6744606503633216,0.7870202372644801,0.9712366517395797,0.5175384418036231,0.7742666666666665,0.9251798561151079,0.9584129316678912,0.9530332681017613,0.9729933899905572,0.8478260869565217,0.9072847682119205,0.03323307555278332,0.019960121888795923,0.0794188031441947
0.7845333333333334,0.6719184519449719,0.7984679665738161,0.9713656387665198,0.5169635852716299,0.7845333333333334,0.9167822468793343,0.9616462605103998,0.9502762430939227,0.9735025191267027,0.8146067415730337,0.9169014084507042,0.044864013631065514,0.023226276032780047,0.12552094291045057
0.7850666666666667,0.675194302455052,0.7935066721694869,0.9811192379656404,0.5034927172361046,0.7850666666666667,0.9564516129032258,0.9703488372093023,0.9714285714285714,0.9819321533923304,0.9151515151515152,0.9271978021978022,0.013897224306076539,0.010503581963759001,0.022549869010046075
0.7812,0.6755630076681112,0.7814463307044512,0.9989747095010253,0.4462594018359757,0.7812000000000001,0.9970845481049563,0.99750513648371,0.9979674796747967,0.9990671641791045,0.9948453608247423,0.9917469050894085,0.0004205883787536946,0.0010996845043077519,0.00419814023964149
