acc,auc,precision,recall,maf1,mif1,yp1.a1,yp1.a0,yp1.y1a1,yp1.y1a0,yp1.y0a1,yp1.y0a0,parity,equality,eq_odds
0.778,0.35889452434439584,0.778,1.0,0.437570303712036,0.778,1.0,1.0,1.0,1.0,1.0,1.0,0.0,0.0,0.0
0.7741333333333333,0.5022943736500246,0.7741333333333333,1.0,0.4363445062377875,0.7741333333333333,1.0,1.0,1.0,1.0,1.0,1.0,0.0,0.0,0.0
0.786,0.6774179559420472,0.7959774073563852,0.9789901728227719,0.5026459236859905,0.786,0.9306518723994452,0.9718247529134091,0.9558011049723757,0.9813398022019033,0.8539325842696629,0.9359154929577465,0.04117288051396384,0.025538697229527618,0.10752160591761117
0.7838666666666667,0.6284681651638288,0.7853887399463807,0.99659806089471,0.4512792629056793,0.7838666666666667,0.9887096774193549,0.995203488372093,0.9934065934065934,0.9968657817109144,0.9757575757575757,0.989010989010989,0.006493810952738155,0.0034591883043210148,0.016712601557734352
0.7801333333333333,0.6619367434749717,0.7803869246164109,0.9994873547505126,0.4394357398911125,0.7801333333333335,0.9985422740524781,0.9994129732902847,0.9979674796747967,0.9996268656716418,1.0,0.9986244841815681,0.0008706992378065825,0.0016593859968451197,0.0030349018152769913
