acc,auc,precision,recall,maf1,mif1,yp1.a1,yp1.a0,yp1.y1a1,yp1.y1a0,yp1.y0a1,yp1.y0a0,parity,equality,eq_odds
0.7801333333333333,0.7212526150829492,0.7816200215285253,0.9955441302485004,0.4620887501586985,0.7801333333333335,0.9773413897280967,0.9922491956712489,0.98559670781893,0.9964479341933071,0.9545454545454546,0.977165883143049,0.01490780594315222,0.010851226374377076,0.033471654971971465
0.7757333333333334,0.7283880901611774,0.7814632814632815,0.9860489149156045,0.48574383251334985,0.7757333333333334,0.9467625899280575,0.9798677443056576,0.9686888454011742,0.987724268177526,0.8858695652173914,0.952317880794702,0.03310515437760009,0.01903542277635184,0.08548373835366252
0.7853333333333333,0.7231596467797556,0.7918139787870546,0.9866147068790241,0.4776902133290516,0.7853333333333333,0.957004160887656,0.9830358459949845,0.9742173112338858,0.9878708714312372,0.9044943820224719,0.9647887323943662,0.02603168510732845,0.013653560197351422,0.07394791056924577
0.7852,0.7275284450693342,0.7887686062246279,0.991495152236775,0.47395664148842254,0.7852,0.9629032258064516,0.9873546511627908,0.9758241758241758,0.9928097345132744,0.9272727272727272,0.967032967032967,0.02445142535633915,0.016985558689098568,0.05674579844933836
0.7822666666666667,0.7260338345864661,0.7834206637108693,0.9964114832535885,0.4597003040633316,0.7822666666666667,0.9868804664723032,0.9929556794834165,0.9898373983739838,0.9970149253731343,0.979381443298969,0.9779917469050894,0.006075213011113245,0.00717752699915053,0.008567223393030177
