acc,auc,precision,recall,maf1,mif1,yp1.a1,yp1.a0,yp1.y1a1,yp1.y1a0,yp1.y0a1,yp1.y0a0,parity,equality,eq_odds
0.7796000000000001,0.6875210943591405,0.7806711409395973,0.9967437874892888,0.45586277954377624,0.7796,0.9848942598187311,0.9941503363556595,0.9917695473251029,0.997195737521032,0.9659090909090909,0.9832102081934184,0.009256076536928393,0.005426190195929048,0.02272730748025653
0.7810666666666667,0.6793179184827323,0.7899721448467967,0.9769204271443335,0.5291315940120985,0.7810666666666667,0.9237410071942446,0.960764144011756,0.9608610567514677,0.9784702549575071,0.8206521739130435,0.8986754966887417,0.03702313681751146,0.017609198206039345,0.09563252098173758
0.7886666666666667,0.675729393612568,0.7937134303986937,0.9883090477804134,0.4870771266429551,0.7886666666666666,0.9597780859916782,0.9820032453164184,0.9742173112338858,0.9897368912110468,0.9157303370786517,0.9528169014084507,0.022225159324740118,0.015519579977161024,0.05260614430695998
0.7868,0.682212349626579,0.7882543103448276,0.9954073822078585,0.46877525864565217,0.7868,0.9806451612903225,0.9906976744186047,0.9846153846153847,0.9963126843657817,0.9696969696969697,0.9697802197802198,0.010052513128282148,0.011697299750397017,0.01178054983364707
0.7826666666666667,0.6893977932198103,0.7879945429740791,0.987012987012987,0.4898784370926851,0.7826666666666666,0.9533527696793003,0.9797475785148224,0.967479674796748,0.9888059701492538,0.9175257731958762,0.9463548830811555,0.026394808835522143,0.021326295352505742,0.050155405237784945
