acc,auc,precision,recall,maf1,mif1,yp1.a1,yp1.a0,yp1.y1a1,yp1.y1a0,yp1.y0a1,yp1.y0a0,parity,equality,eq_odds
0.778,0.5832104083517965,0.778,1.0,0.437570303712036,0.778,1.0,1.0,1.0,1.0,1.0,1.0,0.0,0.0,0.0
0.7738666666666667,0.6726220300539971,0.7755430410297667,0.9962108163968308,0.44758828859377514,0.7738666666666667,0.9913669064748202,0.9947097722263042,0.9921722113502935,0.996600566572238,0.9891304347826086,0.9880794701986755,0.0033428657514840143,0.004428355221944402,0.005479319805877569
0.7878666666666667,0.6684613285244306,0.7892900281841364,0.9964418841070823,0.4574259797399928,0.7878666666666667,0.984743411927878,0.9943944534592123,0.990791896869245,0.9970143683523045,0.9662921348314607,0.9845070422535211,0.009651041531334337,0.006222471483059544,0.02443737890511999
0.7841333333333333,0.6829413740539078,0.7846832397754611,0.998639224357884,0.4455144988426014,0.7841333333333333,0.9983870967741936,0.9975290697674418,1.0,0.9985250737463127,0.9939393939393939,0.9938186813186813,0.0008580270067517493,0.001474926253687281,0.0015956388743998406
0.7812,0.6872845832310256,0.7810706180750233,0.9998291182501708,0.4433350847792864,0.7812000000000001,0.9985422740524781,0.9988259465805694,0.9979674796747967,1.0,1.0,0.9944979367262724,0.000283672528091361,0.002032520325203291,0.0075345835989308885
