acc,auc,precision,recall,maf1,mif1,yp1.a1,yp1.a0,yp1.y1a1,yp1.y1a0,yp1.y0a1,yp1.y0a0,parity,equality,eq_odds
0.7781333333333333,0.6269508583133262,0.778847439497259,0.998286203941731,0.4440337065257078,0.7781333333333333,0.9984894259818731,0.9970751681778298,1.0,0.998130491680688,0.9943181818181818,0.9932840832773674,0.0014142578040432507,0.0018695083193119855,0.002903606860126362
0.774,0.6520995562543492,0.7741763372015473,0.9996555287633483,0.4368818407782242,0.774,0.9985611510791367,0.9997060984570169,0.9980430528375733,0.9998111425873466,1.0,0.9993377483443708,0.0011449473778801789,0.0017680897497732717,0.0024303414054024364
0.7885333333333334,0.696307524358006,0.7964285714285714,0.9823788546255506,0.5036485897110421,0.7885333333333333,0.9403606102635229,0.9738899542705414,0.9650092081031307,0.9841388318716179,0.8651685393258427,0.9352112676056338,0.03352934400701846,0.019129623768487147,0.08917235204827823
0.7836000000000001,0.6563696797612641,0.7842639593908629,0.998639224357884,0.44295143071901477,0.7836,0.9983870967741936,0.9981104651162791,0.9978021978021978,0.9987094395280236,1.0,0.9958791208791209,0.0002766316579144723,0.0009072417258257914,0.005028120846704898
0.7805333333333334,0.6715214676419646,0.7811497326203208,0.9984620642515379,0.44486355110331177,0.7805333333333334,0.9956268221574344,0.99750513648371,0.9939024390243902,0.9988805970149254,1.0,0.9924346629986245,0.0018783143262756097,0.004978157990535137,0.012543494991910653
