acc,auc,precision,recall,maf1,mif1,yp1.a1,yp1.a0,yp1.y1a1,yp1.y1a0,yp1.y0a1,yp1.y0a0,parity,equality,eq_odds
0.7801333333333333,0.6799400428706341,0.7829143011624764,0.9926306769494431,0.471083571105164,0.7801333333333335,0.9788519637462235,0.987130739982451,0.9835390946502057,0.9934567208824079,0.9659090909090909,0.964405641370047,0.008278776236227525,0.009917626232202159,0.01142107577124607
0.7781333333333333,0.6795170468525618,0.7862078496406855,0.9798484326558732,0.5112827121428546,0.7781333333333333,0.9323741007194245,0.9681116825863336,0.9667318982387475,0.9811142587346553,0.8369565217391305,0.9225165562913907,0.03573758186690912,0.014382360495907798,0.09994239504816804
0.7869333333333334,0.674867962282572,0.7930283224400871,0.986784140969163,0.4841496867193917,0.7869333333333334,0.957004160887656,0.9815607021684615,0.9723756906077348,0.988244075387199,0.9101123595505618,0.956338028169014,0.024556541280805422,0.015868384779464284,0.062094053397916515
0.7845333333333334,0.6850890448641476,0.7845414497396876,0.999659806089471,0.4438606714969417,0.7845333333333334,0.9967741935483871,0.9989825581395348,0.9978021978021978,0.9998156342182891,0.9939393939393939,0.9958791208791209,0.0022083645911477046,0.0020134364160913076,0.003953163355818301
0.7801333333333333,0.693101250754866,0.7872078720787208,0.9842788790157211,0.48709045982449145,0.7801333333333335,0.9548104956268222,0.9776929850308189,0.9695121951219512,0.985634328358209,0.9175257731958762,0.9484181568088033,0.02288248940399673,0.016122133236257774,0.047014516849184784
