acc,auc,precision,recall,maf1,mif1,yp1.a1,yp1.a0,yp1.y1a1,yp1.y1a0,yp1.y0a1,yp1.y0a0,parity,equality,eq_odds
0.8110666666666667,0.7604032309944907,0.8184832756632064,0.9729220222793488,0.6266672062471619,0.8110666666666667,0.7341389728096677,0.9432582626498976,1.0,0.9704617685548701,0.0,0.8455339153794493,0.20911928984022998,0.029538231445129903,0.8750721468245792
0.8077333333333334,0.7623738175831621,0.8106492027334852,0.9807096107475026,0.6115455208307143,0.8077333333333334,0.7338129496402878,0.9572373254959589,0.9980430528375733,0.9790368271954675,0.0,0.8807947019867549,0.2234243758556711,0.019006225642105856,0.8998009276288608
0.8121333333333334,0.744759789536989,0.8289647093278665,0.9591663842765165,0.6341734322224195,0.8121333333333335,0.7489597780859917,0.9277179525003688,0.994475138121547,0.95558872924053,0.0,0.8225352112676056,0.17875817441437714,0.03888640888101702,0.8614216201486227
0.8125333333333333,0.7560693185492042,0.8209212225570384,0.9731246810682089,0.6186104501243016,0.8125333333333333,0.7322580645161291,0.9469476744186046,0.9978021978021978,0.9710545722713865,0.0,0.8571428571428571,0.21468960990247554,0.026747625530811336,0.8838904826736684
0.8166666666666667,0.7644222434119279,0.8249383074466541,0.971120984278879,0.6417021394577617,0.8166666666666667,0.7142857142857143,0.9390959788670384,0.9959349593495935,0.9688432835820896,0.0,0.8294360385144429,0.22481026458132414,0.02709167576750393,0.8565277142819469
