acc,auc,precision,recall,maf1,mif1,yp1.a1,yp1.a0,yp1.y1a1,yp1.y1a0,yp1.y0a1,yp1.y0a0,parity,equality,eq_odds
0.7836000000000001,0.7018390112477517,0.7921753607103219,0.9785775492716366,0.5231174146628946,0.7836,0.9637462235649547,0.960807253582919,0.9629629629629629,0.9799962609833613,0.9659090909090909,0.8918737407656145,0.0029389699820356885,0.017033298020398435,0.09106864816387483
0.7796000000000001,0.672558788876548,0.7878031878031878,0.9789872545642438,0.5188904431947475,0.7796,0.981294964028777,0.9600293901542983,0.974559686888454,0.9794145420207743,1.0,0.8920529801324504,0.021265573874478694,0.004854855132320313,0.11280187499986993
0.7932,0.6909322861642115,0.8021947492707321,0.9784818705523551,0.532433217535943,0.7932,0.9528432732316228,0.9606136598318336,0.9613259668508287,0.9802201903340175,0.9269662921348315,0.8866197183098592,0.007770386600210788,0.01889422348318881,0.05924079730816112
0.7909333333333334,0.6997995982941615,0.7970235634559736,0.9838407892498724,0.5197158285980146,0.7909333333333334,0.9822580645161291,0.9662790697674418,0.9824175824175824,0.9839601769911505,0.9818181818181818,0.9004120879120879,0.015978994748687247,0.0015425945735680902,0.08294868847966197
0.7862666666666667,0.701152757085786,0.7923489748176689,0.9839371155160629,0.512802267745881,0.7862666666666667,0.9766763848396501,0.9681538009979455,0.9796747967479674,0.9843283582089553,0.9690721649484536,0.9085281980742779,0.008522583841704678,0.004653561460987832,0.06519752833516357
