acc,auc,precision,recall,maf1,mif1,yp1.a1,yp1.a0,yp1.y1a1,yp1.y1a0,yp1.y0a1,yp1.y0a0,parity,equality,eq_odds
0.786,0.7270251742745315,0.790521978021978,0.9862896315338475,0.5130810793318845,0.786,0.9290030211480362,0.9747002047382276,0.9650205761316872,0.9882220975883342,0.8295454545454546,0.926124916051041,0.04569718359019137,0.023201521456647,0.11978098296223338
0.7808,0.7269771611909839,0.7861661166116611,0.9846710299689976,0.5094668521330195,0.7808,0.9136690647482014,0.9753122703894196,0.9530332681017613,0.987724268177526,0.8043478260869565,0.9317880794701987,0.06164320564121817,0.034691000075764755,0.16213125345900692
0.7913333333333333,0.7235495678476442,0.8027362836800224,0.9742460182988817,0.5357143916671858,0.7913333333333333,0.8765603328710125,0.9634164331022275,0.9263351749539595,0.9791005784661317,0.7247191011235955,0.9042253521126761,0.08685610023121493,0.05276540351217229,0.23227165450125287
0.7884,0.7277756155678694,0.793329688354292,0.9872427283551625,0.50025139632552,0.7884,0.9338709677419355,0.9792151162790698,0.9604395604395605,0.9894911504424779,0.8606060606060606,0.9409340659340659,0.04534414853713431,0.02905159000291746,0.10937959533092279
0.7841333333333333,0.7340897996038198,0.790528483184626,0.984107997265892,0.5038659233052103,0.7841333333333333,0.9139941690962099,0.9771059583211036,0.9451219512195121,0.9876865671641791,0.8350515463917526,0.938101788170564,0.06311178922489369,0.042564615944666984,0.14561485772347837
