acc,auc,precision,recall,maf1,mif1,yp1.a1,yp1.a0,yp1.y1a1,yp1.y1a0,yp1.y0a1,yp1.y0a0,parity,equality,eq_odds
0.7836000000000001,0.7287545643329705,0.7877049180327869,0.9881748071979435,0.49847503036033786,0.7836,0.9516616314199395,0.9783562445159404,0.9753086419753086,0.9893438025799215,0.8863636363636364,0.938885157824043,0.026694613096000852,0.01403516060461285,0.06655668206501952
0.7828,0.7318294472883768,0.7876325574989671,0.9850155012056493,0.5163016537277276,0.7828,0.9280575539568345,0.972226304188097,0.9686888454011742,0.9865911237016053,0.8152173913043478,0.9218543046357616,0.04416875023126243,0.017902278300431118,0.1245391916318449
0.7913333333333333,0.7248588119934737,0.8010551159239205,0.9776347001016604,0.527361205767502,0.7913333333333333,0.9084604715672677,0.9659241776073167,0.9539594843462247,0.9800335883560366,0.7696629213483146,0.9126760563380282,0.05746370604004902,0.026074104009811916,0.1690872389995255
0.7897333333333334,0.7268530415822522,0.7935316593886463,0.9891137948630719,0.5005310565798335,0.7897333333333333,0.9435483870967742,0.9800872093023256,0.9692307692307692,0.9907817109144543,0.8727272727272727,0.9402472527472527,0.03653882220555138,0.0215509416836851,0.08907092170366515
0.7858666666666667,0.7355496564945019,0.789631650750341,0.9890635680109364,0.4973894294299708,0.7858666666666668,0.9460641399416909,0.9804813619019666,0.9715447154471545,0.9906716417910447,0.8814432989690721,0.9429160935350757,0.034417221960275635,0.019126926343890238,0.08059972090989376
