acc,auc,precision,recall,maf1,mif1,yp1.a1,yp1.a0,yp1.y1a1,yp1.y1a0,yp1.y0a1,yp1.y0a0,parity,equality,eq_odds
0.778,0.5672463208709996,0.778,1.0,0.437570303712036,0.778,1.0,1.0,1.0,1.0,1.0,1.0,0.0,0.0,0.0
0.7737333333333334,0.6676100142302818,0.7742624482712589,0.9989665862900448,0.4379502111545211,0.7737333333333334,0.9971223021582734,0.9989713445995592,0.9960861056751468,0.9992445703493862,1.0,0.9980132450331126,0.0018490424412858086,0.003158464674239414,0.005145219641126797
0.7869333333333334,0.6243429922781315,0.7869333333333334,1.0,0.4403820325324579,0.7869333333333334,1.0,1.0,1.0,1.0,1.0,1.0,0.0,0.0,0.0
0.784,0.6736775433928246,0.783971196159488,1.0,0.44006935582076245,0.7840000000000001,1.0,0.9998546511627907,1.0,1.0,1.0,0.9993131868131868,0.00014534883720929148,0.0,0.0006868131868131844
0.7802666666666667,0.5193390857992288,0.7802666666666667,1.0,0.43828639904134215,0.7802666666666667,1.0,1.0,1.0,1.0,1.0,1.0,0.0,0.0,0.0
