acc,auc,precision,recall,maf1,mif1,yp1.a1,yp1.a0,yp1.y1a1,yp1.y1a0,yp1.y0a1,yp1.y0a0,parity,equality,eq_odds
0.808,0.7572425896333352,0.8156874012354547,0.9730934018851757,0.617053650499901,0.808,0.7356495468277946,0.9467680608365019,0.9958847736625515,0.9710226210506637,0.017045454545454544,0.8596373404969778,0.2111185140087073,0.024862152611887733,0.867454038563411
0.8052,0.7574634756781753,0.8129050842575256,0.9720978298312091,0.6181789538706166,0.8052000000000001,0.7366906474820144,0.9450404114621602,0.9941291585127201,0.969971671388102,0.021739130434782608,0.8576158940397351,0.20834976398014582,0.02415748712461807,0.8600342507295706
0.8142666666666667,0.7521087016174488,0.8266917837994494,0.9666214842426296,0.6285754743346275,0.8142666666666667,0.7503467406380028,0.9381914736686827,0.996316758747698,0.9636126142937115,0.0,0.8422535211267606,0.18784473303067994,0.032704144453986506,0.8749576655807471
0.8113333333333334,0.7538847112008689,0.8203214695752009,0.9722741962918864,0.6163175370163645,0.8113333333333334,0.7306451612903225,0.9469476744186046,0.9956043956043956,0.9703171091445427,0.0,0.8598901098901099,0.21630251312828208,0.025287286459852898,0.8851773963499628
0.8129333333333334,0.7614936641028875,0.8246971245073712,0.9654818865345182,0.6393784787039326,0.8129333333333333,0.7157434402332361,0.9333724684473144,0.9959349593495935,0.9626865671641791,0.005154639175257732,0.8253094910591472,0.21762902821407826,0.03324839218541442,0.8534032440693039
