acc,auc,precision,recall,maf1,mif1,yp1.a1,yp1.a0,yp1.y1a1,yp1.y1a0,yp1.y0a1,yp1.y0a0,parity,equality,eq_odds
0.7786666666666667,0.6873499720800492,0.7791148549271293,0.9986289631533848,0.44537016396194407,0.7786666666666666,0.9939577039274925,0.9975138929511553,0.9958847736625515,0.9988782950084127,0.9886363636363636,0.9926124916051041,0.003556189023662837,0.002993521345861283,0.006969649314601756
0.7733333333333333,0.6758706134312874,0.7870525727069351,0.9695142955563211,0.5181448872942781,0.7733333333333333,0.9223021582733812,0.9567964731814842,0.9549902152641878,0.9709159584513692,0.8315217391304348,0.9072847682119205,0.03449431490810295,0.01592574318718143,0.09168877226866712
0.7870666666666667,0.6744884320412375,0.791864406779661,0.989495086411386,0.4764225340747187,0.7870666666666667,0.9597780859916782,0.9858386192653784,0.9760589318600368,0.9908565030789326,0.9101123595505618,0.9669014084507043,0.02606053327370017,0.0147975712188958,0.07158662011903827
0.784,0.6854538981111893,0.7848829431438127,0.997958836536826,0.44724195116039156,0.7840000000000001,0.9967741935483871,0.9966569767441861,0.9978021978021978,0.99797197640118,0.9939393939393939,0.9917582417582418,0.00011721680420107017,0.00016977859898215097,0.002350930780134264
0.7812,0.688299245465827,0.7823521523400832,0.9969241285030759,0.4531341401191415,0.7812000000000001,0.9897959183673469,0.9947167596125623,0.9898373983739838,0.9975746268656717,0.9896907216494846,0.984181568088033,0.004920841245215413,0.0077372284916878975,0.013246382053139438
