acc,auc,precision,recall,maf1,mif1,yp1.a1,yp1.a0,yp1.y1a1,yp1.y1a0,yp1.y0a1,yp1.y0a0,parity,equality,eq_odds
0.7812,0.6887161711840375,0.7850734094616639,0.9897172236503856,0.48423299317226315,0.7812000000000001,0.9758308157099698,0.9812810763381106,0.9835390946502057,0.9902785567395775,0.9545454545454546,0.948959032907992,0.005450260628140802,0.006739462089371817,0.012325883726834408
0.7769333333333334,0.6868236905110985,0.7838988872097815,0.982776438167413,0.49925721657250094,0.7769333333333334,0.9568345323741008,0.9719324026451139,0.9823874755381604,0.9828139754485363,0.8858695652173914,0.9337748344370861,0.01509787027101317,0.0004264999103759104,0.048331769130070645
0.7896000000000001,0.6885364584415711,0.8021240916713248,0.9725516773974924,0.53329508732252,0.7896,0.9403606102635229,0.9555981708216551,0.9650092081031307,0.9733159171487218,0.8651685393258427,0.8887323943661972,0.01523756055813219,0.008306709045591054,0.031870564085945574
0.7848,0.6806868286298884,0.7849031396125584,0.999319612178942,0.446337604438886,0.7848,0.9935483870967742,0.9984011627906977,0.9956043956043956,0.9996312684365781,0.9878787878787879,0.9938186813186813,0.004852775693923506,0.004026872832182504,0.009966766272075933
0.784,0.6877818304587594,0.7939705473742706,0.9765892002734108,0.5225464190981431,0.7840000000000001,0.9416909620991254,0.9615497505136483,0.9552845528455285,0.9785447761194029,0.9072164948453608,0.8988995873452544,0.019858788414522932,0.023260223273874447,0.03157713077398083
