acc,auc,precision,recall,maf1,mif1,yp1.a1,yp1.a0,yp1.y1a1,yp1.y1a0,yp1.y0a1,yp1.y0a0,parity,equality,eq_odds
0.8114666666666667,0.7818631999608864,0.8299746230780713,0.9528706083976007,0.656894318014611,0.8114666666666667,0.743202416918429,0.9077215560105294,0.9279835390946503,0.9551318003365115,0.23295454545454544,0.7374076561450638,0.16451913909210036,0.027148261241861205,0.5316013719323796
0.8057333333333334,0.7851218826268147,0.8136448867734025,0.9715811229762314,0.6206108424091911,0.8057333333333333,0.8201438848920863,0.9350477590007348,0.9726027397260274,0.9714825306893295,0.3967391304347826,0.8072847682119205,0.11490387410864844,0.00112020903669785,0.4116658468138358
0.8182666666666667,0.7810502284073322,0.8275364410448838,0.9715350728566587,0.6326863546780559,0.8182666666666667,0.7961165048543689,0.9374539017554212,0.9613259668508287,0.9725695092367979,0.29213483146067415,0.8049295774647888,0.1413373969010523,0.01124354238596914,0.5240382883900838
0.8126666666666668,0.7925694913219598,0.8212234348075819,0.9727844871576798,0.6196171220269355,0.8126666666666666,0.8112903225806452,0.9390988372093023,0.9626373626373627,0.9736356932153393,0.3939393939393939,0.8104395604395604,0.12780851462865717,0.010998330577976612,0.42749849707814314
0.8113333333333334,0.7962853127965546,0.82203512846567,0.9677033492822966,0.6312789289692602,0.8113333333333334,0.7725947521865889,0.9332257117698856,0.9573170731707317,0.9686567164179104,0.30412371134020616,0.8026134800550206,0.16063095958329665,0.011339643247178732,0.5098294119619933
