acc,auc,precision,recall,maf1,mif1,yp1.a1,yp1.a0,yp1.y1a1,yp1.y1a0,yp1.y0a1,yp1.y0a0,parity,equality,eq_odds
0.7842666666666667,0.6887459181546585,0.7897485227428885,0.9849185946872322,0.5098050304547006,0.7842666666666668,0.93202416918429,0.973968996782685,0.9650205761316872,0.9867264909328847,0.8409090909090909,0.9281396910678308,0.04194482759839502,0.021705914801197435,0.10893651495993728
0.7805333333333334,0.6910759479771161,0.7886483485983903,0.978815018945918,0.5227667882487053,0.7805333333333334,0.897841726618705,0.9672299779573843,0.9530332681017613,0.9813031161473088,0.7445652173913043,0.9178807947019868,0.06938825133867932,0.028269848045547552,0.20158542535623003
0.7912,0.693155923046811,0.8022023975466964,0.9750931887495764,0.5331546455743458,0.7912,0.9098474341192788,0.9614987461277474,0.9502762430939227,0.977607762642284,0.7865168539325843,0.9007042253521127,0.05165131200846862,0.027331519548361327,0.14151889096788972
0.79,0.6898995042843761,0.7967457253171539,0.9828202075182855,0.5186791014316409,0.79,0.9112903225806451,0.9719476744186046,0.9406593406593406,0.9863569321533924,0.8303030303030303,0.9182692307692307,0.060657351837959506,0.045697591494051726,0.13366379196025213
0.7834666666666668,0.7010463707536714,0.7952513966480447,0.9730006835269993,0.5291453609452597,0.7834666666666666,0.9329446064139941,0.956853536835926,0.9613821138211383,0.9740671641791044,0.8608247422680413,0.8933975240715268,0.023908930421931873,0.012685050357966188,0.04525783216145174
