acc,auc,precision,recall,maf1,mif1,yp1.a1,yp1.a0,yp1.y1a1,yp1.y1a0,yp1.y0a1,yp1.y0a0,parity,equality,eq_odds
0.782,0.7334063111955144,0.7871205906480722,0.9866323907455012,0.4961748112550664,0.782,0.9501510574018127,0.9776250365603978,0.9711934156378601,0.988035146756403,0.8920454545454546,0.9402283411685695,0.02747397915858507,0.016841731118542924,0.0650246177416578
0.7798666666666667,0.7279671093006828,0.7860388269310202,0.9832931450223906,0.5093365536758468,0.7798666666666667,0.935251798561151,0.9717854518736223,0.9706457925636007,0.9845136921624174,0.8369565217391305,0.9271523178807947,0.03653365331247127,0.013867899598816624,0.1040636957404808
0.7921333333333334,0.727379488678028,0.8014716090517839,0.9781430023720773,0.5291732394834093,0.7921333333333334,0.9181692094313454,0.9648915769287506,0.9558011049723757,0.9804067923119985,0.8033707865168539,0.9063380281690141,0.046722367497405215,0.02460568733962276,0.12757292899178296
0.7889333333333334,0.7263740733204973,0.7924040294037571,0.990134376594659,0.4942357357757129,0.7889333333333334,0.9467741935483871,0.9824127906976744,0.967032967032967,0.9920722713864307,0.8909090909090909,0.9464285714285714,0.0356385971492873,0.025039304353463687,0.08055878487294421
0.784,0.732939717729894,0.7875,0.9904306220095693,0.4856719638644551,0.7840000000000001,0.956268221574344,0.9838567654828295,0.9695121951219512,0.9923507462686567,0.9226804123711341,0.952544704264099,0.02758854390848553,0.02283855114670552,0.05270284303967043
