acc,auc,precision,recall,maf1,mif1,yp1.a1,yp1.a0,yp1.y1a1,yp1.y1a0,yp1.y0a1,yp1.y0a0,parity,equality,eq_odds
0.7854666666666668,0.6800282544755553,0.789531378459852,0.9874892887746358,0.5078369045524974,0.7854666666666666,0.9924471299093656,0.9711904065516233,0.9897119341563786,0.9872873434286783,1.0,0.9133646742780389,0.021256723357742313,0.002424590727700293,0.08905991644966138
0.7832,0.6707813762662977,0.7895538930451649,0.981570788839132,0.5261395343632186,0.7832,0.9856115107913669,0.9600293901542983,0.9804305283757339,0.9816808309726157,1.0,0.8841059602649006,0.02558212063706855,0.0012503025968818582,0.11714434233198123
0.7952,0.6715343094489935,0.7956392199349945,0.9954252795662487,0.4941201123966744,0.7952000000000001,0.9972260748959778,0.9831833603776369,0.996316758747698,0.9953349505504758,1.0,0.9373239436619718,0.014042714518340937,0.000981808197222156,0.06365786453525035
0.7890666666666667,0.6792822957821307,0.7893602693602694,0.996938254805239,0.47415268779995245,0.7890666666666667,1.0,0.9890988372093024,1.0,0.9966814159292036,1.0,0.9608516483516484,0.010901162790697638,0.0033185840707964376,0.04246693571914806
0.786,0.6822452825023724,0.7900560032782407,0.9883800410116199,0.4998352728506098,0.786,0.9956268221574344,0.9741708247725271,0.9939024390243902,0.9878731343283582,1.0,0.9236588720770289,0.02145599738490722,0.006029304696032023,0.08237043261900312
