acc,auc,precision,recall,maf1,mif1,yp1.a1,yp1.a0,yp1.y1a1,yp1.y1a0,yp1.y0a1,yp1.y0a0,parity,equality,eq_odds
0.7864,0.7300588506244035,0.7944900514818423,0.9785775492716366,0.5335342119170187,0.7864,0.9577039274924471,0.9583211465340743,0.977366255144033,0.978687605159843,0.9034090909090909,0.8851578240429818,0.0006172190416271484,0.0013213500158100189,0.019572616881919136
0.7861333333333334,0.7352468602077157,0.7913200221852468,0.9829486737857389,0.5337512183317084,0.7861333333333335,0.943884892086331,0.963409257898604,0.9784735812133072,0.9833805476864967,0.8478260869565217,0.8933774834437086,0.019524365812273015,0.004906966473189556,0.050458362960376424
0.8037333333333334,0.7295935829648125,0.8110955056179775,0.9784818705523551,0.5713872409125166,0.8037333333333333,0.9237170596393898,0.9520578256379997,0.9723756906077348,0.9791005784661317,0.7752808988764045,0.85,0.028340765998609907,0.006724887858396977,0.08144398898199245
0.7993333333333333,0.7427422063642285,0.8064742152466368,0.9789079775472019,0.5630888985872724,0.7993333333333333,0.9290322580645162,0.9534883720930233,0.967032967032967,0.9799041297935103,0.8242424242424242,0.8550824175824175,0.024456114028507114,0.012871162760543231,0.04371115610053655
0.7945333333333334,0.7516915012044674,0.8013420942261988,0.9794941900205059,0.5545380174773729,0.7945333333333333,0.9329446064139941,0.9558262400939243,0.9634146341463414,0.9809701492537314,0.8556701030927835,0.8631361760660248,0.022881633679930125,0.017555515107389952,0.025021588080631263
