acc,auc,precision,recall,maf1,mif1,yp1.a1,yp1.a0,yp1.y1a1,yp1.y1a0,yp1.y0a1,yp1.y0a0,parity,equality,eq_odds
0.7834666666666668,0.6964060718816503,0.7896546980327418,0.9837189374464439,0.5097641458400952,0.7834666666666666,0.947129909365559,0.9713366481427318,0.9732510288065843,0.9846700317816415,0.875,0.9234385493619879,0.02420673877717283,0.011419002975057158,0.05985755233704504
0.7812,0.6902072968524601,0.7864905764204154,0.9846710299689976,0.5110128876859278,0.7812000000000001,0.9410071942446043,0.9720793534166055,0.9726027397260274,0.9858356940509915,0.8532608695652174,0.9238410596026491,0.031072159172001124,0.013232954324964075,0.08381314436239573
0.7914666666666667,0.6882996430220933,0.8029329608938548,0.9740765842087428,0.5366229077516943,0.7914666666666667,0.9112343966712899,0.9592860303879628,0.9539594843462247,0.9761149468184362,0.7808988764044944,0.895774647887324,0.04805163371667287,0.022155462472211562,0.13703123395504113
0.7918666666666667,0.6887315961337938,0.7988648947951273,0.981629528831434,0.5289943741229368,0.7918666666666667,0.9387096774193548,0.9654069767441861,0.9758241758241758,0.9821165191740413,0.8363636363636363,0.9031593406593407,0.026697299324831225,0.0062923433498655035,0.07308804764556986
0.7889333333333334,0.6932414401515704,0.7964171642827385,0.9800068352699932,0.5328397429609307,0.7889333333333334,0.9314868804664723,0.9630173172879366,0.967479674796748,0.9811567164179105,0.8402061855670103,0.8961485557083907,0.03153043682146428,0.013677041621162456,0.06961941176254283
