acc,auc,precision,recall,maf1,mif1,yp1.a1,yp1.a0,yp1.y1a1,yp1.y1a0,yp1.y0a1,yp1.y0a0,parity,equality,eq_odds
0.7788,0.6745107575441766,0.7789206518835159,0.9993144815766923,0.44368582630416165,0.7788,1.0,0.9979526177244809,1.0,0.9992521966722752,1.0,0.9932840832773674,0.0020473822755191495,0.0007478033277248386,0.0074637200503574475
0.7738666666666667,0.6724360684566428,0.7768049568965517,0.993282810885291,0.45680720499122435,0.7738666666666667,0.9884892086330935,0.9900073475385746,0.9921722113502935,0.9933899905571294,0.9782608695652174,0.9781456953642385,0.0015181389054810257,0.0012177792068358562,0.0013329534078148075
0.7872,0.6628458289737807,0.7872965038697625,0.9996611318197222,0.44292374468427315,0.7872,0.9986130374479889,0.9992624280867385,1.0,0.999626796044038,0.9943820224719101,0.997887323943662,0.0006493906387495807,0.00037320395596196487,0.003878505427713841
0.7838666666666667,0.6512043882286191,0.7838666666666667,1.0,0.43941998654607967,0.7838666666666667,1.0,1.0,1.0,1.0,1.0,1.0,0.0,0.0,0.0
0.7808,0.688196695677853,0.780982905982906,0.9993164730006835,0.4432000867036361,0.7808,0.9941690962099126,0.9988259465805694,0.9959349593495935,0.9996268656716418,0.9896907216494846,0.9958734525447043,0.004656850370656884,0.0036919063220482995,0.009874637217268
