acc,auc,precision,recall,maf1,mif1,yp1.a1,yp1.a0,yp1.y1a1,yp1.y1a0,yp1.y0a1,yp1.y0a0,parity,equality,eq_odds
0.6564501372369625,0.6757988803242991,0.7152230971128609,0.505097312326228,0.6476744318307415,0.6564501372369624,0.21964529331514324,0.4136269786648314,0.35638297872340424,0.5846372688477952,0.07563025210084033,0.25333333333333335,0.19398168534968815,0.22825429012439097,0.405957371356884
0.6189387008234218,0.6417925065291636,0.6567342073897497,0.5027372262773723,0.6138476692760935,0.6189387008234217,0.214992927864215,0.4645030425963489,0.3,0.6147308781869688,0.11041009463722397,0.32729624838292365,0.2495101147321339,0.3147308781869688,0.5316170319326685
0.6591948764867338,0.6724567690976995,0.7203994293865906,0.4791271347248577,0.6454107321512748,0.6591948764867338,0.24403927068723702,0.3577732518669382,0.3713527851458886,0.5391432791728212,0.10119047619047619,0.20351758793969849,0.11373398117970118,0.16779049402693264,0.27011760577615496
0.6148215919487648,0.6320855198538998,0.6661870503597123,0.4315004659832246,0.6002034808960806,0.6148215919487648,0.13636363636363635,0.40821917808219177,0.21727019498607242,0.5392156862745098,0.05722070844686648,0.2828418230563003,0.2718555417185554,0.32194549128843736,0.5475666058978712
0.6363220494053066,0.6597286300342355,0.6645569620253164,0.4976303317535545,0.6272516979225985,0.6363220494053065,0.1824712643678161,0.4449664429530201,0.2849002849002849,0.6036931818181818,0.0782608695652174,0.30279898218829515,0.262495178585204,0.31879289691789686,0.5433310095409747
