acc,auc,precision,recall,maf1,mif1,yp1.a1,yp1.a0,yp1.y1a1,yp1.y1a0,yp1.y0a1,yp1.y0a0,parity,equality,eq_odds
0.6967063129002745,0.7575308530348202,0.7865013774104683,0.5291936978683967,0.687204417457027,0.6967063129002745,0.3969986357435198,0.2993805918788713,0.6037234042553191,0.48933143669985774,0.1792717086834734,0.12133333333333333,0.09761804386464851,0.11439196755546138,0.17233034290560145
0.6916742909423605,0.7408608451081498,0.8049132947976878,0.5082116788321168,0.6811032961400738,0.6916742909423604,0.36916548797736914,0.2914131169709263,0.5564102564102564,0.48158640226628896,0.138801261829653,0.11772315653298836,0.07775237100644283,0.07482385414396747,0.09590195944063211
0.7058554437328454,0.758302545912928,0.7426210153482881,0.5967741935483871,0.7007692175048554,0.7058554437328454,0.423562412342216,0.3699932111337407,0.6180371352785146,0.5849335302806499,0.20535714285714285,0.1871859296482412,0.0535692012084753,0.03310360499786469,0.051274818206766326
0.7035681610247027,0.7583133835573653,0.7575757575757576,0.5824790307548928,0.6983319888271107,0.7035681610247027,0.4201101928374656,0.3561643835616438,0.6211699164345403,0.5630252100840336,0.22343324250681199,0.1581769436997319,0.06394580927582177,0.058144706350506725,0.12340100515758681
0.7012808783165599,0.7639332721535695,0.7791666666666667,0.5317535545023697,0.6903343511201984,0.7012808783165599,0.34051724137931033,0.32416107382550335,0.5299145299145299,0.5326704545454546,0.14782608695652175,0.13740458015267176,0.016356167553806977,0.0027559246309246666,0.01317743143477465
