acc,auc,precision,recall,maf1,mif1,yp1.a1,yp1.a0,yp1.y1a1,yp1.y1a0,yp1.y0a1,yp1.y0a0,parity,equality,eq_odds
0.7812,0.7034271803937613,0.7880494505494505,0.9832047986289632,0.5021595334477398,0.7812000000000001,0.9909365558912386,0.9687042995027786,0.9938271604938271,0.9822396709665357,0.9829545454545454,0.9200805910006716,0.022232256388460048,0.011587489527291384,0.07446144398116517
0.7789333333333334,0.7002014872047441,0.7834107679693906,0.9874267998622115,0.4949356279515905,0.7789333333333334,0.9870503597122302,0.9745775165319618,0.9882583170254403,0.9873465533522191,0.9836956521739131,0.9298013245033112,0.012472843180268423,0.0009117636732212109,0.05480609134382308
0.7870666666666667,0.6899636596745594,0.7953079983536836,0.9822094205354117,0.49806221212437796,0.7870666666666667,0.9736477115117892,0.9716772385307567,0.9815837937384899,0.9822728120918082,0.949438202247191,0.9316901408450704,0.0019704729810324784,0.0006890183533182492,0.018437079755438845
0.788,0.6959174317269543,0.7938878991366315,0.9853716618472529,0.5038077605215224,0.788,0.9758064516129032,0.9726744186046512,0.9868131868131869,0.9852507374631269,0.9454545454545454,0.9258241758241759,0.0031320330082520442,0.0015624493500600023,0.021192818980429573
0.7824,0.7003253078360065,0.7911147902869757,0.9798359535201641,0.5082362394535959,0.7824,0.9591836734693877,0.9671265042559436,0.9695121951219512,0.9807835820895522,0.9329896907216495,0.9167812929848693,0.007942830786555888,0.011271386967600994,0.02747978470438117
