acc,auc,precision,recall,maf1,mif1,yp1.a1,yp1.a0,yp1.y1a1,yp1.y1a0,yp1.y0a1,yp1.y0a0,parity,equality,eq_odds
0.5866666666666667,0.6156444444444443,0.5822784810126582,0.6133333333333333,0.5863725315780111,0.5866666666666667,0.3404255319148936,0.6116504854368932,0.47619047619047616,0.6666666666666666,0.23076923076923078,0.5510204081632653,0.27122495352199955,0.19047619047619047,0.5107273678702249
0.6866666666666668,0.765511111111111,0.78,0.52,0.6777142857142857,0.6866666666666666,0.2916666666666667,0.35294117647058826,0.44,0.56,0.13043478260869565,0.15384615384615385,0.06127450980392157,0.12000000000000005,0.14341137123745826
0.6066666666666667,0.6908444444444445,0.6212121212121212,0.5466666666666666,0.6052455506490031,0.6066666666666667,0.1702127659574468,0.5631067961165048,0.2608695652173913,0.6730769230769231,0.08333333333333333,0.45098039215686275,0.392894030159058,0.41220735785953183,0.7798544166830612
0.6066666666666667,0.6629333333333334,0.6290322580645161,0.52,0.6036899377546909,0.6066666666666667,0.2830188679245283,0.4845360824742268,0.36,0.6,0.21428571428571427,0.3617021276595745,0.2015172145496985,0.24,0.38741641337386024
0.5733333333333334,0.6664888888888889,0.5873015873015873,0.49333333333333335,0.5705850778314547,0.5733333333333334,0.4358974358974359,0.4144144144144144,0.5294117647058824,0.4827586206896552,0.36363636363636365,0.33962264150943394,0.021483021483021503,0.046653144016227166,0.07066686614315687
