acc,auc,precision,recall,maf1,mif1,yp1.a1,yp1.a0,yp1.y1a1,yp1.y1a0,yp1.y0a1,yp1.y0a0,parity,equality,eq_odds
0.7808,0.7033528129672088,0.7851408354878214,0.988860325621251,0.4850085272229588,0.7808,0.9894259818731118,0.9789412108803743,0.9938271604938271,0.9884090484202654,0.9772727272727273,0.9449294828744124,0.01048477099273748,0.005418112073561687,0.03776135647187662
0.7772,0.6993757424737915,0.7792786708091314,0.9936272821219428,0.47024850956272773,0.7772,0.9913669064748202,0.9866274797942689,0.9902152641878669,0.9939565627950897,0.9945652173913043,0.9609271523178808,0.004739426680551273,0.0037412986072228316,0.037379363680646316
0.7886666666666667,0.6883172438099301,0.7930753564154787,0.9896645205015249,0.4829658392974755,0.7886666666666666,0.9833564493758669,0.981855730933766,0.992633517495396,0.989363687255085,0.9550561797752809,0.9535211267605633,0.001500718442100868,0.0032698302403110224,0.004804883255028591
0.7868,0.6990668487330192,0.7941985152598295,0.9826501105630209,0.5063512841720271,0.7868,0.9548387096774194,0.9712209302325582,0.9758241758241758,0.9832227138643068,0.896969696969697,0.926510989010989,0.016382220555138827,0.00739853804013102,0.0369398300814231
0.7813333333333333,0.6948637280259342,0.7873908296943232,0.9859876965140123,0.48723507145358436,0.7813333333333333,0.9693877551020408,0.9778397417082477,0.9796747967479674,0.9865671641791045,0.9432989690721649,0.9456671251719395,0.00845198660620694,0.006892367431137081,0.009260523530911668
