acc,auc,precision,recall,maf1,mif1,yp1.a1,yp1.a0,yp1.y1a1,yp1.y1a0,yp1.y0a1,yp1.y0a0,parity,equality,eq_odds
0.6898444647758464,0.7538195307810354,0.7669773635153129,0.5338276181649676,0.68139453895861,0.6898444647758463,0.37517053206002726,0.32759807295251203,0.574468085106383,0.5120910384068279,0.16526610644257703,0.15466666666666667,0.04757245910751523,0.06237704669955513,0.07297648647546548
0.6925892040256176,0.7488029866738097,0.7819148936170213,0.5364963503649635,0.6850597896556692,0.6925892040256175,0.39462517680339465,0.3198106828938472,0.5666666666666667,0.5198300283286119,0.1829652996845426,0.1371280724450194,0.07481449390954747,0.04683663833805474,0.09267386557757792
0.6838975297346752,0.7344165923522036,0.7538461538461538,0.5113851992409867,0.6719604526411779,0.6838975297346752,0.3688639551192146,0.30685675492192804,0.5490716180371353,0.49039881831610044,0.16666666666666666,0.1507537688442211,0.06200720019728656,0.058672799721034896,0.07458569754348046
0.6756633119853614,0.7424465082239968,0.7166666666666667,0.5610438024231128,0.6705246757752388,0.6756633119853613,0.40633608815426997,0.3732876712328767,0.5821727019498607,0.5504201680672269,0.23433242506811988,0.2037533512064343,0.033048416921393264,0.03175253388263377,0.06233160774431934
0.6916742909423605,0.7444345271768054,0.7458064516129033,0.547867298578199,0.6832742171948426,0.6916742909423604,0.35919540229885055,0.3523489932885906,0.5327635327635327,0.5553977272727273,0.1826086956521739,0.17048346055979643,0.006846409010259957,0.022634194509194572,0.03475942960157205
