acc,auc,precision,recall,maf1,mif1,yp1.a1,yp1.a0,yp1.y1a1,yp1.y1a0,yp1.y0a1,yp1.y0a0,parity,equality,eq_odds
0.6898444647758464,0.7488164038266888,0.7662682602921647,0.5347544022242817,0.6814917649485954,0.6898444647758463,0.3874488403819918,0.32278045423262214,0.5797872340425532,0.5106685633001422,0.18487394957983194,0.14666666666666667,0.06466838614936965,0.06911867074241096,0.10732595365557623
0.6925892040256176,0.7462599611598473,0.7585365853658537,0.5675182481751825,0.6878268379427825,0.6925892040256175,0.4200848656294201,0.35361730899256255,0.6051282051282051,0.546742209631728,0.19242902208201892,0.17723156532988357,0.06646755663685755,0.05838599549647705,0.0735834522486124
0.6930466605672462,0.7418801670902032,0.7158962795941376,0.6024667931688804,0.6891419033431945,0.6930466605672461,0.453015427769986,0.38289205702647655,0.6286472148541115,0.5878877400295421,0.25595238095238093,0.20854271356783918,0.07012337074350944,0.04075947482456932,0.08816914220911107
0.6861848124428179,0.7364042172109837,0.7263157894736842,0.5787511649580616,0.6817517368303102,0.6861848124428179,0.40771349862258954,0.38287671232876713,0.6016713091922006,0.5672268907563025,0.21798365122615804,0.2064343163538874,0.02483678629382241,0.03444441843589807,0.04599375330816871
0.6994510521500458,0.7485897226377697,0.7438725490196079,0.5753554502369668,0.6930779799250797,0.6994510521500458,0.39080459770114945,0.3651006711409396,0.5754985754985755,0.5752840909090909,0.2028985507246377,0.17684478371501272,0.025703926560209867,0.00021448458948458704,0.02626825159910956
