acc,auc,precision,recall,maf1,mif1,yp1.a1,yp1.a0,yp1.y1a1,yp1.y1a0,yp1.y0a1,yp1.y0a0,parity,equality,eq_odds
0.699177438307873,0.7607218793436924,0.7869177403369673,0.5894580549368968,0.6973755209137213,0.699177438307873,0.480225988700565,0.3501199040767386,0.6715176715176715,0.5438799076212472,0.2524752475247525,0.14089775561097256,0.1301060846238264,0.12763776389642434,0.23921525581020425
0.7152369761065414,0.7869671245562586,0.7950819672131147,0.6349090909090909,0.7149570853251578,0.7152369761065415,0.5146396396396397,0.384984984984985,0.7142857142857143,0.5879629629629629,0.2440318302387268,0.16604244694132334,0.12965465465465464,0.1263227513227514,0.20431213462015485
0.7203290246768508,0.7911049750998471,0.7746598639455783,0.6698529411764705,0.7203166235009636,0.7203290246768508,0.5343589743589744,0.41508238276299114,0.7304832713754646,0.6301703163017032,0.2929061784897025,0.18121693121693122,0.11927659159598325,0.10031295507376148,0.21200220234653278
0.708969839404622,0.7829899544487706,0.796028880866426,0.6304503216583274,0.7088753260781316,0.7089698394046219,0.49415515409139216,0.3988833746898263,0.6721915285451197,0.6039719626168224,0.25125628140703515,0.16666666666666666,0.09527177940156584,0.06821956592829725,0.15280918066866575
0.7211124167645907,0.7887093104063271,0.8124373119358074,0.6067415730337079,0.7190068029398198,0.7211124167645907,0.4750542299349241,0.34273451870018395,0.6837944664031621,0.5597104945717732,0.22115384615384615,0.11845386533665836,0.13231971123474012,0.12408397183138886,0.22678395264857665
