acc,auc,precision,recall,maf1,mif1,yp1.a1,yp1.a0,yp1.y1a1,yp1.y1a0,yp1.y0a1,yp1.y0a0,parity,equality,eq_odds
0.4666666666666667,0.49911111111111106,0.4691358024691358,0.5066666666666667,0.4658119658119658,0.4666666666666667,0.5531914893617021,0.5339805825242718,0.5238095238095238,0.5,0.5769230769230769,0.5714285714285714,0.01921090683743032,0.023809523809523836,0.02930402930402931
0.5,0.45982222222222224,0.5,0.9733333333333334,0.3556331977776505,0.5,1.0,0.9607843137254902,1.0,0.96,1.0,0.9615384615384616,0.039215686274509776,0.040000000000000036,0.07846153846153847
0.5,0.4801777777777778,0.5,1.0,0.3333333333333333,0.5,1.0,1.0,1.0,1.0,1.0,1.0,0.0,0.0,0.0
0.5,0.519911111111111,0.5,1.0,0.3333333333333333,0.5,1.0,1.0,1.0,1.0,1.0,1.0,0.0,0.0,0.0
0.52,0.5057777777777778,0.5189873417721519,0.5466666666666666,0.5196584237680129,0.52,0.7692307692307693,0.44144144144144143,0.7647058823529411,0.4827586206896552,0.7727272727272727,0.39622641509433965,0.32778932778932784,0.28194726166328593,0.658448119296219
