acc,auc,precision,recall,maf1,mif1,yp1.a1,yp1.a0,yp1.y1a1,yp1.y1a0,yp1.y0a1,yp1.y0a0,parity,equality,eq_odds
0.8611994066539521,0.9190204027254387,0.953285827395091,0.6688888888888889,0.8417061320120605,0.8611994066539521,0.23771856786011658,0.2986620630125162,0.6654676258992805,0.6718426501035196,0.01020408163265306,0.03182827535159141,0.06094349515239961,0.006375024204239077,0.02799921792317743
0.872430599703327,0.9095094329365488,0.8904494382022472,0.7397899649941657,0.8563012534523051,0.8724305997033269,0.23099787685774947,0.37225042301184436,0.7014925373134329,0.7686796315250768,0.01668726823238566,0.09300648882480173,0.14125254615409488,0.06718709421164393,0.14350631480406
0.8660733206187752,0.9085136166718906,0.8805970149253731,0.7400228050171037,0.8512208992571042,0.8660733206187752,0.24797958315610377,0.3762668918918919,0.7215528781793842,0.7537239324726912,0.02743142144638404,0.09698750918442321,0.1282873087357881,0.03217105429330702,0.1017271420313462
0.8688281415554143,0.9149959839693601,0.9410887397464579,0.7003329633740288,0.8523611985432535,0.8688281415554142,0.24247491638795987,0.3270305113880533,0.6855421686746987,0.7129629629629629,0.007042253521126761,0.05018450184501845,0.08455559500009341,0.02742079428826416,0.07056304261215585
0.8597160415342234,0.9110760163851397,0.9354317998385795,0.6657093624353819,0.8376719162123457,0.8597160415342233,0.23265475695886997,0.2936851211072664,0.6495215311004785,0.6806629834254143,0.010821133036282623,0.04477611940298507,0.06103036414839644,0.031141452324935814,0.06509643869163827
