acc,auc,precision,recall,maf1,mif1,yp1.a1,yp1.a0,yp1.y1a1,yp1.y1a0,yp1.y0a1,yp1.y0a0,parity,equality,eq_odds
0.5062646828504307,0.547928472182499,0.5272496831432193,0.6176688938381588,0.4956217234183336,0.5062646828504307,0.6350282485875707,0.6087477531455961,0.6548856548856549,0.5969976905311778,0.6113861386138614,0.6214196762141968,0.026280495441974527,0.05788796435447707,0.0679215019548125
0.5892717306186375,0.6481928870375488,0.6296590007930214,0.5770348837209303,0.588837492539549,0.5892717306186375,0.5399325084364455,0.4690690690690691,0.634765625,0.5428240740740741,0.41114058355437666,0.3895131086142322,0.07086343936737638,0.09194155092592593,0.11356902586607037
0.3484729835552075,0.37741341511478965,0.4269230769230769,0.6529411764705882,0.259338575651107,0.3484729835552075,0.8287179487179487,0.8055731475617479,0.6914498141263941,0.6277372262773723,0.9977116704805492,0.9986789960369881,0.023144801156200767,0.06371258784902178,0.06467991340546064
0.5403288958496476,0.5774644226395478,0.577213452299245,0.6011436740528949,0.5338105935091622,0.5403288958496476,0.5759829968119022,0.5672659640421575,0.6353591160220995,0.5794392523364486,0.4949748743718593,0.5535006605019815,0.008717032769744781,0.05591986368565094,0.11444564981577321
0.47572435395458107,0.4771085907003727,0.49892163910855497,0.5194610778443114,0.47330773956578076,0.47572435395458107,0.5731310942578548,0.5285101164929491,0.5857988165680473,0.47889022919179736,0.5576923076923077,0.5798004987531172,0.0446209777649057,0.10690858737624997,0.1290167784370595
