acc,auc,precision,recall,maf1,mif1,yp1.a1,yp1.a0,yp1.y1a1,yp1.y1a0,yp1.y0a1,yp1.y0a0,parity,equality,eq_odds
0.7852,0.730210621932987,0.7905089408528198,0.9849185946872322,0.513468947278879,0.7852,1.0,0.9663644340450425,1.0,0.9835483267900542,1.0,0.9046339825386165,0.033635565954957536,0.016451673209945783,0.1118176906713293
0.7797333333333334,0.7286989581676896,0.7848326933625891,0.9857044436789528,0.502657231363856,0.7797333333333334,1.0,0.9694342395297575,1.0,0.984324834749764,1.0,0.9172185430463576,0.03056576047024251,0.015675165250236045,0.09845662220387841
0.7906666666666667,0.722423488527043,0.8001662971175166,0.9783124364622162,0.5230491027328334,0.7906666666666666,1.0,0.9581059153267444,1.0,0.9761149468184362,1.0,0.8901408450704226,0.041894084673255616,0.023885053181563753,0.13374420811114118
0.7865333333333334,0.7282697991649194,0.790625,0.98979418268413,0.48496344173357,0.7865333333333333,1.0,0.9796511627906976,1.0,0.9889380530973452,1.0,0.945054945054945,0.02034883720930236,0.011061946902654829,0.0660070018477098
0.7845333333333334,0.7274359877794664,0.787069666576308,0.9923103212576897,0.4824295066425817,0.7845333333333334,1.0,0.9820956853536836,1.0,0.9916044776119403,1.0,0.9470426409903714,0.017904314646316366,0.00839552238805974,0.06135288139768835
