acc,auc,precision,recall,maf1,mif1,yp1.a1,yp1.a0,yp1.y1a1,yp1.y1a0,yp1.y0a1,yp1.y0a0,parity,equality,eq_odds
0.9361702127659575,0.979477665191951,0.8884758364312267,0.9192307692307692,0.9279417719862564,0.9361702127659575,0.3617021276595745,0.331306990881459,0.9347826086956522,0.9158878504672897,0.08421052631578947,0.04954954954954955,0.030395136778115506,0.018894758228362507,0.05355573499460243
0.932415519399249,0.981202520718232,0.8825757575757576,0.91015625,0.9230305408876838,0.932415519399249,0.35374149659863946,0.32515337423312884,0.9347826086956522,0.9047619047619048,0.0891089108910891,0.049773755656108594,0.028588122365510615,0.03002070393374745,0.06935585916872797
0.9486858573216521,0.9864944339424491,0.9194139194139194,0.9296296296296296,0.9428154975430512,0.9486858573216521,0.32450331125827814,0.345679012345679,0.9591836734693877,0.9230769230769231,0.0196078431372549,0.0468384074941452,0.021175701087400856,0.03610675039246458,0.06333731474935489
0.9474342928660826,0.9774896083367485,0.9291666666666667,0.8991935483870968,0.9380482941958352,0.9474342928660826,0.3116883116883117,0.29767441860465116,0.9583333333333334,0.885,0.018867924528301886,0.033707865168539325,0.014013893083660522,0.07333333333333336,0.0881732739735708
0.9424280350438048,0.980640699044019,0.9247311827956989,0.911660777385159,0.9368739608953132,0.9424280350438048,0.3333333333333333,0.35276073619631904,0.8888888888888888,0.9170305676855895,0.010752688172043012,0.04728132387706856,0.01942740286298572,0.02814167879670071,0.06467031450172625
