acc,auc,precision,recall,maf1,mif1,yp1.a1,yp1.a0,yp1.y1a1,yp1.y1a0,yp1.y0a1,yp1.y0a0,parity,equality,eq_odds
0.8821784276329732,0.933041757070534,0.962109955423477,0.7194444444444444,0.8674507310870947,0.882178427632973,0.22689425478767694,0.34570565386275354,0.6402877697841727,0.7877846790890269,0.00701530612244898,0.029607698001480384,0.1188113990750766,0.14749690930485426,0.17008930118388565
0.8940453485908032,0.9336708364316959,0.956390977443609,0.7421236872812136,0.8787720666179735,0.8940453485908031,0.21273885350318472,0.3506768189509306,0.66078697421981,0.8034800409416581,0.00865265760197775,0.03172314347512617,0.1379379654477459,0.14269306672184812,0.16576355259499653
0.8919262555626193,0.9338119951313404,0.9655688622754491,0.7354618015963512,0.8773055958301981,0.8919262555626192,0.21352615908124203,0.35219594594594594,0.6559571619812584,0.7944389275074478,0.007481296758104738,0.024981631153563555,0.1386697868647039,0.1384817655261894,0.15598209992164822
0.8906547997457089,0.9312041205121191,0.9734904270986745,0.7336293007769146,0.8772585399687879,0.8906547997457088,0.22909698996655517,0.3480876665234207,0.6506024096385542,0.8045267489711934,0.005121638924455826,0.020664206642066422,0.11899067655686554,0.15392433933263916,0.16946690705024975
0.8845094299639755,0.9362948430168931,0.9642857142857143,0.7133831131533601,0.8675179820223304,0.8845094299639754,0.22600747818861652,0.3217993079584775,0.6303827751196173,0.7900552486187845,0.010821133036282623,0.02061122956645345,0.09579182976986098,0.15967247349916724,0.16946257002933807
