acc,auc,precision,recall,maf1,mif1,yp1.a1,yp1.a0,yp1.y1a1,yp1.y1a0,yp1.y0a1,yp1.y0a0,parity,equality,eq_odds
0.8499682136045773,0.9072102318145483,0.9219474497681608,0.6627777777777778,0.8297842466116333,0.8499682136045772,0.2343880099916736,0.3154941735002158,0.5983213429256595,0.7184265010351967,0.04081632653061224,0.027387120651369355,0.08110616350854219,0.12010515810953715,0.13353436398878005
0.8590803136257682,0.9019046435637221,0.841249186727391,0.7543757292882147,0.8439820607969489,0.8590803136257682,0.28832271762208067,0.3629441624365482,0.7069199457259159,0.7901740020470829,0.09765142150803462,0.06200432588320115,0.07462144481446753,0.083254056321167,0.11890115194600047
0.8561135833863107,0.9009258529287911,0.8809355067328136,0.7086659064994298,0.8386121820515668,0.8561135833863106,0.2526584432156529,0.3450168918918919,0.6639892904953146,0.7418073485600795,0.06109725685785536,0.05143277002204261,0.09235844867623899,0.07781805806476483,0.08748254490057758
0.8552659461750372,0.9129643785121242,0.9395129615082483,0.6637069922308546,0.8352734367513406,0.855265946175037,0.22408026755852842,0.3167168027503223,0.5843373493975904,0.7314814814814815,0.03265044814340589,0.01918819188191882,0.0926365351917939,0.1471441320838911,0.16060638834537816
0.8590803136257682,0.9068795328098184,0.9446280991735537,0.6565192418150488,0.8360699711860182,0.8590803136257682,0.2193601994183631,0.29498269896193774,0.5849282296650717,0.7226519337016575,0.024824952259707194,0.01990049751243781,0.07562249954357464,0.13772370403658574,0.14264815878385512
