acc,auc,precision,recall,maf1,mif1,yp1.a1,yp1.a0,yp1.y1a1,yp1.y1a0,yp1.y0a1,yp1.y0a0,parity,equality,eq_odds
0.6752839796318056,0.7484474466720941,0.7350427350427351,0.6236403190717912,0.6752831825128536,0.6752839796318058,0.5910652920962199,0.3892857142857143,0.7369477911646586,0.5595913734392736,0.3973333333333333,0.20150187734668334,0.20177957781050565,0.17735641772538502,0.373187873712035
0.6952604778691734,0.7628844418572611,0.762655601659751,0.6513111268603827,0.6950747945912088,0.6952604778691736,0.6344586728754366,0.38961038961038963,0.8044354838709677,0.5683060109289617,0.4022038567493113,0.1797175866495507,0.24484828326504693,0.23612947294200604,0.45861574304176667
0.6980023501762632,0.7684190445714849,0.7230889235569423,0.6902457185405808,0.6977619623423734,0.6980023501762632,0.700312174817898,0.38253768844221103,0.8503787878787878,0.5865030674846625,0.5173210161662818,0.16859716859716858,0.31777448637568695,0.2638757203941253,0.6125995679632386
0.6850763807285546,0.7599756645683565,0.7280898876404495,0.6878980891719745,0.6832283298332167,0.6850763807285546,0.6920529801324503,0.42987249544626593,0.8285163776493256,0.6062639821029083,0.5090439276485789,0.2204515272244356,0.2621804846861844,0.2222523955464173,0.5108447959705605
0.7027027027027026,0.758279994527457,0.7538071065989848,0.6556291390728477,0.7026961342750815,0.7027027027027027,0.6342541436464089,0.36893203883495146,0.7967806841046278,0.574245939675174,0.4362745098039216,0.14376590330788805,0.2653221048114574,0.22253474442945376,0.5150433509254873
