acc,auc,precision,recall,maf1,mif1,yp1.a1,yp1.a0,yp1.y1a1,yp1.y1a0,yp1.y0a1,yp1.y0a0,parity,equality,eq_odds
0.5866666666666667,0.621688888888889,0.8095238095238095,0.22666666666666666,0.5251225490196079,0.5866666666666667,0.10638297872340426,0.1553398058252427,0.14285714285714285,0.25925925925925924,0.07692307692307693,0.04081632653061224,0.04895682710183845,0.1164021164021164,0.1525088667945811
0.56,0.5518222222222221,0.5420560747663551,0.7733333333333333,0.5390203017321661,0.56,0.8125,0.6666666666666666,0.88,0.72,0.7391304347826086,0.6153846153846154,0.14583333333333337,0.16000000000000003,0.28374581939799326
0.56,0.5504,0.5473684210526316,0.6933333333333334,0.5520361990950227,0.56,0.46808510638297873,0.7087378640776699,0.7391304347826086,0.6730769230769231,0.20833333333333334,0.7450980392156863,0.2406527576946912,0.06605351170568552,0.6028182175880384
0.5333333333333333,0.5733333333333335,0.5217391304347826,0.8,0.4976076555023924,0.5333333333333333,0.9433962264150944,0.6701030927835051,1.0,0.7,0.8928571428571429,0.6382978723404256,0.27329313363158925,0.30000000000000004,0.5545592705167174
0.4733333333333334,0.44355555555555554,0.46551724137931033,0.36,0.466480572689208,0.47333333333333333,0.1794871794871795,0.4594594594594595,0.23529411764705882,0.39655172413793105,0.13636363636363635,0.5283018867924528,0.27997227997228,0.16125760649087223,0.5531958569196886
