acc,auc,precision,recall,maf1,mif1,yp1.a1,yp1.a0,yp1.y1a1,yp1.y1a0,yp1.y0a1,yp1.y0a0,parity,equality,eq_odds
0.9657387580299787,0.9917847262972588,0.9470198675496688,0.9470198675496688,0.9608517059267332,0.9657387580299786,0.32894736842105265,0.32225063938618925,1.0,0.937007874015748,0.019230769230769232,0.026515151515151516,0.006696729034863402,0.06299212598425197,0.07027650826863426
0.9486081370449679,0.9798948475289169,0.92,0.92,0.9410725552050474,0.9486081370449678,0.3181818181818182,0.32189973614775724,0.9615384615384616,0.9112903225806451,0.04838709677419355,0.03529411764705882,0.003717917965939066,0.050248138957816435,0.06334111808495116
0.9487750556792872,0.9879194630872483,0.9632352941176471,0.8791946308724832,0.9408889270484531,0.9487750556792873,0.2926829268292683,0.30517711171662126,1.0,0.8571428571428571,0.01694915254237288,0.016597510373443983,0.012494184887352988,0.1428571428571429,0.14320878502607182
0.9517543859649122,0.9811533362792753,0.9366197183098591,0.910958904109589,0.9441773504273504,0.9517543859649122,0.31645569620253167,0.3103448275862069,0.9230769230769231,0.9083333333333333,0.018867924528301886,0.0311284046692607,0.0061108686163247605,0.014743589743589802,0.027004069884548617
0.9456521739130435,0.9883518017624988,0.9006622516556292,0.9315068493150684,0.937848252454994,0.9456521739130435,0.35,0.3236842105263158,0.9629629629629629,0.9243697478991597,0.03773584905660377,0.04980842911877394,0.02631578947368418,0.0385932150638032,0.05066579512597337
