acc,auc,precision,recall,maf1,mif1,yp1.a1,yp1.a0,yp1.y1a1,yp1.y1a0,yp1.y0a1,yp1.y0a0,parity,equality,eq_odds
0.6891151135473766,0.7661568344518397,0.7596244131455399,0.6005939123979213,0.6881511089458741,0.6891151135473766,0.4598870056497175,0.39424805272618335,0.6528066528066528,0.5715935334872979,0.2301980198019802,0.20298879202988793,0.06563895292353417,0.08121311931935493,0.10842234709144721
0.6949882537196554,0.7665855608639002,0.7686768676867687,0.6206395348837209,0.6947782033917078,0.6949882537196554,0.48931383577052867,0.406006006006006,0.681640625,0.5844907407407407,0.22811671087533156,0.21348314606741572,0.08330782976452267,0.0971498842592593,0.11178344906717513
0.7043852779953015,0.7703006453837817,0.7583262169086251,0.6529411764705882,0.7043613020815845,0.7043852779953015,0.5035897435897436,0.4306523115896137,0.6914498141263941,0.6277372262773723,0.2723112128146453,0.2166446499339498,0.07293743200012992,0.06371258784902178,0.1193791507297173
0.6938136256851997,0.7618942410936692,0.7585917854149203,0.6468906361686919,0.6937458291624958,0.6938136256851997,0.5005313496280552,0.4476131432114073,0.6611418047882136,0.6378504672897196,0.2814070351758794,0.23249669749009247,0.052918206416647906,0.02329133749849399,0.07220167518428092
0.7153484729835552,0.7764403459091669,0.7780821917808219,0.6377245508982036,0.7146867283763283,0.7153484729835551,0.47778981581798485,0.4009809932556714,0.6962524654832347,0.6019300361881785,0.21153846153846154,0.19326683291770574,0.07680882256231347,0.09432242929505619,0.11259405791581198
