acc,auc,precision,recall,maf1,mif1,yp1.a1,yp1.a0,yp1.y1a1,yp1.y1a0,yp1.y0a1,yp1.y0a0,parity,equality,eq_odds
0.667971808927173,0.7317134827832448,0.6984884645982498,0.651818856718634,0.6678445056266349,0.6679718089271731,0.5016949152542373,0.48711803475134813,0.6652806652806653,0.6443418013856813,0.3069306930693069,0.3175591531755915,0.014576880502889134,0.020938863894984006,0.031567324001268604
0.7012529365700861,0.7689755498085048,0.7535153019023987,0.6620639534883721,0.7012089166515255,0.7012529365700861,0.4859392575928009,0.4666666666666667,0.671875,0.65625,0.23342175066312998,0.26217228464419473,0.019272590926134203,0.015625,0.04437553398106475
0.6926389976507439,0.7741637107104148,0.7413937867338372,0.649264705882353,0.6926385735685026,0.6926389976507439,0.4717948717948718,0.4629512349588347,0.6765799256505576,0.6313868613138686,0.21967963386727687,0.2800528401585205,0.008843636836037061,0.045193064336689015,0.10556627062793264
0.6895066562255285,0.7642886539241078,0.73671875,0.6740528949249464,0.6887611142639848,0.6895066562255285,0.48990435706695007,0.5077495350278983,0.6537753222836096,0.6869158878504673,0.2663316582914573,0.3051519154557464,0.017845177960948255,0.03314056556685774,0.07196082273114685
0.7106499608457322,0.7731968329351151,0.7489574645537949,0.6721556886227545,0.7106339463599771,0.7106499608457322,0.4799566630552546,0.463519313304721,0.6804733727810651,0.6670687575392038,0.23557692307692307,0.25311720698254364,0.01643734975053357,0.013404615241861317,0.030944899147481886
