acc,auc,precision,recall,maf1,mif1,yp1.a1,yp1.a0,yp1.y1a1,yp1.y1a0,yp1.y0a1,yp1.y0a0,parity,equality,eq_odds
0.49333333333333335,0.47075555555555554,0.4927536231884058,0.4533333333333333,0.4925213675213675,0.4933333333333334,0.10638297872340426,0.6213592233009708,0.14285714285714285,0.5740740740740741,0.07692307692307693,0.673469387755102,0.5149762445775665,0.4312169312169312,1.0277632420489562
0.4866666666666667,0.4825777777777778,0.4927536231884058,0.9066666666666666,0.3767200906588959,0.4866666666666667,1.0,0.8823529411764706,1.0,0.86,1.0,0.9038461538461539,0.11764705882352944,0.14,0.23615384615384616
0.5733333333333334,0.5974222222222223,0.5774647887323944,0.5466666666666666,0.5730297100160113,0.5733333333333334,0.5319148936170213,0.44660194174757284,0.6521739130434783,0.5,0.4166666666666667,0.39215686274509803,0.08531295186944843,0.15217391304347827,0.17668371696504692
0.5133333333333334,0.49493333333333334,0.5161290322580645,0.4266666666666667,0.5096502619676683,0.5133333333333333,0.39622641509433965,0.422680412371134,0.28,0.5,0.5,0.3404255319148936,0.026453997276794372,0.21999999999999997,0.37957446808510636
0.4666666666666667,0.45119999999999993,0.4418604651162791,0.25333333333333335,0.4412367293723226,0.4666666666666667,0.1282051282051282,0.34234234234234234,0.11764705882352941,0.29310344827586204,0.13636363636363635,0.39622641509433965,0.21413721413721415,0.17545638945233263,0.43531916818303595
