acc,auc,precision,recall,maf1,mif1,yp1.a1,yp1.a0,yp1.y1a1,yp1.y1a0,yp1.y0a1,yp1.y0a0,parity,equality,eq_odds
0.8895952532316169,0.9365728369685205,0.9081046585832802,0.7905555555555556,0.8797225114141602,0.8895952532316169,0.3309741881765196,0.3331894691411308,0.8177458033573142,0.7670807453416149,0.07206632653061225,0.0229459659511473,0.0022152809646112104,0.050665058015699316,0.09978541859516427
0.8923500741682561,0.9336654972168129,0.9041554959785523,0.7870478413068844,0.8800161683364872,0.892350074168256,0.29723991507430997,0.3350253807106599,0.8018995929443691,0.7758444216990789,0.06736711990111248,0.024513338139870222,0.037785465636349935,0.02605517124529022,0.06890895300653248
0.891290527654164,0.9363743868507732,0.9026606099935107,0.7930444697833523,0.880399937059021,0.891290527654164,0.31050616758826033,0.3424831081081081,0.8125836680053548,0.7785501489572989,0.07668329177057356,0.019838354151359296,0.031976940519847785,0.03403351904805585,0.09087845666727012
0.893409620682348,0.9439125460340604,0.9275839368005266,0.7819089900110988,0.8831548726364055,0.893409620682348,0.3202341137123746,0.3235926085088096,0.8180722891566266,0.7510288065843621,0.05569782330345711,0.016974169741697416,0.0033584947964350187,0.06704348257226445,0.10576713613402414
0.8895952532316169,0.9390222921373628,0.9045092838196287,0.7834577828834004,0.8777306772642077,0.8895952532316169,0.32779393435812215,0.3109861591695502,0.8014354066985646,0.7668508287292818,0.07574793125397836,0.017768301350390904,0.01680777518857196,0.034584577969282826,0.09256420787287029
