acc,auc,precision,recall,maf1,mif1,yp1.a1,yp1.a0,yp1.y1a1,yp1.y1a0,yp1.y0a1,yp1.y0a0,parity,equality,eq_odds
0.6533333333333333,0.6670222222222222,0.6949152542372882,0.5466666666666666,0.6493436432296349,0.6533333333333333,0.2553191489361702,0.4563106796116505,0.47619047619047616,0.5740740740740741,0.07692307692307693,0.32653061224489793,0.2009915306754803,0.0978835978835979,0.3474911332054189
0.62,0.704,0.6730769230769231,0.4666666666666667,0.6108506667880389,0.62,0.10416666666666667,0.46078431372549017,0.16,0.62,0.043478260869565216,0.3076923076923077,0.3566176470588235,0.45999999999999996,0.7242140468227425
0.6000000000000001,0.6465777777777778,0.5974025974025974,0.6133333333333333,0.5999288762446656,0.6,0.19148936170212766,0.6601941747572816,0.2608695652173913,0.7692307692307693,0.125,0.5490196078431373,0.46870481305515393,0.508361204013378,0.9323808118565153
0.56,0.6168888888888888,0.6363636363636364,0.28,0.5225694444444444,0.56,0.0,0.3402061855670103,0.0,0.42,0.0,0.2553191489361702,0.3402061855670103,0.42,0.6753191489361702
0.5533333333333333,0.6211555555555556,0.5555555555555556,0.5333333333333333,0.5531545951714019,0.5533333333333333,0.15384615384615385,0.5945945945945946,0.17647058823529413,0.6379310344827587,0.13636363636363635,0.5471698113207547,0.4407484407484408,0.4614604462474645,0.8722666212045829
