acc,auc,precision,recall,maf1,mif1,yp1.a1,yp1.a0,yp1.y1a1,yp1.y1a0,yp1.y0a1,yp1.y0a0,parity,equality,eq_odds
0.6921317474839891,0.7429911432262299,0.75375,0.5588507877664504,0.6859374422945183,0.692131747483989,0.3669849931787176,0.36545079146593257,0.5531914893617021,0.561877667140825,0.17086834733893558,0.18133333333333335,0.0015342017127850105,0.008686177779122839,0.019151163773520608
0.6893870082342178,0.7365691756512422,0.7225186766275347,0.6177007299270073,0.6878579117919021,0.6893870082342177,0.4144271570014144,0.4354293441514537,0.6025641025641025,0.6260623229461756,0.1829652996845426,0.2613195342820181,0.021002187150039264,0.023498220382073054,0.10185245497954856
0.6898444647758464,0.7361372794871968,0.7112359550561798,0.6005692599620494,0.6859961966359549,0.6898444647758463,0.3870967741935484,0.41683638832315,0.5543766578249337,0.6262924667651403,0.19940476190476192,0.23869346733668342,0.029739614129601633,0.07191580894020655,0.11120451437212805
0.6953339432753889,0.7473600564036478,0.7294250281848929,0.6029822926374651,0.6920423393237892,0.6953339432753889,0.384297520661157,0.41643835616438357,0.5682451253481894,0.6204481792717087,0.20435967302452315,0.22117962466487937,0.03214083550322655,0.052203053923519316,0.06902300556387553
0.6999085086916743,0.7453706613700077,0.7290470723306545,0.6018957345971564,0.6956023736806399,0.6999085086916743,0.3807471264367816,0.40671140939597317,0.5669515669515669,0.6193181818181818,0.19130434782608696,0.21628498727735368,0.025964282959191565,0.05236661486661487,0.07734725431788159
