acc,auc,precision,recall,maf1,mif1,yp1.a1,yp1.a0,yp1.y1a1,yp1.y1a0,yp1.y0a1,yp1.y0a0,parity,equality,eq_odds
0.6825251601097896,0.7349447822559783,0.8181818181818182,0.458758109360519,0.6648507309693474,0.6825251601097896,0.27967257844474763,0.27529249827942187,0.47606382978723405,0.44950213371266,0.07282913165266107,0.112,0.0043800801653257615,0.026561696074574037,0.06573256442191297
0.6578225068618482,0.7351469898881672,0.8140794223826715,0.4114963503649635,0.6359343619887338,0.6578225068618482,0.2743988684582744,0.2434077079107505,0.4256410256410256,0.40368271954674223,0.08832807570977919,0.09702457956015524,0.030991160547523877,0.021958306094283397,0.030654809944659453
0.6697163769441903,0.7198950992684776,0.7902097902097902,0.428842504743833,0.6465188322677108,0.6697163769441903,0.2762973352033661,0.2545824847250509,0.4350132625994695,0.4254062038404727,0.09821428571428571,0.1092964824120603,0.021714850478315173,0.009607058758996811,0.020689255456771402
0.666971637694419,0.7357896050153695,0.7625570776255708,0.46691519105312207,0.6518209623993034,0.666971637694419,0.3140495867768595,0.29383561643835615,0.479108635097493,0.46078431372549017,0.15258855585831063,0.13404825737265416,0.020213970338503362,0.01832432137200285,0.03686461985765932
0.6921317474839891,0.7529292954689262,0.7876506024096386,0.4957345971563981,0.6774091126271706,0.692131747483989,0.28160919540229884,0.31409395973154364,0.4472934472934473,0.5198863636363636,0.11304347826086956,0.1297709923664122,0.0324847643292448,0.07259291634291637,0.08932043044845901
