acc,auc,precision,recall,maf1,mif1,yp1.a1,yp1.a0,yp1.y1a1,yp1.y1a0,yp1.y0a1,yp1.y0a0,parity,equality,eq_odds
0.7872,0.7069397417983536,0.7956479285813921,0.9775492716366753,0.5388346671811788,0.7872,0.9335347432024169,0.9580286633518573,0.9670781893004116,0.9785006543279118,0.8409090909090909,0.8844862323707186,0.024493920149440407,0.011422465027500217,0.05499960648912783
0.7816000000000001,0.6882757974183772,0.7918767507002801,0.9738201860144677,0.5380030389133441,0.7816,0.9381294964028777,0.9534166054371785,0.9686888454011742,0.9743153918791313,0.8532608695652174,0.8801324503311259,0.015287109034300861,0.005626546477957128,0.03249812724386558
0.7884,0.6805312278267184,0.807994289793005,0.9589969501863775,0.5594008532723959,0.7884,0.9001386962552012,0.9376014161380735,0.9447513812154696,0.960440380668035,0.7640449438202247,0.8514084507042253,0.03746271988287231,0.01568899945256541,0.10305250633656604
0.7930666666666667,0.7047672478679905,0.8017854651973776,0.9777172988603504,0.5429863002683659,0.7930666666666666,0.9403225806451613,0.9572674418604651,0.9714285714285714,0.9782448377581121,0.8545454545454545,0.8791208791208791,0.016944861215303808,0.006816266329540688,0.0313916909049653
0.7885333333333334,0.7046824813855026,0.7991584852734923,0.9736842105263158,0.5459520913229097,0.7885333333333333,0.924198250728863,0.9533313765776343,0.959349593495935,0.975,0.8350515463917526,0.8734525447042641,0.02913312584877137,0.015650406504065018,0.054051404816576554
