acc,auc,precision,recall,maf1,mif1,yp1.a1,yp1.a0,yp1.y1a1,yp1.y1a0,yp1.y0a1,yp1.y0a0,parity,equality,eq_odds
0.7804,0.6830897735782056,0.7807723250201126,0.9979434447300771,0.4556247940000928,0.7803999999999999,1.0,0.9938578531734426,1.0,0.9977565900168256,1.0,0.9798522498321021,0.006142146826557449,0.0022434099831744048,0.022391160151072342
0.7784000000000001,0.6757842414373276,0.7883384358474812,0.9757147778160523,0.5221929400624105,0.7784,1.0,0.9538574577516532,1.0,0.973371104815864,1.0,0.885430463576159,0.046142542248346796,0.026628895184136026,0.14119843160797707
0.7906666666666667,0.6740266234182087,0.7938941655359566,0.9913588614029143,0.48657051604045276,0.7906666666666666,1.0,0.9808231302551998,1.0,0.9904832991229707,1.0,0.9443661971830986,0.01917686974480015,0.009516700877029272,0.06515050369393072
0.7853333333333333,0.6877920754126583,0.7865485300040274,0.99659806089471,0.45814151019259375,0.7853333333333333,1.0,0.9925872093023256,1.0,0.9963126843657817,1.0,0.9787087912087912,0.007412790697674421,0.0036873156342183133,0.02497852442542714
0.7830666666666667,0.6889810615738375,0.785820592612637,0.9924812030075187,0.47556619833005487,0.7830666666666667,1.0,0.9840035221602583,1.0,0.9917910447761195,1.0,0.9552957359009628,0.015996477839741674,0.008208955223880543,0.052913219322917704
