acc,auc,precision,recall,maf1,mif1,yp1.a1,yp1.a0,yp1.y1a1,yp1.y1a0,yp1.y0a1,yp1.y0a0,parity,equality,eq_odds
0.7778666666666667,0.5623411071740121,0.7780445511537949,0.9996572407883462,0.43811827225888056,0.7778666666666667,0.9984894259818731,0.999707516817783,1.0,0.9996260983361376,0.9943181818181818,1.0,0.0012180908359099574,0.0003739016638624193,0.006055719845680652
0.7750666666666667,0.6880843454294117,0.7750033382294031,0.9996555287633483,0.4418336882760811,0.7750666666666667,0.9870503597122302,0.9997060984570169,0.9960861056751468,1.0,0.9619565217391305,0.9986754966887417,0.012655738744786649,0.003913894324853229,0.04063286927446441
0.7872,0.7164797236803544,0.7871432381968525,1.0,0.44169776119402987,0.7872,0.9972260748959778,1.0,1.0,1.0,0.9887640449438202,1.0,0.00277392510402219,0.0,0.011235955056179803
0.7838666666666667,0.5726259958305784,0.7838666666666667,1.0,0.43941998654607967,0.7838666666666667,1.0,1.0,1.0,1.0,1.0,1.0,0.0,0.0,0.0
0.7802666666666667,0.29402491431026817,0.7802666666666667,1.0,0.43828639904134215,0.7802666666666667,1.0,1.0,1.0,1.0,1.0,1.0,0.0,0.0,0.0
