acc,auc,precision,recall,maf1,mif1,yp1.a1,yp1.a0,yp1.y1a1,yp1.y1a0,yp1.y0a1,yp1.y0a0,parity,equality,eq_odds
0.7861333333333334,0.7049153009050182,0.7942690221171234,0.9785775492716366,0.5325509305772463,0.7861333333333335,0.9365558912386707,0.9606610119918104,0.9670781893004116,0.9796223593194989,0.8522727272727273,0.8925453324378778,0.024105120753139753,0.012544170019087364,0.052816775184237885
0.7830666666666667,0.6975083160242269,0.7962364836399383,0.9698939445774889,0.537116258377475,0.7830666666666667,0.9105113636363636,0.9535020600353149,0.9378640776699029,0.9729881823297692,0.8359788359788359,0.8825938566552901,0.042990696398951256,0.03512410465986637,0.08173912533632055
0.7905333333333334,0.6837831324228141,0.8072066959852461,0.9640799728905456,0.5559905773908707,0.7905333333333333,0.9001386962552012,0.944092048974775,0.9447513812154696,0.9660384400074641,0.7640449438202247,0.8612676056338028,0.0439533527195739,0.02128705879199444,0.11850972060557252
0.7925333333333334,0.7023280722201661,0.8017590395085857,0.9768668140840279,0.5430023438066597,0.7925333333333334,0.9241935483870968,0.9578488372093024,0.9648351648351648,0.9778761061946902,0.8121212121212121,0.8832417582417582,0.03365528882220559,0.013040941359525382,0.08416148748007146
0.7896000000000001,0.6983675297301064,0.8013254371122391,0.971120984278879,0.5552902536156951,0.7896,0.9110787172011662,0.9490754329321984,0.9532520325203252,0.9727611940298507,0.8041237113402062,0.8617606602475929,0.03799671573103225,0.01950916150952553,0.07714611041691222
