acc,auc,precision,recall,maf1,mif1,yp1.a1,yp1.a0,yp1.y1a1,yp1.y1a0,yp1.y0a1,yp1.y0a0,parity,equality,eq_odds
0.8785759694850604,0.9320282821361958,0.9623210248681235,0.7094444444444444,0.8629817116696716,0.8785759694850604,0.22522897585345544,0.33923176521363835,0.6354916067146283,0.7732919254658385,0.00701530612244898,0.028867505551443375,0.1140027893601829,0.13780031875121013,0.1596525181802045
0.8931977113795296,0.9331312844986088,0.963957055214724,0.7333722287047841,0.8772486575871872,0.8931977113795295,0.2089171974522293,0.34348561759729274,0.6540027137042063,0.7932446264073695,0.006180469715698393,0.026676279740447006,0.13456842014506343,0.13924191270316322,0.15973772272791184
0.8900190718372537,0.9327328909493309,0.9688686408504176,0.7274800456100342,0.8747428087587532,0.8900190718372537,0.21054870267971076,0.3471283783783784,0.6506024096385542,0.7845084409136047,0.005610972568578554,0.02351212343864805,0.13657967569866764,0.13390603127505052,0.15180718214512
0.8872642509006146,0.9304545629223158,0.9738805970149254,0.7241953385127636,0.8730915004080471,0.8872642509006146,0.2265886287625418,0.34293081220455524,0.6445783132530121,0.7921810699588477,0.004481434058898848,0.020664206642066422,0.11634218344201344,0.14760275670583567,0.16378552928900325
0.8821784276329732,0.934453269987953,0.9654359780047133,0.7059161401493395,0.8644885511448854,0.882178427632973,0.22393020357291235,0.31747404844290655,0.6255980861244019,0.7801104972375691,0.010184595798854232,0.01990049751243781,0.0935438448699942,0.15451241111316716,0.16422831282675074
