acc,auc,precision,recall,maf1,mif1,yp1.a1,yp1.a0,yp1.y1a1,yp1.y1a0,yp1.y0a1,yp1.y0a0,parity,equality,eq_odds
0.7003659652333029,0.7589214477254441,0.7448036951501155,0.597775718257646,0.6966792818156493,0.7003659652333029,0.3860845839017735,0.4012388162422574,0.5957446808510638,0.5988620199146515,0.16526610644257703,0.216,0.015154232340483853,0.0031173390635876874,0.05385123262101066
0.6903019213174749,0.748980445992098,0.7946554149085795,0.5155109489051095,0.6807041276560397,0.6903019213174748,0.347949080622348,0.3144016227180527,0.5307692307692308,0.5070821529745042,0.12302839116719243,0.1384217335058215,0.03354745790429525,0.023687077794726563,0.03908042013335562
0.6976212259835316,0.7493504468925378,0.7651821862348178,0.5379506641366224,0.6876275343379348,0.6976212259835316,0.3548387096774194,0.33129667345553293,0.5411140583554377,0.5361890694239291,0.14583333333333334,0.157035175879397,0.023542036221886442,0.0049249889315086115,0.016126831477572268
0.6916742909423605,0.7560399883106454,0.7412333736396615,0.5712954333643989,0.6863047181059445,0.6916742909423604,0.371900826446281,0.3815068493150685,0.5738161559888579,0.5700280112044818,0.17438692098092642,0.20107238605898123,0.009606022868787534,0.0037881447843761684,0.030473609862430973
0.7044830741079597,0.7613017042335558,0.7342497136311569,0.6075829383886255,0.7003084868693591,0.7044830741079597,0.37212643678160917,0.4120805369127517,0.5726495726495726,0.625,0.1681159420289855,0.22137404580152673,0.039954100131142534,0.052350427350427386,0.10560853112296861
