acc,auc,precision,recall,maf1,mif1,yp1.a1,yp1.a0,yp1.y1a1,yp1.y1a0,yp1.y0a1,yp1.y0a0,parity,equality,eq_odds
0.5305403288958497,0.5704609771384321,0.5406593406593406,0.7305122494432071,0.5018427247632113,0.5305403288958497,0.6531073446327683,0.74415817855003,0.7047817047817048,0.7448036951501155,0.5915841584158416,0.7434620174346201,0.09105083391726165,0.0400219903684107,0.1918998493871893
0.5387627251370399,0.5370105889959331,0.5387627251370399,1.0,0.35012722646310435,0.5387627251370399,1.0,1.0,1.0,1.0,1.0,1.0,0.0,0.0,0.0
0.586530931871574,0.6143868854074294,0.6134328358208955,0.6044117647058823,0.5851753414544112,0.586530931871574,0.4041025641025641,0.5991133628879037,0.5204460966542751,0.6593673965936739,0.2608695652173913,0.5336856010568032,0.1950107987853396,0.13892129993939883,0.4117373357788107
0.5548159749412686,0.6161943131921688,0.5579133510167993,0.902072909220872,0.45183273439928934,0.5548159749412686,0.7534537725823592,0.962802231866088,0.8011049723756906,0.9661214953271028,0.6884422110552764,0.9590488771466315,0.2093484592837288,0.16501652295141223,0.4356231890427673
0.5219263899765074,0.4875271009704729,0.5225401803214426,0.9977544910179641,0.3429379984563931,0.5219263899765074,0.9967497291440953,1.0,0.9940828402366864,1.0,1.0,1.0,0.00325027085590468,0.00591715976331364,0.00591715976331364
