acc,auc,precision,recall,maf1,mif1,yp1.a1,yp1.a0,yp1.y1a1,yp1.y1a0,yp1.y0a1,yp1.y0a0,parity,equality,eq_odds
0.7837333333333334,0.6811293041113092,0.7913957670493844,0.9804627249357326,0.5190160456089032,0.7837333333333333,0.9879154078549849,0.9615384615384616,0.9876543209876543,0.9798093101514301,0.9886363636363636,0.8959032907991941,0.02637694631652332,0.007845010836224131,0.10057808367339371
0.7789333333333334,0.6796628472520183,0.7843432958596106,0.9853599724423011,0.5004017677782242,0.7789333333333334,0.9827338129496402,0.9714915503306393,0.9902152641878669,0.9848914069877243,0.9619565217391305,0.9245033112582781,0.011242262619000964,0.005323857200142612,0.042777067680994985
0.7901333333333334,0.6839257412158284,0.8012249443207127,0.9752626228397153,0.5286786184665992,0.7901333333333334,0.9778085991678225,0.9557456852043075,0.9852670349907919,0.9742489270386266,0.9550561797752809,0.8859154929577465,0.022062913963515007,0.01101810795216529,0.08015879476969967
0.7865333333333334,0.6793767882609806,0.7883526557023457,0.9947269943868005,0.46974560286292777,0.7865333333333333,0.9983870967741936,0.9882267441860465,1.0,0.9942846607669616,0.9939393939393939,0.9656593406593407,0.01016035258814707,0.005715339233038352,0.03399539251309158
0.7856000000000001,0.6902528759564401,0.7952142459654981,0.9767600820232399,0.5281394766495555,0.7856,0.9723032069970845,0.9570002935133548,0.9796747967479674,0.9764925373134329,0.9536082474226805,0.8851444291609354,0.015302913483729697,0.00318225943453454,0.07164607769627962
