acc,auc,precision,recall,maf1,mif1,yp1.a1,yp1.a0,yp1.y1a1,yp1.y1a0,yp1.y0a1,yp1.y0a0,parity,equality,eq_odds
0.9177791905064633,0.9493669826043927,0.9167650531286895,0.8627777777777778,0.9118382907518445,0.9177791905064632,0.3176519567027477,0.40181268882175225,0.842925659472422,0.8799171842650103,0.03826530612244898,0.05995558845299778,0.08416073211900454,0.03699152479258827,0.05868180712313707
0.9158720067810977,0.9461565418973046,0.9186268277177368,0.8430571761960327,0.9073394117429143,0.9158720067810977,0.2760084925690021,0.3904399323181049,0.8127544097693351,0.8659160696008188,0.0315203955500618,0.0555155010814708,0.1144314397491028,0.05316165983148369,0.07715676536289268
0.9194744649290104,0.94567319987463,0.9272388059701493,0.8500570125427594,0.9122154474808288,0.9194744649290103,0.289238621863037,0.3918918918918919,0.8380187416331994,0.858987090367428,0.03366583541147132,0.046289493019838354,0.10265327002885488,0.020968348734228592,0.033592006342595626
0.9243483788938335,0.949395540779167,0.9451632778804683,0.8512763596004439,0.918197530654385,0.9243483788938335,0.3056020066889632,0.38332617103566824,0.8361445783132531,0.8641975308641975,0.023687580025608196,0.03837638376383764,0.07772416434670504,0.02805295255094442,0.042741756289173864
0.9215935579571943,0.9568093455009337,0.9341355288157062,0.8472142446869615,0.9140384683552779,0.9215935579571943,0.3070211882010802,0.3633217993079585,0.8265550239234449,0.8662983425414365,0.030553787396562698,0.03980099502487562,0.056300611106878284,0.03974331861799152,0.04899052624630444
