acc,auc,precision,recall,maf1,mif1,yp1.a1,yp1.a0,yp1.y1a1,yp1.y1a0,yp1.y0a1,yp1.y0a0,parity,equality,eq_odds
0.6418115279048491,0.667192430342592,0.7364217252396166,0.4272474513438369,0.6235870809403956,0.6418115279048491,0.1296043656207367,0.36545079146593257,0.21808510638297873,0.5391180654338549,0.036414565826330535,0.20266666666666666,0.23584642584519586,0.32103295905087614,0.4872850598912123
0.6235132662397073,0.6545419540614745,0.7129485179407177,0.416970802919708,0.6069303112631759,0.6235132662397073,0.10891089108910891,0.3813387423935091,0.16666666666666666,0.5552407932011332,0.03785488958990536,0.222509702457956,0.2724278513044002,0.38857412653446655,0.5732289394025172
0.6578225068618482,0.6741430927779752,0.6981865284974094,0.5113851992409867,0.6482836294115976,0.6578225068618482,0.23842917251051893,0.4086897488119484,0.363395225464191,0.5937961595273265,0.09821428571428571,0.25125628140703515,0.1702605763014295,0.23040093406313544,0.3834429297558849
0.6267154620311071,0.648051620725661,0.7062600321027287,0.41006523765144454,0.6069675945511465,0.6267154620311071,0.08264462809917356,0.3856164383561644,0.13649025069637882,0.5476190476190477,0.02997275204359673,0.23056300268096513,0.3029718102569908,0.41112879692266885,0.6117190475600373
0.6386093321134493,0.6604673966334368,0.669220945083014,0.4966824644549763,0.629212460268316,0.6386093321134492,0.14080459770114942,0.4597315436241611,0.2222222222222222,0.6335227272727273,0.057971014492753624,0.30407124681933845,0.31892694592301163,0.4113005050505051,0.6574007373770899
