acc,auc,precision,recall,maf1,mif1,yp1.a1,yp1.a0,yp1.y1a1,yp1.y1a0,yp1.y0a1,yp1.y0a0,parity,equality,eq_odds
0.6655992680695334,0.7037037037037037,0.7514450867052023,0.4819277108433735,0.6530965482372132,0.6655992680695334,0.3451568894952251,0.3021335168616655,0.5292553191489362,0.4566145092460882,0.15126050420168066,0.15733333333333333,0.0430233726335596,0.07264080990284799,0.07871363903450065
0.5219579139981702,0.6009048751088194,0.8,0.06204379562043796,0.39383654971605947,0.5219579139981702,0.039603960396039604,0.038539553752535496,0.05641025641025641,0.06515580736543909,0.01892744479495268,0.014230271668822769,0.001064406643504108,0.00874555095518268,0.013442724081312593
0.48215919487648673,0.5567307112061741,0.48215919487648673,1.0,0.3253086419753086,0.48215919487648673,1.0,1.0,1.0,1.0,1.0,1.0,0.0,0.0,0.0
0.5992680695333944,0.6553156000130627,0.6421356421356421,0.4147250698974837,0.5839082038226968,0.5992680695333943,0.39807162534435264,0.27671232876712326,0.49025069637883006,0.37675070028011204,0.3079019073569482,0.18096514745308312,0.12135929657722938,0.11349999609871803,0.24043675600258313
0.6047575480329369,0.6219111552499361,0.600844772967265,0.5393364928909953,0.601937303203126,0.6047575480329369,0.39511494252873564,0.45100671140939597,0.5014245014245015,0.5582386363636364,0.28695652173913044,0.3549618320610687,0.05589176888066033,0.0568141349391349,0.12481944526107314
