acc,auc,precision,recall,maf1,mif1,yp1.a1,yp1.a0,yp1.y1a1,yp1.y1a0,yp1.y0a1,yp1.y0a0,parity,equality,eq_odds
0.5653876272513704,0.5787213784475489,0.6027753686036427,0.5159613956941351,0.5651932515337423,0.5653876272513704,0.1672316384180791,0.6021569802276813,0.18711018711018712,0.6986143187066974,0.14356435643564355,0.49813200498132004,0.4349253418096022,0.5115041315965103,0.8660717801421868
0.6229444009397024,0.6559834860030798,0.6619607843137255,0.6133720930232558,0.6223997302835478,0.6229444009397024,0.36220472440944884,0.5723723723723724,0.46875,0.6990740740740741,0.21750663129973474,0.43570536828963796,0.21016764796292353,0.23032407407407407,0.4485228110639773
0.6362568519968677,0.6685332298748645,0.6533807829181495,0.675,0.6337571265722451,0.6362568519968677,0.42256410256410254,0.6288790373654212,0.5278810408921933,0.7712895377128953,0.2929061784897025,0.47424042272126815,0.20631493480131863,0.24340849682070198,0.4247427410522676
0.6464369616288176,0.6902357589991613,0.6831610044313147,0.6611865618298784,0.6442773488562564,0.6464369616288176,0.4070138150903294,0.601983880967142,0.5156537753222836,0.7535046728971962,0.25879396984924624,0.43064729194187584,0.19497006587681254,0.23785089757491262,0.4097042196675422
0.5544244322631167,0.5432921103605597,0.6012269938650306,0.44011976047904194,0.5504547650880482,0.5544244322631167,0.1581798483206934,0.510116492949111,0.16765285996055226,0.6067551266586249,0.1466346153846154,0.4102244389027431,0.35193664462841756,0.4391022666980726,0.7026920902162004
