acc,auc,precision,recall,maf1,mif1,yp1.a1,yp1.a0,yp1.y1a1,yp1.y1a0,yp1.y0a1,yp1.y0a0,parity,equality,eq_odds
0.6785434612372748,0.7520305025928311,0.751434034416826,0.5835189309576837,0.6772609491003149,0.6785434612372748,0.32060185185185186,0.4550295857988166,0.48367346938775513,0.6406067677946324,0.10695187165775401,0.26410564225690275,0.13442773394696472,0.1569332984068773,0.31408706900602607
0.6738449490994518,0.7217624718679669,0.7941495124593716,0.532703488372093,0.6705608688657024,0.6738449490994518,0.3231638418079096,0.3816656680647094,0.5090180360721442,0.5461801596351197,0.08290155440414508,0.1994949494949495,0.05850182625679984,0.037162123562975435,0.15375551865377984
0.687548942834769,0.759228596294548,0.7705410821643287,0.5747384155455905,0.6852558115400582,0.687548942834769,0.2880085653104925,0.45,0.46168958742632615,0.6441495778045838,0.08,0.24652338811630847,0.1619914346895075,0.18245999037825766,0.3489833784945661
0.6957713390759592,0.7628630530853018,0.8001939864209505,0.5909742120343839,0.6950172181754221,0.6957713390759592,0.336734693877551,0.43899521531100477,0.5326732673267327,0.6240179573512907,0.07427055702917772,0.22791293213828426,0.10226052143345377,0.09134469002455803,0.24498706513366458
0.6891151135473766,0.7490861585074446,0.7708129285014691,0.5842613214550854,0.6874574620240679,0.6891151135473766,0.31910112359550563,0.44290865384615385,0.5010351966873706,0.6307870370370371,0.10319410319410319,0.24,0.12380753025064822,0.12975184034966647,0.2665577371555633
