acc,auc,precision,recall,maf1,mif1,yp1.a1,yp1.a0,yp1.y1a1,yp1.y1a0,yp1.y0a1,yp1.y0a0,parity,equality,eq_odds
0.6898981989036805,0.7467808730192413,0.7783350050150452,0.5760950259836675,0.6877873981912745,0.6898981989036805,0.43050847457627117,0.3690832834032355,0.6257796257796258,0.5484988452655889,0.19801980198019803,0.17559153175591533,0.06142519117303569,0.07728078051403686,0.09970905073831957
0.7110415035238841,0.7725173480870217,0.8222222222222222,0.5915697674418605,0.7094672706522563,0.7110415035238841,0.4465691788526434,0.35615615615615615,0.646484375,0.5590277777777778,0.17506631299734748,0.1373283395755306,0.09041302269648727,0.08745659722222221,0.1251945706440391
0.7133907595927956,0.7765986796728742,0.7902033271719039,0.6286764705882353,0.7128385290425799,0.7133907595927957,0.48512820512820515,0.38568714376187463,0.6933085501858736,0.5863746958637469,0.2288329519450801,0.16776750330250992,0.09944106136633052,0.10693385432212665,0.16799930296469684
0.7090837901331245,0.7734974579863787,0.7976406533575318,0.6283059328091494,0.7089584572768515,0.7090837901331245,0.47502656748140276,0.4060756354618723,0.6574585635359116,0.6098130841121495,0.22613065326633167,0.17569352708058125,0.06895093201953045,0.04764547942376207,0.09808260560951249
0.7098668754894284,0.7675105454116398,0.7885548011639185,0.6085329341317365,0.7083031042023,0.7098668754894284,0.46803900325027087,0.36725935009196814,0.6844181459566075,0.5621230398069964,0.20432692307692307,0.1658354114713217,0.10077965315830273,0.12229510614961114,0.16078661775521252
