acc,auc,precision,recall,maf1,mif1,yp1.a1,yp1.a0,yp1.y1a1,yp1.y1a0,yp1.y0a1,yp1.y0a0,parity,equality,eq_odds
0.6923076923076923,0.8174603174603174,0.603448275862069,0.9722222222222222,0.6787920384351407,0.6923076923076923,0.7894736842105263,0.7288135593220338,1.0,0.9642857142857143,0.6363636363636364,0.5161290322580645,0.060660124888492484,0.0357142857142857,0.15594888981985755
0.717948717948718,0.7725774555042848,0.7111111111111111,0.7804878048780488,0.7149501661129568,0.717948717948718,0.42105263157894735,0.6271186440677966,0.4444444444444444,0.875,0.4,0.3333333333333333,0.20606601248884926,0.4305555555555556,0.4972222222222223
0.6923076923076923,0.7671957671957671,0.6578947368421053,0.6944444444444444,0.6914963744232037,0.6923076923076923,0.3333333333333333,0.543859649122807,0.4,0.8076923076923077,0.2727272727272727,0.3225806451612903,0.21052631578947373,0.4076923076923077,0.4575456801263253
0.6538461538461539,0.7453947368421052,0.6585365853658537,0.675,0.6533333333333333,0.6538461538461539,0.1875,0.6129032258064516,0.42857142857142855,0.7272727272727273,0.0,0.4827586206896552,0.4254032258064516,0.29870129870129875,0.7814599193909539
0.7435897435897436,0.8026936026936027,0.7777777777777778,0.7777777777777778,0.7373737373737375,0.7435897435897437,0.3684210526315789,0.6440677966101694,0.45454545454545453,0.8823529411764706,0.25,0.32,0.2756467439785905,0.42780748663101603,0.49780748663101604
