acc,auc,precision,recall,maf1,mif1,yp1.a1,yp1.a0,yp1.y1a1,yp1.y1a0,yp1.y0a1,yp1.y0a0,parity,equality,eq_odds
0.5276145710928319,0.5428118009310045,0.5276145710928319,1.0,0.3453846153846154,0.5276145710928319,1.0,1.0,1.0,1.0,1.0,1.0,0.0,0.0,0.0
0.5385820603211907,0.5243321500231517,0.5385820603211907,1.0,0.35005091649694503,0.5385820603211907,1.0,1.0,1.0,1.0,1.0,1.0,0.0,0.0,0.0
0.645515080297689,0.677417903456437,0.7047704770477048,0.575735294117647,0.645149003583888,0.645515080297689,0.4707692307692308,0.4131812420785805,0.6096654275092936,0.5535279805352799,0.2997711670480549,0.2605820105820106,0.057587988690650294,0.056137446974013794,0.09532660344005811
0.6200548374461418,0.6497739781943775,0.6384764364105875,0.7069335239456754,0.6107365481129192,0.6200548374461418,0.5047821466524973,0.6662531017369727,0.6187845303867403,0.7628504672897196,0.3492462311557789,0.5568783068783069,0.1614709550844754,0.1440659369029793,0.35169801262550726
0.6349392871132001,0.6522336611255635,0.7123287671232876,0.5063670411985018,0.6308408662981999,0.6349392871132001,0.3199566160520607,0.4009809932556714,0.4683794466403162,0.5295536791314838,0.13942307692307693,0.26807980049875313,0.08102437720361066,0.061174232491167546,0.18983095606684375
