acc,auc,precision,recall,maf1,mif1,yp1.a1,yp1.a0,yp1.y1a1,yp1.y1a0,yp1.y0a1,yp1.y0a0,parity,equality,eq_odds
0.9700214132762314,0.9962067231117445,0.959731543624161,0.9470198675496688,0.9656256572029442,0.9700214132762313,0.3157894736842105,0.319693094629156,0.9583333333333334,0.9448818897637795,0.019230769230769232,0.01893939393939394,0.0039036209449455073,0.013451443569553856,0.013742818860929148
0.9443254817987152,0.9799158780231335,0.8780487804878049,0.96,0.9376309841791659,0.9443254817987152,0.3522727272727273,0.35092348284960423,0.9615384615384616,0.9596774193548387,0.0967741935483871,0.054901960784313725,0.0013492444231230638,0.0018610421836228186,0.04373327494769619
0.9643652561247216,0.9944742729306488,0.9403973509933775,0.9530201342281879,0.9599554069119287,0.9643652561247216,0.3170731707317073,0.3405994550408719,1.0,0.9444444444444444,0.05084745762711865,0.024896265560165973,0.02352628430916459,0.05555555555555558,0.08150674762250826
0.9473684210526315,0.9853513035793195,0.9121621621621622,0.9246575342465754,0.9397661977412324,0.9473684210526315,0.34177215189873417,0.3209549071618037,0.9615384615384616,0.9166666666666666,0.03773584905660377,0.042801556420233464,0.020817244736930474,0.044871794871794934,0.049937502235424626
0.9543478260869566,0.9871957071808743,0.9139072847682119,0.9452054794520548,0.9477925320621949,0.9543478260869566,0.35,0.3236842105263158,0.9629629629629629,0.9411764705882353,0.03773584905660377,0.0421455938697318,0.02631578947368418,0.02178649237472763,0.02619623718785566
