acc,auc,precision,recall,maf1,mif1,yp1.a1,yp1.a0,yp1.y1a1,yp1.y1a0,yp1.y0a1,yp1.y0a0,parity,equality,eq_odds
0.961456102783726,0.991617067650264,0.965034965034965,0.9139072847682119,0.9553252551020408,0.9614561027837258,0.3026315789473684,0.3069053708439898,0.9583333333333334,0.905511811023622,0.0,0.01893939393939394,0.0042737918966213595,0.05282152230971138,0.07176091624910531
0.9507494646680943,0.9790325972660358,0.9205298013245033,0.9266666666666666,0.9436265633774727,0.9507494646680942,0.3181818181818182,0.3245382585751979,0.9615384615384616,0.9193548387096774,0.04838709677419355,0.03529411764705882,0.006356440393379736,0.042183622828784184,0.05527660195591891
0.9554565701559019,0.9924161073825503,0.9708029197080292,0.8926174496644296,0.9486950957539193,0.955456570155902,0.2926829268292683,0.3079019073569482,1.0,0.873015873015873,0.01694915254237288,0.012448132780082987,0.015218980527679948,0.12698412698412698,0.13148514674641687
0.9495614035087718,0.9800707026071587,0.9300699300699301,0.910958904109589,0.9417485434358807,0.9495614035087719,0.31645569620253167,0.3129973474801061,0.9615384615384616,0.9,0.0,0.038910505836575876,0.003458348722425564,0.06153846153846154,0.10044896737503742
0.9500000000000001,0.9851016490707617,0.912751677852349,0.9315068493150684,0.9426169491525425,0.9500000000000001,0.3375,0.32105263157894737,0.9259259259259259,0.9327731092436975,0.03773584905660377,0.0421455938697318,0.016447368421052655,0.006847183317771566,0.011256928130899596
