acc,auc,precision,recall,maf1,mif1,yp1.a1,yp1.a0,yp1.y1a1,yp1.y1a0,yp1.y0a1,yp1.y0a0,parity,equality,eq_odds
0.6921269095182139,0.758983479041319,0.7371090448013525,0.6473645137342242,0.6921019198193111,0.6921269095182139,0.5107344632768361,0.4382494004796163,0.7006237006237006,0.6177829099307159,0.28465346534653463,0.24438902743142144,0.07248506279721983,0.08284079069298467,0.12310522860809786
0.7066196631414022,0.770184287698719,0.7565573770491804,0.6712727272727272,0.7065402402837917,0.7066196631414022,0.5101351351351351,0.46066066066066064,0.700587084148728,0.6539351851851852,0.2519893899204244,0.25218476903870163,0.04947447447447445,0.046651898963542715,0.04684727808181993
0.7144535840188014,0.780003451506336,0.7789566755083996,0.6477941176470589,0.7142850782894903,0.7144535840188013,0.49128205128205127,0.4131812420785805,0.6914498141263941,0.6192214111922141,0.2448512585812357,0.18915343915343916,0.07810080920347079,0.07222840293417998,0.1279262223619765
0.7093615354484919,0.7757676627152597,0.781491002570694,0.6518942101501072,0.7093539993003601,0.709361535448492,0.4814027630180659,0.44292803970223327,0.6500920810313076,0.6530373831775701,0.25125628140703515,0.20502645502645503,0.038474723315832626,0.0029453021462625406,0.049175128526842665
0.717587152369761,0.7840796295271305,0.7716814159292036,0.6531835205992509,0.7172512102413724,0.717587152369761,0.4956616052060738,0.41263028816676883,0.691699604743083,0.6296743063932448,0.25721153846153844,0.1882793017456359,0.08303131703930494,0.062025298349838165,0.1309575350657407
