acc,auc,precision,recall,maf1,mif1,yp1.a1,yp1.a0,yp1.y1a1,yp1.y1a0,yp1.y0a1,yp1.y0a0,parity,equality,eq_odds
0.9721627408993576,0.9940690753625618,0.9662162162162162,0.9470198675496688,0.9680246490927764,0.9721627408993576,0.3157894736842105,0.3171355498721228,1.0,0.937007874015748,0.0,0.01893939393939394,0.0013460761879122707,0.06299212598425197,0.0819315199236459
0.9464668094218416,0.9820820189274448,0.8787878787878788,0.9666666666666667,0.9401235992512245,0.9464668094218416,0.3409090909090909,0.3562005277044855,0.9615384615384616,0.967741935483871,0.08064516129032258,0.058823529411764705,0.01529143679539463,0.006203473945409432,0.028025105823967306
0.953229398663697,0.9891946308724833,0.9383561643835616,0.9194630872483222,0.9469938443376338,0.9532293986636972,0.3170731707317073,0.32697547683923706,1.0,0.9047619047619048,0.05084745762711865,0.024896265560165973,0.009902306107529735,0.09523809523809523,0.12118928730504791
0.9429824561403508,0.9866548828988069,0.9054054054054054,0.9178082191780822,0.9347467142196684,0.9429824561403509,0.34177215189873417,0.3209549071618037,0.9615384615384616,0.9083333333333333,0.03773584905660377,0.04669260700389105,0.020817244736930474,0.05320512820512824,0.06216188615241552
0.9608695652173913,0.9922999738242737,0.9210526315789473,0.958904109589041,0.955329204341915,0.9608695652173913,0.3375,0.32894736842105265,0.9629629629629629,0.957983193277311,0.018867924528301886,0.0421455938697318,0.008552631578947367,0.004979769685651947,0.028257439027081863
