acc,auc,precision,recall,maf1,mif1,yp1.a1,yp1.a0,yp1.y1a1,yp1.y1a0,yp1.y0a1,yp1.y0a0,parity,equality,eq_odds
0.6666666666666666,0.8082010582010581,0.5862068965517241,0.9444444444444444,0.6520247083047357,0.6666666666666666,0.7368421052631579,0.7457627118644068,0.875,0.9642857142857143,0.6363636363636364,0.5483870967741935,0.008920606601248937,0.0892857142857143,0.17726225387515715
0.7051282051282051,0.7633487145682267,0.6956521739130435,0.7804878048780488,0.7011494252873565,0.7051282051282052,0.42105263157894735,0.6440677966101694,0.4444444444444444,0.875,0.4,0.37037037037037035,0.2230151650312221,0.4305555555555556,0.46018518518518525
0.6794871794871795,0.7466931216931216,0.6486486486486487,0.6666666666666666,0.6781647136491171,0.6794871794871795,0.2857142857142857,0.543859649122807,0.3,0.8076923076923077,0.2727272727272727,0.3225806451612903,0.25814536340852134,0.5076923076923077,0.5575456801263252
0.641025641025641,0.7513157894736842,0.6666666666666666,0.6,0.6407894736842106,0.6410256410256411,0.0,0.5806451612903226,0.0,0.7272727272727273,0.0,0.41379310344827586,0.5806451612903226,0.7272727272727273,1.141065830721003
0.7307692307692307,0.8074074074074075,0.7727272727272727,0.7555555555555555,0.7253060539996646,0.7307692307692306,0.3684210526315789,0.6271186440677966,0.45454545454545453,0.8529411764705882,0.25,0.32,0.2586975914362177,0.3983957219251337,0.4683957219251337
