acc,auc,precision,recall,maf1,mif1,yp1.a1,yp1.a0,yp1.y1a1,yp1.y1a0,yp1.y0a1,yp1.y0a0,parity,equality,eq_odds
0.9657387580299787,0.9908835610696621,0.9655172413793104,0.9271523178807947,0.9604337880199949,0.9657387580299786,0.3026315789473684,0.31202046035805625,0.9583333333333334,0.9212598425196851,0.0,0.01893939393939394,0.009388881410687833,0.0370734908136483,0.05601288475304224
0.9486081370449679,0.9818506834910621,0.9038461538461539,0.94,0.9416760334707132,0.9486081370449678,0.3181818181818182,0.33773087071240104,0.9615384615384616,0.9354838709677419,0.04838709677419355,0.047058823529411764,0.019549052530582867,0.026054590570719682,0.027382863815501465
0.953229398663697,0.992841163310962,0.9637681159420289,0.8926174496644296,0.9462296914294839,0.9532293986636972,0.2926829268292683,0.3106267029972752,1.0,0.873015873015873,0.01694915254237288,0.016597510373443983,0.01794377616800691,0.12698412698412698,0.1273357691530559
0.9473684210526315,0.9848652231551038,0.9295774647887324,0.9041095890410958,0.9391025641025641,0.9473684210526315,0.31645569620253167,0.3103448275862069,0.9230769230769231,0.9,0.018867924528301886,0.03501945525291829,0.0061108686163247605,0.023076923076923106,0.03922845380153951
0.9456521739130435,0.9853197801238984,0.9006622516556292,0.9315068493150684,0.937848252454994,0.9456521739130435,0.3375,0.3263157894736842,0.9259259259259259,0.9327731092436975,0.03773584905660377,0.04980842911877394,0.011184210526315796,0.006847183317771566,0.018919763379941737
