acc,auc,precision,recall,maf1,mif1,yp1.a1,yp1.a0,yp1.y1a1,yp1.y1a0,yp1.y0a1,yp1.y0a0,parity,equality,eq_odds
0.6976212259835316,0.7634833685377322,0.7619047619047619,0.5634847080630213,0.6914562209127899,0.6976212259835316,0.3969986357435198,0.3489332415691672,0.6090425531914894,0.5391180654338549,0.17366946778711484,0.17066666666666666,0.04806539417435257,0.06992448775763449,0.07292728887808267
0.7026532479414456,0.7659194401660752,0.7605140186915887,0.593978102189781,0.6992065776994987,0.7026532479414456,0.4314002828854314,0.37254901960784315,0.6333333333333333,0.5722379603399433,0.1829652996845426,0.19016817593790428,0.05885126327758827,0.06109537299338996,0.06829824924675165
0.6999085086916743,0.7593435071509512,0.735781990521327,0.5891840607210627,0.6946076923928775,0.6999085086916743,0.40252454417952316,0.3781398506449423,0.5941644562334217,0.5864106351550961,0.1875,0.20100502512562815,0.024384693534580837,0.007753821078325673,0.021258846203953824
0.6980786825251601,0.7606319955051251,0.7546239210850801,0.570363466915191,0.6922041083826571,0.6980786825251601,0.38980716253443526,0.36164383561643837,0.5877437325905293,0.561624649859944,0.19618528610354224,0.17024128686327078,0.02816332691799689,0.026119082730585275,0.05206308197085674
0.6994510521500458,0.7660645069371986,0.7324766355140186,0.5943127962085308,0.6946181466991822,0.6994510521500458,0.3922413793103448,0.3912751677852349,0.5954415954415955,0.59375,0.1855072463768116,0.2099236641221374,0.0009662115251098946,0.0016915954415954726,0.02610801318692127
