acc,auc,precision,recall,maf1,mif1,yp1.a1,yp1.a0,yp1.y1a1,yp1.y1a0,yp1.y0a1,yp1.y0a0,parity,equality,eq_odds
0.9207459207459208,0.962721061246241,0.9467418546365914,0.8394444444444444,0.9139852013526049,0.9207459207459208,0.2997502081598668,0.37807509710832976,0.8273381294964028,0.849896480331263,0.01913265306122449,0.04071058475203553,0.07832488894846296,0.02255835083486013,0.04413628252567117
0.9209578300487392,0.9660968591825758,0.945514950166113,0.8302217036172695,0.9120740082364913,0.9209578300487391,0.2624203821656051,0.37521150592216584,0.7991858887381276,0.8536335721596725,0.01792336217552534,0.03821196827685652,0.11279112375656075,0.054447683421544935,0.07473628952287611
0.9230769230769231,0.9660884011683245,0.9542782495101241,0.8329532497149373,0.9152510524991707,0.9230769230769231,0.2688217779668226,0.3796452702702703,0.8112449799196787,0.8490566037735849,0.016209476309226933,0.03232916972814107,0.11082349230344768,0.03781162385390624,0.053931317272820384
0.928374655647383,0.9673431645864857,0.9592220828105396,0.8485016648168702,0.9222647006876481,0.928374655647383,0.29974916387959866,0.37688010313708636,0.8313253012048193,0.8631687242798354,0.017285531370038413,0.028044280442804426,0.07713093925748771,0.031843423075016086,0.0426021721477821
0.9275270184361094,0.9663358405831932,0.9486850545221296,0.8495117748420448,0.9203225806451613,0.9275270184361094,0.30411300373909433,0.3576989619377163,0.8253588516746412,0.8718232044198895,0.02673456397199236,0.02700781805259417,0.05358595819862194,0.046464352745248294,0.046737606825850105
