acc,auc,precision,recall,maf1,mif1,yp1.a1,yp1.a0,yp1.y1a1,yp1.y1a0,yp1.y0a1,yp1.y0a0,parity,equality,eq_odds
0.527222875048962,0.574849705937031,0.5274294670846394,0.9992576095025983,0.3452167222364709,0.527222875048962,0.9988700564971752,1.0,0.997920997920998,1.0,1.0,1.0,0.001129943502824804,0.0020790020790020236,0.0020790020790020236
0.5385820603211907,0.5088007408550702,0.5385820603211907,1.0,0.35005091649694503,0.5385820603211907,1.0,1.0,1.0,1.0,1.0,1.0,0.0,0.0,0.0
0.6580493537015276,0.6918680045362655,0.7808535178777394,0.49779411764705883,0.6523812635761215,0.6580493537015276,0.40102564102564103,0.30164765525982257,0.5613382899628253,0.4562043795620438,0.2036613272311213,0.1335978835978836,0.09937798576581847,0.10513391040078152,0.1751973540340192
0.6459067763415589,0.6759005875699775,0.7559462254395036,0.5225160829163689,0.6439967668490969,0.6459067763415589,0.38257173219978746,0.37655086848635233,0.5009208103130756,0.5362149532710281,0.22110552763819097,0.19576719576719576,0.006020863713435132,0.03529414295795252,0.060632474828947736
0.6153544849197022,0.6410755029120004,0.6522864538395168,0.5662921348314607,0.6151489455243887,0.6153544849197023,0.5314533622559653,0.41017780502759044,0.6106719367588933,0.5392038600723763,0.43509615384615385,0.27680798004987534,0.12127555722837485,0.071468076686517,0.22975625048279552
