acc,auc,precision,recall,maf1,mif1,yp1.a1,yp1.a0,yp1.y1a1,yp1.y1a0,yp1.y0a1,yp1.y0a0,parity,equality,eq_odds
0.7077947512730122,0.7816627084818423,0.7642919964819701,0.6451373422420194,0.7075811509449954,0.7077947512730122,0.4937853107344633,0.4196642685851319,0.6902286902286903,0.6200923787528868,0.2599009900990099,0.20324189526184538,0.0741210421493314,0.07013631147580346,0.12679540631296798
0.7093615354484919,0.7803133199567835,0.8034515819750719,0.6094545454545455,0.7085465777502067,0.709361535448492,0.4594594594594595,0.3813813813813814,0.6477495107632094,0.5868055555555556,0.20424403183023873,0.15980024968789014,0.0780780780780781,0.06094395520765383,0.10538773735000243
0.7081864473168821,0.7883875302006804,0.7518427518427518,0.675,0.7081513420617538,0.7081864473168821,0.5446153846153846,0.4372623574144487,0.7063197026022305,0.6545012165450121,0.34553775743707094,0.20105820105820105,0.10735302720093592,0.051818486057218394,0.19629804243608828
0.7034860947904426,0.7845601525229088,0.7876344086021505,0.6283059328091494,0.7034203885141486,0.7034860947904427,0.4665249734325186,0.41997518610421836,0.6077348066298343,0.6413551401869159,0.27386934673366836,0.1693121693121693,0.04654978732830023,0.033620333557081605,0.13817751097858066
0.7148452800626713,0.7860027182770306,0.7600685518423308,0.6644194756554307,0.7147314406539285,0.7148452800626713,0.5260303687635575,0.4181483752299203,0.7035573122529645,0.6405307599517491,0.31009615384615385,0.1882793017456359,0.10788199353363714,0.06302655230121534,0.1848434044017333
