acc,auc,precision,recall,maf1,mif1,yp1.a1,yp1.a0,yp1.y1a1,yp1.y1a0,yp1.y0a1,yp1.y0a0,parity,equality,eq_odds
0.9700214132762314,0.9937128007376981,0.9536423841059603,0.9536423841059603,0.9657452426858915,0.9700214132762313,0.3157894736842105,0.3248081841432225,1.0,0.9448818897637795,0.0,0.026515151515151516,0.00901871045901198,0.055118110236220486,0.081633261751372
0.9464668094218416,0.9745110410094637,0.8930817610062893,0.9466666666666667,0.9395469255663431,0.9464668094218416,0.3409090909090909,0.3403693931398417,0.9615384615384616,0.9435483870967742,0.08064516129032258,0.047058823529411764,0.00053969776924917,0.01799007444168732,0.051576412202598135
0.9510022271714922,0.9890380313199105,0.9319727891156463,0.9194630872483222,0.9445654125886684,0.9510022271714922,0.3048780487804878,0.33242506811989103,0.9565217391304348,0.9126984126984127,0.05084745762711865,0.029045643153526972,0.027547019339403234,0.043823326432022136,0.0656251409056138
0.9451754385964912,0.9845779938135218,0.9115646258503401,0.9178082191780822,0.9371440228928085,0.9451754385964912,0.35443037974683544,0.3156498673740053,0.9615384615384616,0.9083333333333333,0.05660377358490566,0.038910505836575876,0.038780512372830145,0.05320512820512824,0.07089839595345802
0.9500000000000001,0.987152080970247,0.9072847682119205,0.9383561643835616,0.9428203922585945,0.9500000000000001,0.35,0.3236842105263158,0.9629629629629629,0.9327731092436975,0.03773584905660377,0.04597701149425287,0.02631578947368418,0.030189853719265414,0.038431016156914515
