acc,auc,precision,recall,maf1,mif1,yp1.a1,yp1.a0,yp1.y1a1,yp1.y1a0,yp1.y0a1,yp1.y0a0,parity,equality,eq_odds
0.967880085653105,0.9954522592002683,0.930379746835443,0.9735099337748344,0.9637281553398058,0.9678800856531049,0.32894736842105265,0.340153452685422,1.0,0.968503937007874,0.019230769230769232,0.03787878787878788,0.011206084264369365,0.03149606299212604,0.05014408164014469
0.9464668094218416,0.9771819137749738,0.8834355828220859,0.96,0.9399350732869277,0.9464668094218416,0.2840909090909091,0.3641160949868074,0.8846153846153846,0.9758064516129032,0.03225806451612903,0.06666666666666667,0.0800251858958983,0.09119106699751867,0.12559966914805631
0.9621380846325167,0.9912080536912751,0.9230769230769231,0.9664429530201343,0.9577972520941033,0.9621380846325167,0.2926829268292683,0.35967302452316074,1.0,0.9603174603174603,0.01694915254237288,0.04564315352697095,0.06699009769389247,0.03968253968253965,0.06837654066713772
0.9495614035087718,0.9806009721608484,0.912751677852349,0.9315068493150684,0.9423783754086201,0.9495614035087719,0.3291139240506329,0.32625994694960214,0.9615384615384616,0.925,0.018867924528301886,0.04669260700389105,0.002853977101030747,0.03653846153846152,0.06436314401405069
0.9543478260869566,0.9899223453450834,0.9032258064516129,0.958904109589041,0.9481534357741294,0.9543478260869566,0.3375,0.3368421052631579,0.9259259259259259,0.9663865546218487,0.03773584905660377,0.04980842911877394,0.0006578947368421351,0.04046062869592282,0.05253320875809299
