acc,auc,precision,recall,maf1,mif1,yp1.a1,yp1.a0,yp1.y1a1,yp1.y1a0,yp1.y0a1,yp1.y0a0,parity,equality,eq_odds
0.9271948608137045,0.9788121384860425,0.9090909090909091,0.8609271523178808,0.9156143707482992,0.9271948608137046,0.4342105263157895,0.2813299232736573,1.0,0.8346456692913385,0.17307692307692307,0.015151515151515152,0.1528806030421322,0.16535433070866146,0.3232797386340694
0.8993576017130621,0.9670452155625657,0.8083832335329342,0.9,0.887779987627116,0.8993576017130621,0.5340909090909091,0.316622691292876,0.9615384615384616,0.8870967741935484,0.3548387096774194,0.0392156862745098,0.21746821779803305,0.07444168734491319,0.3900647107478228
0.9198218262806236,0.974675615212528,0.8896551724137931,0.8657718120805369,0.9089741857007704,0.9198218262806237,0.4268292682926829,0.2997275204359673,1.0,0.8412698412698413,0.2033898305084746,0.016597510373443983,0.12710174785671563,0.15873015873015872,0.34552247886518933
0.8903508771929824,0.9611135660627486,0.8157894736842105,0.8493150684931506,0.8753907701724853,0.8903508771929824,0.5316455696202531,0.2917771883289125,0.9615384615384616,0.825,0.32075471698113206,0.042801556420233464,0.23986838129134064,0.1365384615384616,0.4144916220993602
0.9065217391304348,0.9700724195096415,0.8456375838926175,0.863013698630137,0.8927186440677967,0.9065217391304348,0.475,0.29210526315789476,0.9629629629629629,0.8403361344537815,0.22641509433962265,0.0421455938697318,0.18289473684210522,0.12262682850918138,0.30689632897907226
