acc,auc,precision,recall,maf1,mif1,yp1.a1,yp1.a0,yp1.y1a1,yp1.y1a0,yp1.y0a1,yp1.y0a0,parity,equality,eq_odds
0.6133333333333334,0.6844444444444444,0.6197183098591549,0.5866666666666667,0.6130581747020103,0.6133333333333333,0.2127659574468085,0.5922330097087378,0.42857142857142855,0.6481481481481481,0.038461538461538464,0.5306122448979592,0.37946705226192934,0.2195767195767196,0.7117274260131403
0.5866666666666667,0.6577777777777779,0.6031746031746031,0.5066666666666667,0.5840042941492217,0.5866666666666667,0.32608695652173914,0.46153846153846156,0.5,0.5098039215686274,0.13636363636363635,0.41509433962264153,0.13545150501672243,0.009803921568627416,0.2885346248276326
0.6000000000000001,0.6597333333333334,0.6119402985074627,0.5466666666666666,0.5988589766446781,0.6,0.14893617021276595,0.5825242718446602,0.2608695652173913,0.6730769230769231,0.041666666666666664,0.49019607843137253,0.4335881016318942,0.41220735785953183,0.8607367696242376
0.6466666666666667,0.695288888888889,0.7037037037037037,0.5066666666666667,0.6396028831769345,0.6466666666666666,0.24528301886792453,0.422680412371134,0.4,0.56,0.10714285714285714,0.2765957446808511,0.1773973935032095,0.16000000000000003,0.32945288753799395
0.5666666666666667,0.6785777777777777,0.5892857142857143,0.44,0.5596007046388725,0.5666666666666667,0.358974358974359,0.3783783783783784,0.35294117647058826,0.46551724137931033,0.36363636363636365,0.2830188679245283,0.019404019404019424,0.11257606490872207,0.19319356062055743
