acc,auc,precision,recall,maf1,mif1,yp1.a1,yp1.a0,yp1.y1a1,yp1.y1a0,yp1.y0a1,yp1.y0a0,parity,equality,eq_odds
0.6855912294440094,0.7538111326590926,0.7266666666666667,0.6473645137342242,0.6855888675945716,0.6855912294440094,0.4011299435028249,0.5062911923307369,0.5883575883575883,0.6801385681293303,0.1782178217821782,0.31880448318804483,0.10516124882791206,0.09178097977174193,0.23236764117760855
0.6961628817541112,0.7629432029059896,0.7392344497607656,0.6736918604651163,0.6958935974982892,0.6961628817541112,0.4611923509561305,0.5069069069069069,0.658203125,0.6828703703703703,0.19363395225464192,0.317103620474407,0.04571455595077639,0.02466724537037035,0.14813691359013542
0.7047768206734534,0.7678675238939797,0.7567796610169492,0.6566176470588235,0.7047679495670518,0.7047768206734534,0.4041025641025641,0.49778340721975933,0.6078066914498141,0.6885644768856448,0.15331807780320367,0.2906208718626156,0.09368084311719521,0.08075778543583068,0.2180605794952426
0.6918559122944401,0.7590022557856725,0.7865168539325843,0.6004288777698356,0.6914979355665938,0.6918559122944401,0.33581296493092455,0.4662120272783633,0.5082872928176796,0.6588785046728972,0.10050251256281408,0.24834874504623514,0.13039906234743875,0.15059121185521762,0.29843744433863867
0.7028191072826938,0.7659139848382054,0.7649219467401286,0.6235029940119761,0.7020590122612401,0.7028191072826938,0.3705308775731311,0.4580012262415696,0.5621301775147929,0.661037394451146,0.13701923076923078,0.24812967581047382,0.0874703486684385,0.09890721693635307,0.2100176619775961
