acc,auc,precision,recall,maf1,mif1,yp1.a1,yp1.a0,yp1.y1a1,yp1.y1a0,yp1.y0a1,yp1.y0a0,parity,equality,eq_odds
0.7822666666666667,0.6767703950737369,0.7852294325278306,0.9912596401028277,0.4842853677389559,0.7822666666666667,1.0,0.9804036267914595,1.0,0.9904655075715086,1.0,0.9442578912021491,0.019596373208540463,0.009534492428491359,0.06527660122634227
0.7793333333333333,0.6916258513665585,0.7874255643262706,0.9793317258008957,0.5170660211309732,0.7793333333333334,0.9985611510791367,0.959147685525349,0.9980430528375733,0.9775259678942398,1.0,0.8947019867549669,0.03941346555378766,0.020517084943333486,0.12581509818836656
0.7916000000000001,0.6860598367410295,0.8045767232907483,0.971026770586242,0.5443037974683544,0.7916,0.9209431345353676,0.9527953975512613,0.9558011049723757,0.9725695092367979,0.8146067415730337,0.8781690140845071,0.03185226301589372,0.016768404264422165,0.08033067677589556
0.7874666666666668,0.682244459230719,0.7979418717841746,0.9760163293077054,0.5260672901197617,0.7874666666666666,1.0,0.9550872093023256,1.0,0.974004424778761,1.0,0.8846153846153846,0.0449127906976744,0.025995575221238965,0.14138019060585438
0.7849333333333334,0.6953256686785365,0.7956479285813921,0.9747095010252905,0.5305325377332897,0.7849333333333334,0.9795918367346939,0.9534781332550631,0.983739837398374,0.9738805970149254,0.9690721649484536,0.8782668500687758,0.026113703479630712,0.009859240383448653,0.10066455526312645
