acc,auc,precision,recall,maf1,mif1,yp1.a1,yp1.a0,yp1.y1a1,yp1.y1a0,yp1.y0a1,yp1.y0a0,parity,equality,eq_odds
0.6866422689844465,0.7505510890759202,0.797583081570997,0.4893419833178869,0.6730953411703475,0.6866422689844465,0.3069577080491132,0.3007570543702684,0.5079787234042553,0.4793741109530583,0.09523809523809523,0.13333333333333333,0.006200653678844814,0.028604612451196998,0.0666998505464351
0.6756633119853614,0.747722326391214,0.8076311605723371,0.4635036496350365,0.6605675552854475,0.6756633119853613,0.3055162659123055,0.27924273157538876,0.4641025641025641,0.4631728045325779,0.11041009463722397,0.111254851228978,0.02627353433691676,0.0009297595699861994,0.001774516161740236
0.6724611161939616,0.7357450332235937,0.8477366255144033,0.3908918406072106,0.6411200381539364,0.6724611161939615,0.22861150070126227,0.21928038017651053,0.38992042440318303,0.3914327917282127,0.047619047619047616,0.0728643216080402,0.00933112052475174,0.0015123673250296843,0.026757641314022265
0.6752058554437329,0.7480533791529237,0.784037558685446,0.46691519105312207,0.6591815402993464,0.6752058554437328,0.28236914600550966,0.29726027397260274,0.4568245125348189,0.47198879551820727,0.11171662125340599,0.13002680965147453,0.014891127967093076,0.015164282983388344,0.033474471381456886
0.6898444647758464,0.7422546838137621,0.7607192254495159,0.5213270142180095,0.6786501340377943,0.6898444647758463,0.3204022988505747,0.33557046979865773,0.48717948717948717,0.5383522727272727,0.15072463768115943,0.15394402035623408,0.015168170948083037,0.05117278554778554,0.05439216822286019
