acc,auc,precision,recall,maf1,mif1,yp1.a1,yp1.a0,yp1.y1a1,yp1.y1a0,yp1.y0a1,yp1.y0a0,parity,equality,eq_odds
0.9487179487179487,0.9828042328042328,0.9444444444444444,0.9444444444444444,0.9484126984126984,0.9487179487179487,0.3684210526315789,0.4915254237288136,0.875,0.9642857142857143,0.0,0.06451612903225806,0.12310437109723465,0.0892857142857143,0.15380184331797236
0.6923076923076923,0.7910349373764007,0.7428571428571429,0.6341463414634146,0.6921052631578948,0.6923076923076923,0.42105263157894735,0.4576271186440678,0.5555555555555556,0.65625,0.3,0.2222222222222222,0.03657448706512045,0.10069444444444442,0.1784722222222222
0.6282051282051282,0.5681216931216931,0.5945945945945946,0.6111111111111112,0.6266710678329758,0.6282051282051282,0.2857142857142857,0.543859649122807,0.3,0.7307692307692307,0.2727272727272727,0.3870967741935484,0.25814536340852134,0.43076923076923074,0.5451387322355064
0.4230769230769231,0.4098684210526316,0.42857142857142855,0.375,0.42222222222222217,0.4230769230769231,0.3125,0.4838709677419355,0.14285714285714285,0.42424242424242425,0.4444444444444444,0.5517241379310345,0.1713709677419355,0.2813852813852814,0.38866497487187146
0.5512820512820512,0.5703703703703704,0.6785714285714286,0.4222222222222222,0.5494305991087638,0.5512820512820513,0.15789473684210525,0.423728813559322,0.18181818181818182,0.5,0.125,0.32,0.26583407671721676,0.3181818181818182,0.5131818181818182
