acc,auc,precision,recall,maf1,mif1,yp1.a1,yp1.a0,yp1.y1a1,yp1.y1a0,yp1.y0a1,yp1.y0a0,parity,equality,eq_odds
0.9186295503211992,0.9466216782630564,0.9312977099236641,0.8079470198675497,0.9034830091806987,0.9186295503211992,0.06578947368421052,0.32225063938618925,0.125,0.937007874015748,0.038461538461538464,0.026515151515151516,0.25646116570197874,0.812007874015748,0.823954260962135
0.9143468950749465,0.9525762355415351,0.8666666666666667,0.8666666666666667,0.9017875920084122,0.9143468950749465,0.10227272727272728,0.3720316622691293,0.34615384615384615,0.9758064516129032,0.0,0.0784313725490196,0.269758934996402,0.6296526054590571,0.7080839780080768
0.933184855233853,0.9659284116331096,0.9407407407407408,0.8523489932885906,0.9227531311648391,0.933184855233853,0.14634146341463414,0.335149863760218,0.4782608695652174,0.9206349206349206,0.01694915254237288,0.029045643153526972,0.18880840034558385,0.4423740510697032,0.45447054168085727
0.9166666666666666,0.9542863455589925,0.8970588235294118,0.8356164383561644,0.9024653833164471,0.9166666666666666,0.1518987341772152,0.32891246684350134,0.38461538461538464,0.9333333333333333,0.03773584905660377,0.04669260700389105,0.17701373266628614,0.5487179487179488,0.557674706665236
0.8956521739130435,0.9271442282523339,0.8769230769230769,0.7808219178082192,0.8757763975155279,0.8956521739130435,0.05,0.33157894736842103,0.07407407407407407,0.9411764705882353,0.03773584905660377,0.05363984674329502,0.28157894736842104,0.8671023965141612,0.8830063942008525
