acc,auc,precision,recall,maf1,mif1,yp1.a1,yp1.a0,yp1.y1a1,yp1.y1a0,yp1.y0a1,yp1.y0a0,parity,equality,eq_odds
0.9635974304068523,0.9939433313773158,0.9294871794871795,0.9602649006622517,0.9587560847632852,0.9635974304068522,0.32894736842105265,0.3350383631713555,1.0,0.952755905511811,0.019230769230769232,0.03787878787878788,0.006090994750302836,0.047244094488189003,0.06589211313620766
0.9421841541755889,0.9743007360672975,0.8867924528301887,0.94,0.9347106796116504,0.9421841541755889,0.3068181818181818,0.3482849604221636,0.8846153846153846,0.9516129032258065,0.06451612903225806,0.054901960784313725,0.04146677860398179,0.06699751861042191,0.07661168685836625
0.9554565701559019,0.9921700223713645,0.9161290322580645,0.9530201342281879,0.9502702463228779,0.955456570155902,0.2926829268292683,0.3569482288828338,0.9565217391304348,0.9523809523809523,0.03389830508474576,0.04564315352697095,0.06426530205356551,0.0041407867494824835,0.015885635191707673
0.9473684210526315,0.9852629253203712,0.9066666666666666,0.9315068493150684,0.93997893997894,0.9473684210526315,0.3291139240506329,0.32891246684350134,0.9615384615384616,0.925,0.018867924528301886,0.05058365758754864,0.00020145720713155013,0.03653846153846152,0.06825419459770828
0.9456521739130435,0.9836401710147457,0.8853503184713376,0.952054794520548,0.9384865553005868,0.9456521739130435,0.35,0.3394736842105263,0.9629629629629629,0.9495798319327731,0.03773584905660377,0.06130268199233716,0.010526315789473661,0.013383131030189843,0.03694996396592323
