acc,auc,precision,recall,maf1,mif1,yp1.a1,yp1.a0,yp1.y1a1,yp1.y1a0,yp1.y0a1,yp1.y0a0,parity,equality,eq_odds
0.8868404322949778,0.9307780442312815,0.9654411764705882,0.7294444444444445,0.8729768611304898,0.8868404322949779,0.2547876769358868,0.3228312473025464,0.7134292565947242,0.7432712215320911,0.010841836734693877,0.02220577350111029,0.06804357036665964,0.029841964937366905,0.04120590170378332
0.8963763509218056,0.9345763672758549,0.9615674453654861,0.7444574095682613,0.8813777750658668,0.8963763509218056,0.22760084925690022,0.33460236886632827,0.7028493894165536,0.7758444216990789,0.011124845488257108,0.023792357606344627,0.10700151960942805,0.07299503228252524,0.08566254440061276
0.8872642509006146,0.9342100253624094,0.9765990639625585,0.7137970353477765,0.870835200956223,0.8872642509006146,0.22671203743088048,0.31630067567567566,0.6987951807228916,0.7249255213505462,0.00685785536159601,0.013960323291697281,0.08958863824479518,0.026130340627654625,0.0332328085577559
0.8938334392879848,0.9352741801761422,0.9807834441980784,0.7364039955604883,0.8807327296029106,0.8938334392879848,0.25334448160535117,0.32101418134937687,0.7192771084337349,0.7510288065843621,0.005761843790012804,0.012546125461254613,0.0676696997440257,0.03175169815062717,0.03853597982186898
0.8832379741470651,0.9379883842800488,0.9707278481012658,0.7047673750717978,0.8654934143907003,0.8832379741470651,0.24096385542168675,0.2958477508650519,0.6758373205741627,0.7314917127071823,0.009548058561425843,0.015636105188343994,0.05488389544336514,0.05565439213301959,0.06174243875993774
