acc,auc,precision,recall,maf1,mif1,yp1.a1,yp1.a0,yp1.y1a1,yp1.y1a0,yp1.y0a1,yp1.y0a0,parity,equality,eq_odds
0.7869333333333334,0.7060523248183916,0.7951790441688728,0.9780634104541559,0.5366836741320965,0.7869333333333334,0.9290030211480362,0.9596373208540508,0.9609053497942387,0.9796223593194989,0.8409090909090909,0.8878441907320349,0.03063429970601461,0.01871700952526023,0.0656521093482042
0.7825333333333334,0.6943591169728804,0.7970401691331924,0.9673280875812521,0.5409171801082201,0.7825333333333334,0.9005681818181818,0.9507062978222484,0.9300970873786408,0.970924779591071,0.8201058201058201,0.8771331058020477,0.05013811600406659,0.04082769221243021,0.09785497790865783
0.7902666666666667,0.6699732998169095,0.8100558659217877,0.9581497797356828,0.567434258348757,0.7902666666666667,0.8654646324549237,0.9377489305207257,0.9152854511970534,0.9624930024258257,0.7134831460674157,0.8443661971830986,0.07228429806580206,0.04720755122877229,0.17809060234445517
0.7926666666666667,0.6999835464512119,0.8012820512820513,0.9780574927708794,0.5407013436331755,0.7926666666666666,0.9258064516129032,0.959593023255814,0.967032967032967,0.9789823008849557,0.8121212121212121,0.8873626373626373,0.03378657164291077,0.011949333851988708,0.0871907590934139
0.7892,0.7095670760639463,0.8003938669292446,0.9723171565276828,0.5513192915601219,0.7892,0.9198250728862973,0.9506897563839155,0.9552845528455285,0.9738805970149254,0.8298969072164949,0.8651994497936726,0.030864683497618173,0.018596044169396864,0.05389858674657455
