acc,auc,precision,recall,maf1,mif1,yp1.a1,yp1.a0,yp1.y1a1,yp1.y1a0,yp1.y0a1,yp1.y0a0,parity,equality,eq_odds
0.6785434612372748,0.7367816664606179,0.7026194144838213,0.6770601336302895,0.678134845620668,0.6785434612372748,0.5740112994350283,0.4733373277411624,0.7484407484407485,0.6374133949191686,0.36633663366336633,0.29638854296388545,0.10067397169386588,0.11102735352157989,0.18097544422106077
0.6898981989036805,0.7473552187388952,0.7263565891472868,0.6809593023255814,0.689300703554267,0.6898981989036805,0.5984251968503937,0.45525525525525523,0.7578125,0.6354166666666666,0.3819628647214854,0.26092384519350814,0.14316994159513852,0.12239583333333337,0.2434348528613106
0.6789350039154268,0.7505216031136072,0.7042360060514372,0.6845588235294118,0.6781265349959087,0.6789350039154268,0.5794871794871795,0.47941735275490815,0.7211895910780669,0.6605839416058394,0.40503432494279173,0.28269484808454426,0.10006982673227138,0.06060564947222746,0.18294512633047494
0.6985121378230227,0.7482648397587639,0.7609958506224066,0.6554681915654038,0.6983965440241848,0.6985121378230227,0.5069075451647184,0.4513329200247985,0.6721915285451197,0.6448598130841121,0.2814070351758794,0.23249669749009247,0.05557462513991984,0.027331715461007544,0.07624205314679447
0.7000783085356304,0.7501425719988593,0.7386934673366834,0.6601796407185628,0.700051821892143,0.7000783085356304,0.5016251354279523,0.44819129368485594,0.6903353057199211,0.6417370325693607,0.27163461538461536,0.24812967581047382,0.053433841743096344,0.04859827315056042,0.07210321272470196
