acc,auc,precision,recall,maf1,mif1,yp1.a1,yp1.a0,yp1.y1a1,yp1.y1a0,yp1.y0a1,yp1.y0a0,parity,equality,eq_odds
0.8853570671752491,0.9341134711278597,0.9048231511254019,0.7816666666666666,0.8749058785165861,0.885357067175249,0.27768526228143214,0.38325420802762195,0.7577937649880095,0.8022774327122153,0.022321428571428572,0.08364174685418209,0.1055689457461898,0.044483667724205755,0.10580398600695927
0.8819665183301547,0.9350739821029517,0.885923949299533,0.7747957992998833,0.868581928085826,0.8819665183301547,0.2356687898089172,0.3993231810490694,0.7177747625508819,0.8178096212896623,0.016069221260815822,0.10454217736121124,0.16365439124015219,0.10003485873878037,0.18850781483917578
0.8902309811400722,0.9381755217176447,0.906578947368421,0.7856328392246295,0.8788737053623281,0.890230981140072,0.25308379413015736,0.390625,0.7523427041499331,0.8103277060575969,0.02057356608478803,0.08008817046289493,0.13754120586984264,0.05798500190766376,0.11749960628577066
0.8895952532316169,0.9394586710305883,0.9035916824196597,0.7957824639289678,0.8800686983321659,0.8895952532316169,0.2809364548494983,0.3932101418134938,0.7650602409638554,0.8220164609053497,0.023687580025608196,0.08560885608856089,0.11227368696399548,0.05695621994149436,0.11887749600444705
0.8834498834498835,0.9351431848103785,0.908716540837337,0.7604824813325675,0.8699382426516573,0.8834498834498834,0.2625675114250104,0.3568339100346021,0.7129186602870813,0.8044198895027624,0.022915340547422024,0.0689410092395167,0.09426639860959168,0.09150122921568116,0.13752689790777584
