acc,auc,precision,recall,maf1,mif1,yp1.a1,yp1.a0,yp1.y1a1,yp1.y1a0,yp1.y0a1,yp1.y0a0,parity,equality,eq_odds
0.7877333333333334,0.7070168368883022,0.7946937074593694,0.9804627249357326,0.5340459438504289,0.7877333333333333,0.9365558912386707,0.9621234279028956,0.9711934156378601,0.9813049168068798,0.8409090909090909,0.8932169241101411,0.025567536664224955,0.01011150116901971,0.06241933437006986
0.7808,0.6876241184362877,0.791538246007285,0.9731312435411643,0.5366902262003819,0.7808,0.9381294964028777,0.9531227038941954,0.9686888454011742,0.9735599622285175,0.8532608695652174,0.8814569536423841,0.014993207491317717,0.004871116827343314,0.033067200904509986
0.79,0.6888650418241372,0.8069229677968506,0.9637411047102677,0.5548600632658315,0.79,0.9029126213592233,0.9437970202094704,0.9447513812154696,0.9656652360515021,0.7752808988764045,0.8612676056338028,0.04088439885024708,0.020913854836032475,0.10690056159343075
0.7930666666666667,0.702650374995055,0.8006949270326615,0.9799285592787889,0.5377379755877995,0.7930666666666666,0.9403225806451613,0.961046511627907,0.9714285714285714,0.980641592920354,0.8545454545454545,0.8880494505494505,0.02072393098274572,0.009213021491782603,0.04271701749577861
0.7885333333333334,0.7060099256581436,0.7990745933819405,0.9738550922761449,0.5455716559575154,0.7885333333333333,0.9256559766763849,0.9534781332550631,0.959349593495935,0.9751865671641791,0.8402061855670103,0.8734525447042641,0.02782215657867826,0.015836973668244103,0.049083332805497926
