acc,auc,precision,recall,maf1,mif1,yp1.a1,yp1.a0,yp1.y1a1,yp1.y1a0,yp1.y0a1,yp1.y0a0,parity,equality,eq_odds
0.6944770857814336,0.7521523784197055,0.7632311977715878,0.6102449888641426,0.6936950406450041,0.6944770857814336,0.4824858757062147,0.38968824940047964,0.6715176715176715,0.5762124711316398,0.25742574257425743,0.1882793017456359,0.09279762630573507,0.09530520038603174,0.16445164121465328
0.7077947512730122,0.7688445747800587,0.7636211232187762,0.6625454545454545,0.707784663764978,0.7077947512730122,0.5641891891891891,0.4156156156156156,0.7436399217221135,0.6145833333333334,0.3209549071618037,0.2009987515605493,0.14857357357357354,0.1290565883887801,0.24901274399003448
0.7242459851155503,0.7819110250973818,0.8025830258302583,0.6397058823529411,0.7237424084619443,0.7242459851155503,0.5025641025641026,0.376425855513308,0.7063197026022305,0.5961070559610706,0.2517162471395881,0.13756613756613756,0.12613824705079457,0.11021264664115993,0.2243627562146105
0.7156286721504113,0.7769680744973817,0.7815899581589958,0.6676197283774125,0.7155553113750988,0.7156286721504113,0.5504782146652497,0.41997518610421836,0.7182320441988951,0.6355140186915887,0.32160804020100503,0.17592592592592593,0.13050302856103135,0.08271802550730634,0.22840013978238544
0.7234625930278104,0.7865765084285039,0.7690333618477331,0.6734082397003746,0.7233606859309502,0.7234625930278105,0.5227765726681128,0.4212139791538933,0.7233201581027668,0.6429433051869723,0.27884615384615385,0.19201995012468828,0.10156259351421953,0.08037685291579455,0.16720305663726012
