acc,auc,precision,recall,maf1,mif1,yp1.a1,yp1.a0,yp1.y1a1,yp1.y1a0,yp1.y0a1,yp1.y0a0,parity,equality,eq_odds
0.7000783085356304,0.7662226470311454,0.7591436217662801,0.6317743132887899,0.6997378566868031,0.7000783085356304,0.5468926553672316,0.3816656680647094,0.7297297297297297,0.5773672055427251,0.3292079207920792,0.1706102117061021,0.16522698730252222,0.15236252418700458,0.3109602332729817
0.7079091620986687,0.7686417903818059,0.7753496503496503,0.6446220930232558,0.707857388189691,0.7079091620986687,0.5545556805399325,0.390990990990991,0.73828125,0.5891203703703703,0.3050397877984085,0.1772784019975031,0.16356468954894154,0.14916087962962965,0.27692226543053505
0.70203602192639,0.7822759631490788,0.7444897959183674,0.6705882352941176,0.7019921173942476,0.70203602192639,0.5733333333333334,0.42178594046865103,0.7565055762081785,0.6143552311435523,0.34782608695652173,0.21268163804491413,0.15154739286468233,0.1421503450646262,0.2772947939762338
0.7153484729835552,0.7754116267339999,0.77140549273021,0.6826304503216584,0.7150475281947113,0.7153484729835551,0.5557917109458024,0.44327340359578427,0.7237569060773481,0.6565420560747663,0.32663316582914576,0.202113606340819,0.11251830735001811,0.06721485000258176,0.1917344094909085
0.7157400156617071,0.7784971928065052,0.75,0.6848802395209581,0.7157398413469321,0.7157400156617071,0.5893824485373781,0.41446965052115264,0.7790927021696252,0.6272617611580217,0.3581730769230769,0.19451371571072318,0.17491279801622545,0.15183094101160355,0.3154903022239573
