acc,auc,precision,recall,maf1,mif1,yp1.a1,yp1.a0,yp1.y1a1,yp1.y1a0,yp1.y0a1,yp1.y0a0,parity,equality,eq_odds
0.8993576017130621,0.9946558806270434,0.9905660377358491,0.695364238410596,0.8738483467345637,0.8993576017130621,0.18421052631578946,0.23529411764705882,0.5833333333333334,0.7165354330708661,0.0,0.003787878787878788,0.05108359133126936,0.13320209973753272,0.1369899785254115
0.9250535331905783,0.9928706624605679,0.9914529914529915,0.7733333333333333,0.9082200472797308,0.9250535331905781,0.22727272727272727,0.2559366754617414,0.7692307692307693,0.7741935483870968,0.0,0.00392156862745098,0.02866394818901416,0.004962779156327479,0.00888434778377846
0.9688195991091314,0.9951454138702461,0.9856115107913669,0.9194630872483222,0.9642190346083789,0.9688195991091314,0.2804878048780488,0.31607629427792916,1.0,0.9047619047619048,0.0,0.008298755186721992,0.03558848939988035,0.09523809523809523,0.10353685042481722
0.8508771929824561,0.9226248342907645,0.9875,0.541095890410959,0.7999948399081505,0.850877192982456,0.13924050632911392,0.1830238726790451,0.4230769230769231,0.5666666666666667,0.0,0.0038910505836575876,0.043783366349931185,0.14358974358974358,0.14748079417340115
0.8347826086956522,0.884586859785359,0.8301886792452831,0.6027397260273972,0.7923201216614391,0.8347826086956521,0.225,0.23157894736842105,0.5185185185185185,0.6218487394957983,0.07547169811320754,0.05363984674329502,0.006578947368421045,0.10333022097727984,0.12516207234719237
