acc,auc,precision,recall,maf1,mif1,yp1.a1,yp1.a0,yp1.y1a1,yp1.y1a0,yp1.y0a1,yp1.y0a0,parity,equality,eq_odds
0.9186295503211992,0.9704920781289296,0.9124087591240876,0.8278145695364238,0.9046160130718954,0.9186295503211992,0.32894736842105265,0.2864450127877238,1.0,0.7952755905511811,0.019230769230769232,0.041666666666666664,0.04250235563332888,0.20472440944881887,0.2271603068847163
0.9186295503211992,0.9743427970557308,0.8733333333333333,0.8733333333333333,0.9066982124079916,0.9186295503211992,0.3409090909090909,0.316622691292876,0.9615384615384616,0.8548387096774194,0.08064516129032258,0.054901960784313725,0.02428639961621487,0.10669975186104219,0.13244295236705106
0.9242761692650334,0.9833780760626398,0.9197080291970803,0.8456375838926175,0.912781662781663,0.9242761692650334,0.3048780487804878,0.30517711171662126,1.0,0.8174603174603174,0.03389830508474576,0.03734439834024896,0.00029906293613346513,0.18253968253968256,0.18598577579518577
0.9013157894736842,0.9692001767565179,0.8581560283687943,0.8287671232876712,0.8856027874564459,0.9013157894736842,0.3291139240506329,0.3050397877984085,0.9230769230769231,0.8083333333333333,0.03773584905660377,0.07003891050583658,0.024074136252224376,0.11474358974358978,0.1470466511928226
0.9130434782608696,0.970639560247797,0.8680555555555556,0.8561643835616438,0.899288451012589,0.9130434782608695,0.3375,0.3078947368421053,0.9629629629629629,0.8319327731092437,0.018867924528301886,0.06896551724137931,0.029605263157894746,0.13103018985371917,0.1811277825667966
