acc,auc,precision,recall,maf1,mif1,yp1.a1,yp1.a0,yp1.y1a1,yp1.y1a0,yp1.y0a1,yp1.y0a0,parity,equality,eq_odds
0.8688281415554143,0.9222926420768147,0.9114982578397213,0.7266666666666667,0.8544324541572719,0.8688281415554142,0.25187343880099916,0.35822183858437634,0.6990407673860911,0.7505175983436853,0.01403061224489796,0.07772020725388601,0.10634839978337718,0.051476830957594144,0.11516642596658219
0.8711591438864167,0.9205056916030652,0.9007246376811594,0.7252042007001167,0.8538260196890862,0.8711591438864166,0.2229299363057325,0.3616751269035533,0.6824966078697422,0.7574206755373593,0.013597033374536464,0.0829127613554434,0.1387451905978208,0.07492406766761706,0.144239795648524
0.8781521508794237,0.9301399258933087,0.907394609536973,0.7485746864310148,0.8640884379715994,0.8781521508794236,0.22798809017439386,0.38471283783783783,0.6800535475234271,0.7994041708043694,0.017456359102244388,0.07788390889052167,0.15672474766344396,0.11935062328094237,0.17977817306921967
0.8694638694638696,0.926759947903845,0.9023066485753053,0.7380688124306326,0.855999134480147,0.8694638694638694,0.25877926421404684,0.3674258702191663,0.7108433734939759,0.7613168724279835,0.01856594110115237,0.08487084870848709,0.10864660600511944,0.050473498934007655,0.11677840654134237
0.8628946810764994,0.9179784434888976,0.8873937677053825,0.7197013210798392,0.845927544097488,0.8628946810764992,0.24761113419194017,0.35294117647058826,0.6722488038277512,0.7635359116022099,0.021642266072565246,0.08884150675195451,0.10533004227864809,0.0912871077744587,0.15848634845384796
