acc,auc,precision,recall,maf1,mif1,yp1.a1,yp1.a0,yp1.y1a1,yp1.y1a0,yp1.y0a1,yp1.y0a0,parity,equality,eq_odds
0.9602446483180428,0.9899318730596758,0.9174311926605505,0.9615384615384616,0.9547443390501742,0.9602446483180428,0.32142857142857145,0.33579335793357934,0.9705882352941176,0.9597701149425287,0.038461538461538464,0.04076086956521739,0.014364786505007887,0.010818120351588911,0.01311745145526784
0.9454545454545454,0.9825784688798388,0.8875,0.9594594594594594,0.94005994005994,0.9454545454545454,0.36585365853658536,0.36312849162011174,0.925,0.967032967032967,0.0963855421686747,0.05352112676056338,0.0027251669164736203,0.042032967032966995,0.08489738244107832
0.9544025157232705,0.9889219576719577,0.9308755760368663,0.9351851851851852,0.9492302229366864,0.9544025157232704,0.3247863247863248,0.3448940269749518,0.9705882352941176,0.9285714285714286,0.060240963855421686,0.02967359050445104,0.020107702188627008,0.04201680672268904,0.07258418007365969
0.9388714733542319,0.9777616279069767,0.9043062200956937,0.9086538461538461,0.9305365951708946,0.9388714733542319,0.30357142857142855,0.33269961977186313,0.9411764705882353,0.9022988505747126,0.02564102564102564,0.05113636363636364,0.029128191200434583,0.038877620013522685,0.06437295800886068
0.9487577639751552,0.9842864697438997,0.9035087719298246,0.9493087557603687,0.9433483945779519,0.9487577639751553,0.35714285714285715,0.3533834586466165,0.9743589743589743,0.9438202247191011,0.0273972602739726,0.05649717514124294,0.003759398496240629,0.03053874963987324,0.05963866450714358
