acc,auc,precision,recall,maf1,mif1,yp1.a1,yp1.a0,yp1.y1a1,yp1.y1a0,yp1.y0a1,yp1.y0a0,parity,equality,eq_odds
0.6779505946935042,0.7203954446093734,0.7853881278538812,0.4782205746061168,0.6636993629504275,0.6779505946935042,0.3315143246930423,0.28492773571920166,0.523936170212766,0.45376955903271693,0.12885154061624648,0.12666666666666668,0.04658658897384066,0.07016661118004902,0.07235148512962883
0.6742909423604758,0.7163371392218576,0.7681564245810056,0.5018248175182481,0.6644695088300221,0.6742909423604757,0.3734087694483734,0.30561189993238674,0.541025641025641,0.4801699716713881,0.167192429022082,0.1461836998706339,0.06779686951598668,0.060855669354252906,0.08186439850570101
0.6779505946935042,0.7096103687114879,0.7020785219399538,0.5768500948766604,0.673110386079391,0.6779505946935042,0.45021037868162694,0.3699932111337407,0.610079575596817,0.5583456425406204,0.2708333333333333,0.20979899497487436,0.08021716754788627,0.05173393305619667,0.11276827141465562
0.6793229643183898,0.7207960818891201,0.75,0.5200372786579683,0.6699176186634817,0.6793229643183898,0.35399449035812675,0.33356164383561643,0.5125348189415042,0.5238095238095238,0.1989100817438692,0.15147453083109919,0.020432846522510317,0.011274704868019625,0.058710255780789644
0.6742909423604758,0.7121383165508023,0.7048984468339307,0.5592417061611374,0.6682909363704563,0.6742909423604757,0.40229885057471265,0.3738255033557047,0.5698005698005698,0.5539772727272727,0.2318840579710145,0.21246819338422393,0.02847334721900796,0.015823297073297105,0.03523916166008767
