acc,auc,precision,recall,maf1,mif1,yp1.a1,yp1.a0,yp1.y1a1,yp1.y1a0,yp1.y0a1,yp1.y0a0,parity,equality,eq_odds
0.9635974304068523,0.9887249559896052,0.9407894736842105,0.9470198675496688,0.9584765132614688,0.9635974304068522,0.3157894736842105,0.3273657289002558,1.0,0.937007874015748,0.0,0.03409090909090909,0.011576255216045273,0.06299212598425197,0.09708303507516106
0.9464668094218416,0.9781072555205047,0.8881987577639752,0.9533333333333334,0.9397428684975201,0.9464668094218416,0.29545454545454547,0.3562005277044855,0.8846153846153846,0.967741935483871,0.04838709677419355,0.058823529411764705,0.060745982249940045,0.08312655086848642,0.09356298350605757
0.9487750556792872,0.9878299776286352,0.9375,0.9060402684563759,0.941742588779511,0.9487750556792873,0.2804878048780488,0.329700272479564,0.9130434782608695,0.9047619047619048,0.03389830508474576,0.029045643153526972,0.04921246760151521,0.008281573498964745,0.013134235430183536
0.9407894736842105,0.9800707026071587,0.9047619047619048,0.910958904109589,0.9321155447242333,0.9407894736842105,0.2911392405063291,0.32891246684350134,0.8461538461538461,0.925,0.018867924528301886,0.05058365758754864,0.03777322633717223,0.0788461538461539,0.11056188690540066
0.9391304347826087,0.9813716080621238,0.9097222222222222,0.8972602739726028,0.9295019157088122,0.9391304347826087,0.275,0.32105263157894737,0.8148148148148148,0.9159663865546218,0.0,0.04980842911877394,0.046052631578947345,0.10115157173980704,0.150960000858581
