acc,auc,precision,recall,maf1,mif1,yp1.a1,yp1.a0,yp1.y1a1,yp1.y1a0,yp1.y0a1,yp1.y0a0,parity,equality,eq_odds
0.9086670904852724,0.938137680331925,0.8839035333707235,0.8755555555555555,0.9030487216295378,0.9086670904852723,0.33222314737718567,0.4251186879585671,0.8585131894484412,0.8902691511387164,0.05229591836734694,0.0925240562546262,0.09289554058138144,0.03175596169027517,0.07198409957755443
0.9090909090909092,0.9442005447940713,0.8772753963593658,0.8716452742123687,0.9016003251132012,0.9090909090909091,0.29256900212314224,0.4289340101522843,0.8331071913161465,0.9007164790174002,0.046353522867737945,0.0966113914924297,0.13636500802914203,0.06760928770125363,0.11786715632594538
0.9118457300275482,0.9384699102605272,0.899641577060932,0.8586088939566705,0.9047142355117976,0.9118457300275482,0.2913653764355593,0.41765202702702703,0.8393574297188755,0.8728897715988083,0.03615960099750624,0.08082292432035268,0.1262866505914677,0.033532341879932814,0.07819566520277926
0.9006145369781734,0.9484317695228363,0.848770277341706,0.9001109877913429,0.8958828240679214,0.9006145369781735,0.3566053511705686,0.4546626557799742,0.8795180722891566,0.9176954732510288,0.07874519846350832,0.12250922509225093,0.09805730460940565,0.038177400961872276,0.08194142759061489
0.8959525323161688,0.9350440469242374,0.8829656862745098,0.8276852383687536,0.8867379747370674,0.8959525323161687,0.30120481927710846,0.3923010380622837,0.7858851674641149,0.8662983425414365,0.04328453214513049,0.08742004264392324,0.09109621878517526,0.0804131750773216,0.12454868557611434
