acc,auc,precision,recall,maf1,mif1,yp1.a1,yp1.a0,yp1.y1a1,yp1.y1a0,yp1.y0a1,yp1.y0a0,parity,equality,eq_odds
0.7825333333333334,0.6769053886791676,0.7855978260869565,0.9909168808911739,0.48639573245552803,0.7825333333333334,1.0,0.9795261772448084,1.0,0.9900916059076463,1.0,0.941571524513096,0.020473822755191606,0.009908394092353667,0.06833686957925766
0.7792,0.6904920854988184,0.7870780298837853,0.9798484326558732,0.5153141224976824,0.7792,0.9985611510791367,0.9601763409257899,0.9980430528375733,0.9780925401322002,1.0,0.8973509933774835,0.03838481015334683,0.01995051270537318,0.1225995193278897
0.7916000000000001,0.6834465968770689,0.8044912280701755,0.9711962046763809,0.5439118979019403,0.7916,0.9056865464632455,0.9547130845257412,0.9447513812154696,0.9738757230826647,0.7865168539325843,0.8823943661971831,0.049026538062495684,0.029124341867195036,0.12500185413179388
0.788,0.6835049185932341,0.7983859746764992,0.9760163293077054,0.5280899089832845,0.788,1.0,0.9545058139534883,1.0,0.974004424778761,1.0,0.8818681318681318,0.045494186046511675,0.025995575221238965,0.14412744335310712
0.7854666666666668,0.6938639453609752,0.7977543859649123,0.9712918660287081,0.5403289846506258,0.7854666666666666,0.9402332361516035,0.9509832697387731,0.9634146341463414,0.9720149253731343,0.8814432989690721,0.8734525447042641,0.010750033587169638,0.008600291226792844,0.016591045491600842
