acc,auc,precision,recall,maf1,mif1,yp1.a1,yp1.a0,yp1.y1a1,yp1.y1a0,yp1.y0a1,yp1.y0a0,parity,equality,eq_odds
0.4866875489428348,0.509401050171943,0.5106635071090048,0.6399406087602079,0.4678113757250791,0.4866875489428348,0.6485875706214689,0.6674655482324745,0.659043659043659,0.6293302540415704,0.6361386138613861,0.7085927770859277,0.018877977611005625,0.029713405002088633,0.1021675682266302
0.5340642129992169,0.5578563637619931,0.5533256880733946,0.7013081395348837,0.5099990971469844,0.5340642129992169,0.6681664791901012,0.6906906906906907,0.708984375,0.6967592592592593,0.6127320954907162,0.6841448189762797,0.022524211500589475,0.0122251157407407,0.08363783922630419
0.39937353171495693,0.5058053749137846,0.4554759467758444,0.6544117647058824,0.34102140239475914,0.39937353171495693,0.7487179487179487,0.7751741608613046,0.6635687732342007,0.648418491484185,0.8535469107551488,0.9128137384412153,0.026456212143355917,0.01515028175001576,0.07441710943608226
0.5074393108848865,0.517596056552454,0.5475387727579232,0.5804145818441744,0.49917915393934403,0.5074393108848865,0.5185972369819342,0.6168629882207067,0.5469613259668509,0.6016355140186916,0.4798994974874372,0.6340819022457067,0.09826575123877257,0.054674188051840766,0.20885659281011026
0.4768989819890368,0.4541299175048917,0.5,0.6624251497005988,0.45126605525832825,0.4768989819890368,0.676056338028169,0.7026364193746168,0.6745562130177515,0.6550060313630881,0.6778846153846154,0.7518703241895262,0.026580081346447848,0.01955018165466338,0.09353589045957411
