acc,auc,precision,recall,maf1,mif1,yp1.a1,yp1.a0,yp1.y1a1,yp1.y1a0,yp1.y0a1,yp1.y0a0,parity,equality,eq_odds
0.9657387580299787,0.9941738620169336,0.9299363057324841,0.9668874172185431,0.9612464213103191,0.9657387580299786,0.32894736842105265,0.3375959079283887,1.0,0.9606299212598425,0.019230769230769232,0.03787878787878788,0.008648539507336073,0.03937007874015752,0.05801809738817617
0.9443254817987152,0.9793901156677182,0.8780487804878049,0.96,0.9376309841791659,0.9443254817987152,0.32954545454545453,0.3562005277044855,0.9230769230769231,0.967741935483871,0.08064516129032258,0.058823529411764705,0.026655073159030984,0.04466501240694787,0.06648664428550574
0.953229398663697,0.9906040268456375,0.9266666666666666,0.9328859060402684,0.9473537277848811,0.9532293986636972,0.3170731707317073,0.33787465940054495,1.0,0.9206349206349206,0.05084745762711865,0.03319502074688797,0.02080148866883763,0.07936507936507942,0.0970175162453101
0.9429824561403508,0.9860141405214317,0.9054054054054054,0.9178082191780822,0.9347467142196684,0.9429824561403509,0.35443037974683544,0.3183023872679045,0.9615384615384616,0.9083333333333333,0.05660377358490566,0.042801556420233464,0.03612799247893095,0.05320512820512824,0.06700734536980044
0.9586956521739131,0.9897260273972603,0.9096774193548387,0.9657534246575342,0.9530912037956407,0.9586956521739131,0.3375,0.3368421052631579,0.9629629629629629,0.9663865546218487,0.018867924528301886,0.04980842911877394,0.0006578947368421351,0.0034235916588858384,0.03436409624935789
