acc,auc,precision,recall,maf1,mif1,yp1.a1,yp1.a0,yp1.y1a1,yp1.y1a0,yp1.y0a1,yp1.y0a0,parity,equality,eq_odds
0.6466666666666667,0.6785777777777777,0.671875,0.5733333333333334,0.6447562446936861,0.6466666666666666,0.3191489361702128,0.47572815533980584,0.5714285714285714,0.5740740740740741,0.11538461538461539,0.3673469387755102,0.15657921916959305,0.002645502645502673,0.25460782603639753
0.6666666666666667,0.7464888888888889,0.6811594202898551,0.6266666666666667,0.6661324786324785,0.6666666666666666,0.4583333333333333,0.46078431372549017,0.56,0.66,0.34782608695652173,0.2692307692307692,0.002450980392156854,0.09999999999999998,0.1785953177257525
0.6266666666666667,0.6794666666666667,0.6338028169014085,0.6,0.6264009962640099,0.6266666666666667,0.23404255319148937,0.5825242718446602,0.34782608695652173,0.7115384615384616,0.125,0.45098039215686275,0.3484817186531708,0.36371237458193983,0.6896927667388026
0.6066666666666667,0.6172444444444445,0.6052631578947368,0.6133333333333333,0.6066491844081959,0.6066666666666667,0.37735849056603776,0.5773195876288659,0.52,0.66,0.25,0.48936170212765956,0.19996109706282816,0.14,0.3793617021276596
0.6000000000000001,0.6728888888888889,0.6086956521739131,0.56,0.5993589743589743,0.6,0.46153846153846156,0.4594594594594595,0.6470588235294118,0.5344827586206896,0.3181818181818182,0.37735849056603776,0.002079002079002079,0.11257606490872218,0.17175273729294177
