acc,auc,precision,recall,maf1,mif1,yp1.a1,yp1.a0,yp1.y1a1,yp1.y1a0,yp1.y0a1,yp1.y0a0,parity,equality,eq_odds
0.9090909090909092,0.9348060599139736,0.9127031908488862,0.8422222222222222,0.9021361235598446,0.9090909090909091,0.3051623646960866,0.40051791109192925,0.8201438848920863,0.8612836438923396,0.03125,0.07105847520355292,0.09535554639584265,0.04113975900025324,0.08094823420380616
0.9069718160627253,0.9447051491388331,0.8678592036930178,0.8774795799299884,0.8996831481629173,0.9069718160627251,0.2980891719745223,0.43612521150592215,0.8371777476255088,0.9078812691914022,0.05253399258343634,0.10382119682768565,0.13803603953139987,0.07070352156589343,0.12199072581014274
0.9167196439923713,0.9392021320575856,0.9136778115501519,0.8568985176738882,0.9096503793304684,0.9167196439923714,0.2858358145470013,0.4108952702702703,0.8353413654618473,0.8728897715988083,0.029925187032418952,0.06906686260102865,0.125059455723269,0.03754840613696098,0.07669008170557068
0.9152362788726426,0.9480122836128068,0.9104215456674473,0.8629300776914539,0.9092817513870145,0.9152362788726424,0.3139632107023411,0.411259131929523,0.8361445783132531,0.8858024691358025,0.03649167733674776,0.07084870848708487,0.09729592122718189,0.049657890822549455,0.08401492197288657
0.898283534647171,0.9338384800811927,0.8957940991839297,0.8196438828259621,0.8886959174351238,0.898283534647171,0.29206481096800996,0.38494809688581316,0.7751196172248804,0.8607734806629834,0.03500954805856143,0.07889125799573561,0.0928832859178032,0.085653863438103,0.12953557337527719
