acc,auc,precision,recall,maf1,mif1,yp1.a1,yp1.a0,yp1.y1a1,yp1.y1a0,yp1.y0a1,yp1.y0a0,parity,equality,eq_odds
0.7051683633516054,0.7797455944013792,0.776536312849162,0.6191536748329621,0.7043666577661317,0.7051683633516054,0.4384180790960452,0.4110245656081486,0.632016632016632,0.6120092378752887,0.2079207920792079,0.19427148194271482,0.027393513487896592,0.020007394141343338,0.03365670427783643
0.7004698512137822,0.7743872645793027,0.7879359095193214,0.6075581395348837,0.6998399349108582,0.7004698512137824,0.4814398200224972,0.3801801801801802,0.6640625,0.5740740740740741,0.23342175066312998,0.17103620474406991,0.101259639842317,0.08998842592592593,0.152373971844986
0.7075176194205168,0.7772656173021972,0.7729296527159395,0.638235294117647,0.7072914101605201,0.7075176194205168,0.4882051282051282,0.4097530082330589,0.6821561338289963,0.6094890510948905,0.2494279176201373,0.1928665785997358,0.0784521199720693,0.07266708273410583,0.12922842175450733
0.6942051683633516,0.7622482354433748,0.7845303867403315,0.6090064331665476,0.6939818092696477,0.6942051683633516,0.4527098831030818,0.40917544947303164,0.6151012891344383,0.6051401869158879,0.23115577889447236,0.18758256274768825,0.04353443363005016,0.0099611022185504,0.05353431836533451
0.6938136256851997,0.772732859404344,0.756007393715342,0.6122754491017964,0.6929429526383597,0.6938136256851997,0.48212351029252437,0.3905579399141631,0.6627218934911243,0.5814234016887817,0.2620192307692308,0.19326683291770574,0.09156557037836127,0.08129849180234261,0.15005088965386765
