acc,auc,precision,recall,maf1,mif1,yp1.a1,yp1.a0,yp1.y1a1,yp1.y1a0,yp1.y0a1,yp1.y0a0,parity,equality,eq_odds
0.6333333333333334,0.6272,0.6666666666666666,0.5333333333333333,0.6296296296296295,0.6333333333333333,0.2765957446808511,0.4563106796116505,0.5238095238095238,0.5370370370370371,0.07692307692307693,0.3673469387755102,0.17971493493079943,0.013227513227513255,0.30365137507994655
0.68,0.7386666666666668,0.7213114754098361,0.5866666666666667,0.6771879483500718,0.68,0.3333333333333333,0.4411764705882353,0.44,0.66,0.21739130434782608,0.23076923076923078,0.10784313725490197,0.22000000000000003,0.23337792642140473
0.5866666666666667,0.6590222222222223,0.6065573770491803,0.49333333333333335,0.5830344332855093,0.5866666666666667,0.0851063829787234,0.5533980582524272,0.08695652173913043,0.6730769230769231,0.08333333333333333,0.43137254901960786,0.46829167527370374,0.5861204013377928,0.9341596170240674
0.5866666666666667,0.626488888888889,0.6511627906976745,0.37333333333333335,0.5669584652635501,0.5866666666666667,0.11320754716981132,0.38144329896907214,0.2,0.46,0.03571428571428571,0.2978723404255319,0.26823575179926085,0.26,0.5221580547112462
0.5466666666666667,0.6816000000000001,0.5522388059701493,0.49333333333333335,0.5453735068639687,0.5466666666666666,0.4358974358974359,0.45045045045045046,0.47058823529411764,0.5,0.4090909090909091,0.39622641509433965,0.014553014553014554,0.02941176470588236,0.04227625870245183
