acc,auc,precision,recall,maf1,mif1,yp1.a1,yp1.a0,yp1.y1a1,yp1.y1a0,yp1.y0a1,yp1.y0a0,parity,equality,eq_odds
0.7058362710536623,0.7791837644245981,0.7689530685920578,0.6325167037861915,0.705402180785639,0.7058362710536623,0.49265536723163844,0.4028776978417266,0.6902286902286903,0.6004618937644342,0.25742574257425743,0.18952618453865336,0.08977766938991183,0.08976679646425612,0.1576663544998602
0.7140618879749314,0.7796196943972835,0.7972350230414746,0.6290909090909091,0.7136819497446676,0.7140618879749313,0.5067567567567568,0.3813813813813814,0.6966731898238747,0.5891203703703703,0.2493368700265252,0.15730337078651685,0.1253753753753754,0.10755281945350437,0.1995863186935127
0.72698785742264,0.7952763670430453,0.7941437444543035,0.6580882352941176,0.7268052751743199,0.7269878574226399,0.5097435897435898,0.39923954372623577,0.7156133828996283,0.6204379562043796,0.2562929061784897,0.15873015873015872,0.11050404601735403,0.0951754266952487,0.1927381741435797
0.717978848413631,0.7841284254784613,0.7944492627927147,0.6547533952823446,0.7179788051443061,0.717978848413631,0.5260361317747078,0.40818858560794047,0.6998158379373849,0.6261682242990654,0.2889447236180904,0.16137566137566137,0.11784754616676729,0.07364761363831951,0.20121667588074857
0.7281629455542499,0.7774007859633586,0.8132942326490714,0.6232209737827715,0.7265677374430999,0.7281629455542499,0.4772234273318872,0.35744941753525444,0.6996047430830039,0.5765983112183354,0.20673076923076922,0.13092269326683292,0.11977400979663277,0.12300643186466853,0.19881450782860483
