acc,auc,precision,recall,maf1,mif1,yp1.a1,yp1.a0,yp1.y1a1,yp1.y1a0,yp1.y0a1,yp1.y0a0,parity,equality,eq_odds
0.7858672376873662,0.9764020454354934,0.9636363636363636,0.3509933774834437,0.6886002347167396,0.7858672376873662,0.06578947368421052,0.1278772378516624,0.20833333333333334,0.3779527559055118,0.0,0.007575757575757576,0.06208776416745189,0.16961942257217846,0.17719518014793603
0.7644539614561028,0.9325552050473186,1.0,0.26666666666666666,0.636601584606678,0.7644539614561028,0.07954545454545454,0.0870712401055409,0.2692307692307692,0.2661290322580645,0.0,0.0,0.007525785560086359,0.003101736972704716,0.003101736972704716
0.9576837416481069,0.9903803131991051,0.9513888888888888,0.9194630872483222,0.9518743124700308,0.9576837416481069,0.2804878048780488,0.329700272479564,0.9565217391304348,0.9126984126984127,0.01694915254237288,0.024896265560165973,0.04921246760151521,0.043823326432022136,0.05177043944981523
0.7346491228070176,0.7429960229783474,1.0,0.17123287671232876,0.5645524066576699,0.7346491228070176,0.08860759493670886,0.04774535809018567,0.2692307692307692,0.15,0.0,0.0,0.04086223684652319,0.11923076923076922,0.11923076923076922
0.6782608695652174,0.5258703429020155,0.49019607843137253,0.3424657534246575,0.5914938556067589,0.6782608695652174,0.225,0.22105263157894736,0.2962962962962963,0.35294117647058826,0.18867924528301888,0.16091954022988506,0.003947368421052644,0.05664488017429198,0.0844045852274258
