acc,auc,precision,recall,maf1,mif1,yp1.a1,yp1.a0,yp1.y1a1,yp1.y1a0,yp1.y0a1,yp1.y0a0,parity,equality,eq_odds
0.7866666666666667,0.705445754237528,0.7956163618595561,0.9766923736075407,0.5388516699487618,0.7866666666666666,0.9274924471299094,0.9577361801696402,0.9609053497942387,0.9781267526640494,0.8352272727272727,0.8844862323707186,0.030243733039730825,0.017221402869810665,0.06648036251325651
0.7838666666666667,0.6966507034026512,0.7968245047070395,0.9700650017105713,0.5395868403977924,0.7838666666666667,0.9019886363636364,0.953796350794585,0.9339805825242719,0.9735509285312324,0.8148148148148148,0.8819112627986349,0.05180771443094867,0.03957034600696052,0.1066667939907806
0.7882666666666667,0.6838520511703676,0.8070899772209568,0.9605218569976279,0.5557383166637597,0.7882666666666667,0.8890429958391124,0.9415843044696858,0.9337016574585635,0.9632394103377496,0.7528089887640449,0.8598591549295774,0.05254130863057338,0.02953775287918614,0.13658791904471868
0.7953333333333333,0.7032485475388461,0.8035215204024595,0.9780574927708794,0.550534819642946,0.7953333333333332,0.9193548387096774,0.9572674418604651,0.9692307692307692,0.9787979351032449,0.7818181818181819,0.8770604395604396,0.037912603150787705,0.009567165872475636,0.10480942361473333
0.7901333333333334,0.7059217369881012,0.8006747258926061,0.9733424470266575,0.5523804713666831,0.7901333333333334,0.9198250728862973,0.9514235397710595,0.9573170731707317,0.9748134328358209,0.8247422680412371,0.8651994497936726,0.0315984668847622,0.017496359665089223,0.057953541417524734
