acc,auc,precision,recall,maf1,mif1,yp1.a1,yp1.a0,yp1.y1a1,yp1.y1a0,yp1.y0a1,yp1.y0a0,parity,equality,eq_odds
0.6980023501762632,0.7739870309427868,0.7622950819672131,0.621380846325167,0.6974609388508863,0.6980023501762632,0.4553672316384181,0.4166666666666667,0.6548856548856549,0.6027713625866051,0.21782178217821782,0.21571072319201995,0.038700564971751394,0.052114292299049736,0.05422535128524761
0.7054445750097924,0.7679370273190308,0.7892293407613742,0.6181818181818182,0.7049828446950093,0.7054445750097924,0.48085585585585583,0.39039039039039036,0.6829745596868885,0.5798611111111112,0.20689655172413793,0.18601747815230962,0.09046546546546547,0.10311344857577731,0.12399252214760562
0.7081864473168821,0.7885952369212563,0.7680906713164778,0.6477941176470589,0.7080916795803609,0.7081864473168821,0.5312820512820513,0.39860583016476553,0.7230483271375465,0.5985401459854015,0.2951945080091533,0.18121693121693122,0.13267622111728578,0.12450818115214501,0.2384857579443671
0.6929103016059538,0.760200712814179,0.7787851314596554,0.6140100071479628,0.6927877053196152,0.6929103016059538,0.4707757704569607,0.4094292803970223,0.6445672191528545,0.594626168224299,0.23366834170854273,0.19973544973544974,0.06134649005993836,0.0499410509285555,0.08387394290164848
0.7093615354484919,0.7751954145987465,0.7747914735866543,0.6262172284644195,0.7084974227851155,0.709361535448492,0.4685466377440347,0.3966891477621091,0.6758893280632411,0.5958986731001207,0.21634615384615385,0.19077306733167082,0.07185748998192559,0.07999065496312041,0.10556374147760345
