acc,auc,precision,recall,maf1,mif1,yp1.a1,yp1.a0,yp1.y1a1,yp1.y1a0,yp1.y0a1,yp1.y0a0,parity,equality,eq_odds
0.9721627408993576,0.9971707603319641,0.96,0.9536423841059603,0.9681367532133541,0.9721627408993576,0.3026315789473684,0.3248081841432225,0.9583333333333334,0.952755905511811,0.0,0.022727272727272728,0.02217660519585407,0.005577427821522374,0.0283047005487951
0.9443254817987152,0.98,0.8924050632911392,0.94,0.9370254346292686,0.9443254817987152,0.2840909090909091,0.35092348284960423,0.8846153846153846,0.9516129032258065,0.03225806451612903,0.058823529411764705,0.06683257375869511,0.06699751861042191,0.09356298350605759
0.9665924276169264,0.9933780760626398,0.958904109589041,0.9395973154362416,0.9621384602411671,0.9665924276169265,0.2804878048780488,0.335149863760218,0.9565217391304348,0.9365079365079365,0.01694915254237288,0.02074688796680498,0.054662058882169184,0.0200138026224983,0.023811538046930397
0.9517543859649122,0.984622182942996,0.918918918918919,0.9315068493150684,0.9447856812627964,0.9517543859649122,0.3037974683544304,0.32891246684350134,0.9230769230769231,0.9333333333333333,0.0,0.04669260700389105,0.02511499848907095,0.01025641025641022,0.05694901726030127
0.9543478260869566,0.987413838234011,0.9139072847682119,0.9452054794520548,0.9477925320621949,0.9543478260869566,0.325,0.32894736842105265,0.9259259259259259,0.9495798319327731,0.018867924528301886,0.04597701149425287,0.003947368421052644,0.023653906006847136,0.05076299297279813
