acc,auc,precision,recall,maf1,mif1,yp1.a1,yp1.a0,yp1.y1a1,yp1.y1a0,yp1.y0a1,yp1.y0a0,parity,equality,eq_odds
0.7864,0.7062139260082705,0.794572025052192,0.9784061696658097,0.5339338081273565,0.7864,0.9335347432024169,0.9603685288095934,0.9650205761316872,0.9796223593194989,0.8465909090909091,0.8912021490933513,0.02683378560717653,0.01460178318781169,0.0592130231902539
0.7828,0.6960170990944107,0.7960129159062193,0.9698939445774889,0.5361624179827524,0.7828,0.9076704545454546,0.9540906415538553,0.9359223300970874,0.9731757643969237,0.8306878306878307,0.884641638225256,0.04642018700840067,0.0372534342998363,0.09120724183726159
0.7892,0.6807552137562668,0.8071946537750604,0.9618773297187394,0.5560780246922824,0.7892,0.8848821081830791,0.9433544770615135,0.9318600368324125,0.9649188281395783,0.7415730337078652,0.8619718309859155,0.05847236887843443,0.033058791307165825,0.15345758858521608
0.792,0.7010749057252578,0.8015640273704789,0.9763565232182344,0.5422248654062853,0.792,0.9241935483870968,0.9575581395348837,0.9648351648351648,0.9773230088495575,0.8121212121212121,0.8839285714285714,0.03336459114778689,0.012487844014392624,0.08429520332175189
0.7909333333333334,0.7075402920087067,0.8007582139848357,0.9745386192754614,0.5526020527652618,0.7909333333333334,0.924198250728863,0.9521573231582037,0.9613821138211383,0.9757462686567164,0.8298969072164949,0.8651994497936726,0.027959072429340703,0.01436415483557818,0.04966669741275587
