acc,auc,precision,recall,maf1,mif1,yp1.a1,yp1.a0,yp1.y1a1,yp1.y1a0,yp1.y0a1,yp1.y0a0,parity,equality,eq_odds
0.9137529137529138,0.9640363899356704,0.9508090614886732,0.8161111111111111,0.9057639473070251,0.9137529137529138,0.291007493755204,0.36512731981009927,0.8069544364508393,0.8240165631469979,0.016581632653061226,0.037009622501850484,0.07411982605489525,0.017062126696158586,0.03749011654494784
0.9131171858444587,0.9632503781134902,0.944141689373297,0.808634772462077,0.9028065677942262,0.9131171858444586,0.25477707006369427,0.36717428087986465,0.7720488466757124,0.8362333674513818,0.019159456118665017,0.03677000720980533,0.11239721081617038,0.06418452077566938,0.0817950718668097
0.9156600974782794,0.9656396076614091,0.9490066225165563,0.8169897377423033,0.9067999223498924,0.9156600974782793,0.2679710761378137,0.3716216216216216,0.7965194109772423,0.8321747765640516,0.021820448877805487,0.03085966201322557,0.10365054548380792,0.03565536558680926,0.044694578722229344
0.9239245602881967,0.9667936475564994,0.9610223642172524,0.8346281908990011,0.917121653738356,0.9239245602881967,0.2930602006688963,0.3712935109583154,0.8168674698795181,0.8497942386831275,0.0147247119078105,0.028044280442804426,0.0782333102894191,0.03292676880360945,0.04624633733860338
0.9137529137529138,0.9658551954231471,0.9518970189701897,0.8070074669730041,0.9040305238251398,0.9137529137529138,0.2870793518903199,0.33953287197231835,0.7834928229665071,0.8287292817679558,0.022915340547422024,0.024875621890547265,0.05245352008199844,0.045236458801448665,0.04719674014457391
