acc,auc,precision,recall,maf1,mif1,yp1.a1,yp1.a0,yp1.y1a1,yp1.y1a0,yp1.y0a1,yp1.y0a0,parity,equality,eq_odds
0.9635974304068523,0.9922038729147457,0.9466666666666667,0.9403973509933775,0.9583326772790015,0.9635974304068522,0.32894736842105265,0.319693094629156,1.0,0.9291338582677166,0.019230769230769232,0.026515151515151516,0.009254273791896639,0.07086614173228345,0.07815052401666574
0.9421841541755889,0.9796424815983176,0.912751677852349,0.9066666666666666,0.9335896558080741,0.9421841541755889,0.29545454545454547,0.3245382585751979,0.8846153846153846,0.9112903225806451,0.04838709677419355,0.0392156862745098,0.029083713120652444,0.026674937965260548,0.03584634846494429
0.9465478841870824,0.9940492170022371,0.9562043795620438,0.8791946308724832,0.9384341149047032,0.9465478841870824,0.3048780487804878,0.30517711171662126,1.0,0.8571428571428571,0.03389830508474576,0.016597510373443983,0.00029906293613346513,0.1428571428571429,0.16015793756844468
0.9517543859649122,0.9840919133893062,0.9428571428571428,0.9041095890410958,0.9439665765544359,0.9517543859649122,0.3037974683544304,0.3076923076923077,0.9230769230769231,0.9,0.0,0.0311284046692607,0.0038948393378773205,0.023076923076923106,0.05420532774618381
0.9478260869565217,0.9881991100253033,0.9066666666666666,0.9315068493150684,0.9402286902286903,0.9478260869565217,0.35,0.32105263157894737,0.9629629629629629,0.9243697478991597,0.03773584905660377,0.04597701149425287,0.02894736842105261,0.0385932150638032,0.0468343775014523
