acc,auc,precision,recall,maf1,mif1,yp1.a1,yp1.a0,yp1.y1a1,yp1.y1a0,yp1.y0a1,yp1.y0a0,parity,equality,eq_odds
0.6907593778591035,0.7471595784848797,0.7221609702315325,0.6070435588507878,0.6881489791490981,0.6907593778591034,0.5934515688949522,0.3248451479697178,0.7686170212765957,0.5206258890469416,0.40896358543417366,0.14133333333333334,0.2686064209252344,0.24799113222965408,0.5156213843304944
0.671088746569076,0.7417791133730663,0.7290400972053463,0.5474452554744526,0.6661076067484021,0.6710887465690759,0.57991513437058,0.27924273157538876,0.7102564102564103,0.45750708215297453,0.4195583596214511,0.11642949547218628,0.3006724027951912,0.25274932810343576,0.5558781922527005
0.6738334858188473,0.7391243856484803,0.6926553672316385,0.5815939278937381,0.6696154199170042,0.6738334858188472,0.5722300140252454,0.32382892057026474,0.7055702917771883,0.5125553914327917,0.4226190476190476,0.16331658291457288,0.24840109345498068,0.1930149003443966,0.4523173650488713
0.6770356816102471,0.7344188690968132,0.7151230949589683,0.5684995340167754,0.6724013350892253,0.6770356816102471,0.5619834710743802,0.3047945205479452,0.724233983286908,0.49019607843137253,0.4032697547683924,0.12734584450402145,0.257188950526435,0.2340379048555355,0.5099618151199063
0.6957913998170174,0.7551200338583898,0.7065677966101694,0.6322274881516587,0.6935488393164133,0.6957913998170174,0.5905172413793104,0.35771812080536913,0.7549857549857549,0.5710227272727273,0.42318840579710143,0.16666666666666666,0.23279912057394125,0.18396302771302764,0.4404847668434624
