acc,auc,precision,recall,maf1,mif1,yp1.a1,yp1.a0,yp1.y1a1,yp1.y1a0,yp1.y0a1,yp1.y0a0,parity,equality,eq_odds
0.6960438699569134,0.7670353976839315,0.759581881533101,0.6355685131195336,0.6959930762714985,0.6960438699569135,0.572599531615925,0.38787522071806946,0.7213438735177866,0.5854503464203233,0.3563218390804598,0.18247298919567828,0.18472431089785557,0.13589352709746327,0.30974237698224477
0.7183705444575009,0.7683882731982579,0.7885662431941923,0.6413284132841328,0.7179717644043806,0.7183705444575009,0.5831381733021077,0.355503237198352,0.758893280632411,0.5712603062426383,0.3275862068965517,0.14,0.22763493610375574,0.18763297438977267,0.37521918128632437
0.6980023501762632,0.763090250569195,0.7338017174082748,0.6861313868613139,0.6975566995815282,0.6980023501762632,0.5843091334894613,0.46027074749852853,0.7389558232931727,0.6559633027522935,0.36797752808988765,0.2539298669891173,0.12403838599093281,0.08299252054087913,0.1970401816416495
0.700352526439483,0.7635910776622405,0.7910447761194029,0.6105111591072714,0.6999628994929598,0.700352526439483,0.5596755504055619,0.3485207100591716,0.7267441860465116,0.5418098510882016,0.3112391930835735,0.1419828641370869,0.21115484034639032,0.18493433495831002,0.3541906639047966
0.717587152369761,0.7830939867248994,0.7772065124250214,0.6630116959064327,0.7175731129415718,0.717587152369761,0.5679723502304147,0.4,0.7454909819639278,0.6156501726121979,0.32791327913279134,0.17034313725490197,0.16797235023041468,0.12984080935172992,0.2874109512296193
