acc,auc,precision,recall,maf1,mif1,yp1.a1,yp1.a0,yp1.y1a1,yp1.y1a0,yp1.y0a1,yp1.y0a0,parity,equality,eq_odds
0.8770926043653317,0.9318910585817062,0.9253835425383543,0.7372222222222222,0.8635837313648864,0.8770926043653317,0.27310574521232306,0.33577902460077685,0.7290167865707434,0.7443064182194618,0.030612244897959183,0.043671354552183565,0.0626732793884538,0.015289631648718327,0.02834874130294271
0.8940453485908032,0.9353163824586405,0.9209431345353676,0.7747957992998833,0.8809895615815844,0.8940453485908031,0.2573248407643312,0.3536379018612521,0.7530529172320217,0.7911975435005117,0.0315203955500618,0.04542177361211247,0.0963130610969209,0.03814462626849002,0.05204600433054069
0.8878999788090698,0.9312405660105257,0.9238754325259516,0.7611174458380844,0.8749232973258945,0.8878999788090697,0.26924712888132707,0.34290540540540543,0.7590361445783133,0.76266137040715,0.04114713216957606,0.03232916972814107,0.07365827652407836,0.003625225828836731,0.012443188270271716
0.8891714346259801,0.9382126742198227,0.9254823685961411,0.7719200887902331,0.8782392715383878,0.88917143462598,0.286371237458194,0.3515255694026644,0.7614457831325301,0.7808641975308642,0.03393085787451985,0.043542435424354244,0.0651543319444704,0.01941841439833414,0.029029991948168535
0.8849332485696123,0.936066478703292,0.9230225988700564,0.7507179781734635,0.8707750324938826,0.8849332485696121,0.27586206896551724,0.32525951557093424,0.7200956937799043,0.7790055248618785,0.03946530872056015,0.033404406538734895,0.049397446605417006,0.05890983108197412,0.06497073326379937
