acc,auc,precision,recall,maf1,mif1,yp1.a1,yp1.a0,yp1.y1a1,yp1.y1a0,yp1.y0a1,yp1.y0a0,parity,equality,eq_odds
0.8364060182242001,0.8868904876099121,0.8111380145278451,0.7444444444444445,0.8236969692511573,0.8364060182241999,0.25770191507077433,0.44583513163573585,0.6786570743405276,0.8012422360248447,0.03380102040816327,0.19170984455958548,0.18813321656496151,0.1225851616843171,0.2804939858357393
0.8448823903369358,0.8864075238274599,0.8299731182795699,0.720536756126021,0.8270049708348575,0.8448823903369358,0.21740976645435245,0.4128595600676819,0.6309362279511533,0.7881269191402251,0.02904820766378245,0.14852198990627252,0.19544979361332943,0.1571906911890718,0.27666447343156186
0.8470014833651198,0.8872022705028833,0.8529411764705882,0.7109464082098061,0.8297288269357168,0.8470014833651197,0.21692896639727777,0.40202702702702703,0.6251673360107095,0.7745779543197616,0.02680798004987531,0.12637766348273327,0.18509806062974926,0.1494106183090521,0.24898030174191008
0.8389489298580208,0.8900915525620602,0.8134777376654633,0.7502774694783574,0.8266912587339594,0.8389489298580207,0.2709030100334448,0.43575418994413406,0.6867469879518072,0.8045267489711934,0.0499359795134443,0.17121771217712178,0.16485117991068926,0.11777976101938614,0.23906149368306362
0.8389489298580208,0.8820604401644995,0.8311951384199865,0.7070649052268811,0.8209282706489411,0.8389489298580207,0.24221022019110927,0.3884083044982699,0.638755980861244,0.7701657458563536,0.031190324633991087,0.14285714285714285,0.14619808430716064,0.1314097649951096,0.24307658321826137
