acc,auc,precision,recall,maf1,mif1,yp1.a1,yp1.a0,yp1.y1a1,yp1.y1a0,yp1.y0a1,yp1.y0a0,parity,equality,eq_odds
0.778,0.5654855884161796,0.778,1.0,0.437570303712036,0.778,1.0,1.0,1.0,1.0,1.0,1.0,0.0,0.0,0.0
0.7742666666666667,0.663542549111553,0.7748964042240343,0.9984498794350671,0.44212882322990077,0.7742666666666665,0.9899280575539569,0.9982365907421014,0.9941291585127201,0.9988668555240793,0.9782608695652174,0.9960264900662251,0.008308533188144507,0.0047376970113591765,0.022503317512366894
0.7869333333333334,0.6121936243584725,0.7869333333333334,1.0,0.4403820325324579,0.7869333333333334,1.0,1.0,1.0,1.0,1.0,1.0,0.0,0.0,0.0
0.7838666666666667,0.6274056100934966,0.7838666666666667,1.0,0.43941998654607967,0.7838666666666667,1.0,1.0,1.0,1.0,1.0,1.0,0.0,0.0,0.0
0.7802666666666667,0.503335719594662,0.7802666666666667,1.0,0.43828639904134215,0.7802666666666667,1.0,1.0,1.0,1.0,1.0,1.0,0.0,0.0,0.0
