acc,auc,precision,recall,maf1,mif1,yp1.a1,yp1.a0,yp1.y1a1,yp1.y1a0,yp1.y0a1,yp1.y0a0,parity,equality,eq_odds
0.9122695486331851,0.9639115374367173,0.9523498694516971,0.8105555555555556,0.9039740691559952,0.912269548633185,0.28892589508742716,0.36167457919723783,0.8009592326139089,0.8188405797101449,0.016581632653061226,0.03478904515173945,0.07274868410981067,0.01788134709623601,0.03608875959491424
0.9109980928162746,0.9629109011235649,0.9419398907103825,0.8045507584597433,0.9003743789672207,0.9109980928162746,0.25605095541401274,0.36421319796954316,0.7720488466757124,0.8290685772773797,0.021013597033374538,0.03677000720980533,0.10816224255553042,0.05701973060166732,0.07277614077809812
0.9135410044500955,0.9653294517373923,0.9492656875834445,0.8107183580387686,0.9042916811321362,0.9135410044500953,0.26584432156529136,0.3686655405405405,0.7898259705488622,0.8262164846077458,0.021820448877805487,0.030124908155767818,0.10282121897524915,0.036390514058883605,0.04469497333684594
0.9228650137741047,0.9667385721955226,0.9597186700767263,0.8329633740288568,0.9159562375674908,0.9228650137741047,0.2938963210702341,0.3700042973785991,0.8180722891566266,0.845679012345679,0.015364916773367477,0.028782287822878228,0.07610797630836497,0.02760672318905244,0.041024094238563194
0.9122695486331851,0.9649551429996501,0.9541409993155373,0.800689259046525,0.9021585490787309,0.912269548633185,0.2825093477357707,0.33780276816608995,0.7751196172248804,0.8243093922651934,0.020369191597708464,0.024875621890547265,0.05529342043031926,0.049189775040312966,0.05369620533315177
