acc,auc,precision,recall,maf1,mif1,yp1.a1,yp1.a0,yp1.y1a1,yp1.y1a0,yp1.y0a1,yp1.y0a0,parity,equality,eq_odds
0.6711041503523885,0.7400224746882975,0.7059301380991064,0.6451373422420194,0.6710751049469975,0.6711041503523885,0.5378531073446328,0.45236668663870583,0.7027027027027027,0.6131639722863741,0.3415841584158416,0.27895392278953923,0.08548642070592694,0.08953873041632865,0.15216896604263103
0.6358653093187158,0.665443499032653,0.7911227154046997,0.44040697674418605,0.6261363614899769,0.6358653093187158,0.3194600674915636,0.2894894894894895,0.453125,0.43287037037037035,0.13793103448275862,0.1348314606741573,0.02997057800207409,0.02025462962962965,0.02335420343823097
0.6499608457321848,0.7087120652281014,0.7358299595141701,0.5345588235294118,0.6476686912080587,0.6499608457321848,0.4574358974358974,0.34325522482583914,0.6059479553903345,0.4878345498783455,0.2745995423340961,0.18626155878467635,0.11418067261005826,0.11811340551198901,0.20645138906140878
0.682850430696946,0.7493224907091955,0.757655293088364,0.6190135811293781,0.6828434291433152,0.682850430696946,0.5090329436769394,0.4116553006819591,0.6721915285451197,0.5852803738317757,0.2864321608040201,0.21532364597093792,0.0973776429949803,0.08691115471334399,0.15801966954642618
0.7004698512137822,0.7693486180348662,0.7621671258034894,0.6212574850299402,0.6997037475360326,0.7004698512137824,0.47778981581798485,0.39730226854690376,0.6706114398422091,0.5910735826296744,0.24278846153846154,0.1970074812967581,0.0804875472710811,0.0795378572125347,0.12531883745423814
