acc,auc,precision,recall,maf1,mif1,yp1.a1,yp1.a0,yp1.y1a1,yp1.y1a0,yp1.y0a1,yp1.y0a0,parity,equality,eq_odds
0.7856000000000001,0.703755271981493,0.7938273321284582,0.9785775492716366,0.5305788562129562,0.7856,0.9335347432024169,0.9615384615384616,0.9650205761316872,0.9798093101514301,0.8465909090909091,0.8959032907991941,0.028003718336044647,0.0147887340197429,0.0641011157280279
0.7818666666666667,0.690032891783921,0.7938302624232273,0.9728019158398905,0.526070011857906,0.7818666666666667,0.9204545454545454,0.9587992937021778,0.9436893203883495,0.9756143312699306,0.8571428571428571,0.8976109215017065,0.03834474824763234,0.03192501088158106,0.07239307524043048
0.7898666666666667,0.6776890186776168,0.8067214974475326,0.9639105388004067,0.5540276285543659,0.7898666666666667,0.8918169209431346,0.9454196784186458,0.9373848987108656,0.966598245941407,0.7528089887640449,0.8654929577464788,0.05360275747551124,0.029213347230541364,0.1418973162129753
0.7929333333333334,0.7009947366482547,0.7997505543237251,0.981629528831434,0.533091009671901,0.7929333333333334,0.9274193548387096,0.9652616279069768,0.9692307692307692,0.9826696165191741,0.8121212121212121,0.9004120879120879,0.03784227306826715,0.013438847288404832,0.10172972307928063
0.7881333333333334,0.7105558675483944,0.8012720848056537,0.9687286397812713,0.5552785165546662,0.7881333333333334,0.9037900874635568,0.9473143528030525,0.943089430894309,0.9710820895522388,0.8041237113402062,0.859697386519945,0.043524265339495716,0.02799265865792988,0.08356633383766865
