acc,auc,precision,recall,maf1,mif1,yp1.a1,yp1.a0,yp1.y1a1,yp1.y1a0,yp1.y0a1,yp1.y0a0,parity,equality,eq_odds
0.6879404855129209,0.7633072112749865,0.7330508474576272,0.6421677802524127,0.6879056058956912,0.6879404855129209,0.4689265536723164,0.45835829838226483,0.6548856548856549,0.6351039260969977,0.24752475247524752,0.26774595267745954,0.010568255290051565,0.019781728788657138,0.04000292899086916
0.6992952231793266,0.7720697649741383,0.7625215889464594,0.6417151162790697,0.6992767821497103,0.6992952231793266,0.48931383577052867,0.43423423423423424,0.66796875,0.6261574074074074,0.246684350132626,0.2272159800249688,0.05507960153629443,0.04181134259259256,0.06127971270024976
0.7043852779953015,0.7863514878313134,0.7583262169086251,0.6529411764705882,0.7043613020815845,0.7043852779953015,0.46153846153846156,0.4566181127295757,0.6486988847583643,0.6557177615571776,0.2311212814645309,0.2404227212681638,0.004920348808885866,0.0070188767988133005,0.016320316602446205
0.706342991386061,0.7783741633634415,0.7662018047579984,0.6676197283774125,0.7061584765340967,0.706342991386061,0.47502656748140276,0.4786112833230006,0.6427255985267035,0.6834112149532711,0.24623115577889448,0.24702774108322326,0.003584715841597863,0.04068561642656754,0.04148220173089631
0.7227877838684417,0.7889737765847615,0.7764084507042254,0.6601796407185628,0.722501731072381,0.7227877838684416,0.4550379198266522,0.43899448191293683,0.6646942800788954,0.6574185765983113,0.19951923076923078,0.21321695760598502,0.016043437913715375,0.00727570348058415,0.020973430317338393
