acc,auc,precision,recall,maf1,mif1,yp1.a1,yp1.a0,yp1.y1a1,yp1.y1a0,yp1.y0a1,yp1.y0a0,parity,equality,eq_odds
0.7865333333333334,0.7045248847819542,0.7941094748541262,0.9796058269065981,0.5316140705902748,0.7865333333333333,0.9335347432024169,0.962269669494004,0.9650205761316872,0.9809310151430174,0.8465909090909091,0.8952316991269308,0.028734926291587137,0.015910439011330157,0.06455122904735189
0.7829333333333334,0.6944289773679209,0.7958754208754208,0.9704071159767362,0.5354822333557692,0.7829333333333334,0.9090909090909091,0.9546792230723955,0.9398058252427185,0.9733633464640781,0.8253968253968254,0.8866894197952219,0.04558831398148644,0.033557521221359576,0.09485011561975609
0.79,0.6755978648335835,0.807883876476448,0.9618773297187394,0.5588393304605822,0.79,0.8848821081830791,0.9424693907655997,0.9300184162062615,0.9651054301175592,0.7471910112359551,0.8570422535211267,0.05758728258252055,0.03508701391129776,0.14493825619646938
0.7929333333333334,0.7024440760351227,0.7992529053680133,0.9826501105630209,0.5305613905394306,0.7929333333333334,0.9338709677419355,0.9664244186046511,0.9736263736263736,0.9834070796460177,0.8242424242424242,0.9031593406593407,0.03255345086271566,0.009780706019644092,0.08869762243656054
0.7892,0.7100642196012981,0.8009017894885163,0.9712918660287081,0.5535310693991757,0.7892,0.9183673469387755,0.9490754329321984,0.9552845528455285,0.9727611940298507,0.8247422680412371,0.8617606602475929,0.030708085993422896,0.01747664118432224,0.05449503339067807
