acc,auc,precision,recall,maf1,mif1,yp1.a1,yp1.a0,yp1.y1a1,yp1.y1a0,yp1.y0a1,yp1.y0a0,parity,equality,eq_odds
0.9443254817987152,0.9864825215860508,0.9251700680272109,0.9006622516556292,0.9359355873538475,0.9443254817987152,0.40789473684210525,0.2966751918158568,1.0,0.8818897637795275,0.1346153846153846,0.015151515151515152,0.11121954502624848,0.11811023622047245,0.2375741056843419
0.9100642398286939,0.9707045215562566,0.8698630136986302,0.8466666666666667,0.8961386935524867,0.9100642398286938,0.32954545454545453,0.3087071240105541,0.9230769230769231,0.8306451612903226,0.08064516129032258,0.054901960784313725,0.020838330534900418,0.09243176178660051,0.11817496229260936
0.9465478841870824,0.9861744966442952,0.9310344827586207,0.9060402684563759,0.9393161238005135,0.9465478841870824,0.35365853658536583,0.31607629427792916,1.0,0.8888888888888888,0.1016949152542373,0.016597510373443983,0.037582242307436675,0.11111111111111116,0.19620851599190448
0.9254385964912281,0.9800265134776844,0.8783783783783784,0.8904109589041096,0.9146687801334126,0.9254385964912281,0.4177215189873418,0.3050397877984085,0.9615384615384616,0.875,0.1509433962264151,0.038910505836575876,0.11268173118893327,0.08653846153846156,0.19857135192830078
0.9304347826086956,0.9809571590611639,0.875,0.910958904109589,0.9205852521634045,0.9304347826086956,0.425,0.3105263157894737,0.9259259259259259,0.907563025210084,0.16981132075471697,0.038314176245210725,0.11447368421052628,0.0183629007158419,0.14986004522534815
