acc,auc,precision,recall,maf1,mif1,yp1.a1,yp1.a0,yp1.y1a1,yp1.y1a0,yp1.y0a1,yp1.y0a0,parity,equality,eq_odds
0.9528907922912206,0.9903386704669292,0.9161290322580645,0.9403973509933775,0.9465363640148203,0.9528907922912205,0.42105263157894735,0.3145780051150895,0.9583333333333334,0.937007874015748,0.17307692307692307,0.015151515151515152,0.10647462646385786,0.021325459317585338,0.17925086724299327
0.9271948608137045,0.9835331230283911,0.8493975903614458,0.94,0.9186944410306829,0.9271948608137046,0.4090909090909091,0.34300791556728233,0.9230769230769231,0.9435483870967742,0.1935483870967742,0.050980392156862744,0.06608299352362679,0.020471464019851116,0.16303945895976257
0.9420935412026725,0.9874049217002236,0.9019607843137255,0.9261744966442953,0.9351415618471932,0.9420935412026726,0.36585365853658536,0.335149863760218,1.0,0.9126984126984127,0.11864406779661017,0.03319502074688797,0.030703794776367366,0.08730158730158732,0.17275063435130952
0.9210526315789473,0.9747017233760494,0.8819444444444444,0.8698630136986302,0.9089921277303471,0.9210526315789473,0.4430379746835443,0.2891246684350133,1.0,0.8416666666666667,0.16981132075471697,0.0311284046692607,0.153913306248531,0.15833333333333333,0.29701624941878957
0.9369565217391305,0.9786231567926009,0.8979591836734694,0.9041095890410958,0.9273859485822842,0.9369565217391305,0.45,0.29210526315789476,0.9629629629629629,0.8907563025210085,0.18867924528301888,0.019157088122605363,0.15789473684210525,0.07220666044195445,0.24172881760236797
