acc,auc,precision,recall,maf1,mif1,yp1.a1,yp1.a0,yp1.y1a1,yp1.y1a0,yp1.y0a1,yp1.y0a0,parity,equality,eq_odds
0.9657387580299787,0.9927697208483528,0.9530201342281879,0.9403973509933775,0.9607150368033649,0.9657387580299786,0.3157894736842105,0.319693094629156,0.9583333333333334,0.937007874015748,0.019230769230769232,0.022727272727272728,0.0039036209449455073,0.021325459317585338,0.024821962814088834
0.9507494646680943,0.9829022082018928,0.8944099378881988,0.96,0.9445634390177184,0.9507494646680942,0.3181818181818182,0.35092348284960423,0.9230769230769231,0.967741935483871,0.06451612903225806,0.050980392156862744,0.03274166466778605,0.04466501240694787,0.05820074928234319
0.953229398663697,0.991923937360179,0.9444444444444444,0.912751677852349,0.9468084506247709,0.9532293986636972,0.3170731707317073,0.3215258855585831,1.0,0.8968253968253969,0.05084745762711865,0.02074688796680498,0.004452714826875759,0.10317460317460314,0.1332751728349168
0.9495614035087718,0.9870304904993372,0.9300699300699301,0.910958904109589,0.9417485434358807,0.9495614035087719,0.31645569620253167,0.3129973474801061,0.9230769230769231,0.9083333333333333,0.018867924528301886,0.03501945525291829,0.003458348722425564,0.014743589743589802,0.030895120468206205
0.9521739130434783,0.9862359305470727,0.9078947368421053,0.9452054794520548,0.9454023608623405,0.9521739130434783,0.3625,0.3236842105263158,0.9629629629629629,0.9411764705882353,0.05660377358490566,0.0421455938697318,0.03881578947368419,0.02178649237472763,0.03624467208990149
