acc,auc,precision,recall,maf1,mif1,yp1.a1,yp1.a0,yp1.y1a1,yp1.y1a0,yp1.y0a1,yp1.y0a0,parity,equality,eq_odds
0.7861333333333334,0.7047183430216849,0.7931273382291811,0.9809768637532134,0.5268491662791261,0.7861333333333335,0.9380664652567976,0.9646095349517403,0.9691358024691358,0.9820527201346047,0.8522727272727273,0.9019476158495635,0.02654306969494269,0.012916917665468874,0.06259180624230509
0.7822666666666667,0.6936294352301577,0.7951520246602214,0.9707492302429012,0.5323009445516087,0.7822666666666667,0.9161931818181818,0.9552678045909359,0.9436893203883495,0.9733633464640781,0.8412698412698413,0.889419795221843,0.039074622772754086,0.029674026075728555,0.07782398002773028
0.7890666666666667,0.6672741765906129,0.808836145267372,0.9584886479159607,0.562712581022559,0.7890666666666667,0.855755894590846,0.9406992181737719,0.9079189686924494,0.9636126142937115,0.6966292134831461,0.854225352112676,0.08494332358292589,0.05569364560126211,0.21328978423079203
0.7906666666666667,0.6901731704529941,0.8004462418072793,0.9763565232182344,0.5372826407309167,0.7906666666666666,0.9129032258064517,0.9600290697674418,0.9516483516483516,0.978429203539823,0.806060606060606,0.8914835164835165,0.04712584396099018,0.02678085189147139,0.1122037623143819
0.7885333333333334,0.708307704527205,0.8010160880609652,0.9699248120300752,0.5541296032604353,0.7885333333333333,0.9052478134110787,0.9487819195773408,0.9451219512195121,0.9722014925373135,0.8041237113402062,0.8624484181568088,0.043534106166262077,0.027079541317801326,0.08540424813440395
