acc,auc,precision,recall,maf1,mif1,yp1.a1,yp1.a0,yp1.y1a1,yp1.y1a0,yp1.y0a1,yp1.y0a0,parity,equality,eq_odds
0.7017383348581885,0.7559016554020962,0.7726692209450831,0.5607043558850788,0.6950389633731455,0.7017383348581885,0.3601637107776262,0.3571920165175499,0.5611702127659575,0.5604551920341394,0.1484593837535014,0.16666666666666666,0.0029716942600763185,0.0007150207318180613,0.018922303644983318
0.7003659652333029,0.7580501238866939,0.7628128724672228,0.583941605839416,0.69636281317628,0.7003659652333029,0.41725601131541723,0.367816091954023,0.6153846153846154,0.56657223796034,0.17350157728706625,0.18628719275549807,0.04943991936139425,0.048812377424275466,0.06159799289270729
0.7058554437328454,0.7532678807303156,0.728587319243604,0.6214421252371917,0.7024753048436523,0.7058554437328454,0.4305750350631136,0.4019008825526137,0.6286472148541115,0.6174298375184638,0.20833333333333334,0.2185929648241206,0.02867415251049993,0.01121737733564765,0.021477008826434912
0.6976212259835316,0.7547462882531197,0.7562189054726368,0.5666356011183598,0.6914562209127899,0.6976212259835316,0.37052341597796146,0.3664383561643836,0.5738161559888579,0.5630252100840336,0.17166212534059946,0.17828418230563003,0.004085059813577874,0.010790945904824323,0.017413002869854893
0.7026532479414456,0.7631597252777185,0.7472527472527473,0.5800947867298578,0.696470089625596,0.7026532479414456,0.3635057471264368,0.37986577181208053,0.5498575498575499,0.5951704545454546,0.17391304347826086,0.18702290076335878,0.016360024685643737,0.04531290468790472,0.05842276197300264
