acc,auc,precision,recall,maf1,mif1,yp1.a1,yp1.a0,yp1.y1a1,yp1.y1a0,yp1.y0a1,yp1.y0a0,parity,equality,eq_odds
0.6797804208600183,0.7527186084341535,0.7330873308733087,0.5523632993512512,0.6738815385664598,0.6797804208600183,0.27148703956343795,0.4225739848589126,0.43882978723404253,0.6130867709815079,0.09523809523809523,0.244,0.15108694529547467,0.17425698374746534,0.3230188885093701
0.6678865507776761,0.7273563584008571,0.7665706051873199,0.4854014598540146,0.6566180129733566,0.6678865507776761,0.21074964639321075,0.3684922244759973,0.34615384615384615,0.5623229461756374,0.04416403785488959,0.19146183699870634,0.15774257808278652,0.21616910002179124,0.363466899165608
0.6793229643183898,0.728340965931568,0.7049941927990708,0.5759013282732448,0.6743176367197256,0.6793229643183898,0.26367461430575034,0.45689069925322473,0.41909814323607425,0.6632200886262924,0.08928571428571429,0.2814070351758794,0.1932160849474744,0.2441219453902182,0.4362432662803833
0.6816102470265325,0.7445859280602286,0.7451235370611183,0.5340167753960857,0.6735255114521508,0.6816102470265325,0.2396694214876033,0.4075342465753425,0.38997214484679665,0.6064425770308123,0.09264305177111716,0.21715817694369974,0.16786482508773917,0.21647043218401563,0.3409855573565982
0.6770356816102471,0.7360059671221626,0.6985210466439136,0.5819905213270142,0.6726859200202244,0.6770356816102471,0.25862068965517243,0.4691275167785235,0.39316239316239315,0.6761363636363636,0.12173913043478261,0.2837150127226463,0.21050682712335106,0.2829739704739705,0.4449498527618342
