acc,auc,precision,recall,maf1,mif1,yp1.a1,yp1.a0,yp1.y1a1,yp1.y1a0,yp1.y0a1,yp1.y0a0,parity,equality,eq_odds
0.6980786825251601,0.7464504672850251,0.7485172004744959,0.5848007414272475,0.6936099726050671,0.6980786825251601,0.4406548431105048,0.35788024776324845,0.6436170212765957,0.5533428165007113,0.226890756302521,0.17466666666666666,0.08277459534725634,0.09027420477588444,0.14249829441173878
0.6852698993595608,0.740039677224938,0.7207792207792207,0.6076642335766423,0.6834444668956692,0.6852698993595608,0.48656294200848654,0.39215686274509803,0.6641025641025641,0.5764872521246459,0.26813880126182965,0.2238033635187581,0.09440607926338851,0.08761531197791816,0.13195074972098972
0.696248856358646,0.7535842759536278,0.7389705882352942,0.5721062618595826,0.6897660481240676,0.696248856358646,0.44039270687237025,0.3408010862186015,0.6286472148541115,0.5406203840472673,0.22916666666666666,0.1708542713567839,0.09959162065376875,0.08802683080684415,0.1463392261167269
0.696248856358646,0.758723683251985,0.747279322853688,0.575955265610438,0.6909589507749957,0.696248856358646,0.4201101928374656,0.35753424657534244,0.6211699164345403,0.5532212885154062,0.22343324250681199,0.17024128686327078,0.06257594626212315,0.06794862791913414,0.12114058356267535
0.6985361390667887,0.7509472387393616,0.7334905660377359,0.5895734597156398,0.6933974983968312,0.6985361390667887,0.4209770114942529,0.3724832214765101,0.5982905982905983,0.5852272727272727,0.24057971014492754,0.18193384223918574,0.04849379001774279,0.013063325563325567,0.07170919346906737
