acc,auc,precision,recall,maf1,mif1,yp1.a1,yp1.a0,yp1.y1a1,yp1.y1a0,yp1.y0a1,yp1.y0a0,parity,equality,eq_odds
0.6133333333333334,0.6296888888888889,0.6075949367088608,0.64,0.6130581747020103,0.6133333333333333,0.3404255319148936,0.6116504854368932,0.6190476190476191,0.6481481481481481,0.11538461538461539,0.5714285714285714,0.27122495352199955,0.02910052910052907,0.48514448514448505
0.5666666666666667,0.5564444444444444,0.6470588235294118,0.29333333333333333,0.531677794322494,0.5666666666666667,0.0,0.3333333333333333,0.0,0.44,0.0,0.23076923076923078,0.3333333333333333,0.44,0.6707692307692308
0.6000000000000001,0.6316444444444445,0.5728155339805825,0.7866666666666666,0.5855590348130411,0.6,0.5531914893617021,0.7475728155339806,0.6956521739130435,0.8269230769230769,0.4166666666666667,0.6666666666666666,0.19438132617227843,0.1312709030100334,0.38127090301003336
0.5666666666666667,0.6067555555555555,0.6041666666666666,0.38666666666666666,0.5521565385145377,0.5666666666666667,0.20754716981132076,0.38144329896907214,0.24,0.46,0.17857142857142858,0.2978723404255319,0.17389612915775138,0.22000000000000003,0.3393009118541034
0.5800000000000001,0.6053333333333333,0.5857142857142857,0.5466666666666666,0.5795328142380423,0.58,0.38461538461538464,0.4954954954954955,0.47058823529411764,0.5689655172413793,0.3181818181818182,0.41509433962264153,0.11088011088011085,0.0983772819472617,0.19528980338808505
