acc,auc,precision,recall,maf1,mif1,yp1.a1,yp1.a0,yp1.y1a1,yp1.y1a0,yp1.y0a1,yp1.y0a0,parity,equality,eq_odds
0.6875571820677036,0.7351725015551052,0.7493702770780857,0.5514365152919369,0.6810175217978274,0.6875571820677036,0.4106412005457026,0.3392980041293875,0.6090425531914894,0.5206258890469416,0.20168067226890757,0.16933333333333334,0.07134319641631509,0.08841666414454774,0.12076400308012197
0.6788655077767612,0.7283909797093686,0.7408312958435208,0.5529197080291971,0.6738153964662761,0.6788655077767612,0.42715700141442714,0.3488843813387424,0.5871794871794872,0.5339943342776204,0.2302839116719243,0.17981888745148772,0.07827262007568475,0.05318515290186676,0.10365017712230334
0.6884720951509606,0.72003842001864,0.7730600292825769,0.5009487666034156,0.6747503547633327,0.6884720951509606,0.34782608695652173,0.2953156822810591,0.5145888594164456,0.4933530280649926,0.16071428571428573,0.12688442211055276,0.05251040467546264,0.021235831351453016,0.055065694955185984
0.691216834400732,0.7554245387687157,0.7324766355140186,0.5843429636533085,0.686889064448588,0.6912168344007319,0.4090909090909091,0.38287671232876713,0.5988857938718662,0.5770308123249299,0.22343324250681199,0.1970509383378016,0.026214196762141984,0.021854981546936325,0.04823728571594671
0.6889295516925893,0.7362230295716159,0.7413127413127413,0.5459715639810426,0.6805522126328095,0.6889295516925892,0.3649425287356322,0.351006711409396,0.5270655270655271,0.5553977272727273,0.2,0.16793893129770993,0.013935817326236222,0.028332200207200176,0.06039326890949026
