acc,auc,precision,recall,maf1,mif1,yp1.a1,yp1.a0,yp1.y1a1,yp1.y1a0,yp1.y0a1,yp1.y0a0,parity,equality,eq_odds
0.6836335160532498,0.7229610248064218,0.7692307692307693,0.5716406829992576,0.6815618596153371,0.6836335160532498,0.4067796610169492,0.38406231276213304,0.6008316008316008,0.5554272517321016,0.17574257425742573,0.199252801992528,0.02271734825481614,0.0454043490994992,0.06891457683460148
0.6906812842599843,0.7520525279346152,0.7583774250440917,0.625,0.6905894512787956,0.6906812842599843,0.5016872890888638,0.4132132132132132,0.6953125,0.5833333333333334,0.23872679045092837,0.22971285892634208,0.08847407587565065,0.11197916666666663,0.12099309819125292
0.6996867658574785,0.7646621588333826,0.7527706734867861,0.649264705882353,0.6996664609676542,0.6996867658574785,0.5261538461538462,0.41798606713109565,0.7156133828996283,0.6058394160583942,0.2929061784897025,0.21400264200792601,0.10816777902275054,0.10977396684123408,0.1886775033230106
0.6769772905246672,0.7451085964309695,0.773854961832061,0.5796997855611151,0.6764093252718628,0.6769772905246672,0.434643995749203,0.39615623062616245,0.6003683241252302,0.5665887850467289,0.20854271356783918,0.20343461030383092,0.03848776512304053,0.033779539078501286,0.03888764234250955
0.6934220830070478,0.7555305030333421,0.7596244131455399,0.6055389221556886,0.6923178942649034,0.6934220830070478,0.4528710725893825,0.3966891477621091,0.6429980276134122,0.5826296743063932,0.22115384615384615,0.20448877805486285,0.056181924827273355,0.06036835330701895,0.07703342140600225
