acc,auc,precision,recall,maf1,mif1,yp1.a1,yp1.a0,yp1.y1a1,yp1.y1a0,yp1.y0a1,yp1.y0a0,parity,equality,eq_odds
0.9158720067810977,0.9600877393323437,0.9431459254579911,0.8294444444444444,0.9085414442885238,0.9158720067810977,0.29850124895920066,0.3737591713422529,0.8201438848920863,0.8374741200828157,0.021045918367346938,0.04219096965210955,0.07525792238305223,0.017330235190729404,0.03847528647549202
0.9179910998092817,0.9616158988228488,0.9408637873754153,0.8261376896149358,0.9087738369638664,0.9179910998092816,0.2624203821656051,0.37521150592216584,0.7937584803256446,0.8505629477993859,0.0203955500618047,0.04037490987743331,0.11279112375656075,0.05680446747374135,0.07678382728936996
0.9232888323797416,0.9619919586356216,0.9501940491591203,0.8375142531356898,0.915663082437276,0.9232888323797415,0.2717992343683539,0.38302364864864863,0.8165997322623829,0.8530287984111221,0.01807980049875312,0.03526818515797208,0.11122441428029473,0.0364290661487392,0.053617450807958156
0.9279508370417462,0.9633897239078814,0.9506781750924784,0.855715871254162,0.9220830911673386,0.9279508370417461,0.3076923076923077,0.3807477438762355,0.8457831325301205,0.8641975308641975,0.02176696542893726,0.03394833948339483,0.07305543618392779,0.018414398334076987,0.03059577238853456
0.9222292858656496,0.9639658857661527,0.9466840052015605,0.8363009764503159,0.9142440187130104,0.9222292858656495,0.2974657249688409,0.3555363321799308,0.8074162679425837,0.8629834254143647,0.026098026734563972,0.02914001421464108,0.05807060721108992,0.05556715747178098,0.058609144951858094
