acc,auc,precision,recall,maf1,mif1,yp1.a1,yp1.a0,yp1.y1a1,yp1.y1a0,yp1.y0a1,yp1.y0a0,parity,equality,eq_odds
0.7017383348581885,0.7634833685377324,0.7626076260762608,0.5746061167747915,0.696243947350474,0.7017383348581885,0.4583901773533424,0.3282863041982106,0.6569148936170213,0.5305832147937412,0.24929971988795518,0.13866666666666666,0.13010387315513183,0.1263316788232801,0.23696473204456864
0.6935041171088747,0.7535784838947297,0.7529691211401425,0.5784671532846716,0.6895078578073102,0.6935041171088746,0.5091937765205092,0.325895875591616,0.6743589743589744,0.5254957507082153,0.305993690851735,0.14359637774902975,0.18329790092889325,0.1488632236507591,0.3112605367534643
0.6976212259835316,0.7643169886215059,0.7314487632508834,0.5891840607210627,0.692466990045987,0.6976212259835316,0.5035063113604488,0.33265444670739985,0.6525198938992043,0.5539143279172821,0.33630952380952384,0.1444723618090452,0.1708518646530489,0.09860556598192216,0.2904427279824008
0.6852698993595608,0.7477184406267035,0.7180067950169875,0.5908667287977633,0.6817467733853383,0.6852698993595608,0.5,0.3561643835616438,0.6629526462395543,0.5546218487394958,0.3405994550408719,0.16621983914209115,0.14383561643835618,0.10833079750005847,0.28271041339883923
0.696248856358646,0.7672001039217905,0.7392900856793145,0.5725118483412323,0.6898495726495728,0.696248856358646,0.4425287356321839,0.3416107382550336,0.6210826210826211,0.5482954545454546,0.2608695652173913,0.15648854961832062,0.10091799737715035,0.07278716653716655,0.17716818213623722
