acc,auc,precision,recall,maf1,mif1,yp1.a1,yp1.a0,yp1.y1a1,yp1.y1a0,yp1.y0a1,yp1.y0a0,parity,equality,eq_odds
0.8929336188436832,0.9609145779193562,0.8581560283687943,0.8013245033112583,0.8754427516749883,0.892933618843683,0.3157894736842105,0.29923273657289,1.0,0.7637795275590551,0.0,0.07575757575757576,0.016556737111320496,0.2362204724409449,0.31197804819852065
0.8715203426124197,0.9460357518401682,0.7922077922077922,0.8133333333333334,0.8536967418546366,0.8715203426124196,0.3409090909090909,0.32717678100263853,0.9615384615384616,0.782258064516129,0.08064516129032258,0.10588235294117647,0.013732309906452356,0.17928039702233256,0.20451758867318645
0.9153674832962138,0.9639597315436241,0.8881118881118881,0.8523489932885906,0.9035783715357838,0.9153674832962138,0.3048780487804878,0.3215258855585831,1.0,0.8253968253968254,0.03389830508474576,0.058091286307053944,0.016647836778095282,0.17460317460317465,0.19879615582548282
0.894736842105263,0.9596553247901016,0.855072463768116,0.8082191780821918,0.8772763972369247,0.8947368421052632,0.34177215189873417,0.29442970822281167,0.9615384615384616,0.775,0.03773584905660377,0.07003891050583658,0.047342443675922496,0.18653846153846154,0.21884152298769435
0.8891304347826087,0.9601692696972342,0.8467153284671532,0.7945205479452054,0.8698625957586079,0.8891304347826086,0.3375,0.2894736842105263,0.9259259259259259,0.7647058823529411,0.03773584905660377,0.07279693486590039,0.048026315789473695,0.1612200435729848,0.19628112938228143
