acc,auc,precision,recall,maf1,mif1,yp1.a1,yp1.a0,yp1.y1a1,yp1.y1a0,yp1.y0a1,yp1.y0a0,parity,equality,eq_odds
0.6948764867337603,0.7448656414274986,0.7278761061946902,0.6098239110287303,0.6922223158040497,0.6948764867337603,0.4542974079126876,0.39298004129387476,0.6542553191489362,0.5860597439544808,0.24369747899159663,0.212,0.06131736661881282,0.0681955751944554,0.09989305418605204
0.6967063129002745,0.7492449608250183,0.7315508021390374,0.6240875912408759,0.6951737601562791,0.6967063129002745,0.4724186704384724,0.40635564570655847,0.6641025641025641,0.6019830028328612,0.23659305993690852,0.2276843467011643,0.06606302473191394,0.06211956126970286,0.07102827450544708
0.696248856358646,0.7469659583883708,0.7147577092511013,0.6157495256166983,0.6930255772541356,0.696248856358646,0.4628330995792426,0.3923964697895451,0.6472148541114059,0.5982274741506647,0.25595238095238093,0.21733668341708542,0.0704366297896975,0.048987379960741206,0.08760307749603671
0.6985361390667887,0.7522560203106723,0.7221030042918455,0.6272134203168686,0.6964551022106753,0.6985361390667887,0.44352617079889806,0.4178082191780822,0.637883008356546,0.6218487394957983,0.25340599455040874,0.2225201072386059,0.02571795162081586,0.016034268860747658,0.04692015617255049
0.7053979871912168,0.7491545878537217,0.7245901639344262,0.628436018957346,0.7024932691454245,0.7053979871912168,0.4396551724137931,0.4087248322147651,0.6381766381766382,0.6235795454545454,0.23768115942028986,0.21628498727735368,0.030930340199028017,0.014597092722092753,0.035993264865028934
