acc,auc,precision,recall,maf1,mif1,yp1.a1,yp1.a0,yp1.y1a1,yp1.y1a0,yp1.y0a1,yp1.y0a0,parity,equality,eq_odds
0.7858666666666667,0.7040762098859785,0.7929887764999307,0.9808054841473864,0.5262592026460576,0.7858666666666668,0.9380664652567976,0.9646095349517403,0.9691358024691358,0.9818657693026734,0.8522727272727273,0.9026192075218268,0.02654306969494269,0.012729966833537665,0.06307644708263715
0.7810666666666667,0.6923668288158669,0.7943153178381406,0.9704071159767362,0.5287361142660514,0.7810666666666667,0.9133522727272727,0.9562978222483814,0.9378640776699029,0.9735509285312324,0.8465608465608465,0.8935153583617748,0.04294554952110874,0.0356868508613295,0.08264136266225774
0.7904,0.6755428888788044,0.8076157999431657,0.963063368349712,0.5577047163157816,0.7904,0.8862690707350902,0.9439445345921227,0.9318600368324125,0.966225041985445,0.7471910112359551,0.8598591549295774,0.05767546385703248,0.034365005153032535,0.14703314884665486
0.7936000000000001,0.7007718057528448,0.8004717635632025,0.9812893349209049,0.5364641050738854,0.7936,0.9306451612903226,0.9636627906976745,0.9714285714285714,0.9821165191740413,0.8181818181818182,0.8949175824175825,0.03301762940735187,0.010687947745469883,0.08742371198123411
0.7881333333333334,0.6997374870594403,0.8001689902830588,0.9709501025290499,0.5505338888019143,0.7881333333333334,0.9081632653061225,0.9506897563839155,0.9512195121951219,0.9727611940298507,0.7989690721649485,0.8693259972489684,0.04252649107779305,0.02154168183472882,0.09189860691874874
