acc,auc,precision,recall,maf1,mif1,yp1.a1,yp1.a0,yp1.y1a1,yp1.y1a0,yp1.y0a1,yp1.y0a0,parity,equality,eq_odds
0.8919262555626193,0.9377952875794603,0.8909090909090909,0.8166666666666667,0.8835017861810577,0.8919262555626192,0.28726061615320564,0.41432887354337505,0.7913669064748201,0.8385093167701864,0.01913265306122449,0.11102886750555144,0.12706825739016941,0.047142410295366255,0.1390386247396932
0.8828141555414283,0.93253966738222,0.8932907348242811,0.7836322869955157,0.872028285909894,0.8828141555414283,0.27352206494587844,0.39188605955977557,0.7541766109785203,0.8097251585623678,0.0159846547314578,0.10357403355215171,0.11836399461389713,0.05554854758384753,0.14313792640454143
0.887476160203433,0.9433179953890025,0.8862918509159823,0.7998859749144812,0.8769200625746689,0.8874761602034329,0.25733730327520205,0.41300675675675674,0.7670682730923695,0.8242303872889771,0.0199501246882793,0.10874357090374724,0.1556694534815547,0.05716211419660766,0.1459555604120756
0.8889595253231617,0.9413247650403297,0.9154746423927178,0.781354051054384,0.8785919797008148,0.8889595253231617,0.26672240802675584,0.3867640739149119,0.7566265060240964,0.8024691358024691,0.006402048655569782,0.08856088560885608,0.12004166588815607,0.04584262977837272,0.12800146673165902
0.8883237974147066,0.9362999542114121,0.8851522842639594,0.8012636415852958,0.8775122261801336,0.8883237974147066,0.27503115911923554,0.3953287197231834,0.757177033492823,0.8419889502762431,0.018459579885423297,0.10803127221037669,0.12029756060394786,0.08481191678342015,0.17438360910837353
