acc,auc,precision,recall,maf1,mif1,yp1.a1,yp1.a0,yp1.y1a1,yp1.y1a0,yp1.y0a1,yp1.y0a0,parity,equality,eq_odds
0.696248856358646,0.7466706517544014,0.7527405602923264,0.5727525486561631,0.6909589507749957,0.696248856358646,0.42837653478854026,0.3489332415691672,0.625,0.5448079658605974,0.22128851540616246,0.16533333333333333,0.07944329321937305,0.08019203413940257,0.1361472162122317
0.6889295516925893,0.747646152815911,0.7260869565217392,0.6094890510948905,0.6870368124612607,0.6889295516925892,0.45685997171145687,0.40365111561866124,0.6435897435897436,0.5906515580736544,0.22712933753943218,0.23285899094437257,0.05320885609279563,0.0529381855160892,0.058667838921029586
0.6935041171088747,0.7369737362629994,0.7280285035629454,0.5815939278937381,0.6880133671431395,0.6935041171088746,0.4684431977559607,0.3448744059742023,0.6525198938992043,0.5420974889217134,0.2619047619047619,0.1771356783919598,0.12356879178175839,0.1104224049774909,0.19519148849029302
0.6989935956084172,0.7520985992033488,0.7366020524515393,0.6020503261882573,0.695443900993034,0.6989935956084172,0.44077134986225897,0.3815068493150685,0.6295264623955432,0.5882352941176471,0.2561307901907357,0.1836461126005362,0.05926450054719046,0.04129116827789614,0.11377584586809564
0.702195791399817,0.7448736805494447,0.7399049881235155,0.590521327014218,0.6968981326176898,0.702195791399817,0.4295977011494253,0.3644295302013423,0.6267806267806267,0.5724431818181818,0.2289855072463768,0.178117048346056,0.06516817094808303,0.05433744496244497,0.10520590386276579
