acc,auc,precision,recall,maf1,mif1,yp1.a1,yp1.a0,yp1.y1a1,yp1.y1a0,yp1.y0a1,yp1.y0a0,parity,equality,eq_odds
0.7447392497712718,0.8771822750664949,0.8940998487140696,0.5477293790546802,0.7336521329001153,0.7447392497712718,0.3165075034106412,0.29525120440467995,0.5718085106382979,0.534850640113798,0.047619047619047616,0.07066666666666667,0.021256299005961266,0.036957870524499836,0.06000548957211889
0.5750228728270814,0.576877553070381,0.5920617420066152,0.48996350364963503,0.5720235602695576,0.5750228728270814,0.43564356435643564,0.4050033806626099,0.5,0.48441926345609065,0.35646687697160884,0.33247089262613194,0.030640183693825762,0.015580736543909346,0.03957672088938624
0.7204940530649588,0.8615387452142603,0.8532695374800638,0.5075901328273245,0.704736368678639,0.7204940530649588,0.29453015427769985,0.2830957230142566,0.5013262599469496,0.5110782865583456,0.0625,0.08919597989949749,0.011434431263443234,0.00975202661139607,0.036448006510893555
0.5690759377859104,0.5970212242170603,0.5629202689721422,0.5461323392357875,0.5686079475226525,0.5690759377859104,0.47520661157024796,0.4767123287671233,0.5348189415041783,0.5518207282913166,0.41689373297002724,0.40482573726541554,0.0015057171968753114,0.017001786787138262,0.029069782491749963
0.7634949679780422,0.8703139862806475,0.8605898123324397,0.6085308056872037,0.7559240933393889,0.763494967978042,0.32471264367816094,0.348993288590604,0.5698005698005698,0.6278409090909091,0.07536231884057971,0.09923664122137404,0.024280644912443083,0.05804033929033925,0.08191466167113358
