acc,auc,precision,recall,maf1,mif1,yp1.a1,yp1.a0,yp1.y1a1,yp1.y1a0,yp1.y0a1,yp1.y0a0,parity,equality,eq_odds
0.7122598353156451,0.7742079428826416,0.7791563275434243,0.5820203892493049,0.7066989192607929,0.712259835315645,0.41336971350613916,0.346180316586373,0.6436170212765957,0.5490753911806543,0.17086834733893558,0.156,0.06718939691976616,0.09454163009594141,0.10940997743487699
0.7035681610247027,0.771505223330878,0.7685851318944844,0.5848540145985401,0.6994462196534735,0.7035681610247027,0.4101838755304102,0.367816091954023,0.6128205128205129,0.5694050991501416,0.1608832807570978,0.18369987063389392,0.04236778357638721,0.04341541367037127,0.0662320035471674
0.717291857273559,0.7697422238016374,0.7658536585365854,0.5958254269449715,0.7114131005978741,0.717291857273559,0.4067321178120617,0.35980991174473864,0.610079575596817,0.5878877400295421,0.17857142857142858,0.1658291457286432,0.04692220606732306,0.022191835567274887,0.03493411841006025
0.7031107044830741,0.7704925857170489,0.7366071428571429,0.6150978564771669,0.7001559968103186,0.7031107044830741,0.43526170798898073,0.3972602739726027,0.6323119777158774,0.6064425770308123,0.24250681198910082,0.1970509383378016,0.03800143401637801,0.025869400685065158,0.07132527433636437
0.7049405306495883,0.7803286107584195,0.7676240208877284,0.557345971563981,0.6964784943979716,0.7049405306495883,0.3448275862068966,0.3530201342281879,0.5441595441595442,0.5639204545454546,0.14202898550724638,0.16412213740458015,0.008192548021291324,0.019760910385910435,0.0418540622832442
