acc,auc,precision,recall,maf1,mif1,yp1.a1,yp1.a0,yp1.y1a1,yp1.y1a0,yp1.y0a1,yp1.y0a0,parity,equality,eq_odds
0.9186295503211992,0.9479629474390141,0.9312977099236641,0.8079470198675497,0.9034830091806987,0.9186295503211992,0.05263157894736842,0.3248081841432225,0.08333333333333333,0.9448818897637795,0.038461538461538464,0.026515151515151516,0.27217660519585407,0.8615485564304461,0.8734949433768331
0.9122055674518201,0.9205257623554154,0.9097744360902256,0.8066666666666666,0.8960718220948473,0.9122055674518201,0.06818181818181818,0.33509234828496043,0.23076923076923078,0.9274193548387096,0.0,0.047058823529411764,0.26691053010314225,0.6966501240694789,0.7437089475988907
0.9287305122494431,0.9718791946308725,0.927007299270073,0.8523489932885906,0.9179121532062708,0.9287305122494433,0.14634146341463414,0.3405994550408719,0.43478260869565216,0.9285714285714286,0.03389830508474576,0.03319502074688797,0.19425799162623777,0.49378881987577644,0.4944921042136342
0.9144736842105262,0.9510826336721167,0.8962962962962963,0.8287671232876712,0.8997016541556926,0.9144736842105263,0.16455696202531644,0.32360742705570295,0.4230769230769231,0.9166666666666666,0.03773584905660377,0.04669260700389105,0.1590504650303865,0.49358974358974356,0.5025465015370308
0.8956521739130435,0.9614126167001135,0.831081081081081,0.8424657534246576,0.8800286887918106,0.8956521739130435,0.1875,0.35,0.4074074074074074,0.9411764705882353,0.07547169811320754,0.08045977011494253,0.16249999999999998,0.5337690631808278,0.5387571351825629
