acc,auc,precision,recall,maf1,mif1,yp1.a1,yp1.a0,yp1.y1a1,yp1.y1a0,yp1.y0a1,yp1.y0a0,parity,equality,eq_odds
0.7822666666666667,0.6823199034510088,0.7914816870144284,0.9777206512425022,0.5201791362566278,0.7822666666666667,0.9773413897280967,0.9594910792629424,0.977366255144033,0.9777528510001869,0.9772727272727273,0.8938885157824042,0.017850310465154284,0.00038659585615397063,0.08377080734647702
0.7802666666666667,0.6781309771554972,0.7850287907869482,0.9862211505339304,0.5034150261149056,0.7802666666666667,0.9755395683453237,0.972226304188097,0.9863013698630136,0.9862134088762984,0.9456521739130435,0.9231788079470199,0.0033132641572267696,8.796098671526309e-05,0.022561326952738825
0.7905333333333334,0.6849660962173575,0.7996402379964024,0.9791596069129109,0.520341646203754,0.7905333333333333,0.9819694868238558,0.9616462605103998,0.988950276243094,0.9781675685762269,0.9606741573033708,0.8992957746478873,0.020323226313455955,0.010782707666867064,0.07216109032235052
0.7862666666666667,0.6835746992688979,0.7885290148448043,0.993876509610478,0.4712474500801078,0.7862666666666667,0.9983870967741936,0.9870639534883721,1.0,0.9933628318584071,0.9939393939393939,0.9635989010989011,0.011323143285821513,0.006637168141592875,0.03697766098208566
0.7841333333333333,0.6848664198282555,0.7961382398209039,0.9723171565276828,0.5331782527845239,0.7841333333333333,0.9620991253644315,0.9520105664807749,0.9735772357723578,0.9722014925373135,0.9329896907216495,0.8775790921595599,0.010088558883656673,0.0013757432350443022,0.05678634179713393
