acc,auc,precision,recall,maf1,mif1,yp1.a1,yp1.a0,yp1.y1a1,yp1.y1a0,yp1.y0a1,yp1.y0a0,parity,equality,eq_odds
0.6533333333333333,0.6634666666666666,0.6716417910447762,0.6,0.6523444464253878,0.6533333333333333,0.2978723404255319,0.5145631067961165,0.42857142857142855,0.6666666666666666,0.19230769230769232,0.3469387755102041,0.2166907663705846,0.23809523809523808,0.39272632129774987
0.5333333333333333,0.5601777777777778,0.5190839694656488,0.9066666666666666,0.4577566618467258,0.5333333333333333,0.8541666666666666,0.8823529411764706,0.92,0.9,0.782608695652174,0.8653846153846154,0.028186274509803932,0.020000000000000018,0.10277591973244149
0.62,0.6048,0.7368421052631579,0.37333333333333335,0.5953811935071696,0.62,0.1702127659574468,0.2912621359223301,0.2608695652173913,0.4230769230769231,0.08333333333333333,0.1568627450980392,0.12104936996488327,0.16220735785953178,0.23573676962423767
0.5666666666666667,0.5811555555555555,0.5531914893617021,0.6933333333333334,0.5596007046388725,0.5666666666666667,0.5660377358490566,0.6597938144329897,0.64,0.72,0.5,0.5957446808510638,0.09375607858393309,0.07999999999999996,0.17574468085106376
0.49333333333333335,0.4375111111111111,0.4878048780487805,0.26666666666666666,0.4658920539730135,0.4933333333333334,0.28205128205128205,0.2702702702702703,0.35294117647058826,0.2413793103448276,0.22727272727272727,0.3018867924528302,0.011781011781011763,0.11156186612576066,0.18617593130586357
