acc,auc,precision,recall,maf1,mif1,yp1.a1,yp1.a0,yp1.y1a1,yp1.y1a0,yp1.y0a1,yp1.y0a0,parity,equality,eq_odds
0.784,0.6756678014775701,0.7886590877961923,0.9868037703513282,0.5037880371994793,0.7840000000000001,0.9531722054380665,0.9754314126937701,0.9794238683127572,0.9874742942606095,0.8806818181818182,0.9321692411014103,0.022259207255703628,0.008050425947852324,0.0595378488674444
0.7796000000000001,0.6865621343551698,0.7891658543378359,0.9760592490527041,0.5257782143028044,0.7796,0.9381294964028777,0.9594415870683322,0.9667318982387475,0.9769593956562795,0.8586956521739131,0.8980132450331125,0.021312090665454475,0.010227497417532039,0.049545090276731485
0.7894666666666666,0.6839271726052008,0.8069004685503337,0.962893934259573,0.5548262863941492,0.7894666666666666,0.9029126213592233,0.9429119339135565,0.9447513812154696,0.9647322261615973,0.7752808988764045,0.8605633802816901,0.0399993125543332,0.01998084494612762,0.10526332635141322
0.7912,0.6853627634994389,0.8013133994690512,0.9755060384419119,0.5412593919767223,0.7912,0.9354838709677419,0.9559593023255814,0.9626373626373627,0.9765855457227138,0.8606060606060606,0.8791208791208791,0.02047543135783947,0.013948183085351173,0.03246300160016968
0.7873333333333333,0.6922041215682632,0.7987368421052632,0.972488038277512,0.5443286081527334,0.7873333333333333,0.9139941690962099,0.953624889932492,0.9532520325203252,0.9742537313432836,0.8144329896907216,0.8775790921595599,0.03963072083628205,0.021001698822958437,0.08414780129179666
