acc,auc,precision,recall,maf1,mif1,yp1.a1,yp1.a0,yp1.y1a1,yp1.y1a0,yp1.y0a1,yp1.y0a0,parity,equality,eq_odds
0.6688014638609332,0.7239891397987195,0.6787512588116817,0.6246524559777572,0.6678982709417491,0.6688014638609332,0.6657571623465212,0.3475567790777701,0.7978723404255319,0.5320056899004267,0.5266106442577031,0.17466666666666666,0.31820038326875105,0.26586665052510516,0.6178106281161416
0.6587374199451053,0.6990959619634367,0.7417127071823204,0.48996350364963503,0.6488950704467946,0.6587374199451053,0.4724186704384724,0.26369168356997974,0.6128205128205129,0.42209631728045327,0.2996845425867508,0.11901681759379043,0.20872698686849267,0.1907241955400596,0.37139192053301995
0.6774931381518756,0.7270083343949686,0.7074910820451843,0.5645161290322581,0.671674923810934,0.6774931381518756,0.5231416549789621,0.31771894093686354,0.6710875331564987,0.5051698670605613,0.35714285714285715,0.15829145728643215,0.2054227140420986,0.1659176660959374,0.36476906595236236
0.6646843549862763,0.7227780806180285,0.6824034334763949,0.5927306616961789,0.6623696356910849,0.6646843549862763,0.5537190082644629,0.363013698630137,0.6935933147632312,0.542016806722689,0.41689373297002724,0.19168900804289543,0.19070530963432586,0.15157650804054212,0.37678123296767396
0.6765782250686185,0.7376737442434451,0.6827731092436975,0.6161137440758294,0.6743950085904409,0.6765782250686185,0.6192528735632183,0.3496644295302013,0.7293447293447294,0.5596590909090909,0.5072463768115942,0.16157760814249364,0.269588444033017,0.16968563843563844,0.515354407104739
