acc,auc,precision,recall,maf1,mif1,yp1.a1,yp1.a0,yp1.y1a1,yp1.y1a0,yp1.y0a1,yp1.y0a0,parity,equality,eq_odds
0.7812,0.702727663396044,0.7905236907730673,0.9778920308483291,0.5157233216670166,0.7812000000000001,0.986404833836858,0.9600760456273765,0.9917695473251029,0.9766311460085998,0.9715909090909091,0.900604432505037,0.02632878820948148,0.015138401316503125,0.08612487790237522
0.778,0.7010847285367374,0.7847613808279467,0.982776438167413,0.503421293080216,0.778,0.9769784172661871,0.9686994856722998,0.9843444227005871,0.9826251180358829,0.9565217391304348,0.9198675496688742,0.008278931593887262,0.0017193046647041577,0.038373494126264784
0.7866666666666667,0.6895741097076191,0.7994153674832962,0.9730599796679091,0.5208931318593131,0.7866666666666666,0.9611650485436893,0.9575158577961351,0.9779005524861878,0.9725695092367979,0.9101123595505618,0.9007042253521127,0.0036491907475542096,0.005331043249389933,0.014739177447839036
0.7889333333333334,0.7039518632961936,0.7966031483015742,0.9812893349209049,0.5184421545901884,0.7889333333333334,0.9612903225806452,0.9659883720930232,0.978021978021978,0.9815634218289085,0.9151515151515152,0.907967032967033,0.004698049512378066,0.0035414438069305554,0.010725925991412755
0.7832,0.7064394112211243,0.7956071628427532,0.9718045112781954,0.5309615384615385,0.7832,0.9591836734693877,0.9524508365130614,0.9715447154471545,0.9718283582089552,0.9278350515463918,0.8810178817056397,0.006732836956326316,0.00028364276180070647,0.04710081260255283
