acc,auc,precision,recall,maf1,mif1,yp1.a1,yp1.a0,yp1.y1a1,yp1.y1a0,yp1.y0a1,yp1.y0a0,parity,equality,eq_odds
0.7858666666666667,0.7064517988425443,0.7942936673625609,0.9780634104541559,0.5327700972862264,0.7858666666666668,0.93202416918429,0.960514770400702,0.9650205761316872,0.9792484576556366,0.8409090909090909,0.8932169241101411,0.028490601216412004,0.014227881523949382,0.06653571472499953
0.7844,0.681619866839702,0.7937175711681391,0.974853599724423,0.5455998383755484,0.7844,0.8892086330935252,0.9570903747244673,0.949119373776908,0.9773371104815864,0.7228260869565217,0.8860927152317881,0.06788174163094218,0.02821773670467842,0.1914843649799448
0.7906666666666667,0.6914415957086311,0.8065383526747807,0.965604879701796,0.5531474811407365,0.7906666666666666,0.8918169209431346,0.9474848797757781,0.9373848987108656,0.9684642657212167,0.7528089887640449,0.8683098591549295,0.05566795883264353,0.031079367010351078,0.1465802374012357
0.7938666666666667,0.7020744483207988,0.801363193768257,0.9799285592787889,0.5407443529973174,0.7938666666666667,0.9274193548387096,0.9613372093023256,0.9692307692307692,0.9808259587020649,0.8121212121212121,0.8887362637362637,0.03391785446361595,0.011595189471295675,0.08821024108634723
0.7892,0.7034477363145286,0.8008170164811945,0.9714627477785373,0.5531642920782728,0.7892,0.9081632653061225,0.9503962430290578,0.9532520325203252,0.9731343283582089,0.7938144329896907,0.8665749656121046,0.04223297772293533,0.0198822958378837,0.09264282846029759
