acc,auc,precision,recall,maf1,mif1,yp1.a1,yp1.a0,yp1.y1a1,yp1.y1a0,yp1.y0a1,yp1.y0a0,parity,equality,eq_odds
0.9635974304068523,0.9902129264816832,0.958904109589041,0.9271523178807947,0.9580366723223865,0.9635974304068522,0.3157894736842105,0.31202046035805625,0.9583333333333334,0.9212598425196851,0.019230769230769232,0.01893939393939394,0.003769013326154258,0.0370734908136483,0.0373648661050236
0.9486081370449679,0.9813249211356466,0.9038461538461539,0.94,0.9416760334707132,0.9486081370449678,0.3181818181818182,0.33773087071240104,0.9615384615384616,0.9354838709677419,0.04838709677419355,0.047058823529411764,0.019549052530582867,0.026054590570719682,0.027382863815501465
0.9510022271714922,0.9939597315436242,0.9635036496350365,0.8859060402684564,0.9435646053293112,0.9510022271714922,0.2926829268292683,0.3079019073569482,1.0,0.8650793650793651,0.01694915254237288,0.016597510373443983,0.015218980527679948,0.13492063492063489,0.1352722770895638
0.956140350877193,0.9856827220503755,0.9436619718309859,0.9178082191780822,0.9492521367521368,0.956140350877193,0.31645569620253167,0.3103448275862069,0.9615384615384616,0.9083333333333333,0.0,0.0311284046692607,0.0061108686163247605,0.05320512820512824,0.08433353287438894
0.9434782608695652,0.9825931419596894,0.8947368421052632,0.9315068493150684,0.9354755173827661,0.9434782608695652,0.3375,0.32894736842105265,0.9259259259259259,0.9327731092436975,0.03773584905660377,0.05363984674329502,0.008552631578947367,0.006847183317771566,0.022751181004462814
