acc,auc,precision,recall,maf1,mif1,yp1.a1,yp1.a0,yp1.y1a1,yp1.y1a0,yp1.y0a1,yp1.y0a0,parity,equality,eq_odds
0.6788655077767612,0.7513125254823757,0.6998939554612937,0.6116774791473587,0.677047793421302,0.6788655077767612,0.45702592087312416,0.4184445973847213,0.6542553191489362,0.5889046941678521,0.24929971988795518,0.25866666666666666,0.038581323488402874,0.06535062498108413,0.0747175717597956
0.6852698993595608,0.7494433469497087,0.7771739130434783,0.5218978102189781,0.6767940033696661,0.6852698993595608,0.38896746817538896,0.3116970926301555,0.5820512820512821,0.4886685552407932,0.15141955835962145,0.1500646830530401,0.07727037554523347,0.09338272681048887,0.09473760211707022
0.6843549862763038,0.7436184550190759,0.7224938875305623,0.5607210626185958,0.6777051282051282,0.6843549862763038,0.4067321178120617,0.35845213849287166,0.5915119363395226,0.5435745937961596,0.19940476190476192,0.20100502512562815,0.048279979319190036,0.047937342543363015,0.04953760576422925
0.6861848124428179,0.7523012370117119,0.7300832342449465,0.5722273998136067,0.6812498033844236,0.6861848124428179,0.41046831955922863,0.3719178082191781,0.6128133704735376,0.5518207282913166,0.2125340599455041,0.19973190348525469,0.03855051134005055,0.060992642182221,0.0737947986424704
0.6985361390667887,0.7588687610259763,0.7318501170960188,0.5924170616113744,0.6936165995337596,0.6985361390667887,0.3922413793103448,0.38993288590604025,0.5868945868945868,0.5951704545454546,0.19420289855072465,0.20610687022900764,0.002308493404304557,0.008275867650867741,0.02017983932915074
