acc,auc,precision,recall,maf1,mif1,yp1.a1,yp1.a0,yp1.y1a1,yp1.y1a0,yp1.y0a1,yp1.y0a0,parity,equality,eq_odds
0.9099385463021827,0.9628737010391687,0.9520052596975674,0.8044444444444444,0.9012739977544182,0.9099385463021826,0.287676935886761,0.35822183858437634,0.7973621103117506,0.8105590062111802,0.016581632653061226,0.03478904515173945,0.07054490269761532,0.013196895899429517,0.03140430839810775
0.9116338207247299,0.9623127149033992,0.9444825222755312,0.8039673278879813,0.9010091884110973,0.9116338207247299,0.25477707006369427,0.3633671742808799,0.7720488466757124,0.8280450358239508,0.019159456118665017,0.03604902667627974,0.10859010421718562,0.05599618914823845,0.07288575970585318
0.9126933672388219,0.9651644710908912,0.9497319034852547,0.8078677309007982,0.9032685427980531,0.9126933672388219,0.26499361973628244,0.36697635135135137,0.7871485943775101,0.8232373386295928,0.021820448877805487,0.029390154298310066,0.10198273161506893,0.03608874425208275,0.04365844967258733
0.9215935579571943,0.9667176454607819,0.961340206185567,0.827968923418424,0.914434353164228,0.9215935579571943,0.2909698996655518,0.36785560807907175,0.8120481927710843,0.8415637860082305,0.014084507042253521,0.028044280442804426,0.07688570841351994,0.029515593237146143,0.04347536663769705
0.9112100021190931,0.9649303585281148,0.9546079779917469,0.7972429638139,0.9008712104975413,0.911210002119093,0.28126298296634816,0.3360726643598616,0.7715311004784688,0.8209944751381215,0.020369191597708464,0.024164889836531627,0.05480968139351344,0.04946337465965267,0.05325907289847583
