acc,auc,precision,recall,maf1,mif1,yp1.a1,yp1.a0,yp1.y1a1,yp1.y1a0,yp1.y0a1,yp1.y0a0,parity,equality,eq_odds
0.691216834400732,0.7339007897338782,0.772972972972973,0.5301204819277109,0.6822610788717345,0.6912168344007319,0.36425648021828105,0.32553337921541636,0.5585106382978723,0.5149359886201992,0.15966386554621848,0.148,0.03872310100286469,0.043574649677673105,0.05523851522389159
0.687099725526075,0.7490482488448403,0.782967032967033,0.5200729927007299,0.6782770800627943,0.687099725526075,0.355021216407355,0.3225152129817444,0.5128205128205128,0.5240793201133145,0.1608832807570978,0.1384217335058215,0.03250600342561061,0.011258807292801709,0.03372035454407801
0.6852698993595608,0.7454715671746871,0.7220873786407767,0.5645161290322581,0.6788953765928538,0.6852698993595608,0.453015427769986,0.34012219959266804,0.5888594164456233,0.55096011816839,0.3005952380952381,0.16080402010050251,0.11289322817731795,0.03789929827723337,0.17769051627196894
0.6916742909423605,0.7506022613374599,0.7264472190692395,0.5964585274930102,0.6881618837903712,0.6916742909423604,0.4490358126721763,0.3801369863013699,0.6128133704735376,0.5882352941176471,0.2888283378746594,0.18096514745308312,0.06889882637080641,0.024578076355890488,0.13244126677746676
0.6861848124428179,0.7322019267435185,0.7654676258992805,0.5042654028436019,0.6731838291380625,0.6861848124428179,0.3031609195402299,0.32483221476510066,0.4444444444444444,0.5340909090909091,0.15942028985507245,0.13740458015267176,0.021671295224870768,0.08964646464646464,0.11166217434886533
