acc,auc,precision,recall,maf1,mif1,yp1.a1,yp1.a0,yp1.y1a1,yp1.y1a0,yp1.y0a1,yp1.y0a0,parity,equality,eq_odds
0.6855912294440094,0.7498722190341051,0.7197092084006462,0.6614699331848553,0.6855449017970838,0.6855912294440094,0.4406779661016949,0.5080886758538047,0.6257796257796258,0.6812933025404158,0.2202970297029703,0.32129514321295144,0.06741070975210978,0.05551367676079,0.15651179027077114
0.6942051683633516,0.7536041082639081,0.7510548523206751,0.6468023255813954,0.6942028712221175,0.6942051683633516,0.4701912260967379,0.46066066066066064,0.66796875,0.6342592592592593,0.20159151193633953,0.27340823970037453,0.009530565436077276,0.0337094907407407,0.1055262185047757
0.7024275646045419,0.7661764705882353,0.7798507462686567,0.6147058823529412,0.7017470104633782,0.7024275646045419,0.39282051282051283,0.43635212159594683,0.570631970260223,0.6435523114355232,0.17391304347826086,0.21136063408190225,0.043531608775433994,0.07292034117530011,0.1103679317789415
0.6895066562255285,0.7614659821950744,0.7810760667903525,0.6018584703359543,0.6892241767553012,0.6895066562255285,0.4112646121147715,0.4283942963422195,0.572744014732965,0.6203271028037384,0.19095477386934673,0.21136063408190225,0.017129684227447983,0.04758308807077338,0.06798894828332891
0.7000783085356304,0.7582273875893533,0.7332242225859247,0.6706586826347305,0.7000775728586979,0.7000783085356304,0.4637053087757313,0.48681790312691603,0.650887573964497,0.6827503015681544,0.23557692307692307,0.28428927680798005,0.023112594351184734,0.03186272760365738,0.08057508133471436
