acc,auc,precision,recall,maf1,mif1,yp1.a1,yp1.a0,yp1.y1a1,yp1.y1a0,yp1.y0a1,yp1.y0a0,parity,equality,eq_odds
0.6801096319498825,0.7221023859212747,0.765,0.5679287305122495,0.6779943787618246,0.6801096319498825,0.376271186440678,0.3996405032953865,0.5592515592515592,0.5727482678983834,0.15841584158415842,0.2129514321295143,0.0233693168547085,0.013496708646824174,0.06803229919218007
0.6930305403288959,0.7465686322896514,0.7542955326460481,0.6380813953488372,0.6930213162607011,0.6930305403288959,0.4949381327334083,0.4348348348348348,0.67578125,0.6157407407407407,0.2493368700265252,0.2397003745318352,0.06010329789857349,0.0600405092592593,0.06967700475394928
0.6934220830070478,0.7536924820179328,0.7649219467401286,0.6125,0.692903029242965,0.6934220830070478,0.41025641025641024,0.43635212159594683,0.5817843866171004,0.6326034063260341,0.19908466819221968,0.22324966974900926,0.026095711339536587,0.050819019708933655,0.07498402126572323
0.6895066562255285,0.7557974310654798,0.7327188940092166,0.681915654038599,0.6884746405607365,0.6895066562255285,0.5324123273113709,0.49659020458772474,0.6832412523020258,0.6810747663551402,0.32663316582914576,0.28797886393659183,0.035822122723646155,0.0021664859468856212,0.04082078783943954
0.7071260767423649,0.7695864428777912,0.777882797731569,0.6160179640718563,0.7059721275677526,0.7071260767423649,0.41278439869989164,0.4150827713059473,0.5956607495069034,0.6284680337756333,0.18990384615384615,0.19451371571072318,0.002298372606055643,0.03280728426872992,0.03741715382560695
