acc,auc,precision,recall,maf1,mif1,yp1.a1,yp1.a0,yp1.y1a1,yp1.y1a0,yp1.y0a1,yp1.y0a0,parity,equality,eq_odds
0.6133333333333334,0.6592,0.6103896103896104,0.6266666666666667,0.6132645803698435,0.6133333333333333,0.3191489361702128,0.6019417475728155,0.5238095238095238,0.6666666666666666,0.15384615384615385,0.5306122448979592,0.2827928114026027,0.1428571428571428,0.5196232339089482
0.7066666666666667,0.7598222222222222,0.7183098591549296,0.68,0.7064579256360078,0.7066666666666667,0.4583333333333333,0.4803921568627451,0.6,0.72,0.30434782608695654,0.25,0.022058823529411797,0.12,0.17434782608695654
0.5866666666666667,0.6586666666666667,0.6382978723404256,0.4,0.5717443359734757,0.5866666666666667,0.10638297872340426,0.4077669902912621,0.17391304347826086,0.5,0.041666666666666664,0.3137254901960784,0.3013840115678579,0.32608695652173914,0.5981457800511509
0.5933333333333334,0.6684444444444445,0.6166666666666667,0.49333333333333335,0.5892255892255892,0.5933333333333334,0.33962264150943394,0.4329896907216495,0.44,0.52,0.25,0.3404255319148936,0.09336704921221556,0.08000000000000002,0.17042553191489362
0.5866666666666667,0.6602666666666667,0.6326530612244898,0.41333333333333333,0.5738636363636364,0.5866666666666667,0.358974358974359,0.3153153153153153,0.35294117647058826,0.43103448275862066,0.36363636363636365,0.18867924528301888,0.04365904365904366,0.0780933062880324,0.25305042464137717
