acc,auc,precision,recall,maf1,mif1,yp1.a1,yp1.a0,yp1.y1a1,yp1.y1a0,yp1.y0a1,yp1.y0a0,parity,equality,eq_odds
0.5933333333333334,0.6243555555555556,0.5921052631578947,0.6,0.5933152584559314,0.5933333333333334,0.2127659574468085,0.6407766990291263,0.38095238095238093,0.6851851851851852,0.07692307692307693,0.5918367346938775,0.4280107415823178,0.3042328042328043,0.819146462003605
0.7000000000000001,0.7480888888888889,0.8,0.5333333333333333,0.6914285714285715,0.7,0.2708333333333333,0.3627450980392157,0.4,0.6,0.13043478260869565,0.1346153846153846,0.09191176470588236,0.19999999999999996,0.20418060200668892
0.6066666666666667,0.7000888888888889,0.6212121212121212,0.5466666666666666,0.6052455506490031,0.6066666666666667,0.19148936170212766,0.5533980582524272,0.30434782608695654,0.6538461538461539,0.08333333333333333,0.45098039215686275,0.3619086965502995,0.3494983277591973,0.7171453865827268
0.6066666666666667,0.6707555555555555,0.6739130434782609,0.41333333333333333,0.5913938778336949,0.6066666666666667,0.20754716981132076,0.36082474226804123,0.32,0.46,0.10714285714285714,0.2553191489361702,0.15327757245672047,0.14,0.28817629179331306
0.5666666666666667,0.6638222222222222,0.5806451612903226,0.48,0.5633872195602527,0.5666666666666667,0.4358974358974359,0.40540540540540543,0.5294117647058824,0.46551724137931033,0.36363636363636365,0.33962264150943394,0.030492030492030475,0.06389452332657203,0.08790824545350173
