acc,auc,precision,recall,maf1,mif1,yp1.a1,yp1.a0,yp1.y1a1,yp1.y1a0,yp1.y0a1,yp1.y0a0,parity,equality,eq_odds
0.6895066562255285,0.7361752066176702,0.7541284403669725,0.6102449888641426,0.6888536841624973,0.6895066562255285,0.42033898305084744,0.43019772318753746,0.6174636174636174,0.6062355658198614,0.18564356435643564,0.2403486924034869,0.009858740136690025,0.011228051643756065,0.06593317969080734
0.7004698512137822,0.745445818691515,0.7682177348551361,0.6359011627906976,0.7003999911061973,0.7004698512137824,0.46906636670416196,0.4336336336336336,0.662109375,0.6203703703703703,0.20689655172413793,0.23220973782771537,0.035432733070528355,0.04173900462962965,0.06705219073320709
0.6934220830070478,0.7628214602423884,0.7227799227799228,0.6882352941176471,0.6929418836844542,0.6934220830070478,0.5076923076923077,0.506649778340722,0.6914498141263941,0.6861313868613139,0.2814645308924485,0.31175693527080584,0.0010425293515856637,0.005318427265080139,0.03561083164343748
0.6942051683633516,0.7579640992793244,0.7663793103448275,0.6354538956397426,0.69420399635683,0.6942051683633516,0.4399574920297556,0.4624922504649721,0.6003683241252302,0.6577102803738317,0.22110552763819097,0.24174372523117568,0.022534758435216518,0.0573419562486015,0.07798015384158621
0.7024275646045419,0.7694838156199915,0.7360655737704918,0.6721556886227545,0.702427382126265,0.7024275646045419,0.48970747562296857,0.47087676272225626,0.6745562130177515,0.6706875753920386,0.2644230769230769,0.26433915211970077,0.01883071290071231,0.0038686376257128785,0.003952562429089035
