acc,auc,precision,recall,maf1,mif1,yp1.a1,yp1.a0,yp1.y1a1,yp1.y1a0,yp1.y0a1,yp1.y0a0,parity,equality,eq_odds
0.6066666666666667,0.600711111111111,0.5930232558139535,0.68,0.6045399705080656,0.6066666666666667,0.3829787234042553,0.6601941747572816,0.5238095238095238,0.7407407407407407,0.2692307692307692,0.5714285714285714,0.2772154513530263,0.21693121693121686,0.519129019129019
0.6533333333333333,0.7347555555555557,0.676923076923077,0.5866666666666667,0.6517857142857142,0.6533333333333333,0.3125,0.49019607843137253,0.4,0.68,0.21739130434782608,0.3076923076923077,0.17769607843137253,0.28,0.3703010033444817
0.6066666666666667,0.6926222222222223,0.6290322580645161,0.52,0.6036899377546909,0.6066666666666667,0.19148936170212766,0.5145631067961165,0.2608695652173913,0.6346153846153846,0.125,0.39215686274509803,0.32307374509398884,0.3737458193979933,0.6409026821430913
0.6066666666666667,0.6337777777777778,0.6739130434782609,0.41333333333333333,0.5913938778336949,0.6066666666666667,0.18867924528301888,0.3711340206185567,0.28,0.48,0.10714285714285714,0.2553191489361702,0.18245477533553783,0.19999999999999996,0.348176291793313
0.5933333333333334,0.6760888888888889,0.6458333333333334,0.41333333333333333,0.5797161361444123,0.5933333333333334,0.3333333333333333,0.3153153153153153,0.35294117647058826,0.43103448275862066,0.3181818181818182,0.18867924528301888,0.018018018018018,0.0780933062880324,0.2075958791868317
