acc,auc,precision,recall,maf1,mif1,yp1.a1,yp1.a0,yp1.y1a1,yp1.y1a0,yp1.y0a1,yp1.y0a0,parity,equality,eq_odds
0.5733333333333334,0.6666666666666666,0.5478260869565217,0.84,0.5406698564593302,0.5733333333333334,0.5531914893617021,0.8640776699029126,0.7619047619047619,0.8703703703703703,0.38461538461538464,0.8571428571428571,0.3108861805412104,0.10846560846560849,0.580993080993081
0.7133333333333334,0.7724444444444445,0.7352941176470589,0.6666666666666666,0.712707674491114,0.7133333333333335,0.4375,0.46078431372549017,0.6,0.7,0.2608695652173913,0.23076923076923078,0.02328431372549017,0.09999999999999998,0.1301003344481605
0.6066666666666667,0.6652444444444444,0.6142857142857143,0.5733333333333334,0.6062291434927698,0.6066666666666667,0.1702127659574468,0.6019417475728155,0.2608695652173913,0.7115384615384616,0.08333333333333333,0.49019607843137253,0.43172898161536866,0.45066889632107027,0.8575316414191094
0.6133333333333334,0.6863999999999999,0.6976744186046512,0.4,0.5948966287949339,0.6133333333333333,0.16981132075471697,0.35051546391752575,0.28,0.46,0.07142857142857142,0.23404255319148937,0.18070414316280878,0.18,0.3426139817629179
0.5866666666666667,0.6704,0.6140350877192983,0.4666666666666667,0.5806277056277057,0.5866666666666667,0.41025641025641024,0.36936936936936937,0.47058823529411764,0.46551724137931033,0.36363636363636365,0.2641509433962264,0.04088704088704087,0.005070993914807309,0.10455641415494454
