acc,auc,precision,recall,maf1,mif1,yp1.a1,yp1.a0,yp1.y1a1,yp1.y1a0,yp1.y0a1,yp1.y0a0,parity,equality,eq_odds
0.7849333333333334,0.7317042492363828,0.790131940626718,0.985261353898886,0.511541293041348,0.7849333333333334,0.9984894259818731,0.967388125182802,0.9979423868312757,0.9841091792858478,1.0,0.9073203492276696,0.03110130079907103,0.013833207545427828,0.10651285831775825
0.7793333333333333,0.7284855446122787,0.7847441349979422,0.9851877368239752,0.5024247398628435,0.7793333333333334,1.0,0.9689933872152828,1.0,0.9837582625118035,1.0,0.9172185430463576,0.03100661278471717,0.01624173748819646,0.09902319444183882
0.7912,0.7227781550048371,0.8001938521185267,0.9791596069129109,0.5229609127697169,0.7912,1.0,0.9589910016226582,1.0,0.9770479567083411,1.0,0.8908450704225352,0.04100899837734184,0.022952043291658897,0.13210697286912365
0.7878666666666667,0.7308149050264018,0.792416803055101,0.9882633100867495,0.495123205381426,0.7878666666666667,1.0,0.9755813953488373,1.0,0.9872787610619469,1.0,0.9320054945054945,0.024418604651162745,0.012721238938053103,0.08071574443255858
0.7844,0.7275797026491648,0.7874304330120809,0.991285030758715,0.48487958585125734,0.7844,1.0,0.9804813619019666,1.0,0.9904850746268656,1.0,0.9436038514442916,0.019518638098033447,0.009514925373134364,0.06591107392884277
