acc,auc,precision,recall,maf1,mif1,yp1.a1,yp1.a0,yp1.y1a1,yp1.y1a0,yp1.y0a1,yp1.y0a0,parity,equality,eq_odds
0.9657387580299787,0.9916380249811384,0.9655172413793104,0.9271523178807947,0.9604337880199949,0.9657387580299786,0.3026315789473684,0.31202046035805625,0.9583333333333334,0.9212598425196851,0.0,0.01893939393939394,0.009388881410687833,0.0370734908136483,0.05601288475304224
0.9507494646680943,0.9790956887486856,0.9150326797385621,0.9333333333333333,0.9438211650008107,0.9507494646680942,0.3181818181818182,0.32981530343007914,0.9615384615384616,0.9274193548387096,0.04838709677419355,0.0392156862745098,0.011633485248260966,0.03411910669975193,0.04329051719943568
0.9510022271714922,0.9911185682326622,0.9635036496350365,0.8859060402684564,0.9435646053293112,0.9510022271714922,0.2926829268292683,0.3079019073569482,1.0,0.8650793650793651,0.01694915254237288,0.016597510373443983,0.015218980527679948,0.13492063492063489,0.1352722770895638
0.9495614035087718,0.9774635439681838,0.9361702127659575,0.9041095890410958,0.9415303135888502,0.9495614035087719,0.31645569620253167,0.3076923076923077,0.9230769230769231,0.9,0.018867924528301886,0.0311284046692607,0.008763388510223957,0.023076923076923106,0.035337403217881924
0.941304347826087,0.9842291248582149,0.8940397350993378,0.9246575342465754,0.9328761126513936,0.941304347826087,0.35,0.3236842105263158,0.9259259259259259,0.9243697478991597,0.05660377358490566,0.04980842911877394,0.02631578947368418,0.0015561780267662195,0.008351522492897938
