acc,auc,precision,recall,maf1,mif1,yp1.a1,yp1.a0,yp1.y1a1,yp1.y1a0,yp1.y0a1,yp1.y0a0,parity,equality,eq_odds
0.526831179005092,0.5103922358019356,0.5272442179537437,0.9985152190051967,0.3450487429451,0.526831179005092,1.0,0.9988009592326139,1.0,0.9976905311778291,1.0,1.0,0.0011990407673860837,0.002309468822170868,0.002309468822170868
0.5413239326282805,0.5531372125327982,0.5403800475059383,0.9927272727272727,0.3640181632329619,0.5413239326282805,0.9966216216216216,0.9855855855855856,0.9941291585127201,0.9918981481481481,1.0,0.978776529338327,0.011036036036035979,0.0022310103645719614,0.023454481026244922
0.6286721504112808,0.6537985059908289,0.6943396226415094,0.5411764705882353,0.6276616431696646,0.6286721504112809,0.441025641025641,0.39923954372623577,0.5687732342007435,0.5231143552311436,0.2837528604118993,0.26455026455026454,0.041786097299405245,0.04565887896959997,0.06486147483123472
0.6067371719545632,0.6582022563777296,0.7541827541827542,0.41887062187276625,0.5979704125677574,0.6067371719545632,0.22741764080765142,0.34925558312655086,0.3462246777163904,0.4649532710280374,0.06532663316582915,0.21825396825396826,0.12183794231889944,0.11872859331164698,0.2716559283997861
0.6435566000783391,0.6694175384218003,0.7292340884573895,0.5063670411985018,0.6388646394102526,0.6435566000783393,0.31453362255965295,0.3905579399141631,0.46047430830039526,0.53437876960193,0.13701923076923078,0.24189526184538654,0.07602431735451015,0.07390446130153472,0.17878049237769048
