acc,auc,precision,recall,maf1,mif1,yp1.a1,yp1.a0,yp1.y1a1,yp1.y1a0,yp1.y0a1,yp1.y0a0,parity,equality,eq_odds
0.504698512137823,0.5302894707869032,0.5256570713391739,0.623608017817372,0.4928112639883454,0.504698512137823,0.6169491525423729,0.6303175554224086,0.6424116424116424,0.6131639722863741,0.5866336633663366,0.6488169364881694,0.013368402880035712,0.0292476701252683,0.0914309432471011
0.5274079874706343,0.5634031863228965,0.5489287782281412,0.688953488372093,0.5045132897694532,0.5274079874706343,0.6692913385826772,0.6798798798798799,0.69921875,0.6828703703703703,0.6286472148541115,0.6766541822721598,0.010588541297202658,0.01634837962962965,0.06435534704767798
0.4158183241973375,0.5235638979209774,0.467098703888335,0.6889705882352941,0.350128556449891,0.41581832419733744,0.7692307692307693,0.7954401519949335,0.6933085501858736,0.6861313868613139,0.8627002288329519,0.9141347424042272,0.02620938276416418,0.007177163324559643,0.05861167689583491
0.4804228660924041,0.48511893158069,0.5204081632653061,0.6561829878484632,0.44909968815196927,0.4804228660924041,0.638682252922423,0.7210167389956602,0.6390423572744015,0.6670560747663551,0.6381909547738693,0.7820343461030383,0.08233448607323723,0.028013717491953583,0.1718571088211226
0.4917776037588097,0.49856874920110517,0.5110722610722611,0.656437125748503,0.4716910771019578,0.4917776037588097,0.6533044420368364,0.6824034334763949,0.6607495069033531,0.6537997587454765,0.6442307692307693,0.7119700748129676,0.02909899143955852,0.006949748157876634,0.07468905374007495
