acc,auc,precision,recall,maf1,mif1,yp1.a1,yp1.a0,yp1.y1a1,yp1.y1a0,yp1.y0a1,yp1.y0a0,parity,equality,eq_odds
0.8787878787878788,0.9265204978874044,0.885678391959799,0.7833333333333333,0.868379959617773,0.8787878787878788,0.3388842631140716,0.33577902460077685,0.8033573141486811,0.7660455486542443,0.09183673469387756,0.028127313101406367,0.00310523851329475,0.03731176549443671,0.1010211870869079
0.8813307904216996,0.92277243101249,0.8821192052980132,0.7771295215869312,0.8680918217967752,0.8813307904216995,0.3078556263269639,0.3320642978003384,0.7937584803256446,0.7645854657113613,0.0865265760197775,0.0273972602739726,0.02420867147337452,0.029173014614283233,0.08830233036008814
0.8828141555414283,0.9291661939657078,0.8990033222591363,0.7713797035347777,0.8704096827781953,0.8828141555414283,0.301999149298171,0.33572635135135137,0.7884872824631861,0.7586891757696127,0.07543640897755612,0.022777369581190303,0.03372720205318036,0.029798106693573412,0.08245714608993923
0.8840856113583386,0.9344881910435859,0.9009584664536742,0.7824639289678136,0.87372017993003,0.8840856113583386,0.33319397993311034,0.3300386764073915,0.810843373493976,0.7582304526748971,0.0793854033290653,0.022878228782287822,0.0031553035257188555,0.05261292081907887,0.10912009536585635
0.8832379741470651,0.9322174599176267,0.8823907455012854,0.7886272257323378,0.8715767868792802,0.8832379741470651,0.3419194017449107,0.3170415224913495,0.8050239234449761,0.7734806629834254,0.09548058561425843,0.023454157782515993,0.02487787925356122,0.03154326046155065,0.10356968829329308
