acc,auc,precision,recall,maf1,mif1,yp1.a1,yp1.a0,yp1.y1a1,yp1.y1a0,yp1.y0a1,yp1.y0a0,parity,equality,eq_odds
0.6878182530356444,0.7463954663702029,0.7214170692431562,0.6651818856718634,0.6877561665264843,0.6878182530356444,0.5299435028248588,0.4634292565947242,0.7110187110187111,0.6397228637413395,0.31435643564356436,0.2730673316708229,0.06651424623013458,0.0712958472773716,0.11258495125011303
0.6980023501762632,0.7522728816175337,0.7686832740213523,0.6283636363636363,0.6978671790925806,0.6980023501762632,0.48536036036036034,0.41621621621621624,0.6575342465753424,0.6111111111111112,0.2519893899204244,0.20599250936329588,0.0691441441441441,0.04642313546423127,0.0924200160213598
0.7136701919310615,0.7714289236230955,0.7785651018600531,0.6463235294117647,0.713490139955506,0.7136701919310616,0.49230769230769234,0.4112801013941698,0.6840148698884758,0.621654501216545,0.2562929061784897,0.18253968253968253,0.08102759091352252,0.062360368671930844,0.13611359231073802
0.7070113591852722,0.7558128299119325,0.8067860508953817,0.6118656182987848,0.7066220526150839,0.7070113591852722,0.45908607863974493,0.3901985111662531,0.6298342541436464,0.6004672897196262,0.22613065326633167,0.15211640211640212,0.06888756747349184,0.029366964424020203,0.10338121557394975
0.7046611829220525,0.7745109253826805,0.7232897770945427,0.7048689138576779,0.7043486941937545,0.7046611829220525,0.5509761388286334,0.4862047823421214,0.7351778656126482,0.6863691194209891,0.3269230769230769,0.2793017456359102,0.064771356486512,0.04880874619165909,0.09643007747882582
