acc,auc,precision,recall,maf1,mif1,yp1.a1,yp1.a0,yp1.y1a1,yp1.y1a0,yp1.y0a1,yp1.y0a0,parity,equality,eq_odds
0.9059122695486332,0.9514162003730349,0.9357326478149101,0.8088888888888889,0.8973486702785414,0.9059122695486331,0.29142381348875934,0.3694432455761761,0.8057553956834532,0.8115942028985508,0.017857142857142856,0.053293856402664694,0.07801943208741674,0.005838807215097552,0.04127552076061939
0.9035812672176309,0.9530602438176745,0.9216342933690556,0.8028004667444574,0.8925504347059776,0.9035812672176309,0.25307855626326964,0.37944162436548223,0.7747625508819539,0.8239508700102354,0.015451174289245983,0.06633020908435472,0.1263630681022126,0.04918831912828148,0.10006735392339021
0.9086670904852724,0.954307283184088,0.9389515593895156,0.80672748004561,0.8990284908597179,0.9086670904852723,0.2577626541897065,0.38048986486486486,0.7871485943775101,0.8212512413108243,0.011221945137157107,0.05437178545187362,0.12272721067515835,0.03410264693331422,0.07725248724803073
0.9088789997880907,0.9542215311749372,0.9375,0.8157602663706992,0.900770007178779,0.9088789997880907,0.28846153846153844,0.37730984099699183,0.8024096385542169,0.8271604938271605,0.015364916773367477,0.05461254612546126,0.0888483025354534,0.024750855272943628,0.0639984846250374
0.9046408137317229,0.9519821598095011,0.9205211726384365,0.8116025272831706,0.8948045625260815,0.9046408137317228,0.2941420855837142,0.3576989619377163,0.7966507177033493,0.825414364640884,0.02673456397199236,0.05685856432125089,0.06355687635400209,0.028763646937534748,0.05888764728679327
