acc,auc,precision,recall,maf1,mif1,yp1.a1,yp1.a0,yp1.y1a1,yp1.y1a0,yp1.y0a1,yp1.y0a0,parity,equality,eq_odds
0.6957713390759592,0.7767489692950489,0.780511811023622,0.5887156644394952,0.6940602966036042,0.6957713390759592,0.4429378531073446,0.3738765727980827,0.6444906444906445,0.5577367205542725,0.20297029702970298,0.17559153175591533,0.06906128030926195,0.08675392393637205,0.1141326892101597
0.7039937353171496,0.7802900560666481,0.8009708737864077,0.5995639534883721,0.7029963950228058,0.7039937353171496,0.4881889763779528,0.357957957957958,0.677734375,0.5532407407407407,0.23076923076923078,0.14731585518102372,0.1302310184199948,0.1244936342592593,0.20794700984746636
0.7102584181675803,0.7890481820869052,0.7649572649572649,0.6580882352941176,0.7102328305485455,0.7102584181675803,0.5271794871794871,0.415452818239392,0.7267657992565055,0.6131386861313869,0.2814645308924485,0.20079260237780713,0.11172666894009514,0.11362711312511864,0.19429904163976
0.7145653876272514,0.7816263317335512,0.7764026402640264,0.6726233023588277,0.7144231446176621,0.7145653876272514,0.5260361317747078,0.444513329200248,0.6998158379373849,0.655373831775701,0.2889447236180904,0.20607661822985468,0.08152280257445976,0.04444200616168392,0.12731011154991967
0.7153484729835552,0.7858027786790951,0.7631806395851339,0.6609281437125748,0.7151860007255496,0.7153484729835551,0.5200433369447454,0.4150827713059473,0.717948717948718,0.6260554885404102,0.27884615384615385,0.1970074812967581,0.10496056563879808,0.0918932294083078,0.17373190195770355
