acc,auc,precision,recall,maf1,mif1,yp1.a1,yp1.a0,yp1.y1a1,yp1.y1a0,yp1.y0a1,yp1.y0a0,parity,equality,eq_odds
0.6605672461116194,0.6776834249652351,0.7243675099866844,0.5041705282669138,0.6513196871788918,0.6605672461116194,0.3315143246930423,0.3496214728148658,0.5186170212765957,0.49644381223328593,0.13445378151260504,0.212,0.018107148121823458,0.02217320904330977,0.09971942753070473
0.6372369624885637,0.6588997522266122,0.6818727490996399,0.5182481751824818,0.6321526342336745,0.6372369624885635,0.37765205091937765,0.38269100743745776,0.5256410256410257,0.5141643059490085,0.19558359621451105,0.2626131953428202,0.005038956518080118,0.011476719692017134,0.07850631882032627
0.646843549862763,0.6756559229185803,0.6509635974304069,0.5768500948766604,0.6439222583825097,0.646843549862763,0.3997194950911641,0.44059742023082143,0.5676392572944297,0.5819793205317577,0.2113095238095238,0.3203517587939699,0.04087792513965732,0.01434006323732806,0.12338229822177413
0.6290027447392498,0.6484996010044806,0.6217472118959108,0.6234855545200373,0.6288964288278536,0.6290027447392498,0.44077134986225897,0.5178082191780822,0.6295264623955432,0.6204481792717087,0.2561307901907357,0.4195710455764075,0.07703686931582321,0.009078283123834519,0.17251853850950633
0.6733760292772187,0.6969188027204043,0.7008244994110718,0.5639810426540285,0.6678484602917343,0.6733760292772186,0.3635057471264368,0.4,0.5527065527065527,0.5696022727272727,0.17101449275362318,0.2480916030534351,0.03649425287356323,0.01689572002072004,0.09397283032053197
