acc,auc,precision,recall,maf1,mif1,yp1.a1,yp1.a0,yp1.y1a1,yp1.y1a0,yp1.y0a1,yp1.y0a0,parity,equality,eq_odds
0.5677368833202819,0.6012729505993557,0.6860643185298622,0.3325909428359317,0.5463938223938224,0.5677368833202819,0.14576271186440679,0.3139604553624925,0.18711018711018712,0.4133949191685912,0.09653465346534654,0.20672478206724781,0.16819774349808572,0.2262847320584041,0.3364748606603054
0.591229444009397,0.6581920973664469,0.5923248053392659,0.7739825581395349,0.5656318237176543,0.591229444009397,0.6940382452193475,0.7093093093093094,0.759765625,0.7824074074074074,0.6047745358090185,0.630461922596754,0.015271064089961817,0.02264178240740744,0.04832916919514296
0.6507439310884886,0.6755520864124545,0.7027729636048526,0.5963235294117647,0.650658241373367,0.6507439310884886,0.3374358974358974,0.5224825839138696,0.47026022304832715,0.6788321167883211,0.17391304347826086,0.3527080581241744,0.18504668647797218,0.20857189373999396,0.3873669083859075
0.62451057165231,0.6704102188019272,0.7439024390243902,0.47962830593280914,0.6207893998164086,0.62451057165231,0.3188097768331562,0.37321760694358336,0.430939226519337,0.5105140186915887,0.1658291457286432,0.21796565389696168,0.05440783011042716,0.07957479217225172,0.1317113003405702
0.52858261550509,0.5432629199728621,0.5278246205733558,0.937125748502994,0.40764832793959005,0.52858261550509,0.914409534127844,0.9368485591661557,0.9250493096646942,0.9445114595898673,0.9014423076923077,0.928927680798005,0.022439025038311744,0.019462149925173033,0.04694752303087035
