acc,auc,precision,recall,maf1,mif1,yp1.a1,yp1.a0,yp1.y1a1,yp1.y1a0,yp1.y0a1,yp1.y0a0,parity,equality,eq_odds
0.5274079874706343,0.5058127269226961,0.5274079874706343,1.0,0.34529607792873623,0.5274079874706343,1.0,1.0,1.0,1.0,1.0,1.0,0.0,0.0,0.0
0.5387627251370399,0.5527219592727128,0.5387627251370399,1.0,0.35012722646310435,0.5387627251370399,1.0,1.0,1.0,1.0,1.0,1.0,0.0,0.0,0.0
0.6119812059514487,0.6385887772194305,0.6884576098059244,0.49558823529411766,0.6092118645153829,0.6119812059514487,0.3425641025641026,0.4084863837872071,0.4628252788104089,0.5170316301703163,0.1945080091533181,0.2906208718626156,0.0659222812231045,0.05420635135990737,0.15031921406920487
0.5418950665622553,0.6113637137225414,0.7063063063063063,0.2802001429592566,0.515135367738259,0.5418950665622553,0.1381509032943677,0.2634841909485431,0.16206261510128914,0.35514018691588783,0.10552763819095477,0.15984147952443858,0.1253332876541754,0.1930775718145987,0.2473914131480825
0.5234925606891151,0.5298405651750686,0.5233791748526523,0.9970059880239521,0.34728549237954665,0.5234925606891151,1.0,0.9944819129368485,1.0,0.9951749095295537,1.0,0.9937655860349127,0.005518087063151489,0.004825090470446325,0.011059504435533607
