acc,auc,precision,recall,maf1,mif1,yp1.a1,yp1.a0,yp1.y1a1,yp1.y1a0,yp1.y0a1,yp1.y0a0,parity,equality,eq_odds
0.6866666666666668,0.7214222222222222,0.7058823529411765,0.64,0.6859828070019154,0.6866666666666666,0.3617021276595745,0.49514563106796117,0.6190476190476191,0.6481481481481481,0.15384615384615385,0.32653061224489793,0.13344350340838668,0.02910052910052907,0.20178498749927315
0.56,0.5543111111111112,0.5436893203883495,0.7466666666666667,0.5441149382943452,0.56,0.9166666666666666,0.5784313725490197,0.96,0.64,0.8695652173913043,0.5192307692307693,0.33823529411764697,0.31999999999999995,0.670334448160535
0.56,0.6298666666666667,0.6216216216216216,0.30666666666666664,0.5298252279635258,0.56,0.2127659574468085,0.2621359223300971,0.30434782608695654,0.3076923076923077,0.125,0.21568627450980393,0.04936996488328857,0.0033444816053511683,0.0940307561151551
0.5533333333333333,0.6023111111111111,0.5425531914893617,0.68,0.5460499570892994,0.5533333333333333,0.6037735849056604,0.6391752577319587,0.76,0.64,0.4642857142857143,0.6382978723404256,0.03540167282629836,0.12,0.29401215805471126
0.45333333333333337,0.43591111111111114,0.46464646464646464,0.6133333333333333,0.4389709906951286,0.4533333333333333,0.5641025641025641,0.6936936936936937,0.5294117647058824,0.6379310344827587,0.5909090909090909,0.7547169811320755,0.12959112959112962,0.10851926977687631,0.2723271599998609
