acc,auc,precision,recall,maf1,mif1,yp1.a1,yp1.a0,yp1.y1a1,yp1.y1a0,yp1.y0a1,yp1.y0a0,parity,equality,eq_odds
0.7035681610247027,0.7664026964644066,0.7650676506765067,0.5764596848934198,0.6981074814158084,0.7035681610247027,0.39290586630286495,0.36132140399174123,0.6143617021276596,0.5561877667140825,0.15966386554621848,0.17866666666666667,0.03158446231112372,0.05817393541357707,0.07717673653402526
0.696248856358646,0.7614419406683184,0.7577565632458234,0.5793795620437956,0.6921578624552819,0.696248856358646,0.4031117397454031,0.37390128465179173,0.5897435897435898,0.5736543909348442,0.17350157728706625,0.19146183699870634,0.029210455093611365,0.016089198808745597,0.034049458520385684
0.6999085086916743,0.7617422439168304,0.7292626728110599,0.6005692599620494,0.695466881862006,0.6999085086916743,0.426367461430575,0.38289205702647655,0.6153846153846154,0.5923190546528804,0.21428571428571427,0.20477386934673367,0.04347540440409847,0.023065560731735046,0.03257740567071565
0.7026532479414456,0.7589966581508547,0.7363128491620111,0.614165890027959,0.699666375823492,0.7026532479414456,0.41460055096418735,0.40684931506849314,0.6072423398328691,0.6176470588235294,0.22615803814713897,0.20509383378016086,0.0077512358956942085,0.010404718990660311,0.03146892335763843
0.7017383348581885,0.766193571096333,0.7560355781448539,0.5639810426540285,0.6941647032568998,0.7017383348581885,0.34770114942528735,0.36577181208053694,0.5299145299145299,0.5809659090909091,0.16231884057971013,0.17302798982188294,0.018070662655249592,0.05105137917637914,0.06176052841855195
