acc,auc,precision,recall,maf1,mif1,yp1.a1,yp1.a0,yp1.y1a1,yp1.y1a0,yp1.y0a1,yp1.y0a0,parity,equality,eq_odds
0.60610806577917,0.6652901381387588,0.6060983198506534,0.7230883444691908,0.5962033759364418,0.60610806577917,0.6768361581920904,0.6039544637507489,0.7858627858627859,0.6882217090069284,0.5470297029702971,0.5130759651307597,0.07288169444134152,0.09764107685585754,0.1315948146953949
0.6570086139389193,0.6747215175504402,0.6920122887864824,0.654796511627907,0.6561981947095217,0.6570086139389193,0.5523059617547806,0.4870870870870871,0.716796875,0.6180555555555556,0.32891246684350134,0.34581772784019976,0.06521887466769355,0.09874131944444442,0.11564658044114284
0.6335160532498042,0.6810535520740961,0.7194616977225673,0.5110294117647058,0.6305719176155768,0.6335160532498042,0.37743589743589745,0.37872070930968965,0.5241635687732342,0.5024330900243309,0.19679633867276888,0.24438573315719947,0.001284811873792202,0.021730478748903326,0.06931987323333391
0.6726703210649961,0.7216119120336417,0.69950389794472,0.7055039313795568,0.6693482495996829,0.6726703210649961,0.5812964930924548,0.5356478611283323,0.716390423572744,0.6985981308411215,0.3969849246231156,0.3513870541611625,0.0456486319641225,0.017792292731622417,0.06339016319357549
0.5274079874706343,0.5537607051906039,0.5292517006802722,0.8735029940119761,0.444437095437943,0.5274079874706343,0.8916576381365113,0.8473329245861435,0.903353057199211,0.8552472858866104,0.8774038461538461,0.8391521197007481,0.04432471355036782,0.04810577131260063,0.08635749776569868
