acc,auc,precision,recall,maf1,mif1,yp1.a1,yp1.a0,yp1.y1a1,yp1.y1a0,yp1.y0a1,yp1.y0a0,parity,equality,eq_odds
0.6971637694419031,0.7566107666019508,0.7732634338138925,0.5468025949953661,0.6894739778467296,0.6971637694419031,0.37244201909959074,0.3372333103922918,0.5797872340425532,0.5291607396870555,0.15406162464985995,0.15733333333333333,0.03520870870729892,0.05062649435549771,0.05389820303897108
0.6852698993595608,0.7545427911337307,0.7841225626740947,0.5136861313868614,0.6758837742758306,0.6852698993595608,0.3408769448373409,0.3225152129817444,0.517948717948718,0.5113314447592068,0.12302839116719243,0.1500646830530401,0.018361731855596475,0.006617273189511219,0.033653565075358896
0.6733760292772187,0.7346554602691413,0.7083333333333334,0.5483870967741935,0.6664050577719642,0.6733760292772186,0.4067321178120617,0.35709436524100474,0.5676392572944297,0.5376661742983752,0.2261904761904762,0.20351758793969849,0.04963775257105696,0.0299730829960545,0.05264597124683221
0.6925892040256176,0.7527232595547495,0.7442143727161997,0.5694315004659832,0.687004456535357,0.6925892040256175,0.38705234159779617,0.3698630136986301,0.5710306406685237,0.5686274509803921,0.20708446866485014,0.17962466487935658,0.01718932789916605,0.0024031896881315795,0.029862993473625143
0.6756633119853614,0.7499465724665921,0.7167919799498746,0.5421800947867299,0.6679581644691923,0.6756633119853613,0.3706896551724138,0.3624161073825503,0.5299145299145299,0.5482954545454546,0.20869565217391303,0.19592875318066158,0.0082735477898635,0.018380924630924667,0.03114782362417612
