acc,auc,precision,recall,maf1,mif1,yp1.a1,yp1.a0,yp1.y1a1,yp1.y1a0,yp1.y0a1,yp1.y0a0,parity,equality,eq_odds
0.7844,0.722414651155011,0.7897774113767518,0.9850899742930591,0.5098857588259663,0.7844,0.9501510574018127,0.9723603392804914,0.9794238683127572,0.9856047859412974,0.8693181818181818,0.9247817327065144,0.022209281878678655,0.006180917628540228,0.061644468516872886
0.7812,0.7291902973799445,0.7893566763929415,0.9784705477092662,0.5260328776638001,0.7812000000000001,0.9424460431654677,0.9613519470977223,0.9686888454011742,0.9794145420207743,0.8695652173913043,0.8980132450331125,0.018905903932254664,0.0107256966196001,0.039173724261408305
0.7910666666666667,0.7233477949605764,0.8059280169371913,0.9674686546933243,0.5504503701225013,0.7910666666666667,0.9056865464632455,0.9488125092196489,0.9502762430939227,0.9692106736331405,0.7696629213483146,0.8718309859154929,0.04312596275640335,0.01893443053921784,0.12110249510639615
0.79,0.7310584028577968,0.7974841028476638,0.9812893349209049,0.5226159988564607,0.79,0.9370967741935484,0.9670058139534884,0.9648351648351648,0.9826696165191741,0.8606060606060606,0.9086538461538461,0.02990903975993997,0.01783445168400921,0.06588223723179476
0.7890666666666667,0.7336145347371076,0.7979346915992185,0.9771018455228981,0.5401461517461114,0.7890666666666667,0.9169096209912536,0.959348400352216,0.9512195121951219,0.9794776119402985,0.8298969072164949,0.8851444291609354,0.04243877936096241,0.028258099745176568,0.08350562168961706
