acc,auc,precision,recall,maf1,mif1,yp1.a1,yp1.a0,yp1.y1a1,yp1.y1a0,yp1.y0a1,yp1.y0a0,parity,equality,eq_odds
0.9657387580299787,0.9942576913404308,0.9245283018867925,0.9735099337748344,0.9613730355665839,0.9657387580299786,0.32894736842105265,0.34271099744245526,1.0,0.968503937007874,0.019230769230769232,0.041666666666666664,0.013763629021402601,0.03149606299212604,0.05393196042802347
0.9400428265524626,0.9794952681388012,0.88125,0.94,0.932402812241522,0.9400428265524625,0.29545454545454547,0.35356200527704484,0.8846153846153846,0.9516129032258065,0.04838709677419355,0.06274509803921569,0.058107459822499374,0.06699751861042191,0.08135551987544405
0.953229398663697,0.9924608501118568,0.9155844155844156,0.9463087248322147,0.947699475829936,0.9532293986636972,0.3048780487804878,0.35149863760217986,1.0,0.9365079365079365,0.03389830508474576,0.04564315352697095,0.046620588821692066,0.06349206349206349,0.07523691193428868
0.9495614035087718,0.9847547503314185,0.912751677852349,0.9315068493150684,0.9423783754086201,0.9495614035087719,0.34177215189873417,0.32360742705570295,0.9615384615384616,0.925,0.03773584905660377,0.042801556420233464,0.01816472484303122,0.03653846153846152,0.04160416890209121
0.9543478260869566,0.9885263066050083,0.9032258064516129,0.958904109589041,0.9481534357741294,0.9543478260869566,0.3375,0.3368421052631579,0.9629629629629629,0.957983193277311,0.018867924528301886,0.05363984674329502,0.0006578947368421351,0.004979769685651947,0.03975169190064508
