acc,auc,precision,recall,maf1,mif1,yp1.a1,yp1.a0,yp1.y1a1,yp1.y1a0,yp1.y0a1,yp1.y0a0,parity,equality,eq_odds
0.7848,0.7219163636644357,0.7900233612752507,0.985261353898886,0.5110168845203256,0.7848,0.9516616314199395,0.9720678560982744,0.9794238683127572,0.9857917367732286,0.875,0.9227669576897246,0.02040622467833486,0.0063678684604714375,0.05413482615019605
0.7817333333333334,0.7283593164421774,0.7897150799166087,0.9786427833275921,0.5275885769975212,0.7817333333333333,0.9424460431654677,0.9610580455547392,0.9686888454011742,0.9796033994334278,0.8695652173913043,0.8960264900662251,0.01861200238927152,0.01091455403225361,0.03737582670717443
0.7917333333333334,0.7249076382753943,0.8061512415349887,0.96814639105388,0.551319614399136,0.7917333333333333,0.9056865464632455,0.9492550523676059,0.9502762430939227,0.9699570815450643,0.7696629213483146,0.8711267605633802,0.043568505904360344,0.019680838451141658,0.12114467766620729
0.7897333333333334,0.7316872684055451,0.7972636815920398,0.9812893349209049,0.5215756150195525,0.7897333333333333,0.9370967741935484,0.967296511627907,0.9648351648351648,0.9826696165191741,0.8606060606060606,0.9100274725274725,0.030199737434358553,0.01783445168400921,0.06725586360542113
0.7893333333333333,0.733575702688982,0.7979079497907949,0.9776144907723855,0.5399401091316414,0.7893333333333333,0.9154518950437318,0.9600821837393602,0.9512195121951219,0.9800373134328358,0.8247422680412371,0.8865199449793673,0.04463028869562835,0.028817801237713936,0.09059547817584412
