acc,auc,precision,recall,maf1,mif1,yp1.a1,yp1.a0,yp1.y1a1,yp1.y1a0,yp1.y0a1,yp1.y0a0,parity,equality,eq_odds
0.5168363351605325,0.5364054276310731,0.559536354056902,0.39420935412026725,0.5118549917972255,0.5168363351605325,0.25310734463276835,0.4343918514080288,0.32224532224532226,0.4341801385681293,0.1707920792079208,0.43462017434620176,0.18128450677526042,0.11193481632280705,0.37576291146108803
0.5387627251370399,0.572215730741896,0.5387627251370399,1.0,0.35012722646310435,0.5387627251370399,1.0,1.0,1.0,1.0,1.0,1.0,0.0,0.0,0.0
0.5728269381362568,0.6019530865109863,0.615848406546081,0.5257352941176471,0.5727556097394181,0.5728269381362568,0.3076923076923077,0.545281823939202,0.4256505576208178,0.5912408759124088,0.16247139588100687,0.4953764861294584,0.23758951624689428,0.165590318291591,0.4984954085400425
0.5473766640563822,0.5806936927737499,0.5483101391650099,0.9857040743388135,0.3682378850477904,0.5473766640563822,0.9606801275239107,0.9987600743955363,0.9650092081031307,0.9988317757009346,0.9547738693467337,0.9986789960369881,0.038079946871625525,0.03382256759780389,0.07772769428805826
0.5219263899765074,0.4994377009527743,0.5225401803214426,0.9977544910179641,0.3429379984563931,0.5219263899765074,0.9967497291440953,1.0,0.9940828402366864,1.0,1.0,1.0,0.00325027085590468,0.00591715976331364,0.00591715976331364
