acc,auc,precision,recall,maf1,mif1,yp1.a1,yp1.a0,yp1.y1a1,yp1.y1a0,yp1.y0a1,yp1.y0a0,parity,equality,eq_odds
0.7813333333333333,0.7044440327216677,0.7886335489197743,0.9821765209940018,0.5053804155415746,0.7813333333333333,0.9637462235649547,0.9694355074583212,0.9753086419753086,0.9828005234623294,0.9318181818181818,0.9214237743451981,0.005689283893366537,0.007491881487020735,0.017886288960004437
0.778,0.7011723714546813,0.7846830743847105,0.9829486737857389,0.5029803071941904,0.778,0.962589928057554,0.9704628949301984,0.9765166340508806,0.9835694050991501,0.9239130434782609,0.9245033112582781,0.007872966872644493,0.007052771048269513,0.007643038828286763
0.7866666666666667,0.6886664498023409,0.7978399335364165,0.976279227380549,0.5126037422934528,0.7866666666666666,0.9375866851595007,0.9656291488420121,0.9558011049723757,0.9783541705542079,0.8820224719101124,0.9176056338028169,0.028042463682511398,0.022553065581832232,0.05813622747453673
0.7885333333333334,0.7029731499700047,0.7949704548577711,0.9840108862051369,0.5096799362101635,0.7885333333333333,0.9483870967741935,0.9722383720930232,0.9714285714285714,0.985066371681416,0.8848484848484849,0.9244505494505495,0.02385127531882969,0.013637800252844556,0.05323986485490917
0.784,0.7052967950547152,0.7952832821657828,0.9738550922761449,0.5291003576666881,0.7840000000000001,0.9285714285714286,0.9581743469327855,0.9491869918699187,0.9761194029850746,0.8762886597938144,0.8920220082530949,0.029602918361356867,0.026932411115155874,0.0426657595744363
