acc,auc,precision,recall,maf1,mif1,yp1.a1,yp1.a0,yp1.y1a1,yp1.y1a0,yp1.y0a1,yp1.y0a0,parity,equality,eq_odds
0.778,0.6816876001965977,0.778,1.0,0.437570303712036,0.778,1.0,1.0,1.0,1.0,1.0,1.0,0.0,0.0,0.0
0.7736000000000001,0.6734235763922921,0.7769687162891047,0.9924216327936617,0.4582860246386915,0.7736,0.981294964028777,0.9895664952240999,0.9902152641878669,0.9926345609065156,0.9565217391304348,0.9788079470198675,0.008271531195322868,0.0024192967186487113,0.024705504608081408
0.7873333333333333,0.6709947816844929,0.7880165841915207,0.9983056590986107,0.4484113994700784,0.7873333333333333,0.9944521497919556,0.9971972267296061,1.0,0.9981339802201903,0.9775280898876404,0.9936619718309859,0.0027450769376504702,0.0018660197798097133,0.017999901723155243
0.7838666666666667,0.6499269821305855,0.7838666666666667,1.0,0.43941998654607967,0.7838666666666667,1.0,1.0,1.0,1.0,1.0,1.0,0.0,0.0,0.0
0.7808,0.6883877452070157,0.7807579396850814,0.9998291182501708,0.4414314865206953,0.7808,0.9970845481049563,0.9994129732902847,1.0,0.9998134328358209,0.9896907216494846,0.9979367262723521,0.0023284251853283866,0.0001865671641790856,0.008432571787046594
