acc,auc,precision,recall,maf1,mif1,yp1.a1,yp1.a0,yp1.y1a1,yp1.y1a0,yp1.y0a1,yp1.y0a0,parity,equality,eq_odds
0.5082342177493139,0.522520768921004,0.75,0.005560704355885079,0.3418972525726064,0.5082342177493138,0.010914051841746248,0.0,0.015957446808510637,0.0,0.0056022408963585435,0.0,0.010914051841746248,0.015957446808510637,0.02155968770486918
0.5681610247026533,0.5925266188977433,0.5682226211849192,0.5775547445255474,0.5681089656384861,0.5681610247026533,0.33804809052333806,0.5916159567275185,0.4564102564102564,0.6444759206798867,0.19242902208201892,0.5433376455368694,0.2535678662041805,0.18806566426963028,0.5389742877244807
0.5832570905763953,0.6095414741754447,0.5978112175102599,0.4146110056925996,0.5687452561233229,0.5832570905763952,0.4992987377279102,0.2545824847250509,0.5649867374005305,0.3308714918759232,0.4255952380952381,0.18969849246231155,0.24471625300285932,0.23411524552460733,0.4700119911575339
0.541171088746569,0.5585878656796028,0.5427872860635696,0.41379310344827586,0.5326601686300815,0.541171088746569,0.18457300275482094,0.4684931506849315,0.2646239554317549,0.4887955182072829,0.10626702997275204,0.44906166219839144,0.28392014793011056,0.22417156277552802,0.5669661950011674
0.6143641354071363,0.6164984223163664,0.6398416886543535,0.4597156398104265,0.6027996319404794,0.6143641354071363,0.21695402298850575,0.40738255033557047,0.3418803418803419,0.5184659090909091,0.08985507246376812,0.30788804071246817,0.19042852734706472,0.17658556721056717,0.39461853545926723
