acc,auc,precision,recall,maf1,mif1,yp1.a1,yp1.a0,yp1.y1a1,yp1.y1a0,yp1.y0a1,yp1.y0a0,parity,equality,eq_odds
0.9042169951260861,0.9522033801530204,0.9287531806615776,0.8111111111111111,0.8957206200360682,0.904216995126086,0.29142381348875934,0.376348726801899,0.8057553956834532,0.8157349896480331,0.017857142857142856,0.06217616580310881,0.08492491331313967,0.009979593964579925,0.054298616910545876
0.9020979020979022,0.9538016180733394,0.9156706507304117,0.8045507584597433,0.8911106604947767,0.9020979020979021,0.2522292993630573,0.38578680203045684,0.7761194029850746,0.8259979529170931,0.013597033374536464,0.07570295602018745,0.13355750266739952,0.04987854993201846,0.11198447257766944
0.9093028183937275,0.9556052078506176,0.9310793237971391,0.8164196123147093,0.9001745299375781,0.9093028183937275,0.2632922160782646,0.38809121621621623,0.7938420348058902,0.8331678252234359,0.016209476309226933,0.05878030859662013,0.12479900013795164,0.03932579041754569,0.08189662270493889
0.9090909090909092,0.9551554342735018,0.9358730158730159,0.8179800221975583,0.9010918850535301,0.9090909090909091,0.28678929765886285,0.38203695745595184,0.8,0.8333333333333334,0.014084507042253521,0.05830258302583026,0.09524765979708899,0.033333333333333326,0.07755140931691007
0.9033693579148125,0.9519811954331767,0.9240924092409241,0.80413555427915,0.8930941617774358,0.9033693579148124,0.2858329871208974,0.3576989619377163,0.7822966507177034,0.8243093922651934,0.021642266072565246,0.057569296375266525,0.07186597481681889,0.04201274154749002,0.0779397718501913
