acc,auc,precision,recall,maf1,mif1,yp1.a1,yp1.a0,yp1.y1a1,yp1.y1a0,yp1.y0a1,yp1.y0a0,parity,equality,eq_odds
0.6466666666666667,0.6707555555555555,0.671875,0.5733333333333334,0.6447562446936861,0.6466666666666666,0.2765957446808511,0.49514563106796117,0.5238095238095238,0.5925925925925926,0.07692307692307693,0.3877551020408163,0.2185498863871101,0.06878306878306872,0.3796150939008081
0.6666666666666667,0.7256,0.6865671641791045,0.6133333333333333,0.6657158138705651,0.6666666666666666,0.1875,0.5686274509803921,0.36,0.74,0.0,0.40384615384615385,0.38112745098039214,0.38,0.7838461538461539
0.6133333333333334,0.6595555555555555,0.6024096385542169,0.6666666666666666,0.6122303440898557,0.6133333333333333,0.2765957446808511,0.6796116504854369,0.391304347826087,0.7884615384615384,0.16666666666666666,0.5686274509803921,0.40301590580458585,0.39715719063545146,0.799117974949177
0.5666666666666667,0.6197333333333332,0.5757575757575758,0.5066666666666667,0.5651010303760204,0.5666666666666667,0.1320754716981132,0.6082474226804123,0.12,0.7,0.14285714285714285,0.5106382978723404,0.47617195098229914,0.58,0.9477811550151976
0.5666666666666667,0.6314666666666667,0.5609756097560976,0.6133333333333333,0.565720903300521,0.5666666666666667,0.38461538461538464,0.6036036036036037,0.47058823529411764,0.6551724137931034,0.3181818181818182,0.5471698113207547,0.21898821898821902,0.18458417849898578,0.4135721716379223
