acc,auc,precision,recall,maf1,mif1,yp1.a1,yp1.a0,yp1.y1a1,yp1.y1a0,yp1.y0a1,yp1.y0a0,parity,equality,eq_odds
0.56,0.5736888888888888,0.550561797752809,0.6533333333333333,0.5561334289813487,0.56,0.723404255319149,0.5339805825242718,0.8095238095238095,0.5925925925925926,0.6538461538461539,0.46938775510204084,0.18942367279487715,0.21693121693121697,0.40138961567533
0.5066666666666667,0.4325333333333333,0.504,0.84,0.44500000000000006,0.5066666666666667,0.8958333333333334,0.803921568627451,0.88,0.82,0.9130434782608695,0.7884615384615384,0.09191176470588236,0.06000000000000005,0.18458193979933113
0.5800000000000001,0.6648888888888889,0.5483870967741935,0.9066666666666666,0.5298273545947559,0.58,1.0,0.7475728155339806,1.0,0.8653846153846154,1.0,0.6274509803921569,0.2524271844660194,0.13461538461538458,0.5071644042232277
0.6066666666666667,0.6007111111111112,0.6025641025641025,0.6266666666666667,0.6065092703748167,0.6066666666666667,0.9056603773584906,0.30927835051546393,1.0,0.44,0.8214285714285714,0.1702127659574468,0.5963820268430267,0.56,1.2112158054711246
0.49333333333333335,0.5582222222222222,0.45454545454545453,0.06666666666666667,0.38056944142577703,0.4933333333333334,0.20512820512820512,0.02702702702702703,0.17647058823529413,0.034482758620689655,0.22727272727272727,0.018867924528301886,0.1781011781011781,0.1419878296146045,0.35039263235902984
