acc,auc,precision,recall,maf1,mif1,yp1.a1,yp1.a0,yp1.y1a1,yp1.y1a0,yp1.y0a1,yp1.y0a0,parity,equality,eq_odds
0.699960830395613,0.7599517877083279,0.7702325581395348,0.6146993318485523,0.6991687597913315,0.699960830395613,0.47231638418079097,0.39388489208633093,0.6673596673596673,0.5854503464203233,0.2400990099009901,0.18703241895261846,0.07843149209446004,0.081909320939344,0.13497591188771563
0.7144535840188014,0.7755116530328755,0.7936363636363636,0.6349090909090909,0.7141867938219135,0.7144535840188013,0.5225225225225225,0.38198198198198197,0.7123287671232876,0.5891203703703703,0.26525198938992045,0.1585518102372035,0.14054054054054055,0.12320839675291728,0.22990857590563424
0.7234625930278104,0.7867949065627928,0.7935368043087971,0.65,0.7231975462745686,0.7234625930278105,0.5046153846153846,0.394169835234474,0.7100371747211895,0.610705596107056,0.2517162471395881,0.15873015873015872,0.11044554938091056,0.09933157861413355,0.19231766702356295
0.7160203681942812,0.7703097533147594,0.7841483979763912,0.6647605432451751,0.7159757457089654,0.7160203681942813,0.5494155154091392,0.4150124069478908,0.7182320441988951,0.6308411214953271,0.31909547738693467,0.17063492063492064,0.13440310846124842,0.08739092270356796,0.235851479455582
0.7238542890716804,0.7797125514289402,0.770618556701031,0.6719101123595506,0.7237306890535271,0.7238542890716804,0.5325379609544468,0.41263028816676883,0.7351778656126482,0.6332931242460796,0.2860576923076923,0.18453865336658354,0.119907672787678,0.10188474136656855,0.2034037803076773
