acc,auc,precision,recall,maf1,mif1,yp1.a1,yp1.a0,yp1.y1a1,yp1.y1a0,yp1.y0a1,yp1.y0a0,parity,equality,eq_odds
0.6866666666666668,0.7214222222222222,0.7058823529411765,0.64,0.6859828070019154,0.6866666666666666,0.3617021276595745,0.49514563106796117,0.6190476190476191,0.6481481481481481,0.15384615384615385,0.32653061224489793,0.13344350340838668,0.02910052910052907,0.20178498749927315
0.5733333333333334,0.5415111111111112,0.5514018691588785,0.7866666666666666,0.5529893834978581,0.5733333333333334,0.7916666666666666,0.6764705882352942,0.88,0.74,0.6956521739130435,0.6153846153846154,0.11519607843137247,0.14,0.22026755852842805
0.5666666666666667,0.6181333333333333,0.6086956521739131,0.37333333333333335,0.5498407128676301,0.5666666666666667,0.2127659574468085,0.34951456310679613,0.30434782608695654,0.40384615384615385,0.125,0.29411764705882354,0.13674860565998762,0.09949832775919731,0.26861597481802085
0.56,0.5891555555555555,0.5529411764705883,0.6266666666666667,0.5580357142857142,0.56,0.5660377358490566,0.5670103092783505,0.68,0.6,0.4642857142857143,0.5319148936170213,0.0009725734292939103,0.08000000000000007,0.14762917933130704
0.4466666666666667,0.43537777777777775,0.42857142857142855,0.32,0.43764397669271415,0.44666666666666666,0.28205128205128205,0.40540540540540543,0.29411764705882354,0.3275862068965517,0.2727272727272727,0.49056603773584906,0.12335412335412338,0.03346855983772817,0.2513073248463045
