acc,auc,precision,recall,maf1,mif1,yp1.a1,yp1.a0,yp1.y1a1,yp1.y1a0,yp1.y0a1,yp1.y0a0,parity,equality,eq_odds
0.9250764525993884,0.9794972404277337,0.8697674418604651,0.8990384615384616,0.914396762431382,0.9250764525993884,0.4732142857142857,0.2988929889298893,0.9411764705882353,0.8908045977011494,0.2692307692307692,0.019021739130434784,0.1743212967843964,0.05037187288708589,0.30058090298742035
0.8893939393939394,0.9657020033732362,0.8401826484018264,0.8288288288288288,0.8757091004775062,0.8893939393939394,0.42276422764227645,0.31098696461824954,0.9,0.8131868131868132,0.1927710843373494,0.05352112676056338,0.11177726302402691,0.08681318681318684,0.22606314438997288
0.9245283018867925,0.9798500881834216,0.9421052631578948,0.8287037037037037,0.9131730736413384,0.9245283018867925,0.3247863247863248,0.2928709055876686,0.9411764705882353,0.8076923076923077,0.07228915662650602,0.01483679525222552,0.0319154191986562,0.13348416289592757,0.19093652427020807
0.9059561128526645,0.9605992844364937,0.8425925925925926,0.875,0.8940340154132342,0.9059561128526645,0.49107142857142855,0.3060836501901141,0.9705882352941176,0.8563218390804598,0.28205128205128205,0.03409090909090909,0.18498777838131447,0.11426639621365786,0.36222676917403085
0.9192546583850931,0.9746058127111236,0.8451882845188284,0.9308755760368663,0.9117324561403508,0.9192546583850931,0.5,0.34398496240601506,0.9743589743589743,0.9213483146067416,0.2465753424657534,0.05367231638418079,0.15601503759398494,0.053010659752232736,0.24591368583380535
