acc,auc,precision,recall,maf1,mif1,yp1.a1,yp1.a0,yp1.y1a1,yp1.y1a0,yp1.y0a1,yp1.y0a0,parity,equality,eq_odds
0.6851996867658575,0.7529401923572527,0.7230895645028759,0.6533036377134372,0.6851948606246137,0.6851996867658575,0.5439814814814815,0.4420118343195266,0.7183673469387755,0.6161026837806302,0.3155080213903743,0.26290516206482595,0.10196964716195489,0.10226466315814531,0.15486752248369368
0.6851996867658575,0.7568152317684684,0.7153614457831325,0.690406976744186,0.6841100631098072,0.6851996867658575,0.5683615819209039,0.49430796884361894,0.7675350701402806,0.6465222348916762,0.31088082901554404,0.32575757575757575,0.07405361307728497,0.1210128352486044,0.1358895819906361
0.6985121378230227,0.7604553880497209,0.7049062049062049,0.7301943198804185,0.6971704412185002,0.6985121378230227,0.6134903640256959,0.5018518518518519,0.8015717092337917,0.6863691194209891,0.38823529411764707,0.3084702907711757,0.11163851217384402,0.11520258981280262,0.19496759315927398
0.7012529365700861,0.7663754323975236,0.7288503253796096,0.7220630372492837,0.6989161952081574,0.7012529365700861,0.626984126984127,0.4964114832535885,0.801980198019802,0.6767676767676768,0.3925729442970822,0.2906530089628681,0.13057264373053845,0.12521252125212523,0.22713245658633935
0.701644479248238,0.768177342143608,0.7323272438443209,0.6844840386043058,0.7015207480983747,0.701644479248238,0.5449438202247191,0.4651442307692308,0.7494824016563147,0.6481481481481481,0.3022113022113022,0.2675,0.07979958945548832,0.1013342535081666,0.1360455557194688
