acc,auc,precision,recall,maf1,mif1,yp1.a1,yp1.a0,yp1.y1a1,yp1.y1a0,yp1.y0a1,yp1.y0a0,parity,equality,eq_odds
0.8904428904428905,0.9362489056373947,0.8928352725045928,0.81,0.8816539668734158,0.8904428904428905,0.2880932556203164,0.40612861458782906,0.7913669064748201,0.8260869565217391,0.02040816326530612,0.10584752035529238,0.11803535896751266,0.034720050046919027,0.12015940713690529
0.8857808857808859,0.934601148959901,0.8878504672897196,0.7987668161434978,0.8759251984664826,0.8857808857808858,0.2801831806827644,0.40224428139835994,0.7684964200477327,0.8255813953488372,0.01854219948849105,0.11013858497447118,0.12206110071559556,0.05708497530110457,0.14868136078708472
0.8859927950837042,0.9408092512224528,0.8968668407310705,0.7833523375142531,0.874411935570933,0.8859927950837042,0.2526584432156529,0.39611486486486486,0.7563587684069611,0.8033763654419066,0.01807980049875312,0.09478324761204997,0.14345642164921196,0.04701759703494546,0.12372104414824231
0.8881118881118881,0.9392513061136124,0.9057324840764331,0.7891231964483907,0.878186918980186,0.8881118881118881,0.2713210702341137,0.3957885689729265,0.7686746987951807,0.8065843621399177,0.007042253521126761,0.1011070110701107,0.1244674987388128,0.037909663344737,0.13197442089372094
0.8855689764780674,0.9343079384758766,0.888673139158576,0.7886272257323378,0.8739450654429439,0.8855689764780674,0.27253842958039054,0.38451557093425603,0.7476076555023924,0.8265193370165745,0.019732654360280075,0.10021321961620469,0.1119771413538655,0.07891168151418215,0.15939224677010677
