acc,auc,precision,recall,maf1,mif1,yp1.a1,yp1.a0,yp1.y1a1,yp1.y1a0,yp1.y0a1,yp1.y0a0,parity,equality,eq_odds
0.4733333333333334,0.4803555555555556,0.475,0.5066666666666667,0.47274749721913234,0.47333333333333333,0.574468085106383,0.5145631067961165,0.5238095238095238,0.5,0.6153846153846154,0.5306122448979592,0.05990497831026653,0.023809523809523836,0.10858189429618004
0.5,0.4814222222222222,0.5,0.8933333333333333,0.4084862505915138,0.5,0.8541666666666666,0.9117647058823529,0.84,0.92,0.8695652173913043,0.9038461538461539,0.05759803921568629,0.08000000000000007,0.1142809364548496
0.5,0.48186666666666667,0.5,1.0,0.3333333333333333,0.5,1.0,1.0,1.0,1.0,1.0,1.0,0.0,0.0,0.0
0.5066666666666667,0.47351111111111105,0.5033557046979866,1.0,0.3479793233082707,0.5066666666666667,1.0,0.9896907216494846,1.0,1.0,1.0,0.9787234042553191,0.010309278350515427,0.0,0.021276595744680882
0.5,0.46711111111111114,0.5,0.92,0.39290917921321034,0.5,0.9230769230769231,0.918918918918919,0.8823529411764706,0.9310344827586207,0.9545454545454546,0.9056603773584906,0.004158004158004158,0.0486815415821501,0.0975666187691141
