acc,auc,precision,recall,maf1,mif1,yp1.a1,yp1.a0,yp1.y1a1,yp1.y1a0,yp1.y0a1,yp1.y0a0,parity,equality,eq_odds
0.8927738927738929,0.9443237790719805,0.916881443298969,0.7905555555555556,0.8829518547595836,0.8927738927738927,0.27726894254787676,0.38239102287440657,0.7757793764988009,0.8033126293995859,0.01211734693877551,0.08142116950407106,0.10512208032652981,0.02753325290078501,0.09683707546608056
0.8857808857808859,0.9435714776816067,0.8998073217726397,0.7853139013452914,0.8751334616948183,0.8857808857808858,0.2681099084096586,0.394044022442814,0.747016706443914,0.8192389006342494,0.011508951406649617,0.10065645514223195,0.1259341140331554,0.07222219419033538,0.1613696979259177
0.891290527654164,0.9444822818861633,0.9184086311530681,0.7765108323831242,0.8793956668473604,0.891290527654164,0.2475542322415993,0.38048986486486486,0.749665327978581,0.7964250248262165,0.01371571072319202,0.07274063188831742,0.13293563262326555,0.04675969684763548,0.10578461801276087
0.895528713710532,0.9450775944299882,0.9286182056319581,0.7869034406215316,0.885603437029933,0.8955287137105319,0.2713210702341137,0.37730984099699183,0.7602409638554217,0.8096707818930041,0.011523687580025609,0.06715867158671587,0.1059887707628781,0.049429818037582396,0.10506480204427265
0.8915024369569825,0.9426118936917831,0.8916507329509241,0.8035611717403791,0.8808831533528432,0.8915024369569824,0.28084752804320734,0.38624567474048443,0.7607655502392344,0.8430939226519337,0.025461489497135583,0.0923951670220327,0.1053981466972771,0.0823283724126993,0.1492620499375964
