acc,auc,precision,recall,maf1,mif1,yp1.a1,yp1.a0,yp1.y1a1,yp1.y1a0,yp1.y0a1,yp1.y0a0,parity,equality,eq_odds
0.6953797963978073,0.7588393367322147,0.7450473729543498,0.6421677802524127,0.6952809471230523,0.6953797963978073,0.5028248587570622,0.42899940083882565,0.6985446985446986,0.6108545034642032,0.2698019801980198,0.2328767123287671,0.07382545791823653,0.08769019508049536,0.12461546294974807
0.6992952231793266,0.7606778339321673,0.7695035460992907,0.6308139534883721,0.6991799296241221,0.6992952231793266,0.5106861642294713,0.4048048048048048,0.693359375,0.59375,0.2625994694960212,0.2009987515605493,0.10588135942466653,0.099609375,0.1612100929354719
0.701644479248238,0.7714011232633757,0.7399678972712681,0.6779411764705883,0.7015207480983747,0.701644479248238,0.5282051282051282,0.4629512349588347,0.7137546468401487,0.6545012165450121,0.2997711670480549,0.25495376486129456,0.06525389324629349,0.05925343029513652,0.10407083248189686
0.7047768206734534,0.7666193230167497,0.8039585296889726,0.6097212294496068,0.7043763662712156,0.7047768206734534,0.45589798087141337,0.3918164910105394,0.6353591160220995,0.5934579439252337,0.21105527638190955,0.16380449141347425,0.06408148986087397,0.041901172096865835,0.08915195706530113
0.7129992169146437,0.7779078542422545,0.7675244010647737,0.6474550898203593,0.7126343993178437,0.7129992169146437,0.5081256771397616,0.4034334763948498,0.7021696252465484,0.6139927623642943,0.27163461538461536,0.185785536159601,0.10469220074491187,0.08817686288225401,0.17402594210726838
