acc,auc,precision,recall,maf1,mif1,yp1.a1,yp1.a0,yp1.y1a1,yp1.y1a0,yp1.y0a1,yp1.y0a0,parity,equality,eq_odds
0.5661707126076743,0.5833830003032299,0.6253934942287513,0.4424647364513734,0.5618369874891613,0.5661707126076743,0.6418079096045197,0.23067705212702216,0.7775467775467776,0.25635103926096997,0.4801980198019802,0.20298879202988793,0.41113085747749756,0.5211957382858077,0.7984049660578999
0.5387627251370399,0.4442572402969163,0.5387627251370399,1.0,0.35012722646310435,0.5387627251370399,1.0,1.0,1.0,1.0,1.0,1.0,0.0,0.0,0.0
0.5927956147220047,0.6563257463789536,0.5960384153661464,0.7301470588235294,0.5783961351920881,0.5927956147220047,0.8215384615384616,0.5478150728309057,0.8866171003717472,0.6277372262773723,0.7414187643020596,0.4610303830911493,0.27372338870755586,0.25887987409437496,0.5392682553052852
0.6652310101801097,0.7019120026982786,0.7398589065255732,0.5997140814867763,0.665208375654947,0.6652310101801097,0.565356004250797,0.37321760694358336,0.7219152854511971,0.522196261682243,0.35175879396984927,0.2047556142668428,0.19213839730721366,0.19971902376895412,0.3467222034719606
0.5254502740798747,0.5538123260867428,0.5266094420600859,0.9184131736526946,0.41444756441657904,0.5254502740798747,0.9653304442036836,0.882280809319436,0.9842209072978304,0.8781664656212304,0.9423076923076923,0.8865336658354115,0.08304963488424766,0.10605444167660005,0.16182846814888086
