acc,auc,precision,recall,maf1,mif1,yp1.a1,yp1.a0,yp1.y1a1,yp1.y1a0,yp1.y0a1,yp1.y0a0,parity,equality,eq_odds
0.7026532479414456,0.7525084704044446,0.7593712212817413,0.5820203892493049,0.6976934578898413,0.7026532479414456,0.38335607094133695,0.37577426015141085,0.5877659574468085,0.5789473684210527,0.16806722689075632,0.18533333333333332,0.007581810789926091,0.00881858902575583,0.026084695468332836
0.6953339432753889,0.7541259291502043,0.744874715261959,0.5967153284671532,0.6924412694469302,0.6953339432753889,0.42574257425742573,0.3901284651791751,0.6230769230769231,0.5821529745042493,0.1829652996845426,0.2147477360931436,0.03561410907825063,0.040923948572673785,0.0727063849812748
0.7003659652333029,0.7456450607143577,0.7239057239057239,0.611954459203036,0.6966792818156493,0.7003659652333029,0.42075736325385693,0.40122199592668023,0.6127320954907162,0.6115214180206795,0.20535714285714285,0.22236180904522612,0.0195353673271767,0.0012106774700366696,0.018215343658119942
0.7012808783165599,0.7566504137746819,0.7364864864864865,0.6095060577819198,0.6980823274931256,0.7012808783165599,0.40082644628099173,0.4089041095890411,0.5988857938718662,0.6148459383753502,0.20708446866485014,0.21179624664879357,0.008077663308049376,0.01596014450348393,0.020671922487427358
0.7026532479414456,0.7563352483437465,0.7425149700598802,0.5876777251184834,0.6970995399681943,0.7026532479414456,0.382183908045977,0.3818791946308725,0.5698005698005698,0.5965909090909091,0.19130434782608696,0.1895674300254453,0.0003047134151045183,0.02679033929033925,0.028527257090980918
