acc,auc,precision,recall,maf1,mif1,yp1.a1,yp1.a0,yp1.y1a1,yp1.y1a0,yp1.y0a1,yp1.y0a0,parity,equality,eq_odds
0.6491777603758809,0.6791120099346241,0.6671608598962194,0.6681514476614699,0.6480899163923213,0.6491777603758809,0.5672316384180791,0.5074895146794488,0.7234927234927235,0.6374133949191686,0.3811881188118812,0.36737235367372356,0.059742123738630304,0.08607932857355494,0.09989509371171257
0.6761942051683634,0.6815318138745212,0.7352185089974294,0.623546511627907,0.6761881984640021,0.6761942051683634,0.5039370078740157,0.4318318318318318,0.673828125,0.59375,0.27320954907161804,0.2571785268414482,0.07210517604218392,0.080078125,0.09610914723016983
0.6711041503523885,0.6955201867179033,0.7184873949579832,0.6286764705882353,0.6711033436048384,0.6711041503523885,0.49128205128205127,0.4502849905003167,0.6635687732342007,0.6058394160583942,0.2791762013729977,0.2813738441215324,0.040997060781734596,0.05772935717580652,0.059926999924341195
0.6934220830070478,0.7399478291544052,0.7512234910277324,0.6583273766976412,0.6931849720959669,0.6934220830070478,0.5143464399574921,0.46001239925604465,0.6832412523020258,0.6425233644859814,0.28391959798994976,0.2536327608982827,0.05433404070144743,0.04071788781604446,0.07100472490771154
0.5387627251370399,0.5341847093989361,0.5365740740740741,0.8675149700598802,0.4661371237458194,0.5387627251370399,0.8645720476706392,0.8350705088902514,0.8777120315581854,0.8612786489746683,0.8485576923076923,0.8079800498753117,0.02950153878038786,0.01643338258351712,0.05701102501589772
