acc,auc,precision,recall,maf1,mif1,yp1.a1,yp1.a0,yp1.y1a1,yp1.y1a0,yp1.y0a1,yp1.y0a0,parity,equality,eq_odds
0.7038777908343126,0.777926748341933,0.7969849246231155,0.5887156644394952,0.7018411663439044,0.7038777908343126,0.4440677966101695,0.3609112709832134,0.6444906444906445,0.5577367205542725,0.20544554455445543,0.1483790523690773,0.08315652562695608,0.08675392393637205,0.14382041612175017
0.7113200156678418,0.785642228739003,0.7970204841713222,0.6225454545454545,0.7108401684157336,0.7113200156678418,0.46959459459459457,0.3945945945945946,0.6673189823874756,0.5960648148148148,0.20159151193633953,0.1772784019975031,0.07499999999999996,0.07125416757266079,0.09556727751149721
0.7222875048962005,0.7888140377693408,0.8151016456921588,0.6191176470588236,0.7211924323446766,0.7222875048962005,0.4492307692307692,0.3770595690747782,0.6617100371747212,0.5912408759124088,0.18764302059496568,0.14417989417989419,0.07217120015599099,0.0704691612623124,0.11393228767738389
0.7136701919310615,0.7790938811208303,0.8092592592592592,0.6247319513938527,0.713429426904306,0.7136701919310616,0.44739638682252925,0.4088089330024814,0.6279926335174953,0.6226635514018691,0.20100502512562815,0.16666666666666666,0.03858745382004786,0.005329082115626216,0.03966744057458771
0.717978848413631,0.7799776141891602,0.8071928071928072,0.6052434456928839,0.7159265120419365,0.717978848413631,0.44577006507592193,0.36174126302881665,0.6541501976284585,0.5753920386007237,0.19230769230769232,0.14089775561097256,0.08402880204710528,0.07875815902773475,0.1301680957244545
