acc,auc,precision,recall,maf1,mif1,yp1.a1,yp1.a0,yp1.y1a1,yp1.y1a0,yp1.y0a1,yp1.y0a0,parity,equality,eq_odds
0.6820673453406422,0.7504589966103445,0.7316017316017316,0.6273199703043801,0.6819354953489243,0.6820673453406422,0.46412037037037035,0.4461538461538462,0.6387755102040816,0.6207701283547258,0.23529411764705882,0.2665066026410564,0.01796652421652417,0.01800538184935585,0.04921786684335344
0.6879404855129209,0.7531370918387491,0.7259953161592506,0.6758720930232558,0.6874321189096276,0.6879404855129209,0.49491525423728816,0.5050928699820252,0.7014028056112225,0.661345496009122,0.22797927461139897,0.33207070707070707,0.010177615744737023,0.04005730960210052,0.14414874206140862
0.7028191072826938,0.7649608975493667,0.7292161520190024,0.6883408071748879,0.7027184322190829,0.7028191072826938,0.5214132762312634,0.47901234567901235,0.7111984282907662,0.6743063932448733,0.29411764705882354,0.2743362831858407,0.04240093055225108,0.03689203504589289,0.05667339891887574
0.7039937353171496,0.7651388620831292,0.7511773940345369,0.6855300859598854,0.7033818473421758,0.7039937353171496,0.5090702947845805,0.4934210526315789,0.700990099009901,0.6767676767676768,0.2519893899204244,0.28425096030729835,0.01564924215300162,0.02422242224222415,0.05648399262909809
0.6953797963978073,0.7633244332583562,0.7322448979591837,0.6659242761692651,0.695364664844896,0.6953797963978073,0.44719101123595506,0.4969951923076923,0.6583850931677019,0.6701388888888888,0.19656019656019655,0.31,0.04980418107173723,0.011753795721186955,0.1251935991609904
