acc,auc,precision,recall,maf1,mif1,yp1.a1,yp1.a0,yp1.y1a1,yp1.y1a0,yp1.y0a1,yp1.y0a0,parity,equality,eq_odds
0.8693790149892934,0.9508341017687987,0.7777777777777778,0.8344370860927153,0.8534415788201036,0.8693790149892934,0.35526315789473684,0.3452685421994885,1.0,0.8031496062992126,0.057692307692307696,0.125,0.009994615695248343,0.19685039370078738,0.2641580860084797
0.84796573875803,0.9263512092534174,0.7724137931034483,0.7466666666666667,0.824105461393597,0.8479657387580299,0.3181818181818182,0.3087071240105541,0.9615384615384616,0.7016129032258065,0.04838709677419355,0.11764705882352941,0.009474694171264064,0.25992555831265507,0.32918552036199095
0.8908685968819599,0.9593064876957493,0.8968253968253969,0.7583892617449665,0.8715832482124618,0.89086859688196,0.3048780487804878,0.27520435967302453,1.0,0.7142857142857143,0.03389830508474576,0.04564315352697095,0.029673689107463264,0.2857142857142857,0.2974591341565109
0.888157894736842,0.9386433937251436,0.841726618705036,0.8013698630136986,0.8698564593301434,0.8881578947368421,0.34177215189873417,0.29708222811671087,0.9615384615384616,0.7666666666666667,0.03773584905660377,0.07782101167315175,0.0446899237820233,0.19487179487179485,0.23495695748834283
0.8934782608695653,0.9465797050868161,0.8439716312056738,0.815068493150685,0.8759295649828536,0.8934782608695652,0.3375,0.3,0.9629629629629629,0.7815126050420168,0.018867924528301886,0.08045977011494253,0.03750000000000003,0.1814503579209461,0.24304220350758676
