acc,auc,precision,recall,maf1,mif1,yp1.a1,yp1.a0,yp1.y1a1,yp1.y1a0,yp1.y0a1,yp1.y0a0,parity,equality,eq_odds
0.8974358974358974,0.962962962962963,0.8888888888888888,0.8888888888888888,0.8968253968253967,0.8974358974358975,0.2631578947368421,0.5254237288135594,0.625,0.9642857142857143,0.0,0.12903225806451613,0.2622658340767173,0.3392857142857143,0.4683179723502304
0.8333333333333333,0.895187870797627,0.85,0.8292682926829268,0.8330864197530863,0.8333333333333334,0.47368421052631576,0.5254237288135594,0.7777777777777778,0.84375,0.2,0.14814814814814814,0.0517395182872436,0.06597222222222221,0.11782407407407408
0.48717948717948717,0.3948412698412698,0.375,0.16666666666666666,0.423076923076923,0.48717948717948717,0.19047619047619047,0.21052631578947367,0.0,0.23076923076923078,0.36363636363636365,0.1935483870967742,0.020050125313283207,0.23076923076923078,0.40085720730882024
0.48717948717948717,0.5993421052631579,0.5,0.15,0.4230769230769231,0.48717948717948717,0.0,0.1935483870967742,0.0,0.18181818181818182,0.0,0.20689655172413793,0.1935483870967742,0.18181818181818182,0.3887147335423198
0.5128205128205128,0.45319865319865316,0.7058823529411765,0.26666666666666666,0.49142072752230614,0.5128205128205128,0.10526315789473684,0.2542372881355932,0.09090909090909091,0.3235294117647059,0.125,0.16,0.14897413024085637,0.232620320855615,0.267620320855615
