acc,auc,precision,recall,maf1,mif1,yp1.a1,yp1.a0,yp1.y1a1,yp1.y1a0,yp1.y0a1,yp1.y0a0,parity,equality,eq_odds
0.826658190294554,0.8742586882874652,0.8363013698630137,0.6783333333333333,0.8083372227198431,0.8266581902945539,0.3222314737718568,0.29607250755287007,0.7242206235011991,0.6387163561076604,0.10841836734693877,0.05107327905255366,0.026158966218986723,0.08550426739353867,0.14284935568792378
0.8304725577452851,0.869879450235605,0.8182451253481894,0.6855309218203034,0.8094026414637102,0.8304725577452851,0.3176220806794055,0.2910321489001692,0.7381275440976933,0.6458546571136131,0.1260815822002472,0.0410958904109589,0.026589931779236298,0.0922728869840802,0.1772585787733685
0.8408561135833864,0.8809513691663093,0.8267100977198697,0.7234891676168758,0.8247647196079956,0.8408561135833863,0.3258188005104211,0.3247466216216216,0.7536813922356091,0.7010923535253227,0.12655860349127182,0.046289493019838354,0.0010721788887995132,0.05258903871028642,0.1328581491817199
0.8122483577029032,0.8726893555593013,0.772294887039239,0.720865704772475,0.7984435397750915,0.8122483577029032,0.39255852842809363,0.31929522990975506,0.7831325301204819,0.6676954732510288,0.1850192061459667,0.06937269372693727,0.07326329851833857,0.11543705686945305,0.23108356928848248
0.838525111252384,0.880427943922674,0.8479033404406539,0.6852383687535899,0.8183984380523733,0.8385251112523839,0.31948483589530535,0.2759515570934256,0.7260765550239234,0.6475138121546962,0.10311903246339911,0.03695806680881308,0.04353327880187974,0.07856274286922726,0.1447237085238133
