acc,auc,precision,recall,maf1,mif1,yp1.a1,yp1.a0,yp1.y1a1,yp1.y1a0,yp1.y0a1,yp1.y0a0,parity,equality,eq_odds
0.8736616702355461,0.9471036968731662,0.8333333333333334,0.7615894039735099,0.8521874413239988,0.8736616702355461,0.3026315789473684,0.29411764705882354,0.875,0.7401574803149606,0.038461538461538464,0.07954545454545454,0.008513931888544879,0.13484251968503935,0.17592643576895545
0.84796573875803,0.9304311251314407,0.7548387096774194,0.78,0.8271677656441399,0.8479657387580299,0.3409090909090909,0.32981530343007914,0.8846153846153846,0.7580645161290323,0.11290322580645161,0.12156862745098039,0.01109378747901174,0.12655086848635233,0.1352162701308811
0.8953229398663697,0.9530425055928411,0.8642857142857143,0.8120805369127517,0.8800972721745899,0.8953229398663697,0.3170731707317073,0.3106267029972752,1.0,0.7777777777777778,0.05084745762711865,0.06639004149377593,0.0064464677344321375,0.2222222222222222,0.2377648060888795
0.875,0.9287450287229342,0.8938053097345132,0.6917808219178082,0.8463166732692,0.875,0.34177215189873417,0.22811671087533156,0.9615384615384616,0.6333333333333333,0.03773584905660377,0.038910505836575876,0.11365544102340261,0.32820512820512826,0.32937978498510034
0.85,0.9245920949306343,0.8181818181818182,0.678082191780822,0.8179534387528608,0.85,0.35,0.24473684210526317,0.9259259259259259,0.6218487394957983,0.05660377358490566,0.07279693486590039,0.10526315789473681,0.3040771864301276,0.32027034771112234
