acc,auc,precision,recall,maf1,mif1,yp1.a1,yp1.a0,yp1.y1a1,yp1.y1a0,yp1.y0a1,yp1.y0a0,parity,equality,eq_odds
0.9379014989293363,0.9843658311677426,0.8961038961038961,0.9139072847682119,0.9294065521645078,0.9379014989293362,0.2894736842105263,0.3375959079283887,0.7083333333333334,0.952755905511811,0.09615384615384616,0.041666666666666664,0.0481222237178624,0.24442257217847763,0.29890975166565714
0.9400428265524626,0.9791377497371189,0.8961038961038961,0.92,0.9317251461988305,0.9400428265524625,0.2159090909090909,0.3562005277044855,0.6538461538461539,0.9758064516129032,0.03225806451612903,0.054901960784313725,0.1402914367953946,0.3219602977667494,0.3446041940349341
0.9510022271714922,0.9834228187919464,0.9319727891156463,0.9194630872483222,0.9445654125886684,0.9510022271714922,0.25609756097560976,0.34332425068119893,0.8695652173913043,0.9285714285714286,0.01694915254237288,0.03734439834024896,0.08722668970558917,0.05900621118012428,0.07940145697800036
0.9254385964912281,0.9791206363234644,0.8943661971830986,0.8698630136986302,0.9137286324786325,0.9254385964912281,0.26582278481012656,0.3209549071618037,0.6538461538461539,0.9166666666666666,0.07547169811320754,0.042801556420233464,0.05513212235167714,0.2628205128205128,0.2954906545134869
0.9434782608695652,0.9854942849664079,0.9054054054054054,0.9178082191780822,0.9350155397622308,0.9434782608695652,0.275,0.33157894736842103,0.7407407407407407,0.957983193277311,0.03773584905660377,0.04597701149425287,0.056578947368421006,0.21724245253657026,0.22548361497421937
