acc,auc,precision,recall,maf1,mif1,yp1.a1,yp1.a0,yp1.y1a1,yp1.y1a0,yp1.y0a1,yp1.y0a0,parity,equality,eq_odds
0.5244810027418723,0.607819600340293,0.526253454401895,0.9896065330363771,0.3484506651418577,0.5244810027418723,0.9932203389830508,0.9916067146282974,0.9916839916839917,0.9884526558891455,0.995049504950495,0.9950124688279302,0.001613624354753429,0.003231335794846135,0.003268371917411028
0.5385820603211907,0.5103985182898596,0.5385820603211907,1.0,0.35005091649694503,0.5385820603211907,1.0,1.0,1.0,1.0,1.0,1.0,0.0,0.0,0.0
0.6325891108499804,0.6637289827917756,0.7056530214424951,0.5323529411764706,0.6310102435777327,0.6325891108499804,0.49230769230769234,0.34600760456273766,0.6078066914498141,0.4829683698296837,0.3501144164759725,0.1970899470899471,0.14630008774495468,0.12483832162013042,0.27786279100615585
0.6318057187622405,0.6739810436521259,0.780905752753978,0.45604002859185133,0.6252763793986484,0.6318057187622405,0.33156216790648246,0.31327543424317617,0.43278084714548803,0.47079439252336447,0.1934673366834171,0.1349206349206349,0.018286733663306298,0.038013545377876434,0.09656024714065861
0.6302389345867606,0.6588156430078166,0.6881616939364774,0.5355805243445693,0.6284122404625019,0.6302389345867607,0.5379609544468547,0.33292458614347026,0.6225296442687747,0.4825090470446321,0.43509615384615385,0.17830423940149626,0.2050363683033844,0.14002059722414256,0.39681251166880016
