acc,auc,precision,recall,maf1,mif1,yp1.a1,yp1.a0,yp1.y1a1,yp1.y1a0,yp1.y0a1,yp1.y0a0,parity,equality,eq_odds
0.9033693579148125,0.9469947851242815,0.9291187739463601,0.8083333333333333,0.8947144075021313,0.9033693579148124,0.279766860949209,0.385843763487268,0.7793764988009593,0.8333333333333334,0.01403061224489796,0.06587712805329386,0.10607690253805901,0.0539568345323741,0.10580335034077
0.899343081161263,0.9464399085926412,0.8989053444945267,0.8144690781796966,0.8888168674264931,0.8993430811612629,0.25095541401273885,0.4069373942470389,0.762550881953867,0.8536335721596725,0.01792336217552534,0.09228550829127613,0.15598198023430004,0.0910826902058055,0.1654448363215563
0.9012502648866286,0.9470717858097416,0.909148665819568,0.8158494868871151,0.8918537745499182,0.9012502648866285,0.25818800510421097,0.4083614864864865,0.7710843373493976,0.8490566037735849,0.019326683291770574,0.08229243203526819,0.15017348138227554,0.07797226642418731,0.14093801516768492
0.8917143462598008,0.9406630997364374,0.9249506254114549,0.7796892341842397,0.8812965008294299,0.8917143462598008,0.2683946488294314,0.37688010313708636,0.7530120481927711,0.8024691358024691,0.01088348271446863,0.07158671586715867,0.10848545430765494,0.049457087609698025,0.11016032076238808
0.9054884509429965,0.9496763360180285,0.9336905559276625,0.800689259046525,0.895100593428861,0.9054884509429963,0.27503115911923554,0.3594290657439446,0.7547846889952153,0.8430939226519337,0.019732654360280075,0.048329779673063254,0.08439790662470908,0.08830923365671839,0.11690635896950156
