acc,auc,precision,recall,maf1,mif1,yp1.a1,yp1.a0,yp1.y1a1,yp1.y1a0,yp1.y0a1,yp1.y0a0,parity,equality,eq_odds
0.7837333333333334,0.6859382776092287,0.7935070363661697,0.976006855184233,0.5297252311904009,0.7837333333333333,0.9335347432024169,0.9591985960807253,0.9691358024691358,0.9766311460085998,0.8352272727272727,0.8965748824714573,0.025663852878308413,0.007495343539464017,0.06884295328364864
0.7806666666666667,0.681037071937551,0.7911826452064381,0.9736479503961419,0.5350760660776462,0.7806666666666666,0.9410071942446043,0.9538574577516532,0.9686888454011742,0.9741265344664778,0.8641304347826086,0.8827814569536424,0.012850263507048876,0.005437689065303619,0.02408871123633738
0.7917333333333334,0.6797587016810661,0.7990628445424476,0.9823788546255506,0.5166488179495216,0.7917333333333333,0.9320388349514563,0.9712346953827998,0.9686924493554327,0.9837656279156559,0.8202247191011236,0.923943661971831,0.03919586043134349,0.015073178560223166,0.11879212143093054
0.7890666666666667,0.6861879593391675,0.7962222528608851,0.9823099166524919,0.5163179209489415,0.7890666666666667,0.9483870967741935,0.96875,0.9692307692307692,0.9834070796460177,0.8909090909090909,0.9141483516483516,0.020362903225806472,0.014176310415248472,0.03741557115450922
0.7858666666666667,0.6927144337841514,0.7937188710570006,0.9803485987696514,0.5203793960244648,0.7858666666666668,0.9285714285714286,0.9672732609333725,0.9613821138211383,0.982089552238806,0.845360824742268,0.9126547455295736,0.03870183236194391,0.020707438417667756,0.08800135920497332
