acc,auc,precision,recall,maf1,mif1,yp1.a1,yp1.a0,yp1.y1a1,yp1.y1a0,yp1.y0a1,yp1.y0a0,parity,equality,eq_odds
0.813731722822632,0.8612638460660043,0.8628841607565012,0.6083333333333333,0.7877876204802496,0.813731722822632,0.28726061615320564,0.2498921018558481,0.6714628297362111,0.5538302277432712,0.08290816326530612,0.03256846780162842,0.03736851429735755,0.1176326019929399,0.1679722974566176
0.8222080949353677,0.8712853140526193,0.7895433487756452,0.6960326721120187,0.8024027638971549,0.8222080949353676,0.3354564755838641,0.3049915397631134,0.7503392130257802,0.6550665301944729,0.14647713226205192,0.058399423215573176,0.030464935820750716,0.0952726828313073,0.18335039187778604
0.8099173553719009,0.8588134853411427,0.878868258178603,0.5667046750285063,0.7760987929113394,0.8099173553719008,0.24712888132709485,0.23226351351351351,0.6372155287817939,0.5143992055610725,0.06546134663341646,0.02351212343864805,0.014865367813581332,0.12281632322072134,0.16476554641548974
0.8080101716465353,0.8755681132874491,0.8294117647058824,0.6259711431742508,0.784556510570675,0.8080101716465353,0.3164715719063545,0.25913192952299097,0.7132530120481928,0.551440329218107,0.1056338028169014,0.04944649446494465,0.05733964238336353,0.16181268283008576,0.21799999118204252
0.8207247298156389,0.8687192580937213,0.8352059925093633,0.6404365307294658,0.7959952195026632,0.8207247298156388,0.30743664312422103,0.25735294117647056,0.6961722488038278,0.5889502762430939,0.10057288351368555,0.04406538734896944,0.05008370194775047,0.10722197256073385,0.16372946872544997
