acc,auc,precision,recall,maf1,mif1,yp1.a1,yp1.a0,yp1.y1a1,yp1.y1a0,yp1.y0a1,yp1.y0a0,parity,equality,eq_odds
0.6916742909423605,0.7440197095305425,0.7230098146128681,0.6121883656509696,0.6894258010118044,0.6916742909423604,0.5027932960893855,0.37891156462585035,0.68,0.576271186440678,0.30791788856304986,0.19553805774278216,0.12388173146353515,0.10372881355932206,0.21610864437958976
0.6925892040256176,0.7468209032684309,0.6973821989528796,0.6348903717826502,0.6904434374494255,0.6925892040256175,0.5099431818181818,0.40215924426450744,0.6827195467422096,0.610632183908046,0.33618233618233617,0.21755725190839695,0.10778393755367432,0.07208736283416362,0.19071244710810284
0.6852698993595608,0.7425607802929783,0.6934156378600823,0.6334586466165414,0.6837809833947843,0.6852698993595608,0.5808219178082191,0.37637362637362637,0.7265415549597856,0.5832127351664255,0.42857142857142855,0.1895424836601307,0.20444829143459275,0.1433288197933601,0.38235776470465793
0.6898444647758464,0.7462373965765584,0.7222222222222222,0.5953271028037384,0.6862493225850157,0.6898444647758463,0.5234899328859061,0.3414295628036086,0.6986666666666667,0.539568345323741,0.34594594594594597,0.15683646112600536,0.18206037008229747,0.15909832134292567,0.3482078061628663
0.6852698993595608,0.7397968196030992,0.7282229965156795,0.580018501387604,0.6812992417981547,0.6852698993595608,0.4653333333333333,0.3565459610027855,0.6353887399463807,0.5508474576271186,0.29708222811671087,0.16758241758241757,0.1087873723305478,0.08454128231926206,0.21404109285355535
