acc,auc,precision,recall,maf1,mif1,yp1.a1,yp1.a0,yp1.y1a1,yp1.y1a0,yp1.y0a1,yp1.y0a0,parity,equality,eq_odds
0.6870348609479044,0.7465432057726709,0.7174603174603175,0.6711210096510765,0.6868947809273307,0.6870348609479044,0.5005649717514125,0.48980815347721823,0.6923076923076923,0.6593533487297921,0.2722772277227723,0.30673316708229426,0.010756818274194224,0.03295434357790017,0.06741028293742213
0.6936936936936937,0.7571730205278593,0.7497893850042123,0.6472727272727272,0.6936898870281177,0.6936936936936937,0.49099099099099097,0.45105105105105103,0.6673189823874756,0.6354166666666666,0.2519893899204244,0.25218476903870163,0.03993993993993994,0.03190231572080893,0.032097694839086144
0.7081864473168821,0.7749679502983087,0.7797998180163785,0.6301470588235294,0.707790307318835,0.7081864473168821,0.4266666666666667,0.4328263624841572,0.6096654275092936,0.6435523114355232,0.20137299771167047,0.2037037037037037,0.006159695817490485,0.033886883926229516,0.03621758991826274
0.7074030552291422,0.7634284454233836,0.8189823874755382,0.5982844889206577,0.7066187618118004,0.7074030552291422,0.3889479277364506,0.40694789081885857,0.5616942909760589,0.6214953271028038,0.15326633165829145,0.164021164021164,0.017999963082407977,0.05980103612674481,0.07055586848961737
0.7050528789659224,0.7736766849320124,0.7408940397350994,0.6704119850187266,0.705048353646964,0.7050528789659224,0.4685466377440347,0.4757817290006131,0.658102766798419,0.6779252110977081,0.23798076923076922,0.26683291770573564,0.0072350912565783965,0.019822444299289144,0.048674592774255565
