acc,auc,precision,recall,maf1,mif1,yp1.a1,yp1.a0,yp1.y1a1,yp1.y1a0,yp1.y0a1,yp1.y0a0,parity,equality,eq_odds
0.7003659652333029,0.7547880533047613,0.7126099706744868,0.6688073394495413,0.7000314459677198,0.7003659652333029,0.4398216939078752,0.48050231328486454,0.6448863636363636,0.6802168021680217,0.21495327102803738,0.2903225806451613,0.04068061937698936,0.03533043853165807,0.110699748148782
0.6843549862763038,0.7377910520745415,0.7025316455696202,0.6201117318435754,0.6825683439611087,0.6843549862763038,0.42525399129172714,0.43754175016700064,0.6134453781512605,0.6234309623430963,0.22289156626506024,0.26666666666666666,0.012287758875273502,0.009985584191835706,0.05376068459344213
0.6829826166514181,0.7407845481088611,0.7017364657814096,0.6314338235294118,0.6820403678505427,0.6829826166514181,0.38593974175035867,0.4768300873069174,0.5540540540540541,0.6713091922005571,0.19571865443425077,0.29571984435797666,0.09089034555655873,0.11725513814650301,0.2172563280702289
0.6939615736505033,0.7438851138541542,0.7046632124352331,0.6390977443609023,0.692374778263199,0.6939615736505031,0.43216783216783217,0.4459551325628824,0.6477272727272727,0.6348314606741573,0.2231404958677686,0.26877470355731226,0.013787300395050217,0.012895812053115407,0.05853001974265906
0.7008234217749314,0.7555134700220112,0.7387198321091291,0.6348061316501352,0.6998576593144974,0.7008234217749314,0.36657303370786515,0.4694708276797829,0.5546666666666666,0.6757493188010899,0.1572700296735905,0.2648648648648649,0.10289779397191773,0.12108265213442326,0.22867748732569765
