acc,auc,precision,recall,maf1,mif1,yp1.a1,yp1.a0,yp1.y1a1,yp1.y1a0,yp1.y0a1,yp1.y0a0,parity,equality,eq_odds
0.6216834400731931,0.6195957480118515,0.6640625,0.4726598702502317,0.6123610671841413,0.6216834400731931,0.36971350613915416,0.3420509291121817,0.5372340425531915,0.43812233285917496,0.19327731092436976,0.252,0.027662577026972446,0.09911170969401656,0.1578343987696468
0.4707227813357731,0.5037969597535659,0.4763014763014763,0.5593065693430657,0.46638910145118334,0.4707227813357731,0.5785007072135785,0.5936443542934415,0.5333333333333333,0.5736543909348442,0.6340694006309149,0.6119016817593791,0.015143647079863043,0.040321057601510835,0.062488776473046626
0.48215919487648673,0.7323061733527334,0.48215919487648673,1.0,0.3253086419753086,0.48215919487648673,1.0,1.0,1.0,1.0,1.0,1.0,0.0,0.0,0.0
0.444647758462946,0.3140149164872652,0.3614931237721022,0.17148182665424044,0.3987457462764343,0.444647758462946,0.1763085399449036,0.26095890410958905,0.14206128133704735,0.18627450980392157,0.2098092643051771,0.3324396782841823,0.08465036416468547,0.04421322846687423,0.16684364244587943
0.7342177493138152,0.8225795232168822,0.7869249394673123,0.6161137440758294,0.7289410404836465,0.7342177493138151,0.34626436781609193,0.3926174496644295,0.6125356125356125,0.6178977272727273,0.07536231884057971,0.19083969465648856,0.046353081848337585,0.005362114737114787,0.12083949055302363
