acc,auc,precision,recall,maf1,mif1,yp1.a1,yp1.a0,yp1.y1a1,yp1.y1a0,yp1.y0a1,yp1.y0a0,parity,equality,eq_odds
0.5266249021143304,0.5282824946534967,0.5270376175548589,0.9985152190051967,0.3449602462169786,0.5266249021143304,1.0,0.9988016776512882,1.0,0.9976905311778291,1.0,1.0,0.0011983223487117556,0.002309468822170868,0.002309468822170868
0.5673453406421299,0.5914377443044971,0.5816757082579868,0.7013081395348837,0.551435217525715,0.56734534064213,0.749156355455568,0.5963963963963964,0.783203125,0.6527777777777778,0.7029177718832891,0.5355805243445693,0.1527599590591716,0.1304253472222222,0.297762594760942
0.5998433829287392,0.626561730219726,0.6564814814814814,0.5213235294117647,0.5990445351094944,0.5998433829287392,0.4574358974358974,0.40151994933502216,0.5260223048327137,0.5182481751824818,0.37299771167048057,0.2747688243064729,0.055915948100875246,0.007774129650231942,0.10600301701423959
0.6190289741581833,0.6503556962456176,0.7044145873320538,0.5246604717655469,0.618281737724202,0.6190289741581833,0.4410201912858661,0.38871667699938006,0.5359116022099447,0.5175233644859814,0.31155778894472363,0.2430647291941876,0.05230351428648605,0.018388237723963363,0.08688129747449941
0.5231010180109632,0.5346947730155452,0.5233755942947702,0.9887724550898204,0.35424721004384224,0.5231010180109632,0.9956663055254604,0.9840588595953402,0.9940828402366864,0.985524728588661,0.9975961538461539,0.9825436408977556,0.011607445930120197,0.008558111648025335,0.0236106245964236
