acc,auc,precision,recall,maf1,mif1,yp1.a1,yp1.a0,yp1.y1a1,yp1.y1a0,yp1.y0a1,yp1.y0a0,parity,equality,eq_odds
0.7786666666666667,0.6831580166284537,0.7785190126751167,1.0,0.44072844558445,0.7786666666666666,0.9969788519637462,0.9995612752266745,1.0,1.0,0.9886363636363636,0.9979852249832102,0.002582423262928235,0.0,0.009348861346846538
0.7724000000000001,0.6753283864227089,0.7787297701618388,0.9862211505339304,0.4715327128164907,0.7724,0.9410071942446043,0.9844232182218957,0.9628180039138943,0.9884796978281397,0.8804347826086957,0.9701986754966887,0.043416023977291385,0.025661693914245443,0.11542558680223847
0.7869333333333334,0.6303428463824443,0.7869333333333334,1.0,0.4403820325324579,0.7869333333333334,1.0,1.0,1.0,1.0,1.0,1.0,0.0,0.0,0.0
0.7844,0.6860427840537828,0.7845886752136753,0.999319612178942,0.44441418303046903,0.7844,0.9854838709677419,0.9995639534883721,0.9912087912087912,1.0,0.9696969696969697,0.9979395604395604,0.0140800825206302,0.00879120879120876,0.03703379953379948
0.7809333333333334,0.6895219624524684,0.7813878860810268,0.9986329460013671,0.4461658111919136,0.7809333333333334,0.978134110787172,0.9991194599354271,0.9857723577235772,0.9998134328358209,0.9587628865979382,0.9965612104539202,0.020985349148255006,0.014041075112243728,0.05183939896822576
