acc,auc,precision,recall,maf1,mif1,yp1.a1,yp1.a0,yp1.y1a1,yp1.y1a0,yp1.y0a1,yp1.y0a0,parity,equality,eq_odds
0.8690400508582328,0.9210985497316431,0.8893280632411067,0.75,0.8563814133248236,0.8690400508582327,0.3005828476269775,0.34354769097971516,0.7254196642685852,0.7712215320910973,0.07461734693877552,0.03774981495188749,0.04296484335273765,0.045801867822512166,0.08266939980940019
0.8758211485484213,0.9167385357348798,0.8852459016393442,0.7561260210035006,0.8609985382733127,0.8758211485484213,0.2781316348195329,0.3422165820642978,0.7299864314789688,0.7758444216990789,0.0723114956736712,0.03677000720980533,0.06408494724476488,0.045857990220110056,0.08139947868397593
0.8806950625132444,0.9229251953136266,0.9015509103169251,0.7622576966932725,0.867640858547883,0.8806950625132444,0.27860484900042537,0.34966216216216217,0.7349397590361446,0.7825223435948362,0.06608478802992519,0.029390154298310066,0.0710573131617368,0.047582584558691576,0.08427721829030671
0.8847213392667939,0.9324427929657254,0.916005291005291,0.7685904550499445,0.8735085442003857,0.8847213392667939,0.2968227424749164,0.34464976364417704,0.7493975903614458,0.7849794238683128,0.056338028169014086,0.028782287822878228,0.04782702116926063,0.035581833506866944,0.06313757385300281
0.8737020555202374,0.9259023379953857,0.9074733096085409,0.7323377369327972,0.8579148124602669,0.8737020555202374,0.28001661819692564,0.3161764705882353,0.7045454545454546,0.7580110497237569,0.05410566518141311,0.031982942430703626,0.036159852391309644,0.053465595178302294,0.07558831792901177
