acc,auc,precision,recall,maf1,mif1,yp1.a1,yp1.a0,yp1.y1a1,yp1.y1a0,yp1.y0a1,yp1.y0a0,parity,equality,eq_odds
0.9700214132762314,0.994509179310923,0.9536423841059603,0.9536423841059603,0.9657452426858915,0.9700214132762313,0.32894736842105265,0.32225063938618925,1.0,0.9448818897637795,0.019230769230769232,0.022727272727272728,0.006696729034863402,0.055118110236220486,0.05861461373272398
0.9464668094218416,0.981030494216614,0.8787878787878788,0.9666666666666667,0.9401235992512245,0.9464668094218416,0.3409090909090909,0.3562005277044855,0.9615384615384616,0.967741935483871,0.08064516129032258,0.058823529411764705,0.01529143679539463,0.006203473945409432,0.028025105823967306
0.9510022271714922,0.9850559284116331,0.9261744966442953,0.9261744966442953,0.9447539149888143,0.9510022271714922,0.3170731707317073,0.335149863760218,1.0,0.9126984126984127,0.05084745762711865,0.03319502074688797,0.01807669302851067,0.08730158730158732,0.10495402418181801
0.9429824561403508,0.9865002209456474,0.9,0.9246575342465754,0.934977184977185,0.9429824561403509,0.35443037974683544,0.32360742705570295,0.9615384615384616,0.9166666666666666,0.05660377358490566,0.04669260700389105,0.0308229526911325,0.044871794871794934,0.054782961452809545
0.9565217391304348,0.9923217869295873,0.9144736842105263,0.952054794520548,0.9503657826021278,0.9565217391304348,0.3375,0.32894736842105265,0.9629629629629629,0.9495798319327731,0.018867924528301886,0.04597701149425287,0.008552631578947367,0.013383131030189843,0.040492217996140834
