acc,auc,precision,recall,maf1,mif1,yp1.a1,yp1.a0,yp1.y1a1,yp1.y1a0,yp1.y0a1,yp1.y0a0,parity,equality,eq_odds
0.62451057165231,0.6500419170773802,0.6520376175548589,0.6176688938381588,0.6242363061326403,0.62451057165231,0.511864406779661,0.49310964649490713,0.6424116424116424,0.6039260969976905,0.3564356435643564,0.37359900373599003,0.018754760284753924,0.03848554541395188,0.055648905585585495
0.6366483946750195,0.6671894124847002,0.7003577817531306,0.5690406976744186,0.636447750040035,0.6366483946750195,0.4859392575928009,0.412012012012012,0.625,0.5358796296296297,0.29708222811671087,0.2784019975031211,0.07392724558078889,0.08912037037037035,0.1078006009839601
0.5830070477682068,0.6086849689624594,0.6039464411557435,0.6301470588235294,0.5797454100874018,0.5830070477682068,0.6030769230769231,0.526282457251425,0.6802973977695167,0.597323600973236,0.5080091533180778,0.44914134742404227,0.07679446582549809,0.0829737967962807,0.14184160269031626
0.625293657008614,0.6631137268735554,0.6832504145936982,0.5889921372408864,0.6251441839849762,0.625293657008614,0.4410201912858661,0.4903905765654061,0.567219152854512,0.602803738317757,0.26884422110552764,0.3632760898282695,0.04937038527953996,0.035584585463245055,0.1300164541859869
0.6064996084573219,0.6715681936619372,0.5989240884638374,0.75,0.593601282859378,0.6064996084573219,0.6825568797399784,0.6394849785407726,0.757396449704142,0.7454764776839565,0.5913461538461539,0.529925187032419,0.043071901199205787,0.011919972020185465,0.07334093883392034
