acc,auc,precision,recall,maf1,mif1,yp1.a1,yp1.a0,yp1.y1a1,yp1.y1a0,yp1.y0a1,yp1.y0a0,parity,equality,eq_odds
0.7842666666666667,0.6774836018537818,0.7882433356117566,0.9881748071979435,0.5011817901551742,0.7842666666666668,0.9561933534743202,0.9771863117870723,0.9794238683127572,0.9889699009160591,0.8920454545454546,0.9348556077904634,0.020992958312752052,0.00954603260330189,0.0523561858483107
0.7796000000000001,0.694521422898024,0.78884406732508,0.9767481915260076,0.524179163480295,0.7796,0.9381294964028777,0.9606171932402645,0.9667318982387475,0.9777148253068932,0.8586956521739131,0.9006622516556292,0.022487696837386828,0.010982927068145742,0.05294952654986185
0.79,0.6843308774226,0.8057950530035336,0.9659437478820738,0.5500423560128873,0.79,0.9042995839112344,0.9474848797757781,0.9447513812154696,0.9680910617652547,0.7808988764044944,0.8697183098591549,0.04318529586454367,0.02333968054978508,0.11215911400444556
0.7905333333333334,0.6894619322279585,0.8009220452640402,0.9751658445313829,0.5395955810710149,0.7905333333333333,0.932258064516129,0.9563953488372093,0.9604395604395605,0.976401179941003,0.8545454545454545,0.8818681318681318,0.02413728432108031,0.01596161950144248,0.04328429682411983
0.7870666666666667,0.6947358259395178,0.8014737140427944,0.9665071770334929,0.5562692294911084,0.7870666666666667,0.9110787172011662,0.9439389492221896,0.9512195121951219,0.9679104477611941,0.8092783505154639,0.8555708390646493,0.032860232021023394,0.01669093556607215,0.06298342411525748
