acc,auc,precision,recall,maf1,mif1,yp1.a1,yp1.a0,yp1.y1a1,yp1.y1a0,yp1.y0a1,yp1.y0a0,parity,equality,eq_odds
0.6820673453406422,0.7451872244867079,0.6985894580549369,0.6985894580549369,0.6811091449346764,0.6820673453406422,0.5661016949152542,0.5068903535050928,0.7401247401247402,0.6755196304849884,0.3589108910891089,0.32503113325031135,0.05921134141016138,0.06460510963975175,0.09848486747854929
0.6985121378230227,0.763247349666364,0.7412420382165605,0.6765988372093024,0.698230674045303,0.6985121378230227,0.5579302587176603,0.45645645645645644,0.732421875,0.6435185185185185,0.3209549071618037,0.2546816479400749,0.1014738022612039,0.08890335648148151,0.15517661570321029
0.7149569303054033,0.7755517785003448,0.7523961661341853,0.6926470588235294,0.7148098519652883,0.7149569303054033,0.5702564102564103,0.4407853071564281,0.7546468401486989,0.6520681265206812,0.34324942791762014,0.21136063408190225,0.12947110309998217,0.10257871362801763,0.23446750746373551
0.7086922474549726,0.7686145638969084,0.7634754625905068,0.6783416726233024,0.7083459960842169,0.7086922474549726,0.5526036131774708,0.4482331060136392,0.7200736648250461,0.6518691588785047,0.3241206030150754,0.21796565389696168,0.10437050716383156,0.06820450594654137,0.17435945506465508
0.7051683633516054,0.769505324326716,0.7141807494489346,0.7275449101796407,0.7042411749263779,0.7051683633516054,0.5872156013001083,0.5021459227467812,0.7790927021696252,0.6960193003618818,0.35336538461538464,0.30174563591022446,0.08506967855332714,0.08307340180774347,0.13469315051290365
