acc,auc,precision,recall,maf1,mif1,yp1.a1,yp1.a0,yp1.y1a1,yp1.y1a0,yp1.y0a1,yp1.y0a0,parity,equality,eq_odds
0.6953339432753889,0.7677380357368603,0.8068350668647846,0.5032437442075997,0.6828322702080937,0.6953339432753889,0.3178717598908595,0.30282174810736406,0.5319148936170213,0.4879089615931721,0.09243697478991597,0.12933333333333333,0.01505001178349541,0.04400593202384917,0.08090229056726653
0.6797804208600183,0.7575462063885354,0.842560553633218,0.4443430656934307,0.6611942294526766,0.6797804208600183,0.2871287128712871,0.2535496957403651,0.4512820512820513,0.4405099150141643,0.08517350157728706,0.08279430789133248,0.033579017130921984,0.010772136267886978,0.013151329953841565
0.6697163769441903,0.7435036307923375,0.8217054263565892,0.40227703984819735,0.6412271489427479,0.6697163769441903,0.24684431977559607,0.2308214528173795,0.41114058355437666,0.397341211225997,0.0625,0.08919597989949749,0.01602286695821656,0.013799372328379633,0.04049535222787712
0.6866422689844465,0.7498913543155574,0.7437185929648241,0.5517241379310345,0.6799111264449488,0.6866422689844465,0.37052341597796146,0.36095890410958903,0.5598885793871866,0.5476190476190477,0.18528610354223432,0.18230563002680966,0.009564511868372427,0.012269531768138942,0.0152500052835636
0.7031107044830741,0.7574817403547589,0.8253205128205128,0.4881516587677725,0.6862326102106204,0.7031107044830741,0.27011494252873564,0.29261744966442954,0.452991452991453,0.5056818181818182,0.08405797101449275,0.10178117048346055,0.022502507135693905,0.05269036519036524,0.07041356465933304
