acc,auc,precision,recall,maf1,mif1,yp1.a1,yp1.a0,yp1.y1a1,yp1.y1a0,yp1.y0a1,yp1.y0a0,parity,equality,eq_odds
0.6883320281910729,0.7530878093575647,0.7263763352506163,0.6562731997030438,0.688327250071135,0.6883320281910729,0.4655367231638418,0.4823247453565009,0.6444906444906445,0.6628175519630485,0.2524752475247525,0.2876712328767123,0.01678802219265907,0.018326907472403953,0.05352289282436379
0.7004698512137822,0.7670439402613811,0.7502047502047502,0.6656976744186046,0.7003849216700273,0.7004698512137824,0.5241844769403825,0.45345345345345345,0.703125,0.6435185185185185,0.28116710875331563,0.2484394506866417,0.07073102348692906,0.05960648148148151,0.09233413954815545
0.7133907595927956,0.7663174943344172,0.7577996715927751,0.6786764705882353,0.7133654485966692,0.7133907595927957,0.47384615384615386,0.47878404053198226,0.6691449814126395,0.6849148418491484,0.2334096109839817,0.25495376486129456,0.0049378866858283965,0.015769860436508965,0.037314014313821836
0.7129992169146437,0.7679517527980716,0.7720588235294118,0.6754824874910651,0.7127895853964811,0.7129992169146437,0.461211477151966,0.4897706137631742,0.6408839779005525,0.697429906542056,0.21608040201005024,0.25495376486129456,0.028559136611208236,0.05654592864150354,0.09541929149274786
0.7098668754894284,0.7736565047245411,0.7527612574341547,0.6631736526946108,0.7097920869283196,0.7098668754894284,0.4398699891657638,0.4727161250766401,0.6370808678500987,0.6791314837153196,0.19951923076923078,0.2593516209476309,0.03284613591087632,0.042050615865220964,0.1018830060436211
