acc,auc,precision,recall,maf1,mif1,yp1.a1,yp1.a0,yp1.y1a1,yp1.y1a0,yp1.y0a1,yp1.y0a0,parity,equality,eq_odds
0.6133333333333334,0.7184,0.7931034482758621,0.30666666666666664,0.5731946624803768,0.6133333333333333,0.14893617021276595,0.21359223300970873,0.23809523809523808,0.3333333333333333,0.07692307692307693,0.08163265306122448,0.06465606279694278,0.09523809523809523,0.09994767137624279
0.5133333333333334,0.5192888888888889,0.5074626865671642,0.9066666666666666,0.42425995057574006,0.5133333333333333,0.8541666666666666,0.9117647058823529,0.88,0.92,0.8260869565217391,0.9038461538461539,0.05759803921568629,0.040000000000000036,0.11775919732441475
0.5133333333333334,0.5011555555555556,0.5073529411764706,0.92,0.41690185845891686,0.5133333333333333,0.8936170212765957,0.912621359223301,0.9130434782608695,0.9230769230769231,0.875,0.9019607843137255,0.019004337946705308,0.010033444816053616,0.03699422912977912
0.54,0.5390222222222223,0.5267857142857143,0.7866666666666666,0.5101982868771,0.54,0.9245283018867925,0.6494845360824743,0.96,0.7,0.8928571428571429,0.5957446808510638,0.2750437658043182,0.26,0.5571124620060791
0.4866666666666667,0.4771555555555556,0.4888888888888889,0.5866666666666667,0.4814814814814815,0.4866666666666667,0.46153846153846156,0.6486486486486487,0.5294117647058824,0.603448275862069,0.4090909090909091,0.6981132075471698,0.18711018711018712,0.07403651115618659,0.36305880961244724
