acc,auc,precision,recall,maf1,mif1,yp1.a1,yp1.a0,yp1.y1a1,yp1.y1a0,yp1.y0a1,yp1.y0a0,parity,equality,eq_odds
0.833651197287561,0.8925191275550988,0.857646229739253,0.6761111111111111,0.8149546822135274,0.8336511972875609,0.2343880099916736,0.3694432455761761,0.6462829736211031,0.7018633540372671,0.015306122448979591,0.13175425610658772,0.13505523558450247,0.05558038041616398,0.17202851407377212
0.8387370205552024,0.8820485887969681,0.8265935572309802,0.7036172695449242,0.8193477035511871,0.8387370205552024,0.20976645435244162,0.40820642978003385,0.6417910447761194,0.7502558853633572,0.012978986402966625,0.167267483777938,0.19843997542759223,0.10846484058723782,0.2627533379622092
0.8351345624072898,0.8882950269295332,0.8647234678624813,0.6596351197263398,0.81289300611686,0.8351345624072896,0.20416843896214376,0.3623310810810811,0.6157965194109772,0.692154915590864,0.012468827930174564,0.11829537105069801,0.15816264211893732,0.07635839617988671,0.18218493930041016
0.840644204280568,0.8903804366230033,0.8586065573770492,0.697558268590455,0.8239541790175808,0.8406442042805679,0.22867892976588627,0.39406961753330466,0.6397590361445783,0.7469135802469136,0.010243277848911651,0.14095940959409595,0.1653906877674184,0.10715454410233527,0.23787067584751956
0.8355583810129266,0.8824866944998533,0.8820269200316706,0.639862148190695,0.8105342498469555,0.8355583810129265,0.21894474449522228,0.31833910034602075,0.6100478468899522,0.6674033149171271,0.010821133036282623,0.09381663113006397,0.09939435585079848,0.05735546802717495,0.1403509661209563
