acc,auc,precision,recall,maf1,mif1,yp1.a1,yp1.a0,yp1.y1a1,yp1.y1a0,yp1.y0a1,yp1.y0a0,parity,equality,eq_odds
0.89446916719644,0.9339202923375586,0.9603960396039604,0.7544444444444445,0.8825200200600521,0.8944691671964399,0.26602830974188174,0.3344842468709538,0.7434052757793765,0.7639751552795031,0.01211734693877551,0.027387120651369355,0.06845593712907205,0.020569879500126564,0.03583965321272041
0.9006145369781734,0.937891243105132,0.9567131327953045,0.7607934655775963,0.8869241325090125,0.9006145369781735,0.23439490445859873,0.3430626057529611,0.7177747625508819,0.7932446264073695,0.014215080346106305,0.02595529920692141,0.10866770129436237,0.07546986385648757,0.08721008271730268
0.8931977113795296,0.9391222375836681,0.9742033383915023,0.7320410490307868,0.8783834531102732,0.8931977113795295,0.23181624840493406,0.3264358108108108,0.7121820615796519,0.746772591857001,0.008104738154613466,0.015429831006612785,0.09461956240587674,0.03459053027734904,0.04191562312934836
0.8991311718584446,0.939391990843983,0.9797395079594791,0.7513873473917869,0.8871956118938151,0.8991311718584446,0.25752508361204013,0.32917920068758055,0.7301204819277108,0.7695473251028807,0.006402048655569782,0.013284132841328414,0.07165411707554042,0.03942684317516987,0.0463089273609285
0.8885357067175249,0.9285952624434441,0.9691119691119691,0.7208500861573808,0.8722919468101,0.8885357067175249,0.24719567926879935,0.3027681660899654,0.69377990430622,0.7458563535911602,0.009548058561425843,0.017768301350390904,0.05557248682116603,0.05207644928494015,0.060296692073905214
