acc,auc,precision,recall,maf1,mif1,yp1.a1,yp1.a0,yp1.y1a1,yp1.y1a0,yp1.y0a1,yp1.y0a0,parity,equality,eq_odds
0.9186268277177368,0.9610058619770849,0.9475347661188369,0.8327777777777777,0.9115247635512274,0.9186268277177368,0.2980849292256453,0.3737591713422529,0.8189448441247003,0.84472049689441,0.021045918367346938,0.037009622501850484,0.07567424211660762,0.025775652769709723,0.041739356904213265
0.9160839160839161,0.9592151936581776,0.9387483355525965,0.822637106184364,0.906610270729285,0.916083916083916,0.2653927813163482,0.3709813874788494,0.7964721845318861,0.842374616171955,0.023485784919653894,0.03893294881038212,0.10558860616250121,0.04590243164006891,0.061349595530797135
0.921381648654376,0.9628016713424002,0.9499024072869225,0.8323831242873432,0.9134568314816323,0.9213816486543759,0.27477669076988515,0.3762668918918919,0.8112449799196787,0.8480635551142006,0.02493765586034913,0.02718589272593681,0.10149020112200674,0.03681857519452192,0.039066812060109604
0.9262555626191991,0.9651661183228021,0.9521144278606966,0.8496115427302997,0.9201083117494702,0.926255562619199,0.3030936454849498,0.3794585302965191,0.8337349397590361,0.8631687242798354,0.02112676056338028,0.03247232472324723,0.07636488481156928,0.029433784520799255,0.040779348680666204
0.9226531044712863,0.9636816840633725,0.949673202614379,0.8345778288340034,0.9146136696553092,0.9226531044712863,0.2982966348151226,0.35121107266435986,0.8133971291866029,0.8541436464088398,0.0241884150222788,0.02771855010660981,0.05291443784923727,0.04074651722223688,0.04427665230656788
