acc,auc,precision,recall,maf1,mif1,yp1.a1,yp1.a0,yp1.y1a1,yp1.y1a0,yp1.y0a1,yp1.y0a0,parity,equality,eq_odds
0.5673453406421299,0.5559409999452587,0.573780487804878,0.6985894580549369,0.5545414697383461,0.56734534064213,0.656497175141243,0.6345116836428999,0.7318087318087318,0.6801385681293303,0.5668316831683168,0.5853051058530511,0.021985491498343057,0.05167016367940158,0.07014358636413587
0.5798747063429914,0.6432512733446519,0.6017461383478845,0.6511627906976745,0.5735513783817641,0.5798747063429914,0.6321709786276716,0.5567567567567567,0.7109375,0.6157407407407407,0.5251989389920424,0.49313358302122345,0.07541422187091484,0.0951967592592593,0.12726211523007824
0.5140955364134691,0.6260893930436496,0.5335968379446641,0.6948529411764706,0.4879611217277193,0.5140955364134691,0.7230769230769231,0.675110829639012,0.741635687732342,0.6642335766423357,0.700228832951945,0.6869220607661823,0.04796609343791103,0.07740211109000628,0.09070888327576898
0.610415035238841,0.6849772100665596,0.6416549789621319,0.6540385989992852,0.6059787812186264,0.610415035238841,0.5961742826780021,0.5362678239305642,0.6906077348066298,0.6308411214953271,0.46733668341708545,0.42932628797886396,0.05990645874743794,0.05976661331130273,0.09777700874952422
0.5661707126076743,0.6221559344365457,0.5805084745762712,0.6152694610778443,0.5635475480712284,0.5661707126076743,0.580715059588299,0.539546290619252,0.6568047337278107,0.5898673100120627,0.4879807692307692,0.48753117206982544,0.04116876896904709,0.06693742371574796,0.06738702087669174
