acc,auc,precision,recall,maf1,mif1,yp1.a1,yp1.a0,yp1.y1a1,yp1.y1a0,yp1.y0a1,yp1.y0a0,parity,equality,eq_odds
0.5646045418950666,0.5906331477664626,0.6666666666666666,0.3489235337787676,0.5471076615331231,0.5646045418950666,0.47570621468926555,0.1701617735170761,0.604989604989605,0.2066974595842956,0.3217821782178218,0.1307596513075965,0.3055444411721895,0.39829214540530933,0.5893146723155346
0.5606891151135474,0.6384071346784064,0.556045895851721,0.9156976744186046,0.46328981347669634,0.5606891151135474,0.952755905511811,0.8522522522522522,0.97265625,0.8819444444444444,0.9257294429708223,0.8202247191011236,0.10050365325955879,0.09071180555555558,0.19621652942525425
0.6425215348472983,0.66700598581141,0.6676669167291823,0.6544117647058824,0.6414595312284975,0.6425215348472983,0.6297435897435898,0.45535148828372385,0.7769516728624535,0.5742092457420924,0.448512585812357,0.32628797886393657,0.17439210145986594,0.20274242712036106,0.32496703406878147
0.6577916992952232,0.6980384876024619,0.7596439169139466,0.5489635453895639,0.6567003681842091,0.6577916992952232,0.4452709883103082,0.3670179789212647,0.6040515653775322,0.514018691588785,0.228643216080402,0.20079260237780713,0.0782530093890435,0.09003287378874725,0.11788348749134211
0.572435395458105,0.5865442759800596,0.6008264462809917,0.5441616766467066,0.572431200339974,0.572435395458105,0.5893824485373781,0.4083384426732066,0.6844181459566075,0.4583835946924005,0.4735576923076923,0.3566084788029925,0.18104400586417146,0.22603455126420707,0.34298376476890685
