acc,auc,precision,recall,maf1,mif1,yp1.a1,yp1.a0,yp1.y1a1,yp1.y1a0,yp1.y0a1,yp1.y0a0,parity,equality,eq_odds
0.6477584629460201,0.6836769634301225,0.7562189054726368,0.422613531047266,0.6279831498172206,0.6477584629460201,0.27148703956343795,0.2780454232622161,0.3962765957446808,0.4366998577524893,0.1400560224089636,0.12933333333333333,0.006558383698778147,0.04042326200780849,0.05114595108343875
0.5558096980786825,0.577527958213353,0.5532821824381927,0.5921532846715328,0.5551684124779666,0.5558096980786825,0.5586987270155587,0.5260311020960108,0.5820512820512821,0.5977337110481586,0.5299684542586751,0.46054333764553684,0.03266762491954789,0.015682428996876552,0.08510754561001482
0.6637694419030192,0.6790319228112995,0.7328467153284671,0.476280834914611,0.649097020673816,0.6637694419030192,0.364656381486676,0.28852681602172436,0.4827586206896552,0.4726735598227474,0.23214285714285715,0.13190954773869346,0.07612956546495164,0.010085060866907802,0.1103183702710715
0.5562671546203111,0.5613812529882797,0.5470319634703197,0.5582479030754893,0.5562370664541492,0.5562671546203111,0.6928374655647382,0.4054794520547945,0.7688022284122563,0.4523809523809524,0.6185286103542235,0.3605898123324397,0.2873580135099437,0.31642127603130393,0.5743600740530876
0.6047575480329369,0.6163760627888754,0.6146458583433373,0.48530805687203793,0.5972733971997053,0.6047575480329369,0.41235632183908044,0.36644295302013424,0.5071225071225072,0.4744318181818182,0.3159420289855073,0.2697201017811705,0.0459133688189462,0.032690688940688994,0.07891261614502576
