acc,auc,precision,recall,maf1,mif1,yp1.a1,yp1.a0,yp1.y1a1,yp1.y1a0,yp1.y0a1,yp1.y0a0,parity,equality,eq_odds
0.6756633119853614,0.7421246378049198,0.7396373056994818,0.5291936978683967,0.6678630996120969,0.6756633119853613,0.2660300136425648,0.3971094287680661,0.45478723404255317,0.5689900426742532,0.06722689075630252,0.236,0.1310794151255013,0.11420280863170007,0.28297591787539755
0.67612076852699,0.7423458112904306,0.7431077694235589,0.541058394160584,0.6702368381354654,0.67612076852699,0.2871287128712871,0.40229885057471265,0.4564102564102564,0.5878186968838527,0.07886435331230283,0.23285899094437257,0.11517013770342555,0.1314084404735963,0.285403078105666
0.6701738334858188,0.7340394324833547,0.6803900325027086,0.5958254269449715,0.6671310889424626,0.6701738334858188,0.36044880785413747,0.45213849287169044,0.5145888594164456,0.6410635155096012,0.1875,0.2914572864321608,0.09168968501755298,0.12647465609315556,0.23043194252531635
0.6834400731930467,0.7446830602328325,0.7606019151846786,0.5181733457595527,0.6734687886386086,0.6834400731930467,0.25757575757575757,0.3726027397260274,0.4456824512534819,0.5546218487394958,0.07356948228882834,0.19839142091152814,0.11502698215026985,0.10893939748601394,0.23376133610871375
0.6770356816102471,0.7128213508994681,0.7245817245817245,0.533649289099526,0.6683380325275934,0.6770356816102471,0.25,0.4046979865771812,0.4131054131054131,0.59375,0.08405797101449275,0.23536895674300254,0.1546979865771812,0.1806445868945869,0.3319555726230967
