acc,auc,precision,recall,maf1,mif1,yp1.a1,yp1.a0,yp1.y1a1,yp1.y1a0,yp1.y0a1,yp1.y0a0,parity,equality,eq_odds
0.8846153846153846,0.9398148148148149,0.8461538461538461,0.9166666666666666,0.8844444444444444,0.8846153846153846,0.3684210526315789,0.5423728813559322,0.75,0.9642857142857143,0.09090909090909091,0.16129032258064516,0.17395182872435327,0.2142857142857143,0.28466694595726855
0.8205128205128205,0.8793671720500988,0.8461538461538461,0.8048780487804879,0.8203947368421053,0.8205128205128205,0.47368421052631576,0.5084745762711864,0.7777777777777778,0.8125,0.2,0.14814814814814814,0.034790365744870655,0.03472222222222221,0.08657407407407408
0.48717948717948717,0.38888888888888884,0.4090909090909091,0.25,0.4510907811400422,0.48717948717948717,0.14285714285714285,0.3333333333333333,0.1,0.3076923076923077,0.18181818181818182,0.3548387096774194,0.19047619047619047,0.2076923076923077,0.3807128355515452
0.5769230769230769,0.7065789473684211,0.6842105263157895,0.325,0.5502358902673423,0.5769230769230769,0.0,0.3064516129032258,0.0,0.3939393939393939,0.0,0.20689655172413793,0.3064516129032258,0.3939393939393939,0.6008359456635318
0.5256410256410257,0.5198653198653198,0.7222222222222222,0.28888888888888886,0.5074244751664106,0.5256410256410257,0.10526315789473684,0.2711864406779661,0.09090909090909091,0.35294117647058826,0.125,0.16,0.16592328278322926,0.2620320855614974,0.2970320855614974
