acc,auc,precision,recall,maf1,mif1,yp1.a1,yp1.a0,yp1.y1a1,yp1.y1a0,yp1.y0a1,yp1.y0a0,parity,equality,eq_odds
0.6840250587314017,0.751873044459165,0.7188006482982172,0.6585003711952487,0.6839897414778202,0.6840250587314017,0.6112994350282486,0.4152186938286399,0.7671517671517671,0.5981524249422633,0.42574257425742573,0.21793275217932753,0.19608074119960867,0.16899934220950386,0.376809164287602
0.7043852779953015,0.7712767007541359,0.7563996696944674,0.6656976744186046,0.7043359169140795,0.7043852779953015,0.608548931383577,0.4024024024024024,0.765625,0.6064814814814815,0.3952254641909814,0.1822721598002497,0.20614652898117464,0.1591435185185185,0.3720968229092502
0.6953797963978073,0.7669400926199625,0.7146017699115044,0.7125,0.6941492505701381,0.6953797963978073,0.6676923076923077,0.44648511716276124,0.8085501858736059,0.6496350364963503,0.494279176201373,0.22589167767503301,0.22120719052954646,0.1589151493772556,0.4273026479035956
0.6902897415818324,0.7559790697746381,0.7455573505654282,0.6597569692637598,0.6899623037166667,0.6902897415818324,0.6078639744952179,0.41289522628642283,0.7348066298342542,0.6121495327102804,0.43467336683417085,0.18758256274768825,0.19496874820879506,0.12265709712397377,0.36974790121045636
0.7039937353171496,0.7639296530092523,0.7441077441077442,0.6616766467065869,0.7039528881867202,0.7039937353171496,0.609967497291441,0.38320049049662785,0.7830374753451677,0.5874547647768396,0.39903846153846156,0.17206982543640897,0.2267670067948131,0.1955827105683281,0.4225513466703807
