acc,auc,precision,recall,maf1,mif1,yp1.a1,yp1.a0,yp1.y1a1,yp1.y1a0,yp1.y0a1,yp1.y0a0,parity,equality,eq_odds
0.7027027027027026,0.7772890065879461,0.7478920741989882,0.6585003711952487,0.7026844563537442,0.7027027027027027,0.5050847457627119,0.4430455635491607,0.6943866943866944,0.6385681293302541,0.27970297029702973,0.23192019950124687,0.0620391822135512,0.05581856505644034,0.1036013358522232
0.7156286721504113,0.7791733292174718,0.7839020122484689,0.6516363636363637,0.7155752154809942,0.7156286721504113,0.49436936936936937,0.4228228228228228,0.6888454011741683,0.6296296296296297,0.23076923076923078,0.19975031210986266,0.07154654654654657,0.05921577154453861,0.09023469020390673
0.7160203681942812,0.791613455943987,0.7509881422924901,0.6985294117647058,0.7157943225657857,0.7160203681942813,0.5476923076923077,0.4632446134347275,0.7397769516728625,0.6715328467153284,0.3112128146453089,0.23677248677248677,0.0844476942575802,0.06824410495753408,0.14268443283035623
0.7152369761065414,0.7815554066224575,0.7620904836193447,0.6983559685489635,0.7145193553720914,0.7152369761065415,0.5217853347502657,0.49069478908188585,0.6924493554327809,0.7021028037383178,0.2889447236180904,0.25132275132275134,0.03109054566837982,0.009653448305536938,0.04727542060087603
0.7203290246768508,0.793890026629275,0.7624683009298394,0.6756554307116105,0.7202764515887465,0.7203290246768508,0.5184381778741866,0.4322501532801962,0.7213438735177866,0.6477683956574186,0.27163461538461536,0.20947630922693267,0.08618802459399033,0.073575477860368,0.1357337840180507
