acc,auc,precision,recall,maf1,mif1,yp1.a1,yp1.a0,yp1.y1a1,yp1.y1a0,yp1.y0a1,yp1.y0a0,parity,equality,eq_odds
0.699960830395613,0.7747232656317522,0.7779904306220096,0.6035634743875279,0.6987628252366647,0.699960830395613,0.46214689265536724,0.381294964028777,0.656964656964657,0.5739030023094688,0.2301980198019802,0.17331670822942644,0.08085192862659024,0.08306165465518822,0.139942966227742
0.7117117117117117,0.7797407007254205,0.78809738503156,0.6356363636363637,0.7115009746588694,0.7117117117117117,0.5157657657657657,0.390990990990991,0.7084148727984344,0.5925925925925926,0.2546419098143236,0.1735330836454432,0.12477477477477472,0.11582228020584184,0.19693110637472225
0.7144535840188014,0.7956276810808146,0.7708154506437769,0.6602941176470588,0.7144192327020382,0.7144535840188013,0.5394871794871795,0.4049429657794677,0.7286245353159851,0.6155717761557178,0.30663615560640733,0.17592592592592593,0.1345442137077118,0.11305275916026736,0.24376298884074876
0.7132784958871915,0.7851845153074181,0.8079409048938134,0.6254467476769121,0.713056568267133,0.7132784958871915,0.47396386822529224,0.3951612903225806,0.6482504604051565,0.610981308411215,0.23618090452261306,0.15079365079365079,0.07880257790271161,0.03726915199394154,0.12265640572290382
0.7234625930278104,0.7862487161983481,0.8135593220338984,0.6112359550561798,0.7214873514737661,0.7234625930278105,0.4598698481561822,0.35499693439607605,0.66600790513834,0.5778045838359469,0.2091346153846154,0.12468827930174564,0.10487291376010616,0.08820332130239306,0.1726496573852628
