acc,auc,precision,recall,maf1,mif1,yp1.a1,yp1.a0,yp1.y1a1,yp1.y1a0,yp1.y0a1,yp1.y0a0,parity,equality,eq_odds
0.5800548947849955,0.6068484904805799,0.5855472901168969,0.5106580166821131,0.577619216003233,0.5800548947849954,0.461118690313779,0.4150034411562285,0.5372340425531915,0.49644381223328593,0.38095238095238093,0.33866666666666667,0.0461152491575505,0.040790230319905585,0.08307594460561984
0.6527904849039342,0.6754972209201099,0.6742502585315409,0.5948905109489051,0.6516877308061544,0.6527904849039341,0.4611032531824611,0.43340094658553074,0.6282051282051282,0.5764872521246459,0.2555205047318612,0.3027166882276843,0.02770230659693035,0.05171787608048228,0.09891405957630539
0.6674290942360476,0.6769500003352532,0.6996336996336996,0.5436432637571158,0.6604681381361942,0.6674290942360476,0.3758765778401122,0.3740665308893415,0.5596816976127321,0.534711964549483,0.16964285714285715,0.23743718592964824,0.001810046950770694,0.024969733063249122,0.09276406185004021
0.666971637694419,0.6821525494264598,0.698961937716263,0.5647716682199441,0.6627000813890396,0.666971637694419,0.3787878787878788,0.4054794520547945,0.5682451253481894,0.5630252100840336,0.19346049046321526,0.2546916890080429,0.026691573266915736,0.005219915264155772,0.06645111380898341
0.67612076852699,0.6983393465498383,0.6942889137737962,0.5876777251184834,0.6722355500437107,0.67612076852699,0.40086206896551724,0.4120805369127517,0.603988603988604,0.5795454545454546,0.19420289855072465,0.26208651399491095,0.011218467947234467,0.024443149443149403,0.09232676488733571
