acc,auc,precision,recall,maf1,mif1,yp1.a1,yp1.a0,yp1.y1a1,yp1.y1a0,yp1.y0a1,yp1.y0a0,parity,equality,eq_odds
0.7051683633516054,0.7747684412075317,0.7981927710843374,0.5902004454342984,0.7031422134649092,0.7051683633516054,0.43163841807909603,0.3678849610545237,0.6403326403326404,0.5623556581986143,0.18316831683168316,0.1581569115815691,0.06375345702457236,0.07797698213402604,0.1029883873841401
0.7200469851213782,0.784623993169345,0.86438809261301,0.5697674418604651,0.7168591241922793,0.7200469851213782,0.41169853768278963,0.3249249249249249,0.630859375,0.5335648148148148,0.11405835543766578,0.09987515605493133,0.08677361275786472,0.09729456018518523,0.11147775956791968
0.7231793265465936,0.7970292639668933,0.8355601233299075,0.5977941176470588,0.7210909666631913,0.7231793265465936,0.4379487179487179,0.34578847371754273,0.6505576208178439,0.5632603406326034,0.17620137299771166,0.1096433289299868,0.09216024423117519,0.08729728018524041,0.15385532425296528
0.7153484729835552,0.7924782389399974,0.7921739130434783,0.6511794138670479,0.7153473820120557,0.7153484729835551,0.49415515409139216,0.4246745195288283,0.6813996316758748,0.6320093457943925,0.23869346733668342,0.190224570673712,0.06948063456256387,0.04939028588148231,0.09785918254445372
0.7239624119028975,0.7930241733282205,0.8317560462670873,0.5920658682634731,0.7209122598067124,0.7239624119028975,0.4171180931744312,0.34702636419374616,0.6370808678500987,0.5645355850422196,0.14903846153846154,0.12219451371571072,0.07009172898068505,0.07254528280787909,0.0993892306306299
