acc,auc,precision,recall,maf1,mif1,yp1.a1,yp1.a0,yp1.y1a1,yp1.y1a0,yp1.y0a1,yp1.y0a0,parity,equality,eq_odds
0.5422866092404072,0.5678543069412589,0.5618915159944368,0.5998515219005197,0.5385113813855822,0.5422866092404072,0.7638418079096045,0.45656081485919714,0.8212058212058212,0.476905311778291,0.6955445544554455,0.43462017434620176,0.3072809930504074,0.3443005094275302,0.605224889536774
0.5430696945967111,0.5846931510838236,0.5420861860652436,0.9781976744186046,0.3816212856265836,0.5430696945967111,0.9910011248593926,0.9621621621621622,0.9921875,0.9699074074074074,0.9893899204244032,0.9538077403245943,0.028838962697230408,0.02228009259259256,0.05786227269240152
0.6444792482380579,0.6706054783722535,0.6614285714285715,0.6808823529411765,0.6421511986766413,0.6444792482380579,0.6441025641025641,0.4889170360987967,0.7806691449814126,0.6155717761557178,0.4759725400457666,0.3513870541611625,0.15518552800376734,0.1650973688256948,0.2896828547102989
0.6577916992952232,0.6858300146363048,0.7304653204565408,0.5947105075053609,0.6577782683751721,0.6577916992952232,0.46865037194473963,0.43273403595784254,0.6206261510128913,0.5782710280373832,0.2613065326633166,0.26816380449141347,0.035916335986897086,0.04235512297550814,0.04921239480360501
0.5293657008613939,0.5659229570415818,0.5321497120921305,0.8300898203592815,0.4682263518195172,0.5293657008613939,0.8959913326110509,0.7706928264868179,0.9191321499013807,0.7756332931242461,0.8677884615384616,0.7655860349127181,0.125298506124233,0.1434988567771346,0.245701283402878
