acc,auc,precision,recall,maf1,mif1,yp1.a1,yp1.a0,yp1.y1a1,yp1.y1a0,yp1.y0a1,yp1.y0a0,parity,equality,eq_odds
0.8970120788302607,0.9373305165391497,0.9152970922882427,0.8044444444444444,0.8880235288695222,0.8970120788302607,0.2781015820149875,0.3944756150194217,0.7721822541966427,0.8322981366459627,0.015306122448979591,0.08142116950407106,0.11637403300443416,0.06011588244932009,0.12623092950441156
0.899343081161263,0.9356429482562123,0.9166106254203094,0.795215869311552,0.8877252313678431,0.8993430811612629,0.24118895966029724,0.38874788494077833,0.7449118046132972,0.8331627430910952,0.011742892459826947,0.07570295602018745,0.1475589252804811,0.08825093847779797,0.15221100203815846
0.8997668997668998,0.9424273306400596,0.9178082191780822,0.8021664766248575,0.8896008608423136,0.8997668997668997,0.2526584432156529,0.39653716216216217,0.7630522088353414,0.8311817279046674,0.014962593516209476,0.07494489346069066,0.14387871894650928,0.06812951906932596,0.12811181901380714
0.9080313625768172,0.94897006221328,0.934010152284264,0.8168701442841287,0.8999522243520978,0.9080313625768172,0.27968227424749165,0.3897722389342501,0.7867469879518072,0.8425925925925926,0.010243277848911651,0.06494464944649446,0.11008996468675847,0.05584560464078536,0.11054697623836818
0.9016740834922654,0.937051203368065,0.9132686084142395,0.8104537622056289,0.8916861303065295,0.9016740834922653,0.2754466140423764,0.3814878892733564,0.7643540669856459,0.8530386740331491,0.015276893698281349,0.07818052594171997,0.10604127523098,0.08868460704750325,0.15158823929094187
