acc,auc,precision,recall,maf1,mif1,yp1.a1,yp1.a0,yp1.y1a1,yp1.y1a0,yp1.y0a1,yp1.y0a0,parity,equality,eq_odds
0.8321678321678322,0.8796732138099045,0.8437926330150068,0.6872222222222222,0.8145900396036225,0.8321678321678322,0.2243963363863447,0.40008631851532156,0.605515587529976,0.7577639751552795,0.021683673469387755,0.14433752775721687,0.17568998212897685,0.15224838762530346,0.27490224191313256
0.8298368298368299,0.8786670213199704,0.7925497752087347,0.7199533255542591,0.8121500732416804,0.8298368298368298,0.21231422505307856,0.44712351945854484,0.6119402985074627,0.8014329580348004,0.030284301606922127,0.19754866618601297,0.23480929440546627,0.18949265952733774,0.35675702410642857
0.84170375079466,0.8833237831715894,0.8288700195950359,0.7234891676168758,0.8255992733247397,0.8417037507946599,0.22118247554232243,0.42694256756756754,0.6278447121820616,0.7944389275074478,0.031795511221945134,0.1550330639235856,0.20576009202524512,0.1665942153253862,0.2898317680270267
0.8308963763509218,0.8851775747588574,0.791860465116279,0.755826859045505,0.8192678763334036,0.830896376350922,0.266304347826087,0.46540610227761064,0.6759036144578313,0.8240740740740741,0.04865556978233035,0.20811808118081182,0.19910175445152367,0.14817045961624276,0.3076329710147242
0.8308963763509218,0.8740508126027784,0.8799355358581789,0.6272257323377369,0.8043942091208964,0.830896376350922,0.19526381387619443,0.333477508650519,0.5311004784688995,0.7160220994475138,0.016549968173138127,0.08742004264392324,0.13821369477432457,0.1849216209786143,0.2557916954493994
