acc,auc,precision,recall,maf1,mif1,yp1.a1,yp1.a0,yp1.y1a1,yp1.y1a0,yp1.y0a1,yp1.y0a0,parity,equality,eq_odds
0.8317440135621954,0.8997297400175099,0.948306595365419,0.5911111111111111,0.8032072056400735,0.8317440135621954,0.197751873438801,0.27924039706517045,0.5371702637889688,0.6376811594202898,0.01721938775510204,0.0229459659511473,0.08148852362636946,0.10051089563132098,0.10623747382736624
0.8544183089637636,0.8920112725387677,0.8691588785046729,0.70536756126021,0.8351322838501798,0.8544183089637635,0.2522292993630573,0.3371404399323181,0.6743554952510177,0.7287615148413511,0.05995055624227441,0.061283345349675555,0.0849111405692608,0.05440601959033342,0.055738808697734565
0.8626827717736809,0.8962060219858824,0.9214939024390244,0.6892816419612314,0.8434773956018442,0.8626827717736809,0.23564440663547426,0.32010135135135137,0.6867469879518072,0.6911618669314796,0.025561097256857856,0.045554739162380606,0.08445694471587711,0.00441487897967241,0.02440852088519516
0.8179699088789998,0.901079134637665,0.9538017324350336,0.5499445061043285,0.783715486816109,0.8179699088789998,0.14715719063545152,0.2952299097550494,0.4036144578313253,0.6748971193415638,0.01088348271446863,0.022878228782287822,0.1480727191195979,0.2712826615102385,0.2832774075780577
0.8527230345412165,0.8972962359620561,0.8974164133738601,0.6783457782883401,0.8318679150366513,0.8527230345412163,0.24304113003739095,0.3161764705882353,0.6399521531100478,0.7138121546961326,0.031826861871419476,0.06041222459132907,0.07313534055084434,0.07386000158608474,0.10244536430599434
