acc,auc,precision,recall,maf1,mif1,yp1.a1,yp1.a0,yp1.y1a1,yp1.y1a0,yp1.y0a1,yp1.y0a0,parity,equality,eq_odds
0.9250764525993884,0.9800038806484995,0.8955223880597015,0.8653846153846154,0.9128452967301348,0.9250764525993884,0.13392857142857142,0.34317343173431736,0.4117647058823529,0.9540229885057471,0.01282051282051282,0.05434782608695652,0.20924486030574593,0.5422582826233941,0.5837855958898378
0.9272727272727272,0.9684787527253281,0.9027777777777778,0.8783783783783784,0.9179945950983133,0.9272727272727272,0.15447154471544716,0.36685288640595903,0.45,0.9725274725274725,0.012048192771084338,0.056338028169014086,0.21238134169051187,0.5225274725274724,0.5668173079254022
0.9245283018867925,0.9743827160493828,0.9375,0.8333333333333334,0.9133986928104576,0.9245283018867925,0.1452991452991453,0.3371868978805395,0.47058823529411764,0.9010989010989011,0.012048192771084338,0.032640949554896145,0.1918877525813942,0.4305106658047835,0.45110342258859526
0.9153605015673981,0.9686940966010734,0.8969072164948454,0.8365384615384616,0.9019433723829366,0.9153605015673981,0.16071428571428573,0.33460076045627374,0.47058823529411764,0.9080459770114943,0.02564102564102564,0.05113636363636364,0.173886474741988,0.4374577417173766,0.4629530797127146
0.9006211180124223,0.9722854768559988,0.8844221105527639,0.8110599078341014,0.8863796753705011,0.9006211180124224,0.08928571428571429,0.35526315789473684,0.2564102564102564,0.9325842696629213,0.0,0.06497175141242938,0.26597744360902253,0.6761740132526649,0.7411457646650943
