acc,auc,precision,recall,maf1,mif1,yp1.a1,yp1.a0,yp1.y1a1,yp1.y1a0,yp1.y0a1,yp1.y0a0,parity,equality,eq_odds
0.6999085086916743,0.7374915547116547,0.7563636363636363,0.5783132530120482,0.6948299579150947,0.6999085086916743,0.4201909959072306,0.3558155540261528,0.6196808510638298,0.5561877667140825,0.21008403361344538,0.168,0.0643754418810778,0.06349308434974721,0.10557711796319258
0.6967063129002745,0.7479533583338914,0.7611580217129071,0.5757299270072993,0.6923202012535892,0.6967063129002745,0.41725601131541723,0.36105476673427994,0.6025641025641025,0.5609065155807366,0.1892744479495268,0.17852522639068563,0.05620124458113729,0.04165758698336597,0.05240680854220714
0.6971637694419031,0.7458830904982534,0.7443890274314214,0.5664136622390892,0.6901014541417685,0.6971637694419031,0.43899018232819076,0.3319755600814664,0.6021220159151194,0.5465288035450517,0.25595238095238093,0.14949748743718594,0.10701462224672437,0.055593212370067646,0.16204810588526264
0.7008234217749314,0.749040610458958,0.7615480649188514,0.5684995340167754,0.694602213254061,0.7008234217749314,0.3856749311294766,0.35684931506849316,0.5654596100278552,0.5700280112044818,0.2098092643051771,0.15281501340482573,0.02882561606098344,0.004568401176626602,0.061562652076977975
0.6907593778591035,0.7406874761671297,0.7022411953041622,0.623696682464455,0.6883044784178731,0.6907593778591034,0.5244252873563219,0.3838926174496644,0.6780626780626781,0.5965909090909091,0.3681159420289855,0.19338422391857507,0.14053266990665747,0.081471768971769,0.25620348708217944
