acc,auc,precision,recall,maf1,mif1,yp1.a1,yp1.a0,yp1.y1a1,yp1.y1a0,yp1.y0a1,yp1.y0a0,parity,equality,eq_odds
0.6843549862763038,0.7420911496726954,0.7149171270718232,0.5996292863762743,0.6816365091586967,0.6843549862763038,0.37244201909959074,0.4349621472814866,0.550531914893617,0.6258890469416786,0.18487394957983194,0.256,0.06252012818189584,0.0753571320480616,0.14648318246822967
0.6843549862763038,0.7418134333355656,0.7393867924528302,0.5720802919708029,0.6804386071958834,0.6843549862763038,0.3323903818953324,0.41446923597025015,0.5076923076923077,0.6076487252124646,0.1167192429022082,0.23803363518758086,0.08207885407491777,0.09995641752015694,0.2212708098055296
0.6697163769441903,0.7314672021778048,0.6869369369369369,0.5787476280834914,0.6655494950265519,0.6697163769441903,0.3548387096774194,0.43109300746775286,0.48010610079575594,0.6336779911373708,0.21428571428571427,0.25879396984924624,0.07625429779033349,0.15357189034161484,0.1980801459051468
0.6587374199451053,0.7193399366463777,0.7011070110701108,0.5312208760484622,0.6521867100513672,0.6587374199451053,0.2892561983471074,0.413013698630137,0.43175487465181056,0.5812324929971989,0.14986376021798364,0.2520107238605898,0.12375750028302956,0.14947761834538836,0.25162458198799453
0.6665141811527905,0.7306933846237654,0.6827354260089686,0.5772511848341232,0.6624796276587295,0.6665141811527905,0.31896551724137934,0.44966442953020136,0.46153846153846156,0.6349431818181818,0.17391304347826086,0.2837150127226463,0.13069891228882202,0.1734047202797202,0.28320668952410566
