acc,auc,precision,recall,maf1,mif1,yp1.a1,yp1.a0,yp1.y1a1,yp1.y1a0,yp1.y0a1,yp1.y0a0,parity,equality,eq_odds
0.527222875048962,0.5133581043064804,0.5274294670846394,0.9992576095025983,0.3452167222364709,0.527222875048962,1.0,0.999400479616307,1.0,0.9988452655889145,1.0,1.0,0.0005995203836930418,0.0011547344110854896,0.0011547344110854896
0.5746180963572268,0.6107007254205896,0.6080777860882572,0.5912727272727273,0.5729617184554305,0.5746180963572268,0.5957207207207207,0.4852852852852853,0.6790606653620352,0.5393518518518519,0.4827586206896552,0.42696629213483145,0.11043543543543538,0.13970881351018338,0.19550114206500713
0.6564825695260478,0.6744027661357922,0.7441860465116279,0.5411764705882353,0.6542751273780754,0.6564825695260478,0.39076923076923076,0.385297845373891,0.5576208178438662,0.5304136253041363,0.1853546910755149,0.2275132275132275,0.005471385395339756,0.02720719253972992,0.06936572897744253
0.5503329416372894,0.6215153681200858,0.5493123772102161,0.9992852037169406,0.36048657103057263,0.5503329416372895,0.9989373007438895,0.9956575682382134,1.0,0.9988317757009346,0.9974874371859297,0.9920634920634921,0.0032797325056761473,0.001168224299065379,0.00659216942150298
0.5229142185663924,0.5656165630400423,0.5231683168316832,0.9895131086142323,0.35346393433079115,0.5229142185663925,0.9956616052060737,0.9852851011649295,0.9940711462450593,0.9867310012062727,0.9975961538461539,0.983790523690773,0.010376504041144208,0.007340145038786661,0.021145775194167493
