acc,auc,precision,recall,maf1,mif1,yp1.a1,yp1.a0,yp1.y1a1,yp1.y1a0,yp1.y0a1,yp1.y0a0,parity,equality,eq_odds
0.6907593778591035,0.758167964750392,0.810477657935285,0.48748841519925856,0.6765615369529894,0.6907593778591034,0.29195088676671216,0.2993805918788713,0.5079787234042553,0.47652916073968704,0.06442577030812324,0.13333333333333333,0.007429705112159124,0.031449562664568276,0.10035712568977836
0.6866422689844465,0.7590119199089265,0.81089258698941,0.48905109489051096,0.6740903090723693,0.6866422689844465,0.32248939179632247,0.2927653820148749,0.5025641025641026,0.48158640226628896,0.10094637223974763,0.1203104786545925,0.02972400978144757,0.020977700297813595,0.04034180671265847
0.6967063129002745,0.7556481785692734,0.7821067821067821,0.5142314990512334,0.6839604219478289,0.6967063129002745,0.33660589060308554,0.3075356415478615,0.5225464190981433,0.5096011816838996,0.12797619047619047,0.135678391959799,0.02907024905522404,0.012945237414243693,0.020647438897852227
0.6948764867337603,0.7589279957529794,0.740521327014218,0.5824790307548928,0.6901850417584332,0.6948764867337603,0.3787878787878788,0.38972602739726026,0.5738161559888579,0.5868347338935574,0.1880108991825613,0.20107238605898123,0.01093814860938147,0.013018577904699513,0.026080064781119433
0.6985361390667887,0.7599754442866062,0.7668463611859838,0.5393364928909953,0.6886776774667596,0.6985361390667887,0.3160919540229885,0.3503355704697987,0.5042735042735043,0.5568181818181818,0.1246376811594203,0.16539440203562342,0.03424361644681018,0.05254467754467751,0.09330139842088063
