acc,auc,precision,recall,maf1,mif1,yp1.a1,yp1.a0,yp1.y1a1,yp1.y1a0,yp1.y0a1,yp1.y0a0,parity,equality,eq_odds
0.5866666666666667,0.664711111111111,0.5631067961165048,0.7733333333333333,0.5717443359734757,0.5866666666666667,0.425531914893617,0.8058252427184466,0.6190476190476191,0.8333333333333334,0.2692307692307692,0.7755102040816326,0.38029332782482955,0.2142857142857143,0.7205651491365778
0.7666666666666667,0.8007111111111112,0.7702702702702703,0.76,0.7666562958353704,0.7666666666666667,0.4583333333333333,0.5098039215686274,0.68,0.8,0.21739130434782608,0.23076923076923078,0.0514705882352941,0.12,0.1333779264214047
0.5933333333333334,0.6513777777777778,0.5972222222222222,0.5733333333333334,0.593170601573963,0.5933333333333334,0.19148936170212766,0.6116504854368932,0.30434782608695654,0.6923076923076923,0.08333333333333333,0.5294117647058824,0.4201611237347655,0.38795986622073575,0.8340382975932847
0.6000000000000001,0.6611555555555555,0.6363636363636364,0.4666666666666667,0.5927601809954751,0.6,0.22641509433962265,0.44329896907216493,0.28,0.56,0.17857142857142858,0.3191489361702128,0.21688387473254228,0.28,0.4205775075987842
0.5866666666666667,0.6657777777777778,0.5802469135802469,0.6266666666666667,0.5860042735042734,0.5866666666666667,0.5128205128205128,0.5495495495495496,0.5882352941176471,0.6379310344827587,0.45454545454545453,0.4528301886792453,0.036729036729036824,0.049695740365111596,0.05141100623132083
