acc,auc,precision,recall,maf1,mif1,yp1.a1,yp1.a0,yp1.y1a1,yp1.y1a0,yp1.y0a1,yp1.y0a0,parity,equality,eq_odds
0.717948717948718,0.8306878306878307,0.625,0.9722222222222222,0.7085597826086956,0.717948717948718,0.8421052631578947,0.6779661016949152,1.0,0.9642857142857143,0.7272727272727273,0.41935483870967744,0.16413916146297947,0.0357142857142857,0.34363217427733556
0.717948717948718,0.7771918259723137,0.7209302325581395,0.7560975609756098,0.7162698412698413,0.717948717948718,0.2631578947368421,0.6440677966101694,0.3333333333333333,0.875,0.2,0.37037037037037035,0.38090990187332735,0.5416666666666667,0.712037037037037
0.717948717948718,0.7936507936507937,0.675,0.75,0.7177631578947369,0.717948717948718,0.42857142857142855,0.543859649122807,0.6,0.8076923076923077,0.2727272727272727,0.3225806451612903,0.1152882205513785,0.20769230769230773,0.25754568012632534
0.7051282051282051,0.7223684210526315,0.717948717948718,0.7,0.7050797303961862,0.7051282051282052,0.25,0.5645161290322581,0.5714285714285714,0.7272727272727273,0.0,0.3793103448275862,0.3145161290322581,0.1558441558441559,0.5351545006717421
0.7435897435897436,0.8067340067340067,0.7358490566037735,0.8666666666666667,0.7255453905700211,0.7435897435897437,0.7368421052631579,0.6610169491525424,0.8181818181818182,0.8823529411764706,0.625,0.36,0.07582515611061547,0.06417112299465233,0.32917112299465234
