acc,auc,precision,recall,maf1,mif1,yp1.a1,yp1.a0,yp1.y1a1,yp1.y1a0,yp1.y0a1,yp1.y0a0,parity,equality,eq_odds
0.7833333333333333,0.6872287711876401,0.7876468980595791,0.9878320479862897,0.49832447578458033,0.7833333333333333,0.9607250755287009,0.9771863117870723,0.9835390946502057,0.9882220975883342,0.8977272727272727,0.9375419744795165,0.01646123625837137,0.004683002938128511,0.044497704690372286
0.7805333333333334,0.6759126047597221,0.7881684677195899,0.9798484326558732,0.5203109923504661,0.7805333333333334,0.9151079136690647,0.9672299779573843,0.9549902152641878,0.982247403210576,0.8043478260869565,0.9145695364238411,0.05212206428831956,0.027257187946388206,0.13747889828327275
0.7909333333333334,0.6772127371176015,0.8021472392638037,0.9747543205692986,0.5329723877072614,0.7909333333333334,0.912621359223301,0.9609086885971382,0.9539594843462247,0.9768613547303602,0.7865168539325843,0.9007042253521127,0.04828732937383717,0.022901870384135492,0.13708924180366389
0.79,0.680675338428407,0.7964187327823692,0.9835005953393434,0.5169043401886636,0.79,0.9467741935483871,0.9699127906976744,0.967032967032967,0.984882005899705,0.8909090909090909,0.9141483516483516,0.023138597149287343,0.017849038866737943,0.04108829960599869
0.7876000000000001,0.6884814813125046,0.7958871752118939,0.9788106630211894,0.5307086615410377,0.7876,0.9169096209912536,0.9638978573525095,0.9552845528455285,0.9809701492537314,0.8195876288659794,0.9009628610729024,0.04698823636125593,0.025685596408202893,0.10706082861512589
