acc,auc,precision,recall,maf1,mif1,yp1.a1,yp1.a0,yp1.y1a1,yp1.y1a0,yp1.y0a1,yp1.y0a0,parity,equality,eq_odds
0.6466666666666667,0.6778666666666666,0.6774193548387096,0.56,0.6439926559491291,0.6466666666666666,0.2978723404255319,0.46601941747572817,0.5714285714285714,0.5555555555555556,0.07692307692307693,0.3673469387755102,0.16814707705019627,0.015873015873015817,0.3062968777254491
0.4866666666666667,0.48160000000000003,0.49019607843137253,0.6666666666666666,0.46947774562491384,0.4866666666666667,0.8333333333333334,0.6078431372549019,0.84,0.58,0.8260869565217391,0.6346153846153846,0.22549019607843146,0.26,0.45147157190635456
0.62,0.6949333333333333,0.6285714285714286,0.5866666666666667,0.6195773081201335,0.62,0.23404255319148937,0.5728155339805825,0.34782608695652173,0.6923076923076923,0.125,0.45098039215686275,0.3387729807890931,0.34448160535117056,0.6704619975080333
0.56,0.6545777777777778,0.6216216216216216,0.30666666666666664,0.5298252279635258,0.56,0.1509433962264151,0.29896907216494845,0.2,0.36,0.10714285714285714,0.23404255319148937,0.14802567593853336,0.15999999999999998,0.2868996960486322
0.6000000000000001,0.6334222222222222,0.5925925925925926,0.64,0.5993589743589743,0.6,0.48717948717948717,0.5585585585585585,0.6470588235294118,0.6379310344827587,0.36363636363636365,0.4716981132075472,0.07137907137907135,0.009127789046653123,0.11718953861783665
