acc,auc,precision,recall,maf1,mif1,yp1.a1,yp1.a0,yp1.y1a1,yp1.y1a0,yp1.y0a1,yp1.y0a0,parity,equality,eq_odds
0.6921317474839891,0.7417551128238891,0.6925465838509317,0.6401913875598086,0.6901459591897254,0.692131747483989,0.6481223922114048,0.34083162917518744,0.7938718662952646,0.5597667638483965,0.5027777777777778,0.14852752880921896,0.30729076303621733,0.2341051024468681,0.5883553514154269
0.6834400731930467,0.7259569986806946,0.7396088019559902,0.5581180811808119,0.6780052533663692,0.6834400731930467,0.582701062215478,0.2842174197773412,0.7283236994219653,0.47831978319783197,0.4217252396166134,0.10266159695817491,0.2984836424381368,0.2500039162241333,0.5690675588825718
0.6921317474839891,0.7498243101188158,0.7355769230769231,0.5746478873239437,0.6866550587583797,0.692131747483989,0.5339105339105339,0.30944407233757537,0.6991869918699187,0.5086206896551724,0.345679012345679,0.1355081555834379,0.22446646157295852,0.19056630221474635,0.4007371589769875
0.6752058554437329,0.7376177349339479,0.6997792494481236,0.5914179104477612,0.6722383984903275,0.6752058554437328,0.5722222222222222,0.3369713506139154,0.7225274725274725,0.5240112994350282,0.41853932584269665,0.16226912928759896,0.23525087160830677,0.1985161730924443,0.454786369647542
0.6939615736505033,0.7553105734339489,0.7365470852017937,0.6021998166819432,0.6912994441872703,0.6939615736505031,0.5375886524822695,0.3463875759621877,0.7047353760445683,0.5519125683060109,0.36416184971098264,0.14552736982643524,0.19120107652008178,0.1528228077385574,0.3714572876231048
