acc,auc,precision,recall,maf1,mif1,yp1.a1,yp1.a0,yp1.y1a1,yp1.y1a0,yp1.y0a1,yp1.y0a0,parity,equality,eq_odds
0.6891151135473766,0.764123410272544,0.755781683626272,0.6065330363771344,0.6883566106862722,0.6891151135473766,0.44745762711864406,0.4104254044337927,0.6486486486486487,0.5831408775981525,0.2079207920792079,0.22415940224159403,0.037032222684851346,0.06550777105049621,0.08174638121288233
0.6934220830070478,0.7679119615430173,0.7612334801762115,0.627906976744186,0.6933351551210868,0.6934220830070478,0.5073115860517435,0.41081081081081083,0.67578125,0.5995370370370371,0.27851458885941643,0.20724094881398253,0.0965007752409327,0.07624421296296291,0.14751785300839682
0.7000783085356304,0.7757463789535916,0.7877906976744186,0.5977941176470588,0.6988667428492619,0.7000783085356304,0.441025641025641,0.3812539582013933,0.6301115241635687,0.5766423357664233,0.20823798627002288,0.1690885072655218,0.05977168282424772,0.05346918839714543,0.09261866740164651
0.692247454972592,0.7645133041844978,0.7644521138912856,0.6333095067905646,0.6922467000873844,0.692247454972592,0.48352816153028694,0.43645381277123374,0.6519337016574586,0.6214953271028038,0.2537688442211055,0.22721268163804492,0.0470743487590532,0.030438374554654812,0.056994537137715406
0.6985121378230227,0.7652976067569296,0.7649812734082397,0.6115269461077845,0.6974685927792929,0.6985121378230227,0.4647887323943662,0.3917841814837523,0.6666666666666666,0.5778045838359469,0.21875,0.19950124688279303,0.07300455091061386,0.08886208283071972,0.1081108359479267
