acc,auc,precision,recall,maf1,mif1,yp1.a1,yp1.a0,yp1.y1a1,yp1.y1a0,yp1.y0a1,yp1.y0a0,parity,equality,eq_odds
0.9061241788514516,0.949354421224925,0.9237976264834479,0.8216666666666667,0.8981816872986085,0.9061241788514516,0.31432139883430477,0.36512731981009927,0.8213429256594724,0.8219461697722568,0.044642857142857144,0.0384900074019245,0.050805920975794505,0.0006032441127843402,0.006756093853716984
0.9059122695486332,0.9471497329421792,0.9183135704874835,0.8133022170361727,0.8955400474788052,0.9059122695486331,0.27770700636942675,0.36548223350253806,0.7924016282225237,0.8290685772773797,0.04326328800988875,0.03893294881038212,0.08777522713311131,0.03666694905485601,0.04099728825436265
0.9023098114007205,0.9457252130038593,0.9389002036659878,0.7884834663625998,0.8914598523357177,0.9023098114007205,0.26924712888132707,0.3547297297297297,0.7764390896921017,0.7974180734856008,0.033042394014962596,0.02718589272593681,0.08548260084840265,0.02097898379349905,0.026835485082524837
0.9048527230345412,0.9452341644544571,0.9295238095238095,0.8124306326304107,0.8964807841236249,0.9048527230345412,0.30518394648829433,0.36312849162011174,0.8048192771084337,0.8189300411522634,0.03969270166453265,0.03616236162361624,0.057944545131817404,0.014110764043829715,0.017641104084746125
0.9059122695486332,0.9528599351399059,0.9308970099667774,0.8047099368179207,0.8957554199085815,0.9059122695486331,0.30037390943082676,0.3382352941176471,0.7858851674641149,0.8220994475138121,0.042011457670273714,0.02700781805259417,0.03786138468682032,0.03621428004969729,0.051217919667376835
