acc,auc,precision,recall,maf1,mif1,yp1.a1,yp1.a0,yp1.y1a1,yp1.y1a0,yp1.y0a1,yp1.y0a0,parity,equality,eq_odds
0.8164865437592711,0.8833025008564577,0.7455310199789695,0.7877777777777778,0.8075480516016447,0.816486543759271,0.313488759367194,0.495899870522227,0.7613908872901679,0.8105590062111802,0.07525510204081633,0.27091043671354553,0.182411111155033,0.04916811892101225,0.24482345359374147
0.8226319135410045,0.8737341692278717,0.7646348823174411,0.7392065344224037,0.806873136263372,0.8226319135410044,0.24203821656050956,0.45981387478849406,0.6906377204884667,0.7758444216990789,0.0377008652657602,0.23720259552992068,0.2177756582279845,0.08520670121061213,0.28470843147477265
0.8323797414706506,0.8892443386448898,0.7791304347826087,0.766248574686431,0.819947711103,0.8323797414706505,0.27264993619736283,0.4577702702702703,0.7309236947791165,0.7924528301886793,0.05922693266832918,0.21013960323291697,0.18512033407290746,0.06152913540956284,0.21244180597415063
0.8162746344564527,0.8759725699970741,0.7501337613697164,0.7780244173140954,0.8067432201088516,0.8162746344564527,0.3001672240802676,0.49462827675118176,0.7349397590361446,0.8148148148148148,0.06914212548015365,0.2649446494464945,0.19446105267091418,0.07987505577867016,0.275677579745011
0.8166984530620894,0.8640774255318246,0.8012379642365888,0.6691556576680069,0.7953546469698645,0.8166984530620894,0.25592023265475694,0.3624567474048443,0.6578947368421053,0.6795580110497238,0.042011457670273714,0.15849324804548684,0.10653651475008735,0.021663274207618488,0.1381450645828316
