acc,auc,precision,recall,maf1,mif1,yp1.a1,yp1.a0,yp1.y1a1,yp1.y1a0,yp1.y0a1,yp1.y0a0,parity,equality,eq_odds
0.6646843549862763,0.6869931257236577,0.7551622418879056,0.47451343836886006,0.6512528416789003,0.6646843549862763,0.3424283765347885,0.2938747419132829,0.5106382978723404,0.45519203413940257,0.16526610644257703,0.14266666666666666,0.04855363462150564,0.05544626373293782,0.07804570350884818
0.5672461116193962,0.6020416192325722,0.6884422110552764,0.25,0.5190500245131557,0.5672461116193962,0.09193776520509193,0.22515212981744423,0.12564102564102564,0.31869688385269124,0.050473186119873815,0.13971539456662355,0.1332143646123523,0.1930558582116656,0.28229806665841534
0.681152790484904,0.6903970068592808,0.7262357414448669,0.5436432637571158,0.6731046287374647,0.681152790484904,0.4474053295932679,0.31907671418873046,0.6127320954907162,0.5051698670605613,0.2619047619047619,0.16080402010050251,0.12832861540453744,0.10756222843015484,0.20866297023441424
0.5603842634949681,0.5739540079162722,0.5486111111111112,0.5890027958993477,0.5602442917475652,0.560384263494968,0.859504132231405,0.36164383561643837,0.9080779944289693,0.42857142857142855,0.8119891008174387,0.2975871313672922,0.4978602966149666,0.47950656585754076,0.9939085353076873
0.5974382433668802,0.6031696146093923,0.6146788990825688,0.44454976303317534,0.5856970191929138,0.5974382433668801,0.4238505747126437,0.31409395973154364,0.5270655270655271,0.4034090909090909,0.3188405797101449,0.2340966921119593,0.10975661498110006,0.12365643615643623,0.20840032375462184
