acc,auc,precision,recall,maf1,mif1,yp1.a1,yp1.a0,yp1.y1a1,yp1.y1a0,yp1.y0a1,yp1.y0a0,parity,equality,eq_odds
0.6907593778591035,0.7643892225144062,0.8153364632237872,0.48285449490268767,0.6759046682451775,0.6907593778591034,0.30286493860845837,0.2869924294562973,0.5106382978723404,0.46799431009957326,0.08403361344537816,0.11733333333333333,0.01587250915216104,0.04264398777276712,0.0759437076607223
0.6866422689844465,0.7483484564387598,0.8676207513416816,0.4425182481751825,0.6669932071426744,0.6866422689844465,0.28005657708628007,0.24408384043272482,0.4512820512820513,0.4376770538243626,0.0694006309148265,0.06727037516170763,0.03597273665355524,0.013604997457688672,0.015735253210807543
0.6729185727355902,0.7506453624422527,0.8304093567251462,0.40417457305502846,0.6444060712989728,0.6729185727355901,0.25245441795231416,0.22606924643584522,0.41379310344827586,0.3988183161004431,0.07142857142857142,0.07914572864321608,0.026385171516468936,0.014974787347832752,0.022691944562477404
0.6829826166514181,0.7543719944500685,0.7294685990338164,0.5629077353215284,0.6775008829406919,0.6829826166514181,0.384297520661157,0.37602739726027395,0.5793871866295265,0.5546218487394958,0.19346049046321526,0.20509383378016086,0.008270123400883067,0.02476533789003066,0.03639868120697626
0.7053979871912168,0.7558022301281004,0.801762114537445,0.5175355450236967,0.692361349062607,0.7053979871912168,0.28879310344827586,0.3221476510067114,0.47863247863247865,0.5369318181818182,0.09565217391304348,0.1297709923664122,0.03335454755843553,0.05829933954933958,0.0924181580027083
