acc,auc,precision,recall,maf1,mif1,yp1.a1,yp1.a0,yp1.y1a1,yp1.y1a0,yp1.y0a1,yp1.y0a0,parity,equality,eq_odds
0.4733333333333334,0.4802666666666667,0.4722222222222222,0.4533333333333333,0.47312258236627985,0.47333333333333333,0.5957446808510638,0.42718446601941745,0.6666666666666666,0.37037037037037035,0.5384615384615384,0.4897959183673469,0.16856021483164635,0.2962962962962963,0.3449619163904878
0.5333333333333333,0.5187555555555556,0.5229357798165137,0.76,0.5080584707646176,0.5333333333333333,0.8958333333333334,0.6470588235294118,0.96,0.66,0.8260869565217391,0.6346153846153846,0.24877450980392157,0.29999999999999993,0.4914715719063545
0.5733333333333334,0.6183111111111111,0.544,0.9066666666666666,0.52,0.5733333333333334,0.8723404255319149,0.8155339805825242,0.9130434782608695,0.9038461538461539,0.8333333333333334,0.7254901960784313,0.05680644494939069,0.009197324414715657,0.11704046166961768
0.5800000000000001,0.5871111111111111,0.59375,0.5066666666666667,0.5777291210509852,0.58,0.3584905660377358,0.4639175257731959,0.44,0.54,0.2857142857142857,0.3829787234042553,0.10542695973546007,0.10000000000000003,0.19726443768996965
0.54,0.46773333333333333,1.0,0.08,0.4165398274987316,0.54,0.10256410256410256,0.018018018018018018,0.23529411764705882,0.034482758620689655,0.0,0.0,0.08454608454608455,0.20081135902636915,0.20081135902636915
