acc,auc,precision,recall,maf1,mif1,yp1.a1,yp1.a0,yp1.y1a1,yp1.y1a0,yp1.y0a1,yp1.y0a0,parity,equality,eq_odds
0.52,0.472,0.5168539325842697,0.6133333333333333,0.5157819225251077,0.52,0.5531914893617021,0.6116504854368932,0.5714285714285714,0.6296296296296297,0.5384615384615384,0.5918367346938775,0.058458996075191005,0.05820105820105825,0.11157625443339736
0.52,0.5364444444444445,0.5180722891566265,0.5733333333333334,0.5186307719736137,0.52,0.8541666666666666,0.4117647058823529,0.84,0.44,0.8695652173913043,0.38461538461538464,0.4424019607843137,0.39999999999999997,0.8849498327759197
0.5,0.4800888888888889,0.5,1.0,0.3333333333333333,0.5,1.0,1.0,1.0,1.0,1.0,1.0,0.0,0.0,0.0
0.5,0.5158222222222223,0.5,1.0,0.3333333333333333,0.5,1.0,1.0,1.0,1.0,1.0,1.0,0.0,0.0,0.0
0.5266666666666667,0.5253333333333334,0.5185185185185185,0.7466666666666667,0.5025921255429452,0.5266666666666666,0.8717948717948718,0.6666666666666666,0.8823529411764706,0.7068965517241379,0.8636363636363636,0.6226415094339622,0.20512820512820518,0.17545638945233266,0.41645124365473407
