acc,auc,precision,recall,maf1,mif1,yp1.a1,yp1.a0,yp1.y1a1,yp1.y1a0,yp1.y0a1,yp1.y0a0,parity,equality,eq_odds
0.7822666666666667,0.688139913692613,0.7836889008911693,0.994687232219366,0.47415127758591236,0.7822666666666667,0.972809667673716,0.9888856390757531,0.9897119341563786,0.9951392783697888,0.9261363636363636,0.9664204163868368,0.016075971402037093,0.005427344213410179,0.04571139696388338
0.7808,0.6790657163273265,0.7916199551569507,0.9729590079228384,0.5370689503697366,0.7808,0.9410071942446043,0.9525349008082292,0.9686888454011742,0.973371104815864,0.8641304347826086,0.8794701986754967,0.011527706563624895,0.0046822594146898044,0.020022023307577852
0.7912,0.6784909678270322,0.8033016228315613,0.9728905455777702,0.5384615384615384,0.7912,0.9167822468793343,0.9569258002655259,0.9576427255985267,0.9744355290166076,0.7921348314606742,0.8908450704225352,0.04014355338619158,0.01679280341808087,0.11550304237994191
0.7886666666666667,0.6857455078821207,0.796875,0.9802687531893179,0.5200204274460859,0.7886666666666666,0.9451612903225807,0.9659883720930232,0.9648351648351648,0.9815634218289085,0.8909090909090909,0.907967032967033,0.020827081770442568,0.016728256993743695,0.033786199051685784
0.7864,0.6922114835853976,0.7930226144511858,0.982740943267259,0.5164052719432467,0.7864,0.9300291545189504,0.9706486645142354,0.9634146341463414,0.9845149253731343,0.845360824742268,0.9195323246217332,0.040619509995284964,0.02110029122679291,0.09527179110625805
