acc,auc,precision,recall,maf1,mif1,yp1.a1,yp1.a0,yp1.y1a1,yp1.y1a0,yp1.y0a1,yp1.y0a0,parity,equality,eq_odds
0.7028191072826938,0.7784004344860376,0.7512820512820513,0.6525612472160356,0.7027567232130658,0.7028191072826938,0.488135593220339,0.44218094667465546,0.6964656964656964,0.628175519630485,0.2400990099009901,0.24159402241594022,0.04595464654568354,0.06829017683521144,0.06978518935016156
0.706342991386061,0.7854247690212027,0.7630252100840336,0.6598837209302325,0.7063365084660325,0.706342991386061,0.5376827896512936,0.4276276276276276,0.728515625,0.6192129629629629,0.27851458885941643,0.2209737827715356,0.11005516202366594,0.10930266203703709,0.16684346812491793
0.7157400156617071,0.7879243028869838,0.75814332247557,0.6845588235294118,0.7156896297931846,0.7157400156617071,0.5528205128205128,0.43635212159594683,0.7509293680297398,0.6411192214111923,0.30892448512585813,0.21400264200792601,0.11646839122456598,0.10981014661854749,0.2047319897364796
0.706734534064213,0.7772707159411949,0.7840909090909091,0.6411722659042173,0.7067290938930322,0.706734534064213,0.5058448459086079,0.41413515189088657,0.6795580110497238,0.616822429906542,0.26884422110552764,0.18494055482166447,0.09170969401772133,0.06273558114318178,0.14663924742704496
0.721221613155834,0.7884348298476939,0.7894248608534323,0.6369760479041916,0.7203814177259724,0.721221613155834,0.4886240520043337,0.384426732066217,0.6962524654832347,0.6007237635705669,0.23557692307692307,0.16084788029925187,0.10419731993811665,0.09552870191266782,0.17025774469033902
