acc,auc,precision,recall,maf1,mif1,yp1.a1,yp1.a0,yp1.y1a1,yp1.y1a0,yp1.y0a1,yp1.y0a0,parity,equality,eq_odds
0.5933333333333334,0.6427555555555555,0.7692307692307693,0.26666666666666666,0.5447534703219066,0.5933333333333334,0.14893617021276595,0.18446601941747573,0.23809523809523808,0.2777777777777778,0.07692307692307693,0.08163265306122448,0.03552984920470978,0.03968253968253971,0.044392115820687264
0.5333333333333333,0.5521777777777778,0.518796992481203,0.92,0.45129598662207365,0.5333333333333333,0.9583333333333334,0.8529411764705882,1.0,0.88,0.9130434782608695,0.8269230769230769,0.10539215686274517,0.12,0.20612040133779264
0.6133333333333334,0.6126222222222223,0.7297297297297297,0.36,0.5868161094224924,0.6133333333333333,0.1702127659574468,0.2815533980582524,0.2608695652173913,0.40384615384615385,0.08333333333333333,0.1568627450980392,0.11134063210080561,0.14297658862876256,0.21650600039346846
0.5933333333333334,0.6177777777777778,0.5853658536585366,0.64,0.5924457707897198,0.5933333333333334,0.4528301886792453,0.5979381443298969,0.56,0.68,0.35714285714285715,0.5106382978723404,0.1451079556506516,0.12,0.27349544072948323
0.4733333333333334,0.3984,0.4,0.10666666666666667,0.39152759948652116,0.47333333333333333,0.05128205128205128,0.16216216216216217,0.0,0.13793103448275862,0.09090909090909091,0.18867924528301888,0.11088011088011089,0.13793103448275862,0.2357011888566866
