acc,auc,precision,recall,maf1,mif1,yp1.a1,yp1.a0,yp1.y1a1,yp1.y1a0,yp1.y0a1,yp1.y0a0,parity,equality,eq_odds
0.605716523101018,0.6439742432937289,0.7078239608801956,0.4298440979955457,0.5963525616427284,0.605716523101018,0.29265536723163843,0.33493109646494906,0.41164241164241167,0.4399538106235566,0.15099009900990099,0.22166874221668742,0.04227572923331063,0.02831139898114493,0.09899004218793137
0.658966327329679,0.7208821119753622,0.6844411979547115,0.6809593023255814,0.6570482861541047,0.658966327329679,0.6299212598425197,0.4858858858858859,0.76953125,0.6284722222222222,0.4403183023872679,0.33208489388264667,0.1440353739566338,0.1410590277777778,0.249292436282399
0.63469068128426,0.7111137796827274,0.7333333333333333,0.4933823529411765,0.6302786236001908,0.63469068128426,0.4646153846153846,0.29259024699176694,0.6022304832713755,0.4221411192214112,0.2951945080091533,0.15191545574636725,0.17202513762361765,0.18008936404996434,0.3233684163127504
0.6644479248238058,0.724110914103766,0.7013372956909361,0.6747676912080057,0.662560713242328,0.6644479248238058,0.6280552603613178,0.4680719156850589,0.7790055248618785,0.6086448598130841,0.4221105527638191,0.309114927344782,0.15998334467625885,0.17036066504879432,0.2833562904678314
0.6934220830070478,0.7507939785453723,0.7151750972762646,0.687874251497006,0.693210954115157,0.6934220830070478,0.5113759479956663,0.4984671980380135,0.6982248520710059,0.6815440289505428,0.28365384615384615,0.3092269326683292,0.012908749957652843,0.01668082312046315,0.042253909634946185
