acc,auc,precision,recall,maf1,mif1,yp1.a1,yp1.a0,yp1.y1a1,yp1.y1a0,yp1.y0a1,yp1.y0a0,parity,equality,eq_odds
0.8461538461538463,0.8907304632484488,0.8446726572528883,0.7311111111111112,0.8321959930723175,0.8461538461538461,0.28143213988343047,0.3806646525679758,0.7266187050359713,0.7349896480331263,0.044642857142857144,0.12731310140636565,0.09923251268454536,0.008370942997155018,0.09104118726066351
0.8580207671116763,0.8977662666462158,0.8771676300578035,0.7082847141190198,0.8390266030999953,0.8580207671116762,0.22717622080679406,0.35913705583756345,0.6852103120759837,0.7256908904810645,0.018541409147095178,0.10093727469358327,0.13196083503076939,0.04048057840508079,0.12287644395156888
0.8550540368722187,0.896991891335824,0.8715277777777778,0.7155074116305588,0.8381516512583451,0.8550540368722187,0.24457677584006807,0.36528716216216217,0.7014725568942436,0.7259185700099305,0.031795511221945134,0.09845701689933872,0.1207103863220941,0.02444601311568695,0.09110751879308054
0.8366179275270185,0.8852528158824025,0.8509189925119128,0.6936736958934517,0.8196359980938177,0.8366179275270185,0.2746655518394649,0.34894714224323164,0.6963855421686747,0.691358024691358,0.05057618437900128,0.1033210332103321,0.07428159040376675,0.0050275174773166675,0.057772366308647495
0.840644204280568,0.8872098239858908,0.8112020138451856,0.7403790924755888,0.8255284754302437,0.8406442042805679,0.2933111757374325,0.3819204152249135,0.7236842105263158,0.7558011049723757,0.06429026098026734,0.1414356787491116,0.088609239487481,0.03211689444605992,0.10926231221490416
