acc,auc,precision,recall,maf1,mif1,yp1.a1,yp1.a0,yp1.y1a1,yp1.y1a0,yp1.y0a1,yp1.y0a0,parity,equality,eq_odds
0.6936936936936937,0.7639684527129263,0.7371956339210747,0.651818856718634,0.6936831193890252,0.6936936936936937,0.5231638418079096,0.4364508393285372,0.7068607068607069,0.6212471131639723,0.30445544554455445,0.23690773067331672,0.08671300247937247,0.0856135936967346,0.15316130856797233
0.6940853897375636,0.7715240006173794,0.7302325581395349,0.6850909090909091,0.6934954994147049,0.6940853897375636,0.5765765765765766,0.46726726726726725,0.7416829745596869,0.6516203703703703,0.35278514588859416,0.26841448189762795,0.10930930930930932,0.09006260418931655,0.17443326818028276
0.7144535840188014,0.7886673487500616,0.7498020585906572,0.6963235294117647,0.7142387526065541,0.7144535840188013,0.5784615384615385,0.4429657794676806,0.758364312267658,0.6557177615571776,0.35697940503432496,0.21164021164021163,0.13549575899385785,0.10264655071048034,0.24798574410459368
0.7058362710536623,0.7781084037496453,0.7567353407290016,0.6826304503216584,0.7053089041206428,0.7058362710536623,0.5568544102019128,0.45781637717121587,0.7219152854511971,0.6577102803738317,0.3316582914572864,0.23148148148148148,0.09903803303069697,0.06420500507736537,0.16438181505317032
0.7117117117117117,0.7778841718787476,0.731631863882444,0.7086142322097378,0.7114626982284284,0.7117117117117117,0.5563991323210412,0.47823421213979156,0.7529644268774703,0.6815440289505428,0.3173076923076923,0.26807980049875313,0.07816492018124965,0.07142039792692756,0.12064828973586672
