acc,auc,precision,recall,maf1,mif1,yp1.a1,yp1.a0,yp1.y1a1,yp1.y1a0,yp1.y0a1,yp1.y0a0,parity,equality,eq_odds
0.6829826166514181,0.7486481259622606,0.7330917874396136,0.5625579240037072,0.6777330450108547,0.6829826166514181,0.2660300136425648,0.43565037852718513,0.43882978723404253,0.6287339971550497,0.08403361344537816,0.25466666666666665,0.16962036488462034,0.1899042099210072,0.3605372631422957
0.6816102470265325,0.736144780017411,0.7450980392156863,0.5547445255474452,0.6765282171650169,0.6816102470265325,0.28995756718529,0.41311697092630156,0.4666666666666667,0.603399433427762,0.07255520504731862,0.23932729624838292,0.12315940374101159,0.13673276676109536,0.30350485796215965
0.6564501372369625,0.6967031198664351,0.7186147186147186,0.47248576850094876,0.6420124839861531,0.6564501372369624,0.23983169705469845,0.3543788187372709,0.3713527851458886,0.5288035450516987,0.09226190476190477,0.20603015075376885,0.11454712168257244,0.1574507599058101,0.27121900589767417
0.6980786825251601,0.756287005473733,0.7650834403080873,0.5554520037278659,0.6908618739072303,0.6980786825251601,0.2727272727272727,0.39794520547945206,0.45125348189415043,0.6078431372549019,0.09809264305177112,0.1970509383378016,0.12521793275217935,0.15658965536075148,0.25554795064678193
0.6843549862763038,0.7413520727787765,0.7354838709677419,0.5402843601895735,0.675755504249913,0.6843549862763038,0.20833333333333334,0.4228187919463087,0.3504273504273504,0.6349431818181818,0.06376811594202898,0.23282442748091603,0.21448545861297538,0.28451583139083136,0.4535721429297184
