acc,auc,precision,recall,maf1,mif1,yp1.a1,yp1.a0,yp1.y1a1,yp1.y1a0,yp1.y0a1,yp1.y0a0,parity,equality,eq_odds
0.6942051683633516,0.7754118053005574,0.7293354943273906,0.6681514476614699,0.6941709889642846,0.6942051683633516,0.5514124293785311,0.4469742360695027,0.7172557172557172,0.640877598152425,0.35396039603960394,0.23785803237858033,0.10443819330902837,0.07637811910329229,0.1924804827643159
0.7051683633516054,0.7833944505863307,0.7502008032128514,0.6787790697674418,0.7049653236892888,0.7051683633516054,0.5815523059617548,0.43723723723723723,0.7421875,0.6412037037037037,0.363395225464191,0.21722846441947566,0.14431506872451755,0.10098379629629628,0.24715055734101163
0.7145653876272514,0.7917849049167407,0.7760279965004374,0.6522058823529412,0.7144515257315023,0.7145653876272514,0.5015384615384615,0.4141861937935402,0.6821561338289963,0.6326034063260341,0.2791762013729977,0.17701453104359313,0.08735226774492127,0.049552727502962246,0.15171439783236682
0.7071260767423649,0.7854274388942009,0.8,0.6204431736954967,0.7069059051097757,0.7071260767423649,0.4442082890541977,0.4135151890886547,0.6003683241252302,0.633177570093458,0.23115577889447236,0.16512549537648613,0.03069309996554298,0.03280924596822776,0.098839529486214
0.7231793265465936,0.7914964406163043,0.7893284268629255,0.6422155688622755,0.722449123891078,0.7231793265465936,0.47562296858071507,0.39730226854690376,0.6666666666666666,0.6272617611580217,0.24278846153846154,0.1596009975062344,0.07832070003381131,0.03940490550864495,0.12259236954087208
