acc,auc,precision,recall,maf1,mif1,yp1.a1,yp1.a0,yp1.y1a1,yp1.y1a0,yp1.y0a1,yp1.y0a0,parity,equality,eq_odds
0.5274079874706343,0.5431955021100006,0.5274079874706343,1.0,0.34529607792873623,0.5274079874706343,1.0,1.0,1.0,1.0,1.0,1.0,0.0,0.0,0.0
0.5391542678151918,0.5443147382240296,0.5389737563650607,1.0,0.35106451645632797,0.5391542678151918,1.0,0.9993993993993994,1.0,1.0,1.0,0.9987515605493134,0.0006006006006006315,0.0,0.0012484394506866447
0.5728269381362568,0.6103926495221204,0.6980854197349042,0.34852941176470587,0.5547217016628019,0.5728269381362568,0.24102564102564103,0.2811906269791007,0.3159851301115242,0.36982968369829683,0.14874141876430205,0.18494055482166447,0.04016498595345966,0.05384455358677265,0.09004368964413506
0.619812059514487,0.6428921090822449,0.666407465007776,0.6125804145818442,0.6188091927839274,0.619812059514487,0.4729011689691817,0.5213887166769994,0.5580110497237569,0.647196261682243,0.35678391959798994,0.37912813738441214,0.04848754770781766,0.08918521195848605,0.11152942974490826
0.523884103367267,0.5173083635684297,0.5236779794790845,0.9932634730538922,0.35177935571668906,0.523884103367267,1.0,0.987737584304108,1.0,0.9891435464414958,1.0,0.986284289276808,0.012262415695892037,0.010856453558504175,0.024572164281696174
