acc,auc,precision,recall,maf1,mif1,yp1.a1,yp1.a0,yp1.y1a1,yp1.y1a0,yp1.y0a1,yp1.y0a0,parity,equality,eq_odds
0.6883320281910729,0.7468473006693814,0.7340696686491079,0.6414253897550112,0.6882890198368111,0.6883320281910729,0.4180790960451977,0.4835230677052127,0.6153846153846154,0.6558891454965358,0.18316831683168316,0.29763387297633875,0.06544397166001498,0.040504530111920345,0.15497008625657593
0.6985121378230227,0.7636125725510325,0.7607573149741824,0.6424418604651163,0.6985003050902546,0.6985121378230227,0.46231721034870643,0.45105105105105103,0.65234375,0.6365740740740741,0.20424403183023873,0.250936329588015,0.011266159297655398,0.01576967592592593,0.06246197368370218
0.7192638997650744,0.7866932702729332,0.7663628831814416,0.6801470588235294,0.7192566260810054,0.7192638997650745,0.4625641025641026,0.47878404053198226,0.6691449814126395,0.6873479318734793,0.20823798627002288,0.2523117569352708,0.016219937967879683,0.018202950460839862,0.062276721126087786
0.7079091620986687,0.7715232587284053,0.7802575107296137,0.6497498213009293,0.7079046841118928,0.7079091620986687,0.412327311370882,0.48171109733415995,0.5911602209944752,0.6869158878504673,0.16834170854271358,0.24966974900924702,0.06938378596327793,0.09575566685599213,0.17708370732252557
0.7090837901331245,0.77129853593306,0.7649687220732797,0.6407185628742516,0.7086460165374018,0.7090837901331245,0.39003250270855905,0.4653586756591048,0.5838264299802761,0.6755126658624849,0.15384615384615385,0.24812967581047382,0.07532617295054578,0.09168623588220881,0.18596975784652878
