acc,auc,precision,recall,maf1,mif1,yp1.a1,yp1.a0,yp1.y1a1,yp1.y1a0,yp1.y0a1,yp1.y0a0,parity,equality,eq_odds
0.6573650503202196,0.6861056902197072,0.7530674846625767,0.45505097312326226,0.6418487211507816,0.6573650503202195,0.41609822646657574,0.23881624225739848,0.598404255319149,0.3783783783783784,0.22408963585434175,0.108,0.17728198420917726,0.22002587694077058,0.3361155127951123
0.6440988106129918,0.6923918502645148,0.6456043956043956,0.6432481751824818,0.6440985126999752,0.6440988106129918,0.6492220650636492,0.4279918864097363,0.7589743589743589,0.5793201133144475,0.5141955835962145,0.2897800776196636,0.22123017865391292,0.1796542456599114,0.4040697516364623
0.6715462031107046,0.6839425443037126,0.7282608695652174,0.50853889943074,0.6604018365218596,0.6715462031107045,0.42496493688639553,0.2939579090291921,0.5755968169761273,0.4711964549483013,0.25595238095238093,0.14321608040201006,0.13100702785720342,0.10440036202782599,0.21713666257819686
0.5649588289112535,0.572471067591432,0.577020202020202,0.42590866728797766,0.555371287472824,0.5649588289112535,0.30578512396694213,0.3904109589041096,0.37047353760445684,0.453781512605042,0.24250681198910082,0.3297587131367292,0.08462583493716747,0.08330797500058518,0.17055987614821358
0.6527904849039342,0.6550240738179944,0.7032967032967034,0.48530805687203793,0.6405747860734411,0.6527904849039341,0.34051724137931033,0.3295302013422819,0.4586894586894587,0.49857954545454547,0.22028985507246376,0.178117048346056,0.01098704003702844,0.03989008676508676,0.08206289349149454
