acc,auc,precision,recall,maf1,mif1,yp1.a1,yp1.a0,yp1.y1a1,yp1.y1a0,yp1.y0a1,yp1.y0a0,parity,equality,eq_odds
0.7862666666666667,0.7037587201597484,0.794543429844098,0.9782347900599828,0.5338424922313867,0.7862666666666667,0.9335347432024169,0.9602222872184849,0.9670781893004116,0.9792484576556366,0.8409090909090909,0.8918737407656145,0.026687544016067988,0.012170268355225056,0.06313491821174866
0.7828,0.7049429995676825,0.7894663894663895,0.9810540819841543,0.5258756999178728,0.7828,0.9467625899280575,0.9635562086700955,0.9706457925636007,0.9820585457979226,0.8804347826086957,0.8986754966887417,0.016793618742037997,0.011412753234321893,0.02965346731436791
0.7882666666666667,0.6849884683031017,0.8074401368301026,0.9598441206370721,0.5571713039866183,0.7882666666666667,0.8987517337031901,0.9393715887299011,0.9429097605893186,0.9615599925359208,0.7640449438202247,0.8556338028169014,0.04061985502671106,0.018650231946602203,0.11023909094327888
0.794,0.7034839655025327,0.8018105849582172,0.9792481714577309,0.5428546675514869,0.7940000000000002,0.9403225806451613,0.9588662790697674,0.9714285714285714,0.9799041297935103,0.8545454545454545,0.8804945054945055,0.018543698424606125,0.008475558364938851,0.03442460931398983
0.7894666666666666,0.7047747139804497,0.800196712097794,0.9731715652768285,0.5503992989532019,0.7894666666666666,0.9212827988338192,0.9517170531259173,0.959349593495935,0.9744402985074627,0.8247422680412371,0.8679504814305364,0.030434254292098006,0.01509070501152776,0.05829891840082713
