acc,auc,precision,recall,maf1,mif1,yp1.a1,yp1.a0,yp1.y1a1,yp1.y1a0,yp1.y0a1,yp1.y0a0,parity,equality,eq_odds
0.6952604778691734,0.7655658850021114,0.7579329102447869,0.6206384558277654,0.6947636464224245,0.6952604778691736,0.4135593220338983,0.44184652278177455,0.6153846153846154,0.6235565819861432,0.17326732673267325,0.2456359102244389,0.028287200747876273,0.008171966601527747,0.08054055009329339
0.7011359185272229,0.7627954931316561,0.7459807073954984,0.6749090909090909,0.7009360472855182,0.7011359185272229,0.48986486486486486,0.4858858858858859,0.6712328767123288,0.6770833333333334,0.2440318302387268,0.27965043695380776,0.003978978978978975,0.005850456621004585,0.04146906333608555
0.7046611829220525,0.7821107193925348,0.7431781701444623,0.6808823529411765,0.704533844973139,0.7046611829220525,0.48102564102564105,0.4923954372623574,0.6691449814126395,0.6885644768856448,0.2494279176201373,0.2791005291005291,0.011369796236716356,0.019419495473005366,0.04909210695339719
0.7121034077555817,0.7733581674456749,0.7808798646362098,0.6597569692637598,0.7120687737119316,0.7121034077555817,0.43358129649309246,0.4801488833746898,0.6077348066298343,0.6927570093457944,0.19597989949748743,0.23941798941798942,0.046567586881597345,0.08502220271596017,0.12846029263646216
0.7062279670975323,0.778297448386561,0.7383863080684596,0.6786516853932584,0.7062243162034378,0.7062279670975323,0.46963123644251625,0.48681790312691603,0.66600790513834,0.6863691194209891,0.23076923076923078,0.2805486284289277,0.017186666684399776,0.020361214282649143,0.07014061194234605
