acc,auc,precision,recall,maf1,mif1,yp1.a1,yp1.a0,yp1.y1a1,yp1.y1a0,yp1.y0a1,yp1.y0a0,parity,equality,eq_odds
0.9040050858232677,0.9503553347797952,0.9238514789175583,0.8155555555555556,0.8957219200469697,0.9040050858232677,0.32556203164029973,0.34829520932239966,0.8345323741007195,0.7991718426501035,0.0548469387755102,0.025906735751295335,0.022733177682099925,0.035360531450615906,0.06430073447483077
0.9035812672176309,0.9479092605284465,0.9177173191771731,0.8068844807467911,0.8927765487836004,0.9035812672176309,0.29129511677282377,0.3472927241962775,0.8100407055630936,0.804503582395087,0.0550061804697157,0.025234318673395817,0.05599760742345372,0.005537123168006586,0.03530898496432647
0.9097266369993643,0.9486219885744173,0.930609597924773,0.8181299885974914,0.9006969560214091,0.9097266369993643,0.3002977456401531,0.3530405405405405,0.8340026773761714,0.8063555114200596,0.051745635910224436,0.01763409257898604,0.05274279490038741,0.02764716595611183,0.06175870928735022
0.9080313625768172,0.9552881287960622,0.9412903225806452,0.8096559378468369,0.8996069268096034,0.9080313625768172,0.31354515050167225,0.3437902879243661,0.8228915662650602,0.7983539094650206,0.04289372599231754,0.017712177121771217,0.030245137422693857,0.02453765680003961,0.049719205670585936
0.9069718160627253,0.9531868587138538,0.9162404092071611,0.823090178058587,0.8977954879643446,0.9069718160627251,0.3327793934358122,0.33001730103806226,0.8325358851674641,0.8143646408839779,0.0668364099299809,0.01847903340440654,0.002762092397749938,0.018171244283486265,0.06652862080906062
