acc,auc,precision,recall,maf1,mif1,yp1.a1,yp1.a0,yp1.y1a1,yp1.y1a0,yp1.y0a1,yp1.y0a0,parity,equality,eq_odds
0.7796000000000001,0.659590644629205,0.7804452789699571,0.9972579263067695,0.45419891302926585,0.7796,0.9848942598187311,0.9950277859023107,0.9897119341563786,0.9979435408487568,0.9715909090909091,0.984553391537945,0.010133526083579536,0.008231606692378213,0.02119408913941412
0.7738666666666667,0.5984391630040332,0.7742925787506674,0.9991388219083707,0.4379936443796979,0.7738666666666667,0.9928057553956835,0.9995591476855253,0.9921722113502935,0.9998111425873466,0.9945652173913043,0.9986754966887417,0.006753392289841842,0.007638931237053059,0.011749210534490406
0.7865333333333334,0.6769859414237298,0.7936637989894851,0.9847509318874957,0.4884847839399345,0.7865333333333333,0.9306518723994452,0.9812656734031568,0.9558011049723757,0.9876842694532562,0.8539325842696629,0.9570422535211267,0.0506138010037116,0.031883164480880466,0.13499283373234428
0.7833333333333333,0.5983696610831283,0.7840544871794872,0.998639224357884,0.44166545913698957,0.7833333333333333,0.9903225806451613,0.9991279069767441,0.9934065934065934,0.9990781710914455,0.9818181818181818,0.9993131868131868,0.008805326331582819,0.005671577684852047,0.02316658267985705
0.7801333333333333,0.46050194854966187,0.7802373649819976,0.9998291182501708,0.4382443262676953,0.7801333333333335,1.0,0.9998532433225712,1.0,0.9998134328358209,1.0,1.0,0.00014675667742880538,0.0001865671641790856,0.0001865671641790856
