acc,auc,precision,recall,maf1,mif1,yp1.a1,yp1.a0,yp1.y1a1,yp1.y1a0,yp1.y0a1,yp1.y0a0,parity,equality,eq_odds
0.8811188811188811,0.9327058353317346,0.9619686800894854,0.7166666666666667,0.8661522087426905,0.881118881118881,0.22647793505412156,0.34397928355632285,0.6390887290167866,0.7836438923395446,0.00701530612244898,0.029607698001480384,0.11750134850220129,0.14455516332275797,0.16714755520178937
0.8936215299851664,0.933481731148203,0.9604863221884499,0.7374562427071178,0.8779919284063238,0.8936215299851663,0.2110403397027601,0.3464467005076142,0.6580732700135685,0.797338792221085,0.007416563658838072,0.02883922134102379,0.13540636080485413,0.13926552220751642,0.16068817988970213
0.8906547997457089,0.9335279899857902,0.9668174962292609,0.7309007981755986,0.8756549678695007,0.8906547997457088,0.21310080816673757,0.3483952702702703,0.6559571619812584,0.7864945382323734,0.00685785536159601,0.024246877296105803,0.13529446210353271,0.13053737625111494,0.14792639818562475
0.8885357067175249,0.9308240149120106,0.9725925925925926,0.7286348501664817,0.8747219063877346,0.8885357067175249,0.22826086956521738,0.345509239363988,0.6481927710843374,0.7973251028806584,0.005121638924455826,0.021402214022140223,0.1172483697987706,0.14913233179632102,0.16541290689400542
0.8834498834498835,0.9358858510177449,0.9641465315666407,0.710511200459506,0.8661858855380837,0.8834498834498834,0.22434565849605317,0.3213667820069204,0.6267942583732058,0.7878453038674034,0.010184595798854232,0.021321961620469083,0.09702112351086725,0.16105104549419758,0.17218841131581242
