acc,auc,precision,recall,maf1,mif1,yp1.a1,yp1.a0,yp1.y1a1,yp1.y1a0,yp1.y0a1,yp1.y0a0,parity,equality,eq_odds
0.5733333333333334,0.6613333333333333,0.5495495495495496,0.8133333333333334,0.547255234861347,0.5733333333333334,0.5531914893617021,0.8252427184466019,0.7619047619047619,0.8333333333333334,0.38461538461538464,0.8163265306122449,0.27205122908489976,0.07142857142857151,0.5031397174254317
0.6666666666666667,0.7758222222222222,0.7906976744186046,0.4533333333333333,0.6507729558577016,0.6666666666666666,0.2708333333333333,0.29411764705882354,0.4,0.48,0.13043478260869565,0.11538461538461539,0.023284313725490224,0.07999999999999996,0.09505016722408022
0.6066666666666667,0.6673777777777778,0.6290322580645161,0.52,0.6036899377546909,0.6066666666666667,0.1276595744680851,0.5436893203883495,0.21739130434782608,0.6538461538461539,0.041666666666666664,0.43137254901960786,0.4160297459202644,0.4364548494983278,0.8261607318512689
0.6533333333333333,0.7008,0.6885245901639344,0.56,0.650286944045911,0.6533333333333333,0.2641509433962264,0.4845360824742268,0.4,0.64,0.14285714285714285,0.3191489361702128,0.2203851390780004,0.24,0.4162917933130699
0.56,0.6684444444444444,0.5671641791044776,0.5066666666666667,0.558744874309146,0.56,0.5384615384615384,0.4144144144144144,0.6470588235294118,0.46551724137931033,0.45454545454545453,0.3584905660377358,0.12404712404712404,0.18154158215010147,0.27759647065782017
