acc,auc,precision,recall,maf1,mif1,yp1.a1,yp1.a0,yp1.y1a1,yp1.y1a0,yp1.y0a1,yp1.y0a0,parity,equality,eq_odds
0.5403288958496476,0.6744270153872272,0.5365132967496834,0.9435783221974758,0.4203390433416231,0.5403288958496476,0.9898305084745763,0.8945476333133613,0.9916839916839917,0.9168591224018475,0.9876237623762376,0.8704856787048568,0.09528287516121503,0.07482486928214416,0.19196295295352495
0.5904463586530931,0.6499258449480791,0.5953757225433526,0.748546511627907,0.5703774654193199,0.5904463586530931,0.8470191226096738,0.5867867867867868,0.861328125,0.6817129629629629,0.8275862068965517,0.484394506866417,0.2602323358228871,0.1796151620370371,0.5228068620671718
0.5916209866875489,0.6708160902551976,0.5839068290100582,0.8110294117647059,0.5589619084185459,0.5916209866875489,0.8758974358974358,0.6554781507283091,0.8903345724907064,0.7591240875912408,0.8581235697940504,0.5429326287978864,0.2204192851691268,0.13121048489946552,0.4464014258956295
0.6656225528582616,0.7156144308395915,0.7303465765004227,0.6175839885632595,0.6655823586520482,0.6656225528582616,0.5579171094580234,0.4079355238685679,0.6721915285451197,0.5829439252336449,0.4020100502512563,0.21003963011889035,0.1499815855894555,0.08924760331147474,0.2812180234438407
0.5234925606891151,0.5319533347098906,0.5233791748526523,0.9970059880239521,0.34728549237954665,0.5234925606891151,0.9956663055254604,0.996934396076027,0.9940828402366864,0.9987937273823885,0.9975961538461539,0.9950124688279302,0.0012680905505665363,0.004710887145702114,0.0072945721639258165
