acc,auc,precision,recall,maf1,mif1,yp1.a1,yp1.a0,yp1.y1a1,yp1.y1a0,yp1.y0a1,yp1.y0a0,parity,equality,eq_odds
0.9635974304068523,0.9939852460390645,0.9527027027027027,0.9337748344370861,0.9581860795828615,0.9635974304068522,0.3157894736842105,0.3171355498721228,0.9583333333333334,0.9291338582677166,0.019230769230769232,0.022727272727272728,0.0013460761879122707,0.02919947506561682,0.032695978562120316
0.9443254817987152,0.971608832807571,0.9025974025974026,0.9266666666666666,0.9366019214703425,0.9443254817987152,0.32954545454545453,0.32981530343007914,0.9230769230769231,0.9274193548387096,0.08064516129032258,0.0392156862745098,0.00026984888462461276,0.004342431761786503,0.04577190677759928
0.9443207126948775,0.991096196868009,0.9558823529411765,0.87248322147651,0.9357488337483186,0.9443207126948775,0.2804878048780488,0.3079019073569482,0.9565217391304348,0.8571428571428571,0.01694915254237288,0.02074688796680498,0.027414102478899416,0.09937888198757772,0.10317661741200981
0.956140350877193,0.9805346884666372,0.95,0.910958904109589,0.9490605241403963,0.956140350877193,0.3037974683544304,0.3076923076923077,0.9230769230769231,0.9083333333333333,0.0,0.027237354085603113,0.0038948393378773205,0.014743589743589802,0.041980943829192915
0.941304347826087,0.9830948433819039,0.8940397350993378,0.9246575342465754,0.9328761126513936,0.941304347826087,0.3375,0.3263157894736842,0.9259259259259259,0.9243697478991597,0.03773584905660377,0.05363984674329502,0.011184210526315796,0.0015561780267662195,0.017460175713457468
