acc,auc,precision,recall,maf1,mif1,yp1.a1,yp1.a0,yp1.y1a1,yp1.y1a0,yp1.y0a1,yp1.y0a0,parity,equality,eq_odds
0.9124814579360034,0.9556836435613414,0.9262446220036877,0.8372222222222222,0.9053895307295055,0.9124814579360034,0.30432972522897583,0.3867069486404834,0.8237410071942446,0.8488612836438924,0.02806122448979592,0.056254626202812734,0.08237722341150755,0.02512027644964776,0.05331367816266458
0.9120576393303667,0.955210782495918,0.918222794591114,0.8319719953325554,0.9028610525936729,0.9120576393303667,0.27261146496815286,0.3853637901861252,0.8005427408412483,0.8556806550665302,0.032138442521631644,0.05407354001441961,0.11275232521797235,0.055137914225281914,0.07707301171806988
0.9082432718796356,0.9521583045065867,0.9253058596265293,0.8192702394526796,0.8992204621040555,0.9082432718796355,0.2717992343683539,0.3859797297297297,0.7951807228915663,0.8371400198609732,0.02805486284289277,0.05216752387950037,0.11418049536137581,0.04195929696940692,0.06607195800601452
0.9114219114219114,0.9518474882401262,0.9357682619647355,0.8246392896781354,0.9037912042889918,0.9114219114219113,0.2938963210702341,0.38031800601633003,0.8048192771084337,0.8415637860082305,0.02240717029449424,0.04944649446494465,0.08642168494609592,0.036744508899796746,0.06378383307024715
0.9158720067810977,0.9575032142662889,0.9324324324324325,0.8322802986789202,0.9074440058721859,0.9158720067810977,0.29912754466140423,0.3607266435986159,0.8098086124401914,0.8530386740331491,0.02737110120942075,0.04406538734896944,0.06159909893721166,0.043230061592957725,0.05992434773250642
