acc,auc,precision,recall,maf1,mif1,yp1.a1,yp1.a0,yp1.y1a1,yp1.y1a0,yp1.y0a1,yp1.y0a0,parity,equality,eq_odds
0.860563678745497,0.8993789730120665,0.8910958904109589,0.7227777777777777,0.8458262745105828,0.8605636787454969,0.24396336386344714,0.3772119119551144,0.6438848920863309,0.7908902691511387,0.03125,0.08142116950407106,0.13324854809166725,0.14700537706480776,0.19717654656887884
0.8679805043441408,0.8922451301506434,0.8967272727272727,0.719369894982497,0.8500954591156942,0.8679805043441408,0.2229299363057325,0.3595600676818951,0.6322930800542741,0.7850562947799385,0.03646477132262052,0.059841384282624366,0.1366301313761626,0.15276321472566445,0.1761398276856683
0.8609874973511338,0.8935817144527276,0.9329652996845426,0.6744583808437856,0.8403404130309566,0.8609874973511337,0.19523606975754998,0.3416385135135135,0.5769745649263721,0.746772591857001,0.017456359102244388,0.04188096987509184,0.1464024437559635,0.16979802693062884,0.1942226377034763
0.8654375927103201,0.9010498372090281,0.9112050739957717,0.7175360710321864,0.8503584801705192,0.86543759271032,0.2403846153846154,0.36269875376020627,0.6397590361445783,0.7839506172839507,0.028169014084507043,0.06051660516605166,0.12231413837559088,0.14419158113937236,0.17653917222091697
0.8637423182877729,0.8897226029365645,0.9282371294851794,0.6835152211372775,0.843531779866954,0.8637423182877728,0.21769837972579975,0.32785467128027684,0.5921052631578947,0.7679558011049724,0.018459579885423297,0.04477611940298507,0.11015629155447709,0.17585053794707772,0.2021670774646395
