acc,auc,precision,recall,maf1,mif1,yp1.a1,yp1.a0,yp1.y1a1,yp1.y1a0,yp1.y0a1,yp1.y0a0,parity,equality,eq_odds
0.6280878316559927,0.6718414202986639,0.6889204545454546,0.4494902687673772,0.6150030317229349,0.6280878316559927,0.24693042291950887,0.3599449415003441,0.324468085106383,0.5163584637268848,0.16526610644257703,0.21333333333333335,0.11301451858083525,0.1918903786205018,0.2399576055112581
0.5388838060384263,0.561034286479609,0.680327868852459,0.15145985401459855,0.4576536840861655,0.5388838060384263,0.056577086280056574,0.13793103448275862,0.05897435897435897,0.20254957507082152,0.05362776025236593,0.07891332470892626,0.08135394820270204,0.14357521609646257,0.1688607805530229
0.5388838060384263,0.5529398354577213,0.5351681957186545,0.33206831119544594,0.5157288435976961,0.5388838060384263,0.332398316970547,0.2830957230142566,0.26790450928381965,0.36779911373707536,0.40476190476190477,0.21105527638190955,0.049302593956290386,0.09989460445325571,0.2936012328332509
0.5622140896614822,0.5614038613387995,0.5792349726775956,0.3951537744641193,0.5484986840216816,0.5622140896614821,0.2493112947658402,0.3773972602739726,0.2590529247910863,0.4635854341736695,0.23978201634877383,0.2949061662198391,0.12808596550813237,0.20453250938258316,0.25965665925364845
0.5924062214089661,0.5980640376129834,0.6846846846846847,0.2881516587677725,0.5477374752909876,0.5924062214089661,0.10344827586206896,0.24966442953020135,0.16809116809116809,0.34801136363636365,0.03768115942028986,0.16157760814249364,0.1462161536681324,0.17992019554519556,0.30381664426739935
