acc,auc,precision,recall,maf1,mif1,yp1.a1,yp1.a0,yp1.y1a1,yp1.y1a0,yp1.y0a1,yp1.y0a0,parity,equality,eq_odds
0.6816758026624902,0.7481500206971337,0.7225,0.643652561247216,0.6816734114002325,0.6816758026624902,0.4519774011299435,0.4793289394847214,0.6237006237006237,0.6547344110854504,0.24752475247524752,0.2901618929016189,0.027351538354777882,0.03103378738482665,0.07367092781119805
0.6961628817541112,0.7596981482212659,0.7508361204013378,0.6526162790697675,0.6961477890997936,0.6961628817541112,0.5050618672665916,0.4486486486486487,0.677734375,0.6377314814814815,0.27055702917771884,0.24469413233458176,0.05641321861794296,0.04000289351851849,0.06586579036165557
0.7173061863743148,0.7755918070745886,0.7731164383561644,0.6639705882352941,0.7172768864684526,0.7173061863743148,0.46153846153846156,0.45471817606079795,0.6524163568773235,0.6715328467153284,0.22654462242562928,0.2192866578599736,0.006820285477663612,0.019116489838004957,0.026374454403660652
0.7075176194205168,0.7675680526288104,0.7725752508361204,0.6604717655468192,0.7074422252840145,0.7075176194205168,0.45483528161530284,0.47613143211407316,0.6335174953959485,0.677570093457944,0.21105527638190955,0.24834874504623514,0.021296150498770317,0.04405259806199546,0.08134606672632105
0.7051683633516054,0.7685460360068042,0.7415078707539354,0.6699101796407185,0.7051628941274408,0.7051683633516054,0.457204767063922,0.48129981606376454,0.6528599605522682,0.6803377563329313,0.21875,0.27556109725685785,0.02409504899984255,0.027477795780663006,0.08428889303752085
