acc,auc,precision,recall,maf1,mif1,yp1.a1,yp1.a0,yp1.y1a1,yp1.y1a0,yp1.y0a1,yp1.y0a0,parity,equality,eq_odds
0.8315321042593771,0.8842788626241864,0.8043609933373713,0.7377777777777778,0.8184221420147401,0.831532104259377,0.2922564529558701,0.40958135520069056,0.7158273381294964,0.7567287784679089,0.06696428571428571,0.16136195410806808,0.11732490224482045,0.040901440338412476,0.13529910873219486
0.8306844670481035,0.8759624662901387,0.7764350453172205,0.749708284714119,0.8155924881083333,0.8306844670481034,0.24416135881104034,0.45685279187817257,0.6797829036635007,0.8024564994882293,0.04573547589616811,0.21341023792357605,0.21269143306713223,0.12267359582472859,0.29034835785213653
0.8650137741046833,0.905171508726861,0.9061818181818182,0.7103762827822121,0.847726854466986,0.8650137741046832,0.23096554657592513,0.35135135135135137,0.6880856760374833,0.7269116186693148,0.01807980049875312,0.07347538574577517,0.12038580477542624,0.03882594263183148,0.09422152787885353
0.8084339902521721,0.8692002030273756,0.7288481141692151,0.7935627081021087,0.8002533696781224,0.8084339902521721,0.3110367892976589,0.5234207133648474,0.7313253012048193,0.8467078189300411,0.08770806658130602,0.2915129151291513,0.21238392406718853,0.11538251772522179,0.31918736627306704
0.8361941089213817,0.8838536015019582,0.782051282051282,0.7708213670304422,0.8235765586298566,0.8361941089213817,0.28791026173660156,0.44247404844290655,0.7248803827751196,0.8132596685082873,0.05537873965626989,0.20398009950248755,0.154563786706305,0.08837928573316778,0.23698064557938545
