acc,auc,precision,recall,maf1,mif1,yp1.a1,yp1.a0,yp1.y1a1,yp1.y1a0,yp1.y0a1,yp1.y0a0,parity,equality,eq_odds
0.6665141811527905,0.712084527394548,0.774294670846395,0.4578313253012048,0.6504229884603614,0.6665141811527905,0.31377899045020463,0.2807983482450103,0.4867021276595745,0.4423897581792319,0.13165266106442577,0.12933333333333333,0.03298064220519431,0.04431236948034262,0.046631697211435064
0.5860018298261666,0.6297181577713789,0.597948717948718,0.531934306569343,0.5848528897330345,0.5860018298261666,0.49363507779349364,0.4232589587559162,0.5692307692307692,0.5113314447592068,0.40063091482649843,0.3428201811125485,0.07037611903757746,0.05789932447156243,0.11571005818551233
0.5365965233302836,0.6934285340717845,0.5105724600309438,0.9392789373814042,0.4634766594618771,0.5365965233302836,0.9144460028050491,0.8737270875763747,0.9602122015915119,0.9276218611521418,0.8630952380952381,0.8278894472361809,0.040718915228674324,0.032590340439370036,0.06779613129842732
0.6326623970722781,0.6416735538401122,0.6537585421412301,0.5349487418452936,0.6283675366597288,0.6326623970722781,0.3333333333333333,0.43561643835616437,0.49303621169916434,0.5560224089635855,0.1771117166212534,0.3203753351206434,0.10228310502283106,0.06298619726442112,0.20624981576381113
0.6440988106129918,0.6755218089096173,0.6444212721584984,0.5857819905213271,0.6418817219244761,0.6440988106129918,0.4051724137931034,0.45436241610738254,0.5498575498575499,0.6036931818181818,0.2579710144927536,0.32061068702290074,0.04919000231427911,0.0538356319606319,0.11647530449077903
