acc,auc,precision,recall,maf1,mif1,yp1.a1,yp1.a0,yp1.y1a1,yp1.y1a0,yp1.y0a1,yp1.y0a0,parity,equality,eq_odds
0.9086357947434293,0.9747987252599799,0.875,0.8523985239852399,0.8974389182440808,0.9086357947434293,0.44360902255639095,0.3078078078078078,0.9512195121951219,0.8347826086956521,0.21739130434782608,0.02981651376146789,0.13580121474858314,0.11643690349946978,0.30401169408582795
0.9011264080100125,0.965320604882994,0.8309859154929577,0.8838951310861424,0.8905853211231813,0.9011264080100125,0.5231788079470199,0.31635802469135804,0.96,0.8663594470046083,0.3069306930693069,0.03944315545243619,0.20682078325566183,0.09364055299539165,0.36112809061226236
0.9036295369211514,0.9740675789502755,0.8821292775665399,0.8345323741007195,0.8924116487740388,0.9036295369211514,0.4266666666666667,0.3066255778120185,0.8979591836734694,0.8209606986899564,0.19801980198019803,0.02619047619047619,0.1200410888546482,0.07699848498351303,0.24882781077323488
0.8973717146433041,0.9607801327704095,0.8284671532846716,0.8664122137404581,0.8849010596733846,0.8973717146433042,0.5182481751824818,0.3066465256797583,0.9047619047619048,0.8590909090909091,0.3473684210526316,0.03167420814479638,0.21160164950272348,0.04567099567099564,0.36136520857883087
0.9086357947434293,0.9672295911390675,0.8808664259927798,0.8591549295774648,0.8997399257765699,0.9086357947434293,0.4589041095890411,0.3215926493108729,0.9622641509433962,0.8354978354978355,0.17204301075268819,0.04028436018957346,0.1373114602781682,0.12676631544556072,0.25852496600867547
