acc,auc,precision,recall,maf1,mif1,yp1.a1,yp1.a0,yp1.y1a1,yp1.y1a0,yp1.y0a1,yp1.y0a0,parity,equality,eq_odds
0.6789350039154268,0.7489628368051007,0.7140536149471974,0.6525612472160356,0.6789066500673072,0.6789350039154268,0.4858757062146893,0.4799281006590773,0.6694386694386695,0.6431870669745958,0.26732673267326734,0.3038605230386052,0.005947605555611968,0.026251602464073653,0.06278539282941153
0.7032106499608457,0.7714259979468551,0.7614213197969543,0.6540697674418605,0.7032099219672232,0.7032106499608457,0.47581552305961755,0.45585585585585586,0.662109375,0.6493055555555556,0.22281167108753316,0.24719101123595505,0.01995966720376169,0.01280381944444442,0.037183159592866305
0.6957713390759592,0.7808035274411272,0.7439330543933055,0.6536764705882353,0.6957712924359738,0.6957713390759592,0.4748717948717949,0.4635845471817606,0.6598513011152416,0.6496350364963503,0.2471395881006865,0.261558784676354,0.011287247690034252,0.010216264618891246,0.024635461194558755
0.6973375097885669,0.7710714827226621,0.7504,0.6704789135096497,0.6969181707216163,0.6973375097885669,0.4782146652497343,0.49597024178549287,0.6464088397790055,0.6857476635514018,0.24874371859296482,0.2813738441215324,0.017755576535758544,0.03933882377239628,0.07196894930096384
0.7094753328112764,0.7799542540534694,0.7605263157894737,0.6489520958083832,0.7092041040800192,0.7094753328112764,0.46153846153846156,0.43776824034334766,0.6725838264299803,0.6344993968636912,0.20432692307692307,0.2344139650872818,0.023770221195113905,0.0380844295662891,0.06817147157664782
