acc,auc,precision,recall,maf1,mif1,yp1.a1,yp1.a0,yp1.y1a1,yp1.y1a0,yp1.y0a1,yp1.y0a0,parity,equality,eq_odds
0.6806953339432754,0.7367313741101575,0.7265160523186682,0.5662650602409639,0.6758963771071235,0.6806953339432754,0.5538881309686221,0.2993805918788713,0.7207446808510638,0.48364153627311524,0.37815126050420167,0.12666666666666668,0.2545075390897508,0.23710314457794857,0.48858773841548353
0.6848124428179323,0.7445448001071452,0.7553324968632371,0.5492700729927007,0.6790464092779772,0.6848124428179323,0.5403111739745403,0.2805949966193374,0.7,0.4660056657223796,0.3438485804416404,0.111254851228978,0.2597161773552029,0.23399433427762034,0.46658806349028276
0.687099725526075,0.7529334656466029,0.7102272727272727,0.5929791271347249,0.6828855089147783,0.687099725526075,0.541374474053296,0.33536999321113375,0.7082228116710876,0.5288035450516987,0.3541666666666667,0.1708542713567839,0.20600448084216222,0.1794192666193889,0.36273166192927164
0.6747483989021044,0.7372524490286364,0.7124413145539906,0.5657036346691519,0.6700447407108625,0.6747483989021043,0.5537190082644629,0.3082191780821918,0.7075208913649025,0.4943977591036415,0.4032697547683924,0.13002680965147453,0.24549983018227106,0.213123132261261,0.48636607737817883
0.6925892040256176,0.7527449180987342,0.7266272189349112,0.5819905213270142,0.6872355646397547,0.6925892040256175,0.5229885057471264,0.32281879194630875,0.6837606837606838,0.53125,0.35942028985507246,0.1361323155216285,0.20016971380081766,0.15251068376068377,0.3757986580941277
