acc,auc,precision,recall,maf1,mif1,yp1.a1,yp1.a0,yp1.y1a1,yp1.y1a0,yp1.y0a1,yp1.y0a0,parity,equality,eq_odds
0.9084551811824539,0.9364458909063226,0.9018801410105758,0.8527777777777777,0.9019328192900169,0.9084551811824539,0.3130724396336386,0.41001294777729824,0.829736211031175,0.8726708074534162,0.03826530612244898,0.07920059215396003,0.09694050814365962,0.04293459642224118,0.08386988245375222
0.8984954439499895,0.9353043449559952,0.8871473354231975,0.8255542590431738,0.8885451165017105,0.8984954439499894,0.2653927813163482,0.4103214890016921,0.7706919945725916,0.8669396110542477,0.03522867737948084,0.08868060562364816,0.14492870768534388,0.09624761648165603,0.14969954472582334
0.9131171858444587,0.938576820796022,0.9033613445378151,0.8580387685290763,0.9059940062852379,0.9131171858444586,0.289238621863037,0.41638513513513514,0.8353413654618473,0.874875868917577,0.034912718204488775,0.07714915503306392,0.12714651327209814,0.03953450345572962,0.08177094028430476
0.9118457300275482,0.945601523770678,0.8955479452054794,0.8706992230854605,0.9061242930763853,0.9118457300275482,0.32357859531772576,0.42028362698753763,0.844578313253012,0.8930041152263375,0.04673495518565941,0.08118081180811808,0.09670503166981187,0.048425801973325466,0.08287165859578413
0.8976478067387159,0.9343300226937037,0.8941102756892231,0.8196438828259621,0.8880459326244163,0.8976478067387158,0.29248026589115084,0.38581314878892736,0.7739234449760766,0.861878453038674,0.036282622533418206,0.07960199004975124,0.09333288289777653,0.08795500806259748,0.1312743755789305
