acc,auc,precision,recall,maf1,mif1,yp1.a1,yp1.a0,yp1.y1a1,yp1.y1a0,yp1.y0a1,yp1.y0a0,parity,equality,eq_odds
0.9400428265524626,0.9858957163215692,0.9183673469387755,0.8940397350993378,0.9310075556118358,0.9400428265524625,0.19736842105263158,0.3375959079283887,0.5416666666666666,0.9606299212598425,0.038461538461538464,0.03787878787878788,0.14022748687575715,0.41896325459317585,0.41954600517592644
0.9464668094218416,0.9785068349106203,0.8980891719745223,0.94,0.9393471834754192,0.9464668094218416,0.23863636363636365,0.35883905013192613,0.7692307692307693,0.9758064516129032,0.016129032258064516,0.058823529411764705,0.12020268649556248,0.20657568238213397,0.24927017953583416
0.9443207126948775,0.9835123042505594,0.9366197183098591,0.8926174496644296,0.9364515928146424,0.9443207126948775,0.24390243902439024,0.33242506811989103,0.7391304347826086,0.9206349206349206,0.05084745762711865,0.024896265560165973,0.0885226290955008,0.18150448585231194,0.2074556779192646
0.9232456140350876,0.9781926646045073,0.9051094890510949,0.8493150684931506,0.9103406045829658,0.9232456140350878,0.189873417721519,0.32360742705570295,0.5384615384615384,0.9166666666666666,0.018867924528301886,0.04669260700389105,0.13373400933418395,0.3782051282051282,0.40602981068071736
0.9282608695652174,0.9792557368466975,0.8896551724137931,0.8835616438356164,0.9170668546047563,0.9282608695652174,0.2125,0.3368421052631579,0.5555555555555556,0.957983193277311,0.03773584905660377,0.05363984674329502,0.12434210526315789,0.4024276377217554,0.41833163540844664
