acc,auc,precision,recall,maf1,mif1,yp1.a1,yp1.a0,yp1.y1a1,yp1.y1a0,yp1.y0a1,yp1.y0a0,parity,equality,eq_odds
0.7122161315583398,0.7858464820101008,0.7791970802919708,0.6340014847809948,0.7116715138938914,0.7122161315583398,0.4576271186440678,0.4140203714799281,0.6652806652806653,0.6166281755196305,0.2103960396039604,0.19551681195516812,0.0436067471641397,0.04865248976103487,0.06353171740982713
0.7083007047768207,0.7841779523828325,0.7789566755083996,0.6402616279069767,0.7082018866972553,0.7083007047768207,0.5196850393700787,0.4018018018018018,0.712890625,0.5972222222222222,0.2572944297082228,0.19101123595505617,0.1178832375682769,0.11566840277777779,0.18195159653094442
0.7051683633516054,0.7856223519558576,0.7731773177317732,0.6316176470588235,0.7048566557505056,0.7051683633516054,0.5015384615384615,0.39392020265991134,0.6933085501858736,0.5912408759124088,0.2654462242562929,0.17965653896961692,0.10761825887855014,0.10206767427346475,0.1878573595601407
0.7059514487079092,0.7821220475973871,0.762987012987013,0.6719085060757684,0.7056839303193332,0.7059514487079092,0.5270988310308182,0.45629262244265345,0.6906077348066298,0.6600467289719626,0.30402010050251255,0.22589167767503301,0.07080620858816478,0.030561005834667254,0.10868942866214679
0.7192638997650744,0.7865094933286136,0.7643040136635354,0.6699101796407185,0.7191687956536001,0.7192638997650745,0.4962080173347779,0.437155119558553,0.6982248520710059,0.6525934861278649,0.25,0.2144638403990025,0.059052897776224855,0.04563136594314099,0.0811675255441385
