acc,auc,precision,recall,maf1,mif1,yp1.a1,yp1.a0,yp1.y1a1,yp1.y1a0,yp1.y0a1,yp1.y0a0,parity,equality,eq_odds
0.8976478067387159,0.9487990559933006,0.9042357274401474,0.8183333333333334,0.8893815881601919,0.8976478067387158,0.28892589508742716,0.403539059128183,0.7973621103117506,0.8364389233954451,0.018494897959183673,0.09400444115470022,0.11461316404075583,0.039076813083694484,0.11458635627921103
0.8953168044077136,0.9493390051974832,0.9002624671916011,0.8004667444574096,0.8838796349797765,0.8953168044077136,0.24331210191082803,0.4022842639593909,0.7489823609226595,0.8393039918116684,0.012978986402966625,0.09444844989185291,0.15897216204856285,0.09032163088900891,0.1717910943778952
0.9050646323373597,0.951559720878897,0.9153944020356234,0.8204104903078677,0.8960026193751909,0.9050646323373596,0.25818800510421097,0.4075168918918919,0.7817938420348058,0.8490566037735849,0.014339152119700748,0.08082292432035268,0.14932888678768091,0.0672627617387791,0.13374653393943103
0.9029455393091758,0.9522130402474378,0.905307599517491,0.8329633740288568,0.8955079027725938,0.9029455393091756,0.28804347826086957,0.4164159862483885,0.7987951807228916,0.8621399176954733,0.016645326504481434,0.09667896678966789,0.12837250798751892,0.0633447369725817,0.14337837725776814
0.8970120788302607,0.9473965503873127,0.8994271164863145,0.8116025272831706,0.8869634416386322,0.8970120788302607,0.2829248026589115,0.38494809688581316,0.7715311004784688,0.8486187845303867,0.022915340547422024,0.0867093105899076,0.10202329422690165,0.0770876840519179,0.14088165409440348
