acc,auc,precision,recall,maf1,mif1,yp1.a1,yp1.a0,yp1.y1a1,yp1.y1a0,yp1.y0a1,yp1.y0a0,parity,equality,eq_odds
0.9593147751605996,0.9893117612540866,0.952054794520548,0.9205298013245033,0.9530998102426674,0.9593147751605996,0.3026315789473684,0.3145780051150895,0.9583333333333334,0.9133858267716536,0.0,0.026515151515151516,0.01194642616772107,0.044947506561679784,0.0714626580768313
0.9421841541755889,0.9795373291272345,0.8727272727272727,0.96,0.9353334871913224,0.9421841541755889,0.3181818181818182,0.36147757255936674,0.9615384615384616,0.9596774193548387,0.04838709677419355,0.07058823529411765,0.04329575437754857,0.0018610421836228186,0.024062180703546918
0.9665924276169264,0.9931319910514541,0.9652777777777778,0.9328859060402684,0.9620060361605505,0.9665924276169265,0.3048780487804878,0.3242506811989101,1.0,0.9206349206349206,0.03389830508474576,0.012448132780082987,0.019372632418422298,0.07936507936507942,0.1008152516697422
0.9385964912280701,0.9792752982766239,0.9097222222222222,0.8972602739726028,0.9292160993458256,0.9385964912280702,0.3291139240506329,0.3129973474801061,0.9615384615384616,0.8833333333333333,0.018867924528301886,0.04669260700389105,0.016116576570526786,0.07820512820512826,0.10602981068071743
0.9500000000000001,0.9863668091789547,0.912751677852349,0.9315068493150684,0.9426169491525425,0.9500000000000001,0.3375,0.32105263157894737,0.9259259259259259,0.9327731092436975,0.03773584905660377,0.0421455938697318,0.016447368421052655,0.006847183317771566,0.011256928130899596
