acc,auc,precision,recall,maf1,mif1,yp1.a1,yp1.a0,yp1.y1a1,yp1.y1a0,yp1.y0a1,yp1.y0a0,parity,equality,eq_odds
0.6918559122944401,0.7419058215839427,0.7536231884057971,0.6176688938381588,0.6913539241930701,0.6918559122944401,0.47796610169491527,0.4080287597363691,0.6777546777546778,0.5842956120092379,0.2400990099009901,0.21793275217932753,0.06993734195854617,0.09345906574543994,0.1156253234671025
0.7036021926389977,0.7605476615864492,0.7811080835603996,0.625,0.7033325369530429,0.7036021926389977,0.4983127109111361,0.3951951951951952,0.689453125,0.5868055555555556,0.23872679045092837,0.18851435705368288,0.10311751571594091,0.10264756944444442,0.1528600028416899
0.7106499608457322,0.7708967632279041,0.7651579846285226,0.6588235294117647,0.710626493030849,0.7106499608457322,0.521025641025641,0.41988600379987334,0.7100371747211895,0.6253041362530414,0.28832951945080093,0.19682959048877147,0.10113963722576763,0.08473303846814817,0.17623296743017763
0.7008613938919342,0.7684938840049633,0.7753686036426712,0.6390278770550393,0.7008612104532455,0.7008613938919342,0.49946865037194477,0.42343459392436456,0.6629834254143646,0.6238317757009346,0.27638190954773867,0.19682959048877147,0.07603405644758021,0.03915164971342999,0.1187039687723972
0.7137823022709475,0.775532063950916,0.7565733672603902,0.6676646706586826,0.7137155470570331,0.7137823022709475,0.5222101841820151,0.4273451870018394,0.7120315581854043,0.6405307599517491,0.29086538461538464,0.20698254364089774,0.09486499718017577,0.07150079823365518,0.15538363920814208
