acc,auc,precision,recall,maf1,mif1,yp1.a1,yp1.a0,yp1.y1a1,yp1.y1a0,yp1.y0a1,yp1.y0a0,parity,equality,eq_odds
0.967880085653105,0.993524184759829,0.9657534246575342,0.9337748344370861,0.9629735344021058,0.9678800856531049,0.3026315789473684,0.3145780051150895,0.9583333333333334,0.9291338582677166,0.0,0.01893939393939394,0.01194642616772107,0.02919947506561682,0.048138869005010756
0.9464668094218416,0.9843953732912722,0.8930817610062893,0.9466666666666667,0.9395469255663431,0.9464668094218416,0.2840909090909091,0.35356200527704484,0.8846153846153846,0.9596774193548387,0.03225806451612903,0.058823529411764705,0.06947109618613573,0.07506203473945416,0.10162749963508984
0.9576837416481069,0.9934675615212528,0.9577464788732394,0.912751677852349,0.9517032105391283,0.9576837416481069,0.2804878048780488,0.3242506811989101,0.9565217391304348,0.9047619047619048,0.01694915254237288,0.02074688796680498,0.04376287632086129,0.051759834368530044,0.05555756979296214
0.9495614035087718,0.9855722492266902,0.9241379310344827,0.9178082191780822,0.9419625811378389,0.9495614035087719,0.3037974683544304,0.3209549071618037,0.9230769230769231,0.9166666666666666,0.0,0.042801556420233464,0.017157438807373304,0.0064102564102564985,0.04921181283048996
0.9521739130434783,0.9890498211325365,0.918918918918919,0.9315068493150684,0.9450131490295799,0.9521739130434783,0.325,0.32105263157894737,0.9259259259259259,0.9327731092436975,0.018867924528301886,0.0421455938697318,0.003947368421052644,0.006847183317771566,0.030124852659201482
