acc,auc,precision,recall,maf1,mif1,yp1.a1,yp1.a0,yp1.y1a1,yp1.y1a0,yp1.y0a1,yp1.y0a0,parity,equality,eq_odds
0.9657387580299787,0.9943624779948025,0.9299363057324841,0.9668874172185431,0.9612464213103191,0.9657387580299786,0.3157894736842105,0.340153452685422,1.0,0.9606299212598425,0.0,0.041666666666666664,0.02436397900121151,0.03937007874015752,0.08103674540682418
0.9443254817987152,0.9747634069400631,0.8875,0.9466666666666667,0.937231182795699,0.9443254817987152,0.3181818181818182,0.3482849604221636,0.8846153846153846,0.9596774193548387,0.08064516129032258,0.050980392156862744,0.030103142240345437,0.07506203473945416,0.104726803872914
0.9510022271714922,0.9919463087248321,0.9205298013245033,0.9328859060402684,0.944938684503902,0.9510022271714922,0.2804878048780488,0.34877384196185285,0.9565217391304348,0.9285714285714286,0.01694915254237288,0.04564315352697095,0.06828603708380404,0.02795031055900621,0.056644311543604275
0.9473684210526315,0.9860583296509059,0.9121621621621622,0.9246575342465754,0.9397661977412324,0.9473684210526315,0.3291139240506329,0.32360742705570295,0.9615384615384616,0.9166666666666666,0.018867924528301886,0.04669260700389105,0.005506496994929944,0.044871794871794934,0.0726964773473841
0.9478260869565217,0.9885044934996947,0.8910256410256411,0.952054794520548,0.9408474249340963,0.9478260869565217,0.35,0.3368421052631579,0.9629629629629629,0.9495798319327731,0.03773584905660377,0.05747126436781609,0.01315789473684209,0.013383131030189843,0.03311854634140216
