acc,auc,precision,recall,maf1,mif1,yp1.a1,yp1.a0,yp1.y1a1,yp1.y1a0,yp1.y0a1,yp1.y0a0,parity,equality,eq_odds
0.9635974304068523,0.9940271607008132,0.9294871794871795,0.9602649006622517,0.9587560847632852,0.9635974304068522,0.32894736842105265,0.3350383631713555,1.0,0.952755905511811,0.019230769230769232,0.03787878787878788,0.006090994750302836,0.047244094488189003,0.06589211313620766
0.9486081370449679,0.9835541535226078,0.89375,0.9533333333333334,0.9420595533498759,0.9486081370449678,0.3181818181818182,0.3482849604221636,0.9230769230769231,0.9596774193548387,0.06451612903225806,0.050980392156862744,0.030103142240345437,0.03660049627791562,0.050136233153310936
0.9510022271714922,0.993400447427293,0.9568345323741008,0.8926174496644296,0.9437727686703097,0.9510022271714922,0.3048780487804878,0.3106267029972752,1.0,0.873015873015873,0.03389830508474576,0.016597510373443983,0.0057486542167873855,0.12698412698412698,0.14428492169542875
0.9495614035087718,0.9850861688024746,0.9361702127659575,0.9041095890410958,0.9415303135888502,0.9495614035087719,0.3291139240506329,0.3050397877984085,0.9615384615384616,0.8916666666666667,0.018867924528301886,0.0311284046692607,0.024074136252224376,0.06987179487179485,0.08213227501275366
0.9456521739130435,0.9853197801238984,0.9006622516556292,0.9315068493150684,0.937848252454994,0.9456521739130435,0.3375,0.3263157894736842,0.9259259259259259,0.9327731092436975,0.03773584905660377,0.04980842911877394,0.011184210526315796,0.006847183317771566,0.018919763379941737
