acc,auc,precision,recall,maf1,mif1,yp1.a1,yp1.a0,yp1.y1a1,yp1.y1a0,yp1.y0a1,yp1.y0a0,parity,equality,eq_odds
0.8923500741682561,0.9333556012332991,0.9130434782608695,0.7933333333333333,0.8826770660858527,0.892350074168256,0.2722731057452123,0.39274924471299094,0.7529976019184652,0.8281573498964804,0.016581632653061226,0.08142116950407106,0.12047613896777865,0.07515974797801517,0.13999928482902502
0.898283534647171,0.9307846510192076,0.9163292847503374,0.7922987164527421,0.8864569176706385,0.898283534647171,0.23821656050955414,0.3895939086294416,0.7327001356852103,0.8372569089048106,0.012978986402966625,0.07426099495313626,0.15137734811988746,0.10455677321960033,0.16583878176976996
0.8957406230133503,0.9362999725032256,0.9173280423280423,0.7907639680729761,0.8848210852083109,0.8957406230133503,0.24500212675457253,0.3952702702702703,0.7389558232931727,0.8291956305858987,0.014962593516209476,0.07421013960323292,0.15026814351569776,0.09023980729272607,0.1494873533797495
0.8974358974358975,0.9358273118239475,0.9335526315789474,0.7874583795782464,0.8875839725570537,0.8974358974358975,0.2646321070234114,0.38117748173614097,0.744578313253012,0.8240740740740741,0.009603072983354673,0.06346863468634686,0.11654537471272958,0.07949576082106202,0.13336132252405422
0.895528713710532,0.9313147072404218,0.9137931034482759,0.7914991384261918,0.8843017733037511,0.8955287137105319,0.26547569588699627,0.3758650519031142,0.7356459330143541,0.8430939226519337,0.015276893698281349,0.07533759772565743,0.11038935601611793,0.10744798963757962,0.1675086936649557
