acc,auc,precision,recall,maf1,mif1,yp1.a1,yp1.a0,yp1.y1a1,yp1.y1a0,yp1.y0a1,yp1.y0a0,parity,equality,eq_odds
0.7846666666666667,0.683910440002985,0.7944459949762769,0.9756640959725793,0.5339374171356118,0.7846666666666666,0.9259818731117825,0.9583211465340743,0.9609053497942387,0.9770050476724621,0.8295454545454546,0.8912021490933513,0.032339273422291814,0.016099697878223407,0.07775639242612009
0.7813333333333333,0.6873810669335674,0.7885041551246538,0.9805373751291767,0.5216487763309015,0.7813333333333333,0.9237410071942446,0.9666421748714181,0.9628180039138943,0.982247403210576,0.8152173913043478,0.9119205298013245,0.04290116767717356,0.01942939929668175,0.11613253779365851
0.7914666666666667,0.686728772707667,0.8061829474872954,0.9676380887834632,0.5514992771223642,0.7914666666666667,0.9056865464632455,0.9486649948369966,0.9502762430939227,0.9693972756111214,0.7696629213483146,0.8704225352112676,0.04297844837375109,0.019121032517198766,0.11988064638015172
0.79,0.686706277605996,0.7998049595987741,0.9765266201734989,0.5343864431306401,0.79,0.9225806451612903,0.9601744186046511,0.9560439560439561,0.9782448377581121,0.8303030303030303,0.8928571428571429,0.03759377344336079,0.022200881714156018,0.0847549942682686
0.7873333333333333,0.6870498282057748,0.8005082592121983,0.9688995215311005,0.5521470268084696,0.7873333333333333,0.902332361516035,0.9486351628999119,0.9410569105691057,0.971455223880597,0.8041237113402062,0.8645116918844566,0.04630280138387688,0.030398313311491343,0.09078629385574177
