acc,auc,precision,recall,maf1,mif1,yp1.a1,yp1.a0,yp1.y1a1,yp1.y1a0,yp1.y0a1,yp1.y0a0,parity,equality,eq_odds
0.9207708779443255,0.9825635007125493,0.875,0.8807947019867549,0.9096253523926086,0.9207708779443254,0.4605263157894737,0.29923273657289,0.9583333333333334,0.8661417322834646,0.23076923076923078,0.026515151515151516,0.16129357921658366,0.09219160104986879,0.296445680303948
0.8843683083511777,0.9590325972660357,0.8076923076923077,0.84,0.8687710753091045,0.8843683083511777,0.4659090909090909,0.3034300791556728,0.9230769230769231,0.8225806451612904,0.27419354838709675,0.050980392156862744,0.16247901175341806,0.10049627791563276,0.3237094341458668
0.9265033407572383,0.9838255033557046,0.8766233766233766,0.9060402684563759,0.9178134620184708,0.9265033407572383,0.43902439024390244,0.3215258855585831,1.0,0.8888888888888888,0.22033898305084745,0.024896265560165973,0.11749850468531936,0.11111111111111116,0.30655382860179264
0.9298245614035088,0.9666151126822802,0.8851351351351351,0.8972602739726028,0.9196882636549766,0.9298245614035088,0.4177215189873418,0.3050397877984085,0.9615384615384616,0.8833333333333333,0.1509433962264151,0.03501945525291829,0.11268173118893327,0.07820512820512826,0.19412906917862505
0.9108695652173913,0.9710758223540703,0.847682119205298,0.8767123287671232,0.8980711340261902,0.9108695652173913,0.475,0.29736842105263156,0.9629629629629629,0.8571428571428571,0.22641509433962265,0.0421455938697318,0.17763157894736842,0.10582010582010581,0.2900896062899967
