acc,auc,precision,recall,maf1,mif1,yp1.a1,yp1.a0,yp1.y1a1,yp1.y1a0,yp1.y0a1,yp1.y0a0,parity,equality,eq_odds
0.9593147751605996,0.9896680358789505,0.94,0.9337748344370861,0.9534306393118251,0.9593147751605996,0.27631578947368424,0.329923273657289,0.875,0.9448818897637795,0.0,0.03409090909090909,0.05360748418360478,0.06988188976377951,0.1039727988546886
0.9357601713062099,0.9827129337539433,0.879746835443038,0.9266666666666666,0.9273370399568484,0.9357601713062098,0.2159090909090909,0.36675461741424803,0.6923076923076923,0.9758064516129032,0.016129032258064516,0.07058823529411765,0.15084552650515712,0.28349875930521096,0.3379579623412641
0.9554565701559019,0.9862192393736019,0.9328859060402684,0.9328859060402684,0.9497762863534676,0.955456570155902,0.2926829268292683,0.3405994550408719,0.9130434782608695,0.9365079365079365,0.05084745762711865,0.029045643153526972,0.04791652821160364,0.023464458247067,0.045266272720658675
0.9342105263157894,0.9790985417587273,0.8972602739726028,0.8972602739726028,0.9244365885992046,0.9342105263157895,0.26582278481012656,0.33156498673740054,0.7692307692307693,0.925,0.018867924528301886,0.054474708171206226,0.06574220192727398,0.15576923076923077,0.19137601441213511
0.9500000000000001,0.987282959602129,0.912751677852349,0.9315068493150684,0.9426169491525425,0.9500000000000001,0.2875,0.33157894736842103,0.8518518518518519,0.9495798319327731,0.0,0.04980842911877394,0.04407894736842105,0.0977279800809212,0.14753640919969516
