acc,auc,precision,recall,maf1,mif1,yp1.a1,yp1.a0,yp1.y1a1,yp1.y1a0,yp1.y0a1,yp1.y0a0,parity,equality,eq_odds
0.509397024275646,0.5396920586359328,0.5314591700133868,0.5894580549368968,0.5031226384963885,0.509397024275646,0.5988700564971752,0.5775913720790893,0.6278586278586279,0.5681293302540416,0.5643564356435643,0.5877957658779577,0.02127868441808589,0.05972929760458634,0.08316862783897971
0.4804228660924041,0.5113836024795673,0.5144713526284702,0.6329941860465116,0.4584011898318405,0.4804228660924041,0.6670416197975253,0.6606606606606606,0.65234375,0.6215277777777778,0.6870026525198939,0.7028714107365793,0.00638095913686465,0.03081597222222221,0.04668473043890764
0.7129992169146437,0.8185110602029756,0.7072042300066094,0.7867647058823529,0.7084508939591085,0.7129992169146437,0.6276923076923077,0.5706143128562381,0.8141263940520446,0.7688564476885644,0.39816933638443935,0.35535006605019814,0.05707799483606957,0.04526994636348014,0.08808921669772135
0.5215348472983555,0.5261420495158879,0.5694117647058824,0.5189421015010722,0.5204762498855345,0.5215348472983555,0.5047821466524973,0.49597024178549287,0.5543278084714549,0.49649532710280375,0.4371859296482412,0.4953764861294584,0.00881190486700445,0.057832481368651156,0.11602303784986834
0.6691464369616288,0.7616233051139101,0.653150343106675,0.7836826347305389,0.6614533943684486,0.6691464369616288,0.6793066088840737,0.598405885959534,0.8362919132149902,0.7515078407720145,0.4879807692307692,0.4401496259351621,0.08090072292453965,0.0847840724429757,0.13261521573858281
