acc,auc,precision,recall,maf1,mif1,yp1.a1,yp1.a0,yp1.y1a1,yp1.y1a0,yp1.y0a1,yp1.y0a0,parity,equality,eq_odds
0.7030943987465726,0.77295100838298,0.780743565300286,0.6080178173719376,0.70196730097518,0.7030943987465726,0.5028248587570622,0.36211031175059955,0.6881496881496881,0.5635103926096998,0.28217821782178215,0.14463840399002495,0.14071454700646263,0.12463929553998832,0.2621791093717455
0.7046611829220525,0.7709782373823121,0.7656116338751069,0.6509090909090909,0.7046575125565226,0.7046611829220525,0.5777027027027027,0.393993993993994,0.7475538160469667,0.59375,0.34748010610079577,0.17852684144818975,0.18370870870870876,0.1538038160469667,0.3227570806995727
0.7128867998433216,0.7894846161431882,0.7584501236603463,0.6764705882352942,0.7128691785339849,0.7128867998433216,0.5887179487179487,0.4049429657794677,0.7676579925650557,0.6167883211678832,0.3684210526315789,0.1746031746031746,0.183774982938481,0.15086967139717256,0.3446875494255769
0.7144535840188014,0.7814092264467192,0.7650316455696202,0.6912080057183703,0.7139224948426066,0.7144535840188013,0.5929861849096706,0.43796526054590573,0.7495395948434622,0.6542056074766355,0.3793969849246231,0.1931216931216931,0.15502092436376486,0.09533398736682674,0.28160927916975675
0.7234625930278104,0.7835249042145594,0.7605633802816901,0.6876404494382022,0.7234574591480907,0.7234625930278105,0.5629067245119306,0.42182709993868794,0.7608695652173914,0.6429433051869723,0.32211538461538464,0.19326683291770574,0.14107962457324263,0.11792626003041906,0.24677481172809795
