acc,auc,precision,recall,maf1,mif1,yp1.a1,yp1.a0,yp1.y1a1,yp1.y1a0,yp1.y0a1,yp1.y0a0,parity,equality,eq_odds
0.7877333333333334,0.7065254972195846,0.7950215547211793,0.9797772065124251,0.5356492999504849,0.7877333333333333,0.9365558912386707,0.9609534951740275,0.9711934156378601,0.980557113479155,0.8409090909090909,0.890530557421088,0.024397603935356837,0.009363697841294871,0.05898516435329193
0.7832,0.7023250995082643,0.7909242761692651,0.9786427833275921,0.5329357829788701,0.7832,0.9453237410071943,0.959147685525349,0.9706457925636007,0.9794145420207743,0.875,0.8880794701986755,0.013823944518154718,0.008768749457173541,0.021848219655849044
0.7889333333333334,0.6875791240236334,0.8067907373206421,0.9622161978990172,0.554427894611473,0.7889333333333334,0.9042995839112344,0.942174362000295,0.9447513812154696,0.9639858182496734,0.7808988764044944,0.8598591549295774,0.03787477808906059,0.0192344370342038,0.09819471555928683
0.7929333333333334,0.7041350244531426,0.801673640167364,0.9777172988603504,0.5424924992926751,0.7929333333333334,0.9387096774193548,0.9575581395348837,0.9714285714285714,0.9782448377581121,0.8484848484848485,0.8804945054945055,0.01884846211552882,0.006816266329540688,0.038825923339197654
0.7889333333333334,0.7064139033871085,0.798740377886634,0.9752221462747779,0.5439440669725579,0.7889333333333334,0.9256559766763849,0.9553859700616378,0.959349593495935,0.976679104477612,0.8402061855670103,0.8768913342503438,0.02972999338525295,0.01732951098167701,0.05401465966501051
