acc,auc,precision,recall,maf1,mif1,yp1.a1,yp1.a0,yp1.y1a1,yp1.y1a0,yp1.y0a1,yp1.y0a0,parity,equality,eq_odds
0.54,0.6011555555555556,0.5535714285714286,0.41333333333333333,0.5324992095397263,0.54,0.3191489361702128,0.39805825242718446,0.3333333333333333,0.4444444444444444,0.3076923076923077,0.3469387755102041,0.07890931625697167,0.1111111111111111,0.15035757892900747
0.5266666666666667,0.5631111111111111,0.5151515151515151,0.9066666666666666,0.4467819853514103,0.5266666666666666,0.9791666666666666,0.8333333333333334,1.0,0.86,0.9565217391304348,0.8076923076923077,0.14583333333333326,0.14,0.2888294314381271
0.5866666666666667,0.6117333333333332,0.5575221238938053,0.84,0.5583206686930091,0.5866666666666667,0.7659574468085106,0.7475728155339806,0.8695652173913043,0.8269230769230769,0.6666666666666666,0.6666666666666666,0.01838463127453005,0.04264214046822745,0.04264214046822745
0.5,0.5018666666666667,0.5,1.0,0.3333333333333333,0.5,1.0,1.0,1.0,1.0,1.0,1.0,0.0,0.0,0.0
0.5466666666666667,0.5426666666666666,0.5339805825242718,0.7333333333333333,0.5303002394547799,0.5466666666666666,0.8205128205128205,0.6396396396396397,0.8823529411764706,0.6896551724137931,0.7727272727272727,0.5849056603773585,0.18087318087318083,0.1926977687626774,0.38051938111259165
