acc,auc,precision,recall,maf1,mif1,yp1.a1,yp1.a0,yp1.y1a1,yp1.y1a0,yp1.y0a1,yp1.y0a0,parity,equality,eq_odds
0.5266666666666667,0.5667555555555556,0.5227272727272727,0.6133333333333333,0.5230845013658143,0.5266666666666666,0.5957446808510638,0.5825242718446602,0.5714285714285714,0.6296296296296297,0.6153846153846154,0.5306122448979592,0.013220409006403644,0.05820105820105825,0.14297342868771445
0.5066666666666667,0.43004444444444445,0.5035971223021583,0.9333333333333333,0.39687024559878287,0.5066666666666667,0.9791666666666666,0.9019607843137255,0.96,0.92,1.0,0.8846153846153846,0.07720588235294112,0.039999999999999925,0.15538461538461534
0.6066666666666667,0.6314666666666666,0.5816326530612245,0.76,0.5971963042191981,0.6066666666666667,0.574468085106383,0.6893203883495146,0.6956521739130435,0.7884615384615384,0.4583333333333333,0.5882352941176471,0.11485230324313156,0.09280936454849498,0.22271132533280874
0.5066666666666667,0.5574222222222222,0.5051546391752577,0.6533333333333333,0.49582122093023256,0.5066666666666667,0.49056603773584906,0.7319587628865979,0.48,0.74,0.5,0.723404255319149,0.24139272515074883,0.26,0.483404255319149
0.5533333333333333,0.5451555555555556,0.5571428571428572,0.52,0.5528364849833148,0.5533333333333333,0.48717948717948717,0.4594594594594595,0.5294117647058824,0.5172413793103449,0.45454545454545453,0.39622641509433965,0.027720027720027685,0.012170385395537497,0.07048942484665238
