acc,auc,precision,recall,maf1,mif1,yp1.a1,yp1.a0,yp1.y1a1,yp1.y1a0,yp1.y0a1,yp1.y0a0,parity,equality,eq_odds
0.9136420525657072,0.9550698628380976,0.8902439024390244,0.8390804597701149,0.9003302979189605,0.9136420525657072,0.1267605633802817,0.3470319634703196,0.32608695652173914,0.9488372093023256,0.03125,0.05429864253393665,0.22027140009003793,0.6227502527805865,0.6457988953145232
0.8948685857321652,0.941991991991992,0.8630705394190872,0.803088803088803,0.8777486338797814,0.8948685857321652,0.07947019867549669,0.3533950617283951,0.20408163265306123,0.9428571428571428,0.0196078431372549,0.07077625570776255,0.27392486305289837,0.7387755102040816,0.7899439227745892
0.9123904881101377,0.9531547020015654,0.9240506329113924,0.8081180811808119,0.8989922704616051,0.9123904881101377,0.13664596273291926,0.33699059561128525,0.38461538461538464,0.908675799086758,0.01834862385321101,0.03818615751789976,0.20034463287836599,0.5240604144713734,0.5438979481360622
0.9123904881101377,0.9452566320645905,0.8599221789883269,0.8666666666666667,0.8994122640423573,0.9123904881101377,0.14285714285714285,0.3643410852713178,0.4318181818181818,0.957345971563981,0.02727272727272727,0.07603686635944701,0.22148394241417496,0.5255277897457993,0.574291928832519
0.9061326658322904,0.9447443394811816,0.9011406844106464,0.8286713286713286,0.8959456573265198,0.9061326658322904,0.1038961038961039,0.3829457364341085,0.2777777777777778,0.9568965517241379,0.01,0.06053268765133172,0.27904963253800463,0.6791187739463601,0.7296514615976918
