acc,auc,precision,recall,maf1,mif1,yp1.a1,yp1.a0,yp1.y1a1,yp1.y1a0,yp1.y0a1,yp1.y0a0,parity,equality,eq_odds
0.7051282051282051,0.7949735449735449,0.6666666666666666,0.7222222222222222,0.7046913580246914,0.7051282051282052,0.3684210526315789,0.5423728813559322,0.625,0.75,0.18181818181818182,0.3548387096774194,0.17395182872435327,0.125,0.29802052785923755
0.6794871794871795,0.7916941331575478,0.7352941176470589,0.6097560975609756,0.6790123456790123,0.6794871794871795,0.3684210526315789,0.4576271186440678,0.5555555555555556,0.625,0.2,0.25925925925925924,0.08920606601248887,0.06944444444444442,0.12870370370370365
0.5769230769230769,0.7328042328042329,0.5283018867924528,0.7777777777777778,0.5683380848566157,0.5769230769230769,0.7142857142857143,0.6666666666666666,0.7,0.8076923076923077,0.7272727272727273,0.5483870967741935,0.04761904761904767,0.10769230769230775,0.28657793819084154
0.7051282051282051,0.7460526315789475,0.7428571428571429,0.65,0.7046913580246914,0.7051282051282052,0.3125,0.4838709677419355,0.7142857142857143,0.6363636363636364,0.0,0.3103448275862069,0.1713709677419355,0.07792207792207795,0.38826690550828485
0.7051282051282051,0.773063973063973,0.7391304347826086,0.7555555555555555,0.6967032967032967,0.7051282051282052,0.3684210526315789,0.6610169491525424,0.45454545454545453,0.8529411764705882,0.25,0.4,0.29259589652096346,0.3983957219251337,0.5483957219251336
