acc,auc,precision,recall,maf1,mif1,yp1.a1,yp1.a0,yp1.y1a1,yp1.y1a0,yp1.y0a1,yp1.y0a0,parity,equality,eq_odds
0.8726425090061454,0.9162395797647598,0.9010033444816054,0.7483333333333333,0.8598837469248959,0.8726425090061454,0.2585345545378851,0.3772119119551144,0.6726618705035972,0.8136645962732919,0.03826530612244898,0.06513693560325684,0.11867735741722929,0.14100272576969475,0.1678743552505026
0.8775164229709684,0.9148199131358277,0.890646492434663,0.7555425904317387,0.8626827485380117,0.8775164229709684,0.23354564755838642,0.3824027072758037,0.6716417910447762,0.8188331627430911,0.033992583436341164,0.07498197548666186,0.1488570597174173,0.14719137169831498,0.18818076374863568
0.8707353252807799,0.9145529082165361,0.8928571428571429,0.7411630558722919,0.8560120408886007,0.8707353252807798,0.2364951084644832,0.38006756756756754,0.6546184738955824,0.8053624627606752,0.04177057356608479,0.0653930933137399,0.14357245910308433,0.15074398886509288,0.174366508612748
0.8766687857596949,0.9218350311256642,0.9283707865168539,0.7336293007769146,0.8629505957910394,0.8766687857596948,0.2387123745819398,0.3665663944993554,0.6469879518072289,0.8076131687242798,0.02176696542893726,0.05018450184501845,0.1278540199174156,0.1606252169170509,0.18904275333313209
0.8673447764356855,0.9139153331592312,0.9036929761042722,0.7168294083859851,0.8501870725598919,0.8673447764356855,0.23888658080598255,0.3486159169550173,0.6255980861244019,0.8011049723756906,0.033099936346276254,0.057569296375266525,0.10972933614903477,0.17550688625128863,0.1999762462802789
