acc,auc,precision,recall,maf1,mif1,yp1.a1,yp1.a0,yp1.y1a1,yp1.y1a0,yp1.y0a1,yp1.y0a0,parity,equality,eq_odds
0.8878999788090698,0.936694168474744,0.9621818181818181,0.735,0.8744607562726223,0.8878999788090697,0.27643630308076605,0.3068623219680621,0.7673860911270983,0.7070393374741201,0.015306122448979591,0.02072538860103627,0.03042601888729607,0.06034675365297826,0.06576601980503494
0.8968001695274423,0.9287843869707626,0.9527675276752767,0.7532088681446908,0.8824261333036195,0.8968001695274422,0.24501061571125266,0.3291032148900169,0.7449118046132972,0.759467758444217,0.0173053152039555,0.02595529920692141,0.08409259917876427,0.014555953830919788,0.0232059378338857
0.8938334392879848,0.9292890641674725,0.9692883895131086,0.7377423033067275,0.8794507624670349,0.8938334392879848,0.2513823904721395,0.3141891891891892,0.7603748326639893,0.7209533267130089,0.014339152119700748,0.01322556943423953,0.0628067987170497,0.03942150595098037,0.04053508863644159
0.8866285229921594,0.9367681587935851,0.979560938682816,0.7180910099889012,0.8719857193164194,0.8866285229921593,0.2625418060200669,0.29780833691448216,0.7421686746987952,0.6975308641975309,0.0076824583866837385,0.01107011070110701,0.03526653089441528,0.04463781050126436,0.04802546281568763
0.8859927950837042,0.9348089319763658,0.9680933852140078,0.7145318782309018,0.8691511784538162,0.8859927950837042,0.2638138761944329,0.2811418685121107,0.7320574162679426,0.6983425414364641,0.01464035646085296,0.01279317697228145,0.017327992317677787,0.0337148748314785,0.03556205432005001
