acc,auc,precision,recall,maf1,mif1,yp1.a1,yp1.a0,yp1.y1a1,yp1.y1a0,yp1.y0a1,yp1.y0a0,parity,equality,eq_odds
0.9571734475374732,0.9863567776008048,0.9281045751633987,0.9403973509933775,0.9512322472848789,0.9571734475374732,0.35526315789473684,0.32225063938618925,1.0,0.9291338582677166,0.057692307692307696,0.030303030303030304,0.033012518508547584,0.07086614173228345,0.09825541912156084
0.9207708779443255,0.9739221871713986,0.869281045751634,0.8866666666666667,0.9096253523926086,0.9207708779443254,0.3068181818181818,0.3324538258575198,0.8846153846153846,0.8870967741935484,0.06451612903225806,0.06274509803921569,0.02563564403933799,0.002481389578163795,0.0042524205712061725
0.9510022271714922,0.9887248322147651,0.9440559440559441,0.9060402684563759,0.9441769519417695,0.9510022271714922,0.2804878048780488,0.32697547683923706,0.9565217391304348,0.8968253968253969,0.01694915254237288,0.029045643153526972,0.04648767196118825,0.05969634230503795,0.07179283291619204
0.9210526315789473,0.9729562527618206,0.8985507246376812,0.8493150684931506,0.9079572979276935,0.9210526315789473,0.27848101265822783,0.3076923076923077,0.8076923076923077,0.8583333333333333,0.018867924528301886,0.05058365758754864,0.029211295034079876,0.05064102564102557,0.08235675870027233
0.9282608695652174,0.9711412616700114,0.8791946308724832,0.8972602739726028,0.9176677966101694,0.9282608695652174,0.3375,0.32105263157894737,0.8888888888888888,0.8991596638655462,0.05660377358490566,0.05747126436781609,0.016447368421052655,0.010270774976657404,0.011138265759567834
