acc,auc,precision,recall,maf1,mif1,yp1.a1,yp1.a0,yp1.y1a1,yp1.y1a0,yp1.y0a1,yp1.y0a0,parity,equality,eq_odds
0.5866666666666667,0.5962666666666666,0.5670103092783505,0.7333333333333333,0.5775799418604651,0.5866666666666667,0.723404255319149,0.6116504854368932,0.8095238095238095,0.7037037037037037,0.6538461538461539,0.5102040816326531,0.11175376988225583,0.10582010582010581,0.2494621780336066
0.5866666666666667,0.64,0.6326530612244898,0.41333333333333333,0.5738636363636364,0.5866666666666667,0.625,0.18627450980392157,0.64,0.3,0.6086956521739131,0.07692307692307693,0.4387254901960784,0.34,0.8717725752508363
0.5333333333333333,0.6485333333333334,0.5182481751824818,0.9466666666666667,0.43717838765008576,0.5333333333333333,1.0,0.8737864077669902,1.0,0.9230769230769231,1.0,0.8235294117647058,0.12621359223300976,0.07692307692307687,0.25339366515837103
0.54,0.5660444444444444,0.5283018867924528,0.7466666666666667,0.5194762988068156,0.54,0.9811320754716981,0.5567010309278351,1.0,0.62,0.9642857142857143,0.48936170212765956,0.42443104454386305,0.38,0.8549240121580548
0.5066666666666667,0.5767111111111111,0.5454545454545454,0.08,0.39687024559878287,0.5066666666666667,0.1794871794871795,0.036036036036036036,0.17647058823529413,0.05172413793103448,0.18181818181818182,0.018867924528301886,0.14345114345114346,0.12474645030425965,0.28769670759413957
