acc,auc,precision,recall,maf1,mif1,yp1.a1,yp1.a0,yp1.y1a1,yp1.y1a0,yp1.y0a1,yp1.y0a0,parity,equality,eq_odds
0.9357601713062099,0.9785187358538016,0.9115646258503401,0.8874172185430463,0.926079523869824,0.9357601713062098,0.3026315789473684,0.3171355498721228,0.9583333333333334,0.8740157480314961,0.0,0.04924242424242424,0.014503970924754361,0.0843175853018373,0.13356000954426156
0.9314775160599572,0.9701997896950577,0.8986486486486487,0.8866666666666667,0.9211514921278122,0.9314775160599571,0.3068181818181818,0.31926121372031663,0.9615384615384616,0.8709677419354839,0.03225806451612903,0.050980392156862744,0.012443031902134805,0.09057071960297769,0.1092930472437114
0.9420935412026725,0.9883668903803133,0.9555555555555556,0.8657718120805369,0.933052713676194,0.9420935412026726,0.3048780487804878,0.2997275204359673,1.0,0.8412698412698413,0.03389830508474576,0.016597510373443983,0.005150528344520511,0.15873015873015872,0.1760309534414605
0.9254385964912281,0.9751215201060539,0.9117647058823529,0.8493150684931506,0.9127321850726107,0.9254385964912281,0.3291139240506329,0.2917771883289125,0.9615384615384616,0.825,0.018867924528301886,0.042801556420233464,0.037336735721720415,0.1365384615384616,0.16047209343039318
0.9260869565217391,0.9771834918418987,0.9,0.863013698630137,0.9137455604332576,0.9260869565217392,0.3375,0.29736842105263156,0.9259259259259259,0.8487394957983193,0.03773584905660377,0.04597701149425287,0.04013157894736846,0.07718643012760662,0.08542759256525573
