acc,auc,precision,recall,maf1,mif1,yp1.a1,yp1.a0,yp1.y1a1,yp1.y1a0,yp1.y0a1,yp1.y0a0,parity,equality,eq_odds
0.961456102783726,0.9926439768631067,0.9182389937106918,0.9668874172185431,0.9565446650124069,0.9614561027837258,0.34210526315789475,0.340153452685422,1.0,0.9606299212598425,0.038461538461538464,0.041666666666666664,0.0019518104724727259,0.03937007874015752,0.04257520694528572
0.9464668094218416,0.9767192429022082,0.8930817610062893,0.9466666666666667,0.9395469255663431,0.9464668094218416,0.29545454545454547,0.35092348284960423,0.9230769230769231,0.9516129032258065,0.03225806451612903,0.058823529411764705,0.05546893739505876,0.028535980148883366,0.05510144504451904
0.953229398663697,0.9876510067114095,0.9155844155844156,0.9463087248322147,0.947699475829936,0.9532293986636972,0.2926829268292683,0.3542234332425068,0.9565217391304348,0.9444444444444444,0.03389830508474576,0.04564315352697095,0.06154050641323855,0.012077294685990392,0.02382214312821558
0.9517543859649122,0.9845779938135218,0.918918918918919,0.9315068493150684,0.9447856812627964,0.9517543859649122,0.3291139240506329,0.32360742705570295,0.9615384615384616,0.925,0.018867924528301886,0.042801556420233464,0.005506496994929944,0.03653846153846152,0.0604720934303931
0.9434782608695652,0.9835311054881773,0.8846153846153846,0.9452054794520548,0.9359180436786044,0.9434782608695652,0.35,0.3368421052631579,0.9629629629629629,0.9411764705882353,0.03773584905660377,0.06130268199233716,0.01315789473684209,0.02178649237472763,0.04535332531046102
