acc,auc,precision,recall,maf1,mif1,yp1.a1,yp1.a0,yp1.y1a1,yp1.y1a0,yp1.y0a1,yp1.y0a0,parity,equality,eq_odds
0.6994510521500458,0.7500060697239657,0.734966592427617,0.6116774791473587,0.6966783986618557,0.6994510521500458,0.41336971350613916,0.40949759119064005,0.6196808510638298,0.6073968705547653,0.19607843137254902,0.224,0.0038721223154991047,0.01228398050906443,0.04020554913651542
0.6903019213174749,0.7515192861447799,0.7294633077765608,0.6076642335766423,0.6882581072435994,0.6903019213174748,0.4314002828854314,0.41108857336037863,0.6282051282051282,0.5963172804532578,0.1892744479495268,0.24191461836998707,0.02031170952505279,0.03188784775187037,0.08452801817233063
0.6935041171088747,0.7378160599700954,0.7196796338672768,0.5967741935483871,0.6891744368459296,0.6935041171088746,0.42496493688639553,0.38764426340801084,0.6074270557029178,0.5908419497784343,0.22023809523809523,0.21482412060301506,0.03732067347838469,0.01658510592448348,0.02199908055956365
0.6903019213174749,0.7360466703342434,0.7340425531914894,0.5787511649580616,0.6856117521121948,0.6903019213174748,0.3939393939393939,0.3835616438356164,0.5821727019498607,0.5770308123249299,0.2098092643051771,0.19839142091152814,0.010377750103777506,0.005141889624930784,0.016559733018579742
0.7086001829826167,0.7536031109490825,0.7458823529411764,0.6009478672985782,0.7037042238386598,0.7086001829826165,0.39798850574712646,0.38456375838926177,0.5925925925925926,0.6051136363636364,0.2,0.18702290076335878,0.013424747357864697,0.012521043771043794,0.02549814300768502
