acc,auc,precision,recall,maf1,mif1,yp1.a1,yp1.a0,yp1.y1a1,yp1.y1a0,yp1.y0a1,yp1.y0a0,parity,equality,eq_odds
0.6967063129002745,0.7721567947838885,0.825,0.4893419833178869,0.6822024393340478,0.6967063129002745,0.31377899045020463,0.28217481073640743,0.5319148936170213,0.4665718349928876,0.08403361344537816,0.10933333333333334,0.0316041797137972,0.06534305862413364,0.09064277851208882
0.6829826166514181,0.7537350164066161,0.7933042212518195,0.4972627737226277,0.6718291525018375,0.6829826166514181,0.3408769448373409,0.30155510480054093,0.5076923076923077,0.4915014164305949,0.13564668769716087,0.12807244501940493,0.03932184003679995,0.016190891261712748,0.02376513393946869
0.681152790484904,0.7428540776848755,0.8374291115311909,0.42030360531309297,0.6548932080660712,0.681152790484904,0.25666199158485276,0.2348947725729803,0.41644562334217505,0.4224519940915805,0.07738095238095238,0.07537688442211055,0.021767219011872452,0.006006370749405465,0.008010438708247303
0.6756633119853614,0.7447391624359743,0.7852664576802508,0.46691519105312207,0.6595906277461463,0.6756633119853613,0.2865013774104683,0.2945205479452055,0.45403899721448465,0.4733893557422969,0.1226158038147139,0.12332439678284182,0.008019170534737163,0.01935035852781225,0.02005895149594017
0.7044830741079597,0.7633365599373118,0.8369028006589786,0.4815165876777251,0.6864676444598381,0.7044830741079597,0.2557471264367816,0.2879194630872483,0.4415954415954416,0.5014204545454546,0.06666666666666667,0.09669211195928754,0.032172336650466704,0.05982501295001297,0.08985045824263384
