acc,auc,precision,recall,maf1,mif1,yp1.a1,yp1.a0,yp1.y1a1,yp1.y1a0,yp1.y0a1,yp1.y0a0,parity,equality,eq_odds
0.8781521508794237,0.9263533934756958,0.9107981220657277,0.7544444444444445,0.8658697522963303,0.8781521508794236,0.28726061615320564,0.34570565386275354,0.7757793764988009,0.7360248447204969,0.0274234693877551,0.06661732050333087,0.0584450377095479,0.039754531778304014,0.07894838289387979
0.8815426997245179,0.9300017279640894,0.899101589495508,0.7590431738623103,0.8670509737699037,0.8815426997245179,0.2556263269639066,0.3574450084602369,0.7544097693351425,0.7625383828045036,0.02843016069221261,0.07209805335255948,0.10181868149633033,0.008128613469361112,0.05179650612970798
0.8787878787878788,0.9303375950128926,0.9161971830985915,0.741733181299886,0.8642351529549235,0.8787878787878788,0.2615908124202467,0.33994932432432434,0.7643908969210174,0.7249255213505462,0.02743142144638404,0.055106539309331376,0.07835851190407767,0.03946537557047114,0.06714049343341848
0.8781521508794237,0.9304046241235028,0.9448875997099347,0.7230854605993341,0.8636710788349617,0.8781521508794236,0.26797658862876256,0.31714654061022773,0.7409638554216867,0.7078189300411523,0.016645326504481434,0.03690036900369004,0.049169951981465176,0.033144925380534485,0.05339996787974309
0.8910786183513457,0.939404570912327,0.9193438140806562,0.7725445146467548,0.8785622279177014,0.8910786183513456,0.28458662235147486,0.3365051903114187,0.7607655502392344,0.7834254143646409,0.031190324633991087,0.04904051172707889,0.05191856795994382,0.022659864125406437,0.04051005121849424
