acc,auc,precision,recall,maf1,mif1,yp1.a1,yp1.a0,yp1.y1a1,yp1.y1a0,yp1.y0a1,yp1.y0a0,parity,equality,eq_odds
0.6903019213174749,0.7480930601706387,0.7630890052356021,0.5403151065801668,0.6824846967794314,0.6903019213174748,0.3792633015006821,0.3344803854094976,0.574468085106383,0.5220483641536273,0.17366946778711484,0.15866666666666668,0.04478291609118451,0.05241972095275571,0.06742252207320387
0.6665141811527905,0.7157888568941272,0.7784522003034902,0.46806569343065696,0.6530260721319185,0.6665141811527905,0.32814710042432815,0.2887085868830291,0.48205128205128206,0.4603399433427762,0.138801261829653,0.13195342820181113,0.03943851354129907,0.021711338708505834,0.028559172336347693
0.6957913998170174,0.7436025304912801,0.7346200241254524,0.5777988614800759,0.6898322880899004,0.6957913998170174,0.4277699859747546,0.3557365919891378,0.6180371352785146,0.5553914327917282,0.21428571428571427,0.18592964824120603,0.07203339398561676,0.06264570248678636,0.0910017685312946
0.6893870082342178,0.7464825174649508,0.7356459330143541,0.5731593662628145,0.6843181655287145,0.6893870082342177,0.40633608815426997,0.37054794520547946,0.596100278551532,0.561624649859944,0.22070844686648503,0.1876675603217158,0.03578814294879051,0.034475628691588045,0.06751651523635727
0.6980786825251601,0.7534463901844193,0.7561608300907912,0.5526066350710901,0.6896620259514097,0.6980786825251601,0.36637931034482757,0.34630872483221475,0.5527065527065527,0.5525568181818182,0.17681159420289855,0.16157760814249364,0.020070585512612815,0.00014973452473443505,0.015383720585139343
