acc,auc,precision,recall,maf1,mif1,yp1.a1,yp1.a0,yp1.y1a1,yp1.y1a0,yp1.y0a1,yp1.y0a0,parity,equality,eq_odds
0.9700214132762314,0.996730656383603,0.9536423841059603,0.9536423841059603,0.9657452426858915,0.9700214132762313,0.3026315789473684,0.3273657289002558,0.9583333333333334,0.952755905511811,0.0,0.026515151515151516,0.024734149952887363,0.005577427821522374,0.03209257933667389
0.9421841541755889,0.9804837013669823,0.89171974522293,0.9333333333333333,0.934494958153453,0.9421841541755889,0.2727272727272727,0.35092348284960423,0.8461538461538461,0.9516129032258065,0.03225806451612903,0.058823529411764705,0.07819621012233152,0.10545905707196035,0.132024521967596
0.9665924276169264,0.9940715883668904,0.958904109589041,0.9395973154362416,0.9621384602411671,0.9665924276169265,0.2804878048780488,0.335149863760218,0.9565217391304348,0.9365079365079365,0.01694915254237288,0.02074688796680498,0.054662058882169184,0.0200138026224983,0.023811538046930397
0.9517543859649122,0.9839372514361467,0.918918918918919,0.9315068493150684,0.9447856812627964,0.9517543859649122,0.3037974683544304,0.32891246684350134,0.9230769230769231,0.9333333333333333,0.0,0.04669260700389105,0.02511499848907095,0.01025641025641022,0.05694901726030127
0.9586956521739131,0.9856687898089171,0.9150326797385621,0.958904109589041,0.9529295181469095,0.9586956521739131,0.3375,0.33157894736842103,0.9629629629629629,0.957983193277311,0.018867924528301886,0.04597701149425287,0.0059210526315789935,0.004979769685651947,0.03208885665160294
