acc,auc,precision,recall,maf1,mif1,yp1.a1,yp1.a0,yp1.y1a1,yp1.y1a0,yp1.y0a1,yp1.y0a0,parity,equality,eq_odds
0.7050528789659224,0.7768697960334432,0.7734806629834254,0.623608017817372,0.7043998001663436,0.7050528789659224,0.4858757062146893,0.3932853717026379,0.6923076923076923,0.5854503464203233,0.2400990099009901,0.185785536159601,0.0925903345120514,0.10685734588736895,0.16117081962875804
0.7074030552291422,0.7788387096774194,0.770223752151463,0.6509090909090909,0.7073915624468263,0.7074030552291422,0.5394144144144144,0.4102102102102102,0.7162426614481409,0.6122685185185185,0.29973474801061006,0.19225967540574282,0.1292042042042042,0.10397414292962237,0.21144921553448962
0.7152369761065414,0.7929700212021102,0.7773882559158632,0.6522058823529412,0.7151187893364725,0.7152369761065415,0.5261538461538462,0.3979721166032953,0.7230483271375465,0.6058394160583942,0.2837528604118993,0.17195767195767195,0.1281817295505509,0.11720891107915232,0.22900409953337966
0.7042694868781825,0.7791917475096721,0.8043478260869565,0.6082916368834882,0.7038507400908307,0.7042694868781826,0.4952178533475027,0.36724565756823824,0.6685082872928176,0.5700934579439252,0.25879396984924624,0.13756613756613756,0.12797219577926444,0.09841482934889245,0.21964266163200113
0.7191539365452408,0.7896779272215151,0.7710526315789473,0.6584269662921348,0.7188915379565322,0.7191539365452408,0.5433839479392625,0.3917841814837523,0.7430830039525692,0.6067551266586249,0.3004807692307692,0.16957605985037408,0.15159976645551015,0.13632787729394436,0.26723258667433947
