acc,auc,precision,recall,maf1,mif1,yp1.a1,yp1.a0,yp1.y1a1,yp1.y1a0,yp1.y0a1,yp1.y0a0,parity,equality,eq_odds
0.5277995301487862,0.5965651984310772,0.5276145710928319,1.0,0.3462124299541518,0.5277995301487862,0.9988700564971752,1.0,1.0,1.0,0.9975247524752475,1.0,0.001129943502824804,0.0,0.0024752475247524774
0.552858261550509,0.5697952037351444,0.5701438848920863,0.6911337209302325,0.5357705844003708,0.552858261550509,0.6242969628796401,0.6684684684684684,0.712890625,0.6782407407407407,0.5039787798408488,0.6579275905118602,0.04417150558882832,0.0346498842592593,0.1885986949302707
0.6072826938136257,0.6369494531480935,0.670487106017192,0.5161764705882353,0.605977382701663,0.6072826938136257,0.358974358974359,0.441418619379354,0.46654275092936803,0.5486618004866181,0.22654462242562928,0.3249669749009247,0.08244426040499503,0.08211904955725002,0.18054140203254543
0.5759592795614722,0.5911315751201384,0.5912240184757506,0.731951393852752,0.5531522117897825,0.5759592795614722,0.6216790648246546,0.7110973341599504,0.6519337016574586,0.7827102803738317,0.5804020100502513,0.6301188903566711,0.08941826933529573,0.13077657871637316,0.180493459022793
0.5231010180109632,0.5269928124047472,0.5231554160125589,0.9977544910179641,0.3456538640172856,0.5231010180109632,1.0,0.9963212752912324,1.0,0.9963811821471653,1.0,0.9962593516209476,0.0036787247087676223,0.003618817852834688,0.007359466231887102
