acc,auc,precision,recall,maf1,mif1,yp1.a1,yp1.a0,yp1.y1a1,yp1.y1a0,yp1.y0a1,yp1.y0a0,parity,equality,eq_odds
0.6722787783868441,0.7367828966022871,0.7280858676207513,0.6043058648849294,0.6718803314507531,0.6722787783868441,0.4463276836158192,0.43319352905931696,0.6257796257796258,0.5923787528868361,0.23267326732673269,0.261519302615193,0.013134154556502242,0.0334008728927897,0.06224690818125003
0.6989036805011746,0.7695104285939905,0.7565511411665258,0.6504360465116279,0.6989025265024358,0.6989036805011746,0.4735658042744657,0.45765765765765765,0.65625,0.6469907407407407,0.22546419098143236,0.2534332084893883,0.01590814661680806,0.0092592592592593,0.03722827676721521
0.6985121378230227,0.7795281554832989,0.7422003284072249,0.6647058823529411,0.6984855128680811,0.6985121378230227,0.4758974358974359,0.47751741608613046,0.6617100371747212,0.6666666666666666,0.2471395881006865,0.27212681638044917,0.0016199801886945808,0.004956629491945419,0.029943857771708077
0.6926389976507439,0.7671713561634934,0.7402190923317684,0.6761972837741244,0.6919244591133669,0.6926389976507439,0.4824654622741764,0.5108493490390577,0.6537753222836096,0.6904205607476636,0.24874371859296482,0.30779392338177014,0.02838388676488124,0.036645238464053986,0.09569544325285931
0.7129992169146437,0.7783681405661583,0.7601380500431406,0.6594311377245509,0.712845975149687,0.7129992169146437,0.4637053087757313,0.44819129368485594,0.6646942800788954,0.6562123039806996,0.21875,0.23316708229426433,0.015514015090875355,0.008481976098195787,0.02289905839246012
