acc,auc,precision,recall,maf1,mif1,yp1.a1,yp1.a0,yp1.y1a1,yp1.y1a0,yp1.y0a1,yp1.y0a0,parity,equality,eq_odds
0.6852698993595608,0.720117074510257,0.784570596797671,0.4995366079703429,0.673206443184949,0.6852698993595608,0.2946793997271487,0.32415691672401925,0.4973404255319149,0.5007112375533428,0.08123249299719888,0.15866666666666668,0.029477516996870567,0.003370812021427916,0.08080498569089571
0.6747483989021044,0.7162375276233846,0.7851851851851852,0.4835766423357664,0.662587750747823,0.6747483989021043,0.31824611032531824,0.30425963488843816,0.48205128205128206,0.48441926345609065,0.1167192429022082,0.13971539456662355,0.013986475436880086,0.0023679814048085945,0.025364133069223943
0.6852698993595608,0.7247369938514561,0.7322335025380711,0.547438330170778,0.677278091780287,0.6852698993595608,0.37166900420757365,0.35505770536320436,0.5384615384615384,0.552437223042836,0.18452380952380953,0.1871859296482412,0.016611298844369293,0.01397568458129761,0.016637804705729287
0.6779505946935042,0.7322300458279638,0.7662337662337663,0.49487418452935694,0.6656065930264595,0.6779505946935042,0.3071625344352617,0.3219178082191781,0.48467966573816157,0.5,0.1335149863760218,0.15147453083109919,0.01475527378391639,0.01532033426183843,0.03327987871691582
0.6848124428179323,0.7389782141375539,0.754874651810585,0.5137440758293839,0.6731455783570713,0.6848124428179323,0.3132183908045977,0.33557046979865773,0.4700854700854701,0.5355113636363636,0.1536231884057971,0.15648854961832062,0.022352078994060054,0.06542589355089357,0.06829125476341708
