acc,auc,precision,recall,maf1,mif1,yp1.a1,yp1.a0,yp1.y1a1,yp1.y1a0,yp1.y0a1,yp1.y0a0,parity,equality,eq_odds
0.917567281203645,0.9620467435575348,0.9473684210526315,0.83,0.9103140869133408,0.9175672812036448,0.2960033305578684,0.3737591713422529,0.8189448441247003,0.839544513457557,0.017857142857142856,0.04071058475203553,0.07775584078438447,0.02059966933285673,0.043453111227749405
0.9205340114431024,0.9643132701817468,0.9419141914191419,0.8325554259043174,0.9117343873050943,0.9205340114431023,0.2653927813163482,0.37648054145516074,0.8032564450474898,0.8546571136131014,0.0203955500618047,0.03965392934390771,0.11108776013881255,0.05140066856561154,0.07065904784771455
0.9230769230769231,0.9638767375365582,0.9530944625407166,0.8340935005701254,0.915299058878432,0.9230769230769231,0.2696724797958316,0.38048986486486486,0.8125836680053548,0.8500496524329693,0.01683291770573566,0.03306392358559882,0.11081738506903327,0.03746598442761451,0.05369699030747767
0.9298580207671118,0.9651490915704448,0.9520590043023971,0.8596004439511654,0.924193179463817,0.9298580207671117,0.3072742474916388,0.38332617103566824,0.846987951807229,0.8703703703703703,0.020486555697823303,0.03394833948339483,0.07605192354402945,0.023382418563141383,0.03684420234871291
0.9230769230769231,0.9654808245340423,0.9509162303664922,0.8345778288340034,0.9150571337231654,0.9230769230769231,0.2953884503531367,0.35337370242214533,0.8050239234449761,0.861878453038674,0.0241884150222788,0.026297085998578537,0.05798525206900862,0.05685452959369797,0.0589632005699977
