acc,auc,precision,recall,maf1,mif1,yp1.a1,yp1.a0,yp1.y1a1,yp1.y1a0,yp1.y0a1,yp1.y0a0,parity,equality,eq_odds
0.967880085653105,0.9942576913404308,0.9415584415584416,0.9602649006622517,0.9634861476712971,0.9678800856531049,0.32894736842105265,0.329923273657289,1.0,0.952755905511811,0.019230769230769232,0.030303030303030304,0.0009759052362363629,0.047244094488189003,0.058316355560450076
0.9464668094218416,0.9811356466876971,0.8787878787878788,0.9666666666666667,0.9401235992512245,0.9464668094218416,0.3409090909090909,0.3562005277044855,0.9615384615384616,0.967741935483871,0.08064516129032258,0.058823529411764705,0.01529143679539463,0.006203473945409432,0.028025105823967306
0.953229398663697,0.9849888143176733,0.9324324324324325,0.9261744966442953,0.9471755827829038,0.9532293986636972,0.3170731707317073,0.33242506811989103,1.0,0.9126984126984127,0.05084745762711865,0.029045643153526972,0.01535189738818371,0.08730158730158732,0.109103401775179
0.9451754385964912,0.9866106937693326,0.9060402684563759,0.9246575342465754,0.9373677993571958,0.9451754385964912,0.35443037974683544,0.3209549071618037,0.9615384615384616,0.9166666666666666,0.05660377358490566,0.042801556420233464,0.03347547258503175,0.044871794871794934,0.05867401203646713
0.9521739130434783,0.9872175202861879,0.9078947368421053,0.9452054794520548,0.9454023608623405,0.9521739130434783,0.3625,0.3236842105263158,0.9629629629629629,0.9411764705882353,0.05660377358490566,0.0421455938697318,0.03881578947368419,0.02178649237472763,0.03624467208990149
