acc,auc,precision,recall,maf1,mif1,yp1.a1,yp1.a0,yp1.y1a1,yp1.y1a0,yp1.y0a1,yp1.y0a0,parity,equality,eq_odds
0.8137044967880086,0.9886411266661077,0.9571428571428572,0.44370860927152317,0.7421576031426704,0.8137044967880086,0.09210526315789473,0.16112531969309463,0.2916666666666667,0.47244094488188976,0.0,0.011363636363636364,0.0690200565351999,0.18077427821522307,0.19213791457885943
0.7922912205567453,0.9614721345951629,0.9818181818181818,0.36,0.696885141690923,0.7922912205567452,0.125,0.11609498680738786,0.4230769230769231,0.3467741935483871,0.0,0.00392156862745098,0.008905013192612138,0.07630272952853595,0.08022429815598693
0.9621380846325167,0.9952125279642059,0.9852941176470589,0.8993288590604027,0.9563092069488566,0.9621380846325167,0.2682926829268293,0.3106267029972752,0.9565217391304348,0.8888888888888888,0.0,0.008298755186721992,0.0423340200704459,0.06763285024154597,0.07593160542826796
0.7478070175438596,0.7083517454706143,0.8297872340425532,0.2671232876712329,0.6221003552717865,0.7478070175438597,0.1518987341772152,0.09283819628647215,0.38461538461538464,0.24166666666666667,0.03773584905660377,0.023346303501945526,0.059060537890743045,0.14294871794871797,0.1573382635033762
0.7739130434782608,0.8176206264723846,0.875,0.3356164383561644,0.6701508590970517,0.7739130434782608,0.1,0.12631578947368421,0.2222222222222222,0.36134453781512604,0.03773584905660377,0.019157088122605363,0.02631578947368421,0.13912231559290383,0.15770107652690224
