acc,auc,precision,recall,maf1,mif1,yp1.a1,yp1.a0,yp1.y1a1,yp1.y1a0,yp1.y0a1,yp1.y0a0,parity,equality,eq_odds
0.7804,0.6831652732423941,0.7813759742004838,0.9965724078834619,0.46003000226741503,0.7803999999999999,1.0,0.9915179877157063,1.0,0.9962609833613759,1.0,0.974479516453996,0.008482012284293683,0.003739016638624082,0.029259500184628084
0.778,0.6772013216796045,0.7867331394543692,0.9784705477092662,0.5141479910471725,0.778,1.0,0.9590007347538575,1.0,0.9763928234183191,1.0,0.8980132450331125,0.0409992652461425,0.023607176581680878,0.12559393154856835
0.79,0.6743377650562017,0.7930380604090478,0.99203659776347,0.48153894602628405,0.79,1.0,0.9827408172296799,1.0,0.9912297070348945,1.0,0.9507042253521126,0.017259182770320125,0.008770292965105453,0.05806606761299282
0.7850666666666667,0.6885782885140272,0.7863374043752517,0.99659806089471,0.4569001531820081,0.7850666666666667,1.0,0.9928779069767442,1.0,0.9963126843657817,1.0,0.9800824175824175,0.007122093023255838,0.0036873156342183133,0.02360489805180077
0.7832,0.6899456413540471,0.7860043313481321,0.9923103212576897,0.4766633479813238,0.7832,1.0,0.9835632521279718,1.0,0.9916044776119403,1.0,0.953920220082531,0.0164367478720282,0.00839552238805974,0.05447530230552877
