acc,auc,precision,recall,maf1,mif1,yp1.a1,yp1.a0,yp1.y1a1,yp1.y1a0,yp1.y0a1,yp1.y0a0,parity,equality,eq_odds
0.6697163769441903,0.711206719728612,0.7468879668049793,0.5004633920296571,0.6592001105559322,0.6697163769441903,0.27012278308321963,0.36132140399174123,0.4441489361702128,0.5305832147937412,0.08683473389355742,0.20266666666666666,0.0911986209085216,0.08643427862352837,0.2022662113966376
0.661024702653248,0.7307205517980312,0.7172582619339045,0.5346715328467153,0.655654139279904,0.661024702653248,0.29985855728429983,0.4090601757944557,0.41794871794871796,0.5991501416430595,0.15457413249211358,0.23544631306597671,0.10920161851015586,0.1812014236943415,0.26207360426820464
0.6701738334858188,0.7209352223734586,0.6885617214043035,0.5768500948766604,0.6658381735128838,0.6701738334858188,0.34081346423562414,0.4344874405974202,0.47480106100795755,0.6336779911373708,0.19047619047619047,0.2650753768844221,0.09367397636179609,0.15887693012941323,0.23347611653764488
0.6848124428179323,0.7411452720496312,0.7352941176470589,0.5591798695246971,0.6788849193041,0.6848124428179323,0.2975206611570248,0.410958904109589,0.467966573816156,0.6050420168067226,0.1307901907356948,0.225201072386059,0.11343824295256422,0.13707544299056668,0.23148632464093086
0.6747483989021044,0.7093148285499977,0.7269129287598944,0.5222748815165876,0.6649947073661695,0.6747483989021043,0.2413793103448276,0.3959731543624161,0.38461538461538464,0.5909090909090909,0.09565217391304348,0.22137404580152673,0.1545938440175885,0.2062937062937063,0.3320155781821895
