acc,auc,precision,recall,maf1,mif1,yp1.a1,yp1.a0,yp1.y1a1,yp1.y1a0,yp1.y0a1,yp1.y0a0,parity,equality,eq_odds
0.6797180892717306,0.7532243550828531,0.7274290627687017,0.6280623608017817,0.6796230014507021,0.6797180892717306,0.5960648148148148,0.3834319526627219,0.726530612244898,0.5717619603267211,0.42513368983957217,0.18967587034813926,0.21263286215209287,0.1547686519181769,0.3902264714096098
0.6930305403288959,0.7589664685908319,0.7638146167557932,0.6228197674418605,0.6928828886864281,0.6930305403288959,0.5254237288135594,0.3936488915518274,0.7014028056112225,0.5781071835803877,0.2979274611398964,0.1893939393939394,0.13177483726173195,0.12329562203083477,0.23182914377679176
0.7071260767423649,0.7678167532058846,0.742998352553542,0.6741405082212257,0.707125897145324,0.7071260767423649,0.5835117773019272,0.412962962962963,0.7642436149312377,0.6188178528347407,0.36705882352941177,0.1972187104930468,0.17054881433896418,0.14542576209649705,0.31526587513286203
0.7090837901331245,0.7772336208560358,0.8003679852805887,0.6232091690544412,0.7088587921676928,0.7090837901331245,0.4954648526077097,0.388755980861244,0.6772277227722773,0.5925925925925926,0.2519893899204244,0.15620998719590268,0.1067088717464657,0.08463513017968471,0.18041453290420645
0.7086922474549726,0.7770005332664136,0.7723577235772358,0.6347438752783965,0.7082449704556301,0.7086922474549726,0.4584269662921348,0.42007211538461536,0.6645962732919255,0.6180555555555556,0.21375921375921375,0.20625,0.038354850907519444,0.04654071773636992,0.05404993149558368
