acc,auc,precision,recall,maf1,mif1,yp1.a1,yp1.a0,yp1.y1a1,yp1.y1a0,yp1.y0a1,yp1.y0a0,parity,equality,eq_odds
0.5606891151135474,0.6672885032804803,0.5533934504034171,0.8656273199703044,0.49840186692750255,0.5606891151135474,0.8531073446327684,0.8100659077291792,0.9064449064449065,0.8429561200923787,0.7896039603960396,0.7745952677459527,0.04304143690358919,0.06348878635252775,0.07849747900261472
0.6687548942834769,0.6816083132625261,0.7324561403508771,0.6068313953488372,0.668681549196255,0.6687548942834769,0.4881889763779528,0.424024024024024,0.662109375,0.5740740740740741,0.2519893899204244,0.26217228464419473,0.06416495235392877,0.08803530092592593,0.09821819564969625
0.6229444009397024,0.6801827766282393,0.7316219369894983,0.4610294117647059,0.6162632480344721,0.6229444009397024,0.3374358974358974,0.3343888537048765,0.4684014869888476,0.4562043795620438,0.17620137299771166,0.202113606340819,0.0030470437310209375,0.0121971074268038,0.038109340769911154
0.6808927173061864,0.7250039453041598,0.7570422535211268,0.6147248034310222,0.6808750558638448,0.6808927173061864,0.4622741764080765,0.43459392436453814,0.6151012891344383,0.6144859813084113,0.2537688442211055,0.2311756935270806,0.027680252043538356,0.0006153078260270339,0.02320845852005196
0.52858261550509,0.5456107489454588,0.5293594306049823,0.8907185628742516,0.43701812664041995,0.52858261550509,0.9003250270855905,0.8687921520539547,0.9151873767258383,0.8757539203860072,0.8822115384615384,0.8615960099750624,0.03153287503163582,0.039433456339831086,0.06004898482630716
