acc,auc,precision,recall,maf1,mif1,yp1.a1,yp1.a0,yp1.y1a1,yp1.y1a0,yp1.y0a1,yp1.y0a0,parity,equality,eq_odds
0.5270164447924823,0.5065415858617357,0.527222875048962,0.9992576095025983,0.3451282051282051,0.5270164447924823,0.9988700564971752,1.0,0.997920997920998,1.0,1.0,1.0,0.001129943502824804,0.0020790020790020236,0.0020790020790020236
0.5438527799530148,0.5602790500256642,0.5440501043841336,0.9469476744186046,0.4098548006506372,0.5438527799530148,0.9235095613048369,0.9453453453453453,0.943359375,0.9490740740740741,0.896551724137931,0.9413233458177278,0.021835784040508455,0.00571469907407407,0.05048632075387083
0.5677368833202819,0.5931523425953296,0.6114982578397212,0.5161764705882353,0.5675966139124035,0.5677368833202819,0.321025641025641,0.5288157061431286,0.4107806691449814,0.5851581508515815,0.21052631578947367,0.4676354029062087,0.20779006511748754,0.1743774817066001,0.43148656882333514
0.5485512920908379,0.5938836955277269,0.5488095238095239,0.9885632594710507,0.36803491905364544,0.5485512920908379,0.971307120085016,0.9956602603843769,0.9760589318600368,0.9964953271028038,0.964824120603015,0.9947159841479525,0.024353140299360976,0.02043639524276697,0.050328258787704416
0.5223179326546593,0.48238037471854317,0.5227450980392156,0.9977544910179641,0.34384457867555945,0.5223179326546593,0.9956663055254604,1.0,0.9940828402366864,1.0,0.9975961538461539,1.0,0.004333694474539573,0.00591715976331364,0.008321005917159785
