acc,auc,precision,recall,maf1,mif1,yp1.a1,yp1.a0,yp1.y1a1,yp1.y1a0,yp1.y0a1,yp1.y0a0,parity,equality,eq_odds
0.8236914600550964,0.8689838605306232,0.8569321533923304,0.6455555555555555,0.8019666304717565,0.8236914600550964,0.2926727726894255,0.2818299525248166,0.6954436450839329,0.6024844720496895,0.0784438775510204,0.052553663952627686,0.010842820164608913,0.09295917303424339,0.11884938663263611
0.8319559228650139,0.8819512209328288,0.7729697688203913,0.7607934655775963,0.8177383251191797,0.8319559228650137,0.3698513800424628,0.34517766497461927,0.7761194029850746,0.7492323439099283,0.18479604449938195,0.06056236481614996,0.02467371506784355,0.026887059075146325,0.1511207387583783
0.8575969485060395,0.8860354842989573,0.8788515406162465,0.7155074116305588,0.8406975940432194,0.8575969485060394,0.28753721820501915,0.31756756756756754,0.7282463186077643,0.7060575968222443,0.08229426433915212,0.030124908155767818,0.030030349362548392,0.022188721785520005,0.0743580779689043
0.8073744437380801,0.8701781473904171,0.7974683544303798,0.6642619311875694,0.7883146905791356,0.8073744437380801,0.3566053511705686,0.2784701332187366,0.7542168674698795,0.5874485596707819,0.14532650448143405,0.05682656826568266,0.07813521795183198,0.16676830779909757,0.25526824401484893
0.8440347531256622,0.8848619533866775,0.8448867536032945,0.7070649052268811,0.8259537210756722,0.8440347531256622,0.31574574158703783,0.3014705882352941,0.7177033492822966,0.6972375690607735,0.10184595798854233,0.046908315565031986,0.01427515335174373,0.020465780221523122,0.07540342264503347
