acc,auc,precision,recall,maf1,mif1,yp1.a1,yp1.a0,yp1.y1a1,yp1.y1a0,yp1.y0a1,yp1.y0a0,parity,equality,eq_odds
0.7015276145710928,0.7785349422154262,0.7476714648602879,0.6555308092056422,0.7014989909752434,0.7015276145710928,0.4937853107344633,0.4460431654676259,0.683991683991684,0.6397228637413395,0.26732673267326734,0.23690773067331672,0.0477421452668374,0.04426882025034451,0.07468782225029513
0.7152369761065414,0.7828708133971292,0.7704507512520868,0.6712727272727272,0.7152194990371172,0.7152369761065415,0.5033783783783784,0.45105105105105103,0.6966731898238747,0.65625,0.2413793103448276,0.22971285892634208,0.052327327327327366,0.04042318982387472,0.052089641242360235
0.7152369761065414,0.7928159360978255,0.7388679245283019,0.7198529411764706,0.7144736811742689,0.7152369761065415,0.556923076923077,0.4955640050697085,0.7472118959107806,0.7019464720194647,0.32265446224256294,0.27116402116402116,0.061359071853368474,0.04526542389131594,0.09675586496985772
0.7203290246768508,0.7836217501235718,0.7847049044056525,0.6747676912080057,0.7202259628253518,0.7203290246768508,0.5069075451647184,0.45037220843672454,0.6813996316758748,0.6705607476635514,0.26884422110552764,0.20105820105820105,0.056535336727993823,0.010838884012323358,0.07862490405964995
0.7222875048962005,0.7933186964570149,0.7679794520547946,0.6719101123595506,0.7221809433750572,0.7222875048962005,0.5075921908893709,0.4291845493562232,0.7114624505928854,0.6477683956574186,0.25961538461538464,0.20324189526184538,0.07840764153314772,0.06369405493546676,0.12006754428900601
