acc,auc,precision,recall,maf1,mif1,yp1.a1,yp1.a0,yp1.y1a1,yp1.y1a0,yp1.y0a1,yp1.y0a0,parity,equality,eq_odds
0.6333333333333334,0.688,0.6086956521739131,0.7466666666666667,0.6285624240241322,0.6333333333333333,0.425531914893617,0.6990291262135923,0.6666666666666666,0.7777777777777778,0.23076923076923078,0.6122448979591837,0.27349721131997523,0.11111111111111116,0.49258677830106407
0.56,0.5496888888888889,0.5384615384615384,0.84,0.5225694444444444,0.56,0.7291666666666666,0.803921568627451,0.76,0.88,0.6956521739130435,0.7307692307692307,0.07475490196078438,0.12,0.15511705685618726
0.62,0.5971555555555556,0.7647058823529411,0.3466666666666667,0.5893174504058792,0.62,0.10638297872340426,0.2815533980582524,0.17391304347826086,0.4230769230769231,0.041666666666666664,0.13725490196078433,0.17517041933484817,0.2491638795986622,0.3447521148927799
0.5733333333333334,0.6012444444444445,0.5617977528089888,0.6666666666666666,0.569583931133429,0.5733333333333334,0.4716981132075472,0.6597938144329897,0.56,0.72,0.39285714285714285,0.5957446808510638,0.1880957012254425,0.15999999999999992,0.3628875379939209
0.48000000000000004,0.40426666666666666,0.2,0.013333333333333334,0.3352272727272727,0.48,0.0,0.04504504504504504,0.0,0.017241379310344827,0.0,0.07547169811320754,0.04504504504504504,0.017241379310344827,0.09271307742355236
