acc,auc,precision,recall,maf1,mif1,yp1.a1,yp1.a0,yp1.y1a1,yp1.y1a0,yp1.y0a1,yp1.y0a0,parity,equality,eq_odds
0.6884720951509606,0.7343470190957702,0.7386091127098321,0.5708989805375347,0.6835363952086567,0.6884720951509606,0.49113233287858116,0.3262216104611149,0.6781914893617021,0.5135135135135135,0.29411764705882354,0.15066666666666667,0.16491072241746624,0.16467797584818866,0.30812895624034553
0.6742909423604758,0.7168151074800777,0.7546419098143236,0.5191605839416058,0.6664097563066635,0.6742909423604757,0.45403111739745405,0.2927653820148749,0.6153846153846154,0.4660056657223796,0.2555205047318612,0.13454075032341525,0.16126573538257916,0.1493789496622358,0.27035870407068174
0.6688014638609332,0.7248149402243516,0.671161825726141,0.6138519924098672,0.6668336711314398,0.6688014638609332,0.6115007012622721,0.35845213849287166,0.7374005305039788,0.5450516986706057,0.47023809523809523,0.19974874371859297,0.2530485627694004,0.19234883183337315,0.4628381833528754
0.6779505946935042,0.721948270419318,0.7209580838323353,0.5610438024231128,0.6726564839772387,0.6779505946935042,0.465564738292011,0.3404109589041096,0.6155988857938719,0.5336134453781513,0.3188010899182561,0.1554959785522788,0.1251537793879014,0.08198544041572065,0.24529055178169795
0.6898444647758464,0.7276457105023864,0.7413572343149808,0.5488151658767773,0.6816843982598297,0.6898444647758463,0.43103448275862066,0.32281879194630875,0.5982905982905983,0.5241477272727273,0.2608695652173913,0.14249363867684478,0.10821569081231192,0.07414287101787098,0.1925187975584175
