acc,auc,precision,recall,maf1,mif1,yp1.a1,yp1.a0,yp1.y1a1,yp1.y1a0,yp1.y0a1,yp1.y0a0,parity,equality,eq_odds
0.5533333333333333,0.5687111111111112,0.6666666666666666,0.21333333333333335,0.4949494949494949,0.5533333333333333,0.10638297872340426,0.18446601941747573,0.19047619047619047,0.2222222222222222,0.038461538461538464,0.14285714285714285,0.07808304069407147,0.031746031746031744,0.13614163614163613
0.56,0.579288888888889,0.5398230088495575,0.8133333333333334,0.5298252279635258,0.56,0.8125,0.7254901960784313,0.88,0.78,0.7391304347826086,0.6730769230769231,0.08700980392156865,0.09999999999999998,0.1660535117056855
0.5,0.4192,0.5,1.0,0.3333333333333333,0.5,1.0,1.0,1.0,1.0,1.0,1.0,0.0,0.0,0.0
0.5266666666666667,0.5360888888888888,0.5227272727272727,0.6133333333333333,0.5230845013658143,0.5266666666666666,0.5849056603773585,0.5876288659793815,0.6,0.62,0.5714285714285714,0.5531914893617021,0.0027232056020229933,0.020000000000000018,0.038237082066869266
0.52,0.5187555555555555,0.5112781954887218,0.9066666666666666,0.43561872909698995,0.52,0.9743589743589743,0.8558558558558559,1.0,0.8793103448275862,0.9545454545454546,0.8301886792452831,0.11850311850311845,0.12068965517241381,0.24504643047258534
