acc,auc,precision,recall,maf1,mif1,yp1.a1,yp1.a0,yp1.y1a1,yp1.y1a0,yp1.y0a1,yp1.y0a0,parity,equality,eq_odds
0.6816102470265325,0.7483935354611088,0.7072905331882481,0.6035283194057567,0.679186656140564,0.6816102470265325,0.4375876577840112,0.4120841819416157,0.6611111111111111,0.5746164574616457,0.2096317280453258,0.25793650793650796,0.025503475842395484,0.0864946536494654,0.13479943354064758
0.6884720951509606,0.7474872057661134,0.7250859106529209,0.5893854748603352,0.6847031912696773,0.6884720951509606,0.4333821376281113,0.38389886892880903,0.6350574712643678,0.5674931129476584,0.22388059701492538,0.21235521235521235,0.04948326869930225,0.06756435831670948,0.07908974297642252
0.6967063129002745,0.7342549460299922,0.8128654970760234,0.5096241979835013,0.6855921512904922,0.6967063129002745,0.32581100141043723,0.3067027758970887,0.5118110236220472,0.5084507042253521,0.10975609756097561,0.11994784876140809,0.01910822551334851,0.0033603193966951217,0.013552070597127597
0.6948764867337603,0.7513759693330284,0.7622739018087855,0.5498602050326188,0.6873577168220342,0.6948764867337603,0.37177747625508817,0.3450655624568668,0.5737704918032787,0.5374823196605375,0.1725067385444744,0.16172506738544473,0.026711913798221354,0.03628817214274116,0.04706984330177083
0.6948764867337603,0.7346587141584563,0.8,0.5306859205776173,0.6871747308004146,0.6948764867337603,0.31724137931034485,0.3456536618754278,0.5039787798408488,0.5444596443228454,0.11494252873563218,0.14657534246575343,0.028412282565082936,0.040480864481996615,0.07211367821211787
