acc,auc,precision,recall,maf1,mif1,yp1.a1,yp1.a0,yp1.y1a1,yp1.y1a0,yp1.y0a1,yp1.y0a0,parity,equality,eq_odds
0.6933333333333334,0.7196444444444444,0.6933333333333334,0.6933333333333334,0.6933333333333334,0.6933333333333334,0.3829787234042553,0.5533980582524272,0.6666666666666666,0.7037037037037037,0.15384615384615385,0.3877551020408163,0.17041933484817184,0.03703703703703709,0.27094598523169955
0.5533333333333333,0.5409777777777778,0.5377358490566038,0.76,0.5334045220298064,0.5533333333333333,0.7708333333333334,0.6764705882352942,0.8,0.74,0.7391304347826086,0.6153846153846154,0.09436274509803921,0.06000000000000005,0.18374581939799328
0.5666666666666667,0.6051555555555554,0.5480769230769231,0.76,0.5498407128676301,0.5666666666666667,0.5106382978723404,0.7766990291262136,0.7391304347826086,0.7692307692307693,0.2916666666666667,0.7843137254901961,0.2660607312538732,0.030100334448160626,0.52274739327169
0.5466666666666667,0.5685333333333332,0.5402298850574713,0.6266666666666667,0.5437466451959206,0.5466666666666666,0.5849056603773585,0.5773195876288659,0.64,0.62,0.5357142857142857,0.5319148936170213,0.007586072748492545,0.020000000000000018,0.02379939209726445
0.5066666666666667,0.45955555555555555,0.5098039215686274,0.3466666666666667,0.49370552818828684,0.5066666666666667,0.3076923076923077,0.35135135135135137,0.4117647058823529,0.3275862068965517,0.22727272727272727,0.37735849056603776,0.04365904365904366,0.08417849898580121,0.2342642622791117
