acc,auc,precision,recall,maf1,mif1,yp1.a1,yp1.a0,yp1.y1a1,yp1.y1a0,yp1.y0a1,yp1.y0a0,parity,equality,eq_odds
0.52,0.5230222222222223,0.5245901639344263,0.4266666666666667,0.5157819225251077,0.52,0.02127659574468085,0.5825242718446602,0.0,0.5925925925925926,0.038461538461538464,0.5714285714285714,0.5612476760999793,0.5925925925925926,1.1255596255596254
0.52,0.5063111111111112,0.5164835164835165,0.6266666666666667,0.5144758137025714,0.52,0.4375,0.6862745098039216,0.48,0.7,0.391304347826087,0.6730769230769231,0.24877450980392157,0.21999999999999997,0.5017725752508362
0.5,0.4428444444444444,0.5,1.0,0.3333333333333333,0.5,1.0,1.0,1.0,1.0,1.0,1.0,0.0,0.0,0.0
0.5533333333333333,0.583111111111111,0.58,0.38666666666666666,0.5405714285714286,0.5533333333333333,0.4339622641509434,0.27835051546391754,0.56,0.3,0.32142857142857145,0.2553191489361702,0.15561174868702587,0.26000000000000006,0.3261094224924013
0.44,0.42639999999999995,0.44,0.44,0.44,0.44,0.5641025641025641,0.4774774774774775,0.5882352941176471,0.39655172413793105,0.5454545454545454,0.5660377358490566,0.08662508662508661,0.19168356997971603,0.2122667603742272
