acc,auc,precision,recall,maf1,mif1,yp1.a1,yp1.a0,yp1.y1a1,yp1.y1a0,yp1.y0a1,yp1.y0a0,parity,equality,eq_odds
0.5626468285043069,0.5910904529320118,0.58984375,0.5605048255382331,0.5622892337302133,0.5626468285043069,0.7446327683615819,0.372079089275015,0.8357588357588358,0.407621247113164,0.6361386138613861,0.33374844333748444,0.3725536790865669,0.4281375886456718,0.7305277591695736
0.591229444009397,0.634919626288151,0.5927374301675977,0.7710755813953488,0.5663281271855379,0.591229444009397,0.8278965129358831,0.633033033033033,0.896484375,0.6967592592592593,0.7347480106100795,0.5642946317103621,0.19486347990285002,0.1997251157407407,0.37017849464045816
0.6311667971808927,0.6694831387328801,0.6539027982326951,0.6529411764705882,0.629639687069929,0.6311667971808927,0.6687179487179488,0.44711842938568713,0.8122676579925651,0.5486618004866181,0.4919908466819222,0.3368560105680317,0.22159951933226163,0.263605857505947,0.4187406936198375
0.6660140955364134,0.702056199697372,0.7341337907375644,0.6118656182987848,0.6660078999876586,0.6660140955364134,0.5791710945802337,0.38499690018598887,0.7274401473296501,0.5385514018691588,0.3768844221105528,0.21136063408190225,0.19417419439424488,0.18888874546049128,0.3544125334891418
0.524275646045419,0.5613053449750744,0.5238470634607805,0.9947604790419161,0.3512420149462019,0.524275646045419,0.9989165763813651,0.9901900674432863,1.0,0.991556091676719,0.9975961538461539,0.9887780548628429,0.008726508938078803,0.008443908323281013,0.017262007306591998
