acc,auc,precision,recall,maf1,mif1,yp1.a1,yp1.a0,yp1.y1a1,yp1.y1a0,yp1.y0a1,yp1.y0a0,parity,equality,eq_odds
0.5305403288958497,0.5395146107001413,0.5294820717131474,0.9866369710467706,0.3653516906464458,0.5305403288958497,0.9853107344632769,0.981426003594967,0.9854469854469855,0.9872979214780601,0.9851485148514851,0.975093399750934,0.0038847308683098714,0.001850936031074557,0.011906051131625683
0.5454189506656225,0.5580790756899752,0.5432944019331454,0.9803779069767442,0.3848006106362157,0.5454189506656225,0.9786276715410573,0.9687687687687687,0.978515625,0.9814814814814815,0.9787798408488063,0.9550561797752809,0.009858902772288625,0.0029658564814815103,0.026689517555006925
0.6268598277212216,0.6605977189870923,0.6462976276060388,0.6610294117647059,0.6246264905869072,0.6268598277212216,0.5035897435897436,0.5699810006333123,0.6133828996282528,0.6922141119221411,0.3684210526315789,0.4372523117569353,0.06639125704356863,0.07883121229388834,0.1476624714192447
0.6417384494909946,0.6742886848676699,0.7149200710479574,0.5754110078627591,0.6416922528489784,0.6417384494909946,0.41870350690754515,0.453812771233726,0.5395948434622467,0.5981308411214953,0.2537688442211055,0.2906208718626156,0.035109264326180833,0.05853599765924855,0.09538802530075863
0.5395458104933438,0.5618571969361769,0.5579710144927537,0.5763473053892215,0.5376857566458642,0.5395458104933438,0.4875406283856988,0.5702023298589822,0.5384615384615384,0.5995174909529554,0.4254807692307692,0.5399002493765586,0.08266170147328344,0.06105595249141693,0.17547543263720627
