acc,auc,precision,recall,maf1,mif1,yp1.a1,yp1.a0,yp1.y1a1,yp1.y1a0,yp1.y0a1,yp1.y0a0,parity,equality,eq_odds
0.6194205168363351,0.6240262659849222,0.6767200754005656,0.5330363771343727,0.618172757475083,0.6194205168363351,0.43389830508474575,0.4056321150389455,0.5758835758835759,0.5092378752886836,0.26485148514851486,0.29389788293897884,0.028266190045800277,0.06664570059489228,0.09569209838535625
0.610806577916993,0.6452057093220673,0.6518282988871225,0.5959302325581395,0.6104243433147405,0.610806577916993,0.5376827896512936,0.46846846846846846,0.65625,0.5601851851851852,0.376657824933687,0.36953807740324596,0.06921432118282511,0.09606481481481477,0.1031845623452558
0.6609240407204385,0.672703591486846,0.7082630691399663,0.6176470588235294,0.6609207138227267,0.6609240407204385,0.48,0.45471817606079795,0.6486988847583643,0.597323600973236,0.2723112128146453,0.2998678996036988,0.02528182393920203,0.051375283785128345,0.07893197057418183
0.6049334377447142,0.6338522568686973,0.6603618421052632,0.5739814152966405,0.6047079432353228,0.6049334377447142,0.48884165781083955,0.46869187848729077,0.5930018416206262,0.5619158878504673,0.34673366834170855,0.3632760898282695,0.020149779323548778,0.03108595377015888,0.04762837525671981
0.5798747063429914,0.5984736192639352,0.6223255813953489,0.500748502994012,0.5785534936201906,0.5798747063429914,0.4582881906825569,0.39975475168608215,0.5759368836291914,0.45476477683956573,0.31490384615384615,0.3428927680798005,0.05853343899647473,0.12117210678962564,0.14916102871558
