acc,auc,precision,recall,maf1,mif1,yp1.a1,yp1.a0,yp1.y1a1,yp1.y1a0,yp1.y0a1,yp1.y0a0,parity,equality,eq_odds
0.9379014989293363,0.9849735937630983,0.9236111111111112,0.8807947019867549,0.9281557518368213,0.9379014989293362,0.39473684210526316,0.2915601023017903,0.9583333333333334,0.8661417322834646,0.1346153846153846,0.015151515151515152,0.10317673980347286,0.09219160104986879,0.21165547051373823
0.9229122055674519,0.9779600420609884,0.8607594936708861,0.9066666666666666,0.9128044479482179,0.9229122055674518,0.3977272727272727,0.3245382585751979,0.9615384615384616,0.8951612903225806,0.16129032258064516,0.047058823529411764,0.0731890141520748,0.06637717121588094,0.18060867026711433
0.9510022271714922,0.9871140939597316,0.9379310344827586,0.912751677852349,0.9443731134838041,0.9510022271714922,0.35365853658536583,0.31607629427792916,1.0,0.8968253968253969,0.1016949152542373,0.012448132780082987,0.037582242307436675,0.10317460317460314,0.19242138564875744
0.9276315789473684,0.9762483429076446,0.8741721854304636,0.9041095890410958,0.9176151761517615,0.9276315789473685,0.46835443037974683,0.30238726790450926,1.0,0.8833333333333333,0.20754716981132076,0.0311284046692607,0.16596716247523757,0.1166666666666667,0.29308543180872676
0.9369565217391305,0.9832693482244133,0.903448275862069,0.8972602739726028,0.9271193570769072,0.9369565217391305,0.4375,0.2894736842105263,0.9629629629629629,0.8823529411764706,0.16981132075471697,0.019157088122605363,0.14802631578947367,0.08061002178649235,0.23126425441860396
