acc,auc,precision,recall,maf1,mif1,yp1.a1,yp1.a0,yp1.y1a1,yp1.y1a0,yp1.y0a1,yp1.y0a0,parity,equality,eq_odds
0.9186295503211992,0.9830664766535335,0.900709219858156,0.8410596026490066,0.9053364912729911,0.9186295503211992,0.3157894736842105,0.29923273657289,0.9583333333333334,0.8188976377952756,0.019230769230769232,0.04924242424242424,0.016556737111320496,0.1394356955380578,0.1694473505497128
0.9314775160599572,0.9786750788643533,0.8641975308641975,0.9333333333333333,0.9229944760491384,0.9314775160599571,0.32954545454545453,0.35092348284960423,0.9230769230769231,0.9354838709677419,0.08064516129032258,0.06666666666666667,0.0213780283041497,0.012406947890818754,0.026385442514474666
0.953229398663697,0.989261744966443,0.9324324324324325,0.9261744966442953,0.9471755827829038,0.9532293986636972,0.2926829268292683,0.33787465940054495,0.9565217391304348,0.9206349206349206,0.03389830508474576,0.03319502074688797,0.04519173257127668,0.03588681849551423,0.036590102833372024
0.9188596491228069,0.9818161732213876,0.8758620689655172,0.8698630136986302,0.9066354566130452,0.918859649122807,0.31645569620253167,0.3183023872679045,0.9230769230769231,0.8583333333333333,0.018867924528301886,0.06614785992217899,0.0018466910653728297,0.06474358974358985,0.11202352513746695
0.9239130434782609,0.9786449698979146,0.8627450980392157,0.9041095890410958,0.9132912176390438,0.9239130434782609,0.3625,0.3263157894736842,0.9629629629629629,0.8907563025210085,0.05660377358490566,0.06896551724137931,0.03618421052631576,0.07220666044195445,0.0845684040984281
