acc,auc,precision,recall,maf1,mif1,yp1.a1,yp1.a0,yp1.y1a1,yp1.y1a0,yp1.y0a1,yp1.y0a0,parity,equality,eq_odds
0.967880085653105,0.9944882219800486,0.9533333333333334,0.9470198675496688,0.9632347152461778,0.9678800856531049,0.32894736842105265,0.319693094629156,1.0,0.937007874015748,0.019230769230769232,0.022727272727272728,0.009254273791896639,0.06299212598425197,0.06648862948075546
0.9464668094218416,0.9810094637223974,0.8787878787878788,0.9666666666666667,0.9401235992512245,0.9464668094218416,0.3409090909090909,0.3562005277044855,0.9615384615384616,0.967741935483871,0.08064516129032258,0.058823529411764705,0.01529143679539463,0.006203473945409432,0.028025105823967306
0.9599109131403117,0.9882997762863535,0.9337748344370861,0.9463087248322147,0.9549498327759197,0.9599109131403119,0.3170731707317073,0.3405994550408719,1.0,0.9365079365079365,0.05084745762711865,0.029045643153526972,0.02352628430916459,0.06349206349206349,0.08529387796565516
0.9429824561403508,0.9863676535572249,0.9054054054054054,0.9178082191780822,0.9347467142196684,0.9429824561403509,0.35443037974683544,0.3183023872679045,0.9615384615384616,0.9083333333333333,0.05660377358490566,0.042801556420233464,0.03612799247893095,0.05320512820512824,0.06700734536980044
0.9565217391304348,0.99227816071896,0.9144736842105263,0.952054794520548,0.9503657826021278,0.9565217391304348,0.3375,0.32894736842105265,0.9629629629629629,0.9495798319327731,0.018867924528301886,0.04597701149425287,0.008552631578947367,0.013383131030189843,0.040492217996140834
