acc,auc,precision,recall,maf1,mif1,yp1.a1,yp1.a0,yp1.y1a1,yp1.y1a0,yp1.y0a1,yp1.y0a0,parity,equality,eq_odds
0.9164882226980728,0.9783091625450583,0.9,0.8344370860927153,0.9026630966314473,0.9164882226980728,0.09210526315789473,0.340153452685422,0.20833333333333334,0.952755905511811,0.038461538461538464,0.045454545454545456,0.24804818952752727,0.7444225721784776,0.7514155791714846
0.9357601713062099,0.9672555205047318,0.910958904109589,0.8866666666666667,0.9258133525374905,0.9357601713062098,0.1590909090909091,0.3482849604221636,0.5,0.967741935483871,0.016129032258064516,0.047058823529411764,0.18919405133125453,0.467741935483871,0.49867172675521826
0.9220489977728284,0.983668903803132,0.9596774193548387,0.7986577181208053,0.9078974358974359,0.9220489977728284,0.10975609756097561,0.3133514986376022,0.391304347826087,0.873015873015873,0.0,0.02074688796680498,0.2035954010766266,0.48171152518978605,0.502458413156591
0.9210526315789473,0.973663278833407,0.9230769230769231,0.821917808219178,0.9064807219031994,0.9210526315789473,0.13924050632911392,0.3156498673740053,0.34615384615384615,0.925,0.03773584905660377,0.0311284046692607,0.17640936104489138,0.5788461538461539,0.585453598233497
0.8978260869565218,0.9651426577087514,0.889763779527559,0.773972602739726,0.877597930148162,0.8978260869565218,0.05,0.3236842105263158,0.1111111111111111,0.9243697478991597,0.018867924528301886,0.04980842911877394,0.2736842105263158,0.8132586367880486,0.8441991413785206
