acc,auc,precision,recall,maf1,mif1,yp1.a1,yp1.a0,yp1.y1a1,yp1.y1a0,yp1.y0a1,yp1.y0a0,parity,equality,eq_odds
0.6366483946750195,0.6970769988725751,0.6470175438596492,0.6844840386043058,0.6339816956255311,0.6366483946750195,0.5909604519774011,0.5404433792690234,0.7214137214137214,0.663972286374134,0.43564356435643564,0.40722291407222916,0.050517072708377686,0.05744143503958743,0.08586208532379391
0.6331245105716523,0.6594861091917716,0.7133138969873664,0.5334302325581395,0.6318715710502614,0.6331245105716523,0.43194600674915634,0.38738738738738737,0.58203125,0.5046296296296297,0.22811671087533156,0.26092384519350814,0.04455861936176897,0.07740162037037035,0.11020875468854693
0.5978856695379796,0.6370073406246921,0.5856041131105398,0.8375,0.5598262435359457,0.5978856695379796,0.8082051282051282,0.7327422419252692,0.879182156133829,0.8102189781021898,0.7208237986270023,0.6486129458388376,0.07546288627985909,0.0689631780316392,0.14117403081980395
0.6037588097102584,0.6809520715167605,0.7676348547717843,0.39671193709792707,0.5920882434079742,0.6037588097102584,0.23804463336875664,0.30936143831370116,0.3296500920810313,0.4392523364485981,0.11306532663316583,0.16248348745046234,0.07131680494494452,0.10960224436756683,0.15902040518486332
0.6264682850430697,0.6960070007767716,0.6071829405162739,0.8098802395209581,0.6073188263317872,0.6264682850430697,0.7432286023835319,0.6719803801348866,0.854043392504931,0.7828709288299156,0.6081730769230769,0.557356608478803,0.07124822224864535,0.0711724636750154,0.1219889321192893
