acc,auc,precision,recall,maf1,mif1,yp1.a1,yp1.a0,yp1.y1a1,yp1.y1a0,yp1.y0a1,yp1.y0a0,parity,equality,eq_odds
0.6806953339432754,0.7474442276087883,0.7516512549537648,0.5273401297497683,0.6722945575005327,0.6806953339432754,0.3956343792633015,0.321403991741225,0.6037234042553191,0.4864864864864865,0.17647058823529413,0.16666666666666666,0.0742303875220765,0.1172369177688326,0.12704083933746008
0.6893870082342178,0.7453592714123083,0.8043795620437956,0.5027372262773723,0.678346264473989,0.6893870082342177,0.38472418670438474,0.27924273157538876,0.5769230769230769,0.46175637393767704,0.14826498422712933,0.11254851228978008,0.10548145512899598,0.11516670298539983,0.15088317492274908
0.6770356816102471,0.7299560483032835,0.7137592137592138,0.5512333965844403,0.6700533963645319,0.6770356816102471,0.39831697054698456,0.35980991174473864,0.583554376657825,0.5332348596750369,0.19047619047619047,0.21231155778894473,0.03850705880224592,0.050319516982788026,0.07215488429554229
0.6692589204025617,0.7341777133579346,0.7049180327868853,0.5610438024231128,0.6645499377588737,0.6692589204025617,0.4118457300275482,0.3801369863013699,0.6072423398328691,0.5378151260504201,0.22070844686648503,0.2292225201072386,0.03170874372617832,0.06942721378244898,0.07794128702320255
0.6829826166514181,0.7360466139515004,0.7452574525745257,0.5213270142180095,0.6723940653270755,0.6829826166514181,0.375,0.3201342281879195,0.5641025641025641,0.5,0.1826086956521739,0.15903307888040713,0.05486577181208052,0.0641025641025641,0.08767818087433088
