acc,auc,precision,recall,maf1,mif1,yp1.a1,yp1.a0,yp1.y1a1,yp1.y1a0,yp1.y0a1,yp1.y0a0,parity,equality,eq_odds
0.9336188436830836,0.9843448738368681,0.8703703703703703,0.9337748344370861,0.9255194908757903,0.9336188436830836,0.4868421052631579,0.319693094629156,0.9583333333333334,0.9291338582677166,0.2692307692307692,0.026515151515151516,0.1671490106340019,0.02919947506561682,0.2719150927812345
0.9057815845824412,0.9751629863301787,0.8154761904761905,0.9133333333333333,0.8951033243486075,0.9057815845824411,0.4772727272727273,0.3324538258575198,0.9615384615384616,0.9032258064516129,0.27419354838709675,0.054901960784313725,0.14481890141520748,0.058312655086848686,0.2776042426896317
0.9309576837416481,0.9799105145413869,0.8831168831168831,0.912751677852349,0.9227944643203816,0.9309576837416481,0.4146341463414634,0.32697547683923706,1.0,0.8968253968253969,0.1864406779661017,0.029045643153526972,0.08765866950222634,0.10317460317460314,0.26056963798717786
0.9078947368421052,0.9666372072470172,0.8333333333333334,0.8904109589041096,0.8960373466507436,0.9078947368421053,0.46835443037974683,0.3156498673740053,0.9615384615384616,0.875,0.22641509433962265,0.054474708171206226,0.15270456300574153,0.08653846153846156,0.258478847706878
0.9108695652173913,0.9751548730477271,0.8431372549019608,0.8835616438356164,0.8984268549485941,0.9108695652173913,0.4625,0.30526315789473685,0.9259259259259259,0.8739495798319328,0.22641509433962265,0.04597701149425287,0.15723684210526317,0.05197634609399315,0.23241442893936293
