acc,auc,precision,recall,maf1,mif1,yp1.a1,yp1.a0,yp1.y1a1,yp1.y1a0,yp1.y0a1,yp1.y0a0,parity,equality,eq_odds
0.9700214132762314,0.9964791684131109,0.959731543624161,0.9470198675496688,0.9656256572029442,0.9700214132762313,0.32894736842105265,0.3171355498721228,1.0,0.937007874015748,0.019230769230769232,0.01893939393939394,0.011811818548929875,0.06299212598425197,0.06328350127562726
0.9421841541755889,0.977602523659306,0.8727272727272727,0.96,0.9353334871913224,0.9421841541755889,0.3409090909090909,0.3562005277044855,0.9615384615384616,0.9596774193548387,0.08064516129032258,0.06274509803921569,0.01529143679539463,0.0018610421836228186,0.01976110543472971
0.9643652561247216,0.9939821029082775,0.9403973509933775,0.9530201342281879,0.9599554069119287,0.9643652561247216,0.3170731707317073,0.3405994550408719,1.0,0.9444444444444444,0.05084745762711865,0.024896265560165973,0.02352628430916459,0.05555555555555558,0.08150674762250826
0.9473684210526315,0.9829871851524525,0.9178082191780822,0.9178082191780822,0.9395492708793637,0.9473684210526315,0.35443037974683544,0.3129973474801061,0.9615384615384616,0.9083333333333333,0.05660377358490566,0.03501945525291829,0.04143303226672934,0.05320512820512824,0.07478944653711561
0.9586956521739131,0.986083238809877,0.9205298013245033,0.952054794520548,0.9527646718657955,0.9586956521739131,0.35,0.3236842105263158,0.9629629629629629,0.9495798319327731,0.03773584905660377,0.038314176245210725,0.02631578947368418,0.013383131030189843,0.013961458218796796
