acc,auc,precision,recall,maf1,mif1,yp1.a1,yp1.a0,yp1.y1a1,yp1.y1a0,yp1.y0a1,yp1.y0a0,parity,equality,eq_odds
0.7845333333333334,0.7026122780878565,0.796653072704261,0.9708654670094259,0.5442081263027863,0.7845333333333334,0.9894259818731118,0.9441357121965487,0.9938271604938271,0.9687792110674892,0.9772727272727273,0.8556077904633983,0.04529026967656313,0.025047949426337923,0.14671288623566692
0.7810666666666667,0.7009317601260106,0.7897300306150848,0.9774371339993111,0.5279427241771829,0.7810666666666667,0.9856115107913669,0.9553269654665687,0.9902152641878669,0.9762039660056657,0.9728260869565217,0.8821192052980132,0.030284545324798184,0.014011298182201148,0.10471817984070964
0.7893333333333333,0.6877929311843125,0.8047954866008462,0.9667909183327685,0.5457670549329774,0.7893333333333333,0.9819694868238558,0.9414367900870335,0.988950276243094,0.9645456241836163,0.9606741573033708,0.854225352112676,0.04053269673682225,0.024404652059477616,0.1308534572501724
0.7921333333333334,0.7033598818198674,0.8025210084033614,0.9746555536655894,0.5466378324321471,0.7921333333333334,0.9741935483870968,0.95,0.9868131868131869,0.9736356932153393,0.9393939393939394,0.8619505494505495,0.024193548387096864,0.01317749359784759,0.09062088354123754
0.7862666666666667,0.7057434413759466,0.8025060515449238,0.9630895420369104,0.5605711022272988,0.7862666666666667,0.9766763848396501,0.9323451717053126,0.9796747967479674,0.9615671641791045,0.9690721649484536,0.8246217331499313,0.04433121313433752,0.01810763256886294,0.1625580643673853
