acc,auc,precision,recall,maf1,mif1,yp1.a1,yp1.a0,yp1.y1a1,yp1.y1a0,yp1.y0a1,yp1.y0a0,parity,equality,eq_odds
0.6880146386093321,0.7388788005890563,0.7686062246278755,0.5264133456904542,0.6789151898745083,0.6880146386093321,0.3669849931787176,0.3234686854783207,0.5531914893617021,0.5120910384068279,0.17086834733893558,0.14666666666666667,0.04351630770039688,0.041100450954874246,0.06530213162714316
0.6770356816102471,0.7241629277439229,0.7360774818401937,0.5547445255474452,0.6722555161502688,0.6770356816102471,0.43847241867043846,0.3488843813387424,0.6,0.5297450424929179,0.23974763406940064,0.18369987063389392,0.08958803733169607,0.0702549575070821,0.12630272094258882
0.6793229643183898,0.7329004096794309,0.6875664187035069,0.6138519924098672,0.6768560020159781,0.6793229643183898,0.5105189340813464,0.39171758316361166,0.6684350132625995,0.5834564254062038,0.3333333333333333,0.228643216080402,0.11880135091773475,0.08497858785639567,0.18966870510932698
0.6779505946935042,0.7229798810800763,0.7147846332945286,0.5722273998136067,0.6735430879408072,0.6779505946935042,0.43526170798898073,0.3719178082191781,0.6239554317548747,0.5462184873949579,0.2506811989100817,0.20509383378016086,0.06334389976980265,0.07773694435991674,0.12332430948983761
0.6825251601097896,0.7404796325861859,0.7121034077555817,0.5744075829383887,0.6772296304239227,0.6825251601097896,0.40804597701149425,0.38053691275167784,0.5698005698005698,0.5767045454545454,0.24347826086956523,0.20483460559796438,0.027509064259816418,0.0069039756539756025,0.045547630925576454
