acc,auc,precision,recall,maf1,mif1,yp1.a1,yp1.a0,yp1.y1a1,yp1.y1a0,yp1.y0a1,yp1.y0a0,parity,equality,eq_odds
0.8726425090061454,0.9291425906893532,0.8675659104843654,0.7861111111111111,0.8623912343206703,0.8726425090061454,0.268526228143214,0.4255502805351748,0.7422062350119905,0.8240165631469979,0.016581632653061226,0.14063656550703182,0.15702405239196082,0.08181032813500744,0.20586526098897803
0.8785759694850604,0.9303081018217402,0.8745896257386737,0.7771295215869312,0.8652898968879874,0.8785759694850604,0.23439490445859873,0.4107445008460237,0.7204884667571235,0.81985670419652,0.012978986402966625,0.12256669069935111,0.17634959638742498,0.09936823743939649,0.20895594173578097
0.8855689764780674,0.9381951348014943,0.9046666666666666,0.7736602052451539,0.8733641389520788,0.8855689764780674,0.23692045937898767,0.39822635135135137,0.714859437751004,0.817279046673287,0.014339152119700748,0.0881704628949302,0.1613058919723637,0.10241960892228297,0.17625091969751244
0.8836617927527018,0.9353829040752722,0.9190635451505017,0.7624861265260822,0.8720429328434207,0.8836617927527018,0.25752508361204013,0.3777395788568973,0.7228915662650602,0.7962962962962963,0.010243277848911651,0.07749077490774908,0.12021449524485717,0.07340473003123604,0.14065222709007347
0.879423606696334,0.9288558369262782,0.8880794701986755,0.7702469844916715,0.8665049512683669,0.879423606696334,0.2617366015787287,0.3806228373702422,0.7188995215311005,0.8176795580110497,0.018459579885423297,0.09950248756218906,0.11888623579151353,0.09878003647994926,0.17982294415671501
