acc,auc,precision,recall,maf1,mif1,yp1.a1,yp1.a0,yp1.y1a1,yp1.y1a0,yp1.y0a1,yp1.y0a0,parity,equality,eq_odds
0.9721627408993576,0.9944043926565512,0.9662162162162162,0.9470198675496688,0.9680246490927764,0.9721627408993576,0.3026315789473684,0.319693094629156,0.9583333333333334,0.9448818897637795,0.0,0.01893939393939394,0.017061515681787598,0.013451443569553856,0.03239083750894779
0.9486081370449679,0.977602523659306,0.92,0.92,0.9410725552050474,0.9486081370449678,0.2727272727272727,0.3324538258575198,0.8461538461538461,0.9354838709677419,0.03225806451612903,0.0392156862745098,0.059726553130247106,0.08933002481389574,0.09628764657227651
0.9576837416481069,0.9934228187919464,0.9513888888888888,0.9194630872483222,0.9518743124700308,0.9576837416481069,0.2804878048780488,0.329700272479564,0.9565217391304348,0.9126984126984127,0.01694915254237288,0.024896265560165973,0.04921246760151521,0.043823326432022136,0.05177043944981523
0.9517543859649122,0.9853292090145824,0.9366197183098591,0.910958904109589,0.9441773504273504,0.9517543859649122,0.3037974683544304,0.3129973474801061,0.9230769230769231,0.9083333333333333,0.0,0.03501945525291829,0.009199879125675714,0.014743589743589802,0.04976304499650809
0.9500000000000001,0.9882427362359305,0.9019607843137255,0.9452054794520548,0.943019943019943,0.9500000000000001,0.3375,0.33157894736842103,0.9629629629629629,0.9411764705882353,0.018867924528301886,0.05363984674329502,0.0059210526315789935,0.02178649237472763,0.05655841458972076
