acc,auc,precision,recall,maf1,mif1,yp1.a1,yp1.a0,yp1.y1a1,yp1.y1a0,yp1.y0a1,yp1.y0a0,parity,equality,eq_odds
0.6980786825251601,0.7548325467808277,0.7508982035928143,0.5810936051899908,0.6933307146264134,0.6980786825251601,0.4311050477489768,0.3571920165175499,0.6303191489361702,0.5547652916073968,0.22128851540616246,0.172,0.0739130312314269,0.0755538573287734,0.12484237273493587
0.7017383348581885,0.7553262907654189,0.7687651331719129,0.5793795620437956,0.6973237911189449,0.7017383348581885,0.45685997171145687,0.3400946585530764,0.6487179487179487,0.5410764872521246,0.22082018927444794,0.15653298835705046,0.11676531315838046,0.1076414614658241,0.17192866238322158
0.7053979871912168,0.754941632414963,0.7634961439588689,0.5635673624288425,0.6974641543169549,0.7053979871912168,0.45722300140252453,0.30685675492192804,0.6419098143236074,0.5199409158050221,0.25,0.12562814070351758,0.1503662464805965,0.12196889851858528,0.2463407578150677
0.6957913998170174,0.7585118346341508,0.7434367541766109,0.5806150978564771,0.6908996462023687,0.6957913998170174,0.4393939393939394,0.35547945205479453,0.6295264623955432,0.5560224089635855,0.25340599455040874,0.16353887399463807,0.08391448733914486,0.07350405343195776,0.16337117398772844
0.7058554437328454,0.7619663008452026,0.7475961538461539,0.5895734597156398,0.7002474838431756,0.7058554437328454,0.41954022988505746,0.3624161073825503,0.6182336182336182,0.5752840909090909,0.21739130434782608,0.1717557251908397,0.057124122502507146,0.04294952732452728,0.08858510648151366
