acc,auc,precision,recall,maf1,mif1,yp1.a1,yp1.a0,yp1.y1a1,yp1.y1a0,yp1.y0a1,yp1.y0a0,parity,equality,eq_odds
0.7000783085356304,0.7757562449679517,0.7890547263681592,0.5887156644394952,0.6981903429005855,0.7000783085356304,0.3593220338983051,0.4116237267825045,0.5509355509355509,0.6096997690531177,0.1311881188118812,0.1980074719800747,0.05230169288419939,0.058764218117566824,0.12558357128576034
0.7090837901331245,0.7804251638567536,0.7693617021276595,0.6569767441860465,0.7090833887406336,0.7090837901331245,0.4454443194600675,0.4678678678678679,0.640625,0.6666666666666666,0.18037135278514588,0.2534332084893883,0.022423548407800364,0.02604166666666663,0.09910352237090903
0.7051683633516054,0.7906622573652576,0.7641427328111401,0.6455882352941177,0.7050768062217263,0.7051683633516054,0.4307692307692308,0.4616846105129829,0.6226765799256505,0.6605839416058394,0.1945080091533181,0.24570673712021135,0.03091537974375208,0.037907361680188933,0.08910608964708219
0.7028191072826938,0.7786340892845539,0.7547770700636943,0.677626876340243,0.702353626713283,0.7028191072826938,0.45483528161530284,0.5133292002479851,0.6187845303867403,0.7149532710280374,0.23115577889447236,0.285336856010568,0.058493918632682274,0.0961687406412971,0.15034981775739276
0.7180892717306187,0.7912383361356106,0.7830882352941176,0.6377245508982036,0.7173569815997993,0.7180892717306187,0.39219934994582883,0.4451256897608829,0.5936883629191322,0.6646562123039808,0.1466346153846154,0.21820448877805487,0.05292633981505407,0.07096784938484857,0.14253772277828805
