acc,auc,precision,recall,maf1,mif1,yp1.a1,yp1.a0,yp1.y1a1,yp1.y1a0,yp1.y0a1,yp1.y0a0,parity,equality,eq_odds
0.923076923076923,0.9854497354497355,0.9166666666666666,0.9166666666666666,0.9226190476190477,0.9230769230769231,0.3157894736842105,0.5084745762711864,0.75,0.9642857142857143,0.0,0.0967741935483871,0.1926851025869759,0.2142857142857143,0.3110599078341014
0.6923076923076923,0.8529993408042188,0.7741935483870968,0.5853658536585366,0.6904761904761905,0.6923076923076923,0.3684210526315789,0.4067796610169492,0.5555555555555556,0.59375,0.2,0.18518518518518517,0.03835860838537025,0.03819444444444442,0.053009259259259256
0.3974358974358974,0.29828042328042326,0.28,0.19444444444444445,0.3673856773080242,0.3974358974358974,0.23809523809523808,0.3508771929824561,0.0,0.2692307692307692,0.45454545454545453,0.41935483870967744,0.11278195488721804,0.2692307692307692,0.3044213850665463
0.3974358974358974,0.23421052631578948,0.26666666666666666,0.1,0.34005400540054,0.3974358974358974,0.125,0.20967741935483872,0.0,0.12121212121212122,0.2222222222222222,0.3103448275862069,0.08467741935483872,0.12121212121212122,0.2093347265761059
0.4358974358974359,0.3164983164983165,0.5294117647058824,0.2,0.41111873713109137,0.4358974358974359,0.05263157894736842,0.2711864406779661,0.0,0.2647058823529412,0.125,0.28,0.21855486173059768,0.2647058823529412,0.4197058823529412
