acc,auc,precision,recall,maf1,mif1,yp1.a1,yp1.a0,yp1.y1a1,yp1.y1a0,yp1.y0a1,yp1.y0a0,parity,equality,eq_odds
0.687099725526075,0.7491286806596827,0.7471839799749687,0.5532900834105653,0.680762263938244,0.687099725526075,0.3042291950886767,0.39642119752236754,0.4973404255319149,0.5832147937411095,0.10084033613445378,0.22133333333333333,0.09219200243369086,0.08587436820919464,0.20636736540807418
0.6756633119853614,0.737880030804259,0.7268464243845252,0.5656934306569343,0.6718056202880426,0.6756633119853613,0.2814710042432815,0.4421906693711968,0.44871794871794873,0.6303116147308782,0.07570977917981073,0.2703751617076326,0.1607196651279153,0.18159366601292942,0.3762590485407513
0.6806953339432754,0.726458519119491,0.7013574660633484,0.5882352941176471,0.6765320667903021,0.6806953339432754,0.3085553997194951,0.45078071961982347,0.48010610079575594,0.6484490398818316,0.11607142857142858,0.28266331658291455,0.14222531990032838,0.16834293908607562,0.3349348270975616
0.6953339432753889,0.7561630782190314,0.7546933667083855,0.5619757688723206,0.6889153846153847,0.6953339432753889,0.29614325068870523,0.4,0.49025069637883006,0.5980392156862745,0.10626702997275204,0.21045576407506703,0.1038567493112948,0.10778851930744443,0.21197725340975943
0.6875571820677036,0.7439056993559363,0.7193396226415094,0.5781990521327014,0.6822313981867005,0.6875571820677036,0.2744252873563218,0.44093959731543625,0.4358974358974359,0.6491477272727273,0.11014492753623188,0.2544529262086514,0.16651430995911443,0.2132502913752914,0.3575582900477109
