acc,auc,precision,recall,maf1,mif1,yp1.a1,yp1.a0,yp1.y1a1,yp1.y1a0,yp1.y0a1,yp1.y0a0,parity,equality,eq_odds
0.7058554437328454,0.7662402790231176,0.7711442786069652,0.5746061167747915,0.7000934755515879,0.7058554437328454,0.4024556616643929,0.35030970406056433,0.6170212765957447,0.5519203413940256,0.17647058823529413,0.16133333333333333,0.05214595760382856,0.06510093520171911,0.08023819010367991
0.7081427264409882,0.7685888635907051,0.7687793427230047,0.5976277372262774,0.7046416397286547,0.7081427264409881,0.413012729844413,0.3786342123056119,0.617948717948718,0.5864022662889519,0.1608832807570978,0.1888745148771022,0.03437851753880111,0.031546451659766106,0.059537685779770505
0.7017383348581885,0.7643840392648568,0.7421686746987952,0.5844402277039848,0.6959349676749885,0.7017383348581885,0.40252454417952316,0.36863543788187375,0.5888594164456233,0.5819793205317577,0.19345238095238096,0.1871859296482412,0.03388910629764941,0.006880095913865625,0.013146547218005372
0.7053979871912168,0.7634488285106372,0.7328990228013029,0.6290773532152842,0.7031076408367238,0.7053979871912168,0.44490358126721763,0.4095890410958904,0.6545961002785515,0.6162464985994398,0.23978201634877383,0.21179624664879357,0.035314540171327236,0.03834960167911172,0.06633537137909198
0.7063129002744739,0.7731035320837576,0.7461263408820024,0.5933649289099526,0.7009774718685999,0.7063129002744739,0.3793103448275862,0.3859060402684564,0.5783475783475783,0.6008522727272727,0.17681159420289855,0.19338422391857507,0.006595695440870186,0.02250469437969438,0.0390773240953709
