acc,auc,precision,recall,maf1,mif1,yp1.a1,yp1.a0,yp1.y1a1,yp1.y1a0,yp1.y0a1,yp1.y0a0,parity,equality,eq_odds
0.5666666666666667,0.5730666666666666,0.6923076923076923,0.24,0.5149012388676053,0.5666666666666667,0.1276595744680851,0.1941747572815534,0.14285714285714285,0.2777777777777778,0.11538461538461539,0.10204081632653061,0.0665151828134683,0.13492063492063494,0.14826443397871972
0.54,0.5737777777777777,0.6,0.24,0.4945054945054945,0.54,0.125,0.23529411764705882,0.12,0.3,0.13043478260869565,0.17307692307692307,0.11029411764705882,0.18,0.22264214046822742
0.5266666666666667,0.5848,0.5138888888888888,0.9866666666666667,0.39962793844072375,0.5266666666666666,0.9574468085106383,0.9611650485436893,1.0,0.9807692307692307,0.9166666666666666,0.9411764705882353,0.00371824003305099,0.019230769230769273,0.043740573152337925
0.4666666666666667,0.4825777777777778,0.48091603053435117,0.84,0.3802933278248296,0.4666666666666667,0.8867924528301887,0.865979381443299,0.84,0.84,0.9285714285714286,0.8936170212765957,0.020813071386889703,0.0,0.0349544072948329
0.5333333333333333,0.5402666666666667,0.5203252032520326,0.8533333333333334,0.4800950683303625,0.5333333333333333,0.8974358974358975,0.7927927927927928,0.8823529411764706,0.8448275862068966,0.9090909090909091,0.7358490566037735,0.10464310464310467,0.03752535496957399,0.21076720745670952
