acc,auc,precision,recall,maf1,mif1,yp1.a1,yp1.a0,yp1.y1a1,yp1.y1a0,yp1.y0a1,yp1.y0a0,parity,equality,eq_odds
0.6824588880187941,0.731703026579056,0.7642998027613412,0.5753526354862658,0.6806351605779328,0.6824588880187941,0.4485875706214689,0.36968244457759136,0.6528066528066528,0.5323325635103926,0.20544554455445543,0.19427148194271482,0.07890512604387756,0.12047408929626024,0.13164815190800086
0.6961628817541112,0.7741300045406089,0.7879078694817658,0.596656976744186,0.6952988890631294,0.6961628817541112,0.48256467941507314,0.36816816816816816,0.67578125,0.5497685185185185,0.22015915119363394,0.17228464419475656,0.11439651124690497,0.1260127314814815,0.1738872384803589
0.7047768206734534,0.7790712139127007,0.7341576506955177,0.6985294117647058,0.7043235318864852,0.7047768206734534,0.5671794871794872,0.46928435718809375,0.7565055762081785,0.6605839416058394,0.3340961098398169,0.261558784676354,0.09789512999139344,0.09592163460233905,0.16845895976580194
0.6820673453406422,0.7555780412106359,0.769019248395967,0.5997140814867763,0.6818675772609153,0.6820673453406422,0.487778958554729,0.3918164910105394,0.6648250460405156,0.5584112149532711,0.24623115577889448,0.20343461030383092,0.09596246754418963,0.10641383108724456,0.14921037656230812
0.7008613938919342,0.772027373823781,0.7703213610586012,0.6100299401197605,0.6996827613125174,0.7008613938919342,0.49729144095341277,0.36725935009196814,0.7021696252465484,0.5536791314837153,0.24759615384615385,0.1745635910224439,0.13003209086144463,0.14849049376283308,0.22152305658654303
