acc,auc,precision,recall,maf1,mif1,yp1.a1,yp1.a0,yp1.y1a1,yp1.y1a0,yp1.y0a1,yp1.y0a0,parity,equality,eq_odds
0.692247454972592,0.7608493882197944,0.7253012048192771,0.6703786191536748,0.6921793116646057,0.692247454972592,0.536723163841808,0.46135410425404433,0.7172557172557172,0.6443418013856813,0.3217821782178218,0.2640099626400996,0.07536905958776363,0.07291391587003593,0.1306861314477581
0.701644479248238,0.7664208404074703,0.7528830313014827,0.6642441860465116,0.7015851889561182,0.701644479248238,0.545556805399325,0.43783783783783786,0.72265625,0.6296296296296297,0.3050397877984085,0.23096129837702872,0.10771896756148719,0.09302662037037035,0.16710510979175014
0.7102584181675803,0.7783155975958223,0.748,0.6875,0.7101190530968837,0.7102584181675803,0.5723076923076923,0.4382520582647245,0.758364312267658,0.6411192214111923,0.34324942791762014,0.21796565389696168,0.13405563404296778,0.11724509085646573,0.2425288648771242
0.7200469851213782,0.7781173317985326,0.7697160883280757,0.6976411722659042,0.7194978853780106,0.7200469851213782,0.5547290116896918,0.4624922504649721,0.7237569060773481,0.6810747663551402,0.3241206030150754,0.21532364597093792,0.09223676122471969,0.04268213972220791,0.15147909676634538
0.7157400156617071,0.7768379497163308,0.7455716586151369,0.6931137724550899,0.7157149121327622,0.7157400156617071,0.5601300108342362,0.44451256897608826,0.7534516765285996,0.6562123039806996,0.3245192307692308,0.2256857855361596,0.11561744185814793,0.09723937254789994,0.19607281778097113
