acc,auc,precision,recall,maf1,mif1,yp1.a1,yp1.a0,yp1.y1a1,yp1.y1a0,yp1.y0a1,yp1.y0a0,parity,equality,eq_odds
0.6386093321134493,0.7086561798580606,0.6248919619706137,0.670064874884152,0.6384201657588122,0.6386093321134492,0.48840381991814463,0.5498967653131452,0.6808510638297872,0.6642958748221907,0.2857142857142857,0.44266666666666665,0.06149294539500061,0.01655518900759656,0.17350756995997751
0.5338517840805124,0.5946159512489118,0.7421383647798742,0.10766423357664233,0.4305654507411483,0.5338517840805124,0.04950495049504951,0.08384043272481406,0.07692307692307693,0.12464589235127478,0.015772870662460567,0.04657179818887452,0.034335482229764555,0.047722815428197854,0.07852174295461181
0.6665141811527905,0.6964152211665471,0.6848691695108078,0.571157495256167,0.6619865112256917,0.6665141811527905,0.3800841514726508,0.41276306856754924,0.5570291777188329,0.5790251107828656,0.18154761904761904,0.271356783919598,0.03267891709489845,0.02199593306403269,0.11180509793601165
0.5640439158279964,0.5880712481232976,0.655440414507772,0.23578751164958062,0.5098293744545674,0.5640439158279963,0.09090909090909091,0.2191780821917808,0.15877437325905291,0.27450980392156865,0.02452316076294278,0.16621983914209115,0.1282689912826899,0.11573543066251574,0.25743210904166414
0.5722781335773102,0.6127857325438629,0.5581395348837209,0.5459715639810426,0.5713990641241655,0.5722781335773102,0.39655172413793105,0.5073825503355704,0.48148148148148145,0.578125,0.3101449275362319,0.4440203562340967,0.1108308261976394,0.09664351851851855,0.23051894721638333
