acc,auc,precision,recall,maf1,mif1,yp1.a1,yp1.a0,yp1.y1a1,yp1.y1a0,yp1.y0a1,yp1.y0a0,parity,equality,eq_odds
0.6985361390667887,0.7647642895953211,0.7845528455284553,0.5366079703429101,0.6896943091287224,0.6985361390667887,0.3451568894952251,0.33379215416379904,0.5611702127659575,0.5234708392603129,0.11764705882352941,0.156,0.011364735331426068,0.03769937350564456,0.07605231468211515
0.6939615736505033,0.7573658173173509,0.785809906291834,0.5355839416058394,0.6862367239962179,0.6939615736505031,0.3606789250353607,0.332657200811359,0.5435897435897435,0.5311614730878187,0.13564668769716087,0.15135834411384216,0.028021724224001676,0.012428270501924854,0.028139926918606145
0.7040256175663312,0.7647578466015381,0.7846153846153846,0.532258064516129,0.6928486437899306,0.7040256175663312,0.3267882187938289,0.3272233536999321,0.5092838196286472,0.5450516986706057,0.12202380952380952,0.14195979899497488,0.00043513490610319616,0.03576787904195844,0.0557038685131238
0.687099725526075,0.7572415802734604,0.7446540880503144,0.5517241379310345,0.6803350185741357,0.687099725526075,0.35537190082644626,0.3678082191780822,0.5487465181058496,0.5532212885154062,0.16621253405994552,0.1903485254691689,0.012436318351635944,0.004474770409556572,0.028610761818779945
0.7058554437328454,0.7648593493993069,0.7675324675324675,0.5601895734597157,0.6976086827909278,0.7058554437328454,0.3261494252873563,0.3644295302013423,0.5185185185185185,0.5809659090909091,0.13043478260869565,0.17048346055979643,0.03828010491398598,0.06244739057239057,0.10249606852349136
