acc,auc,precision,recall,maf1,mif1,yp1.a1,yp1.a0,yp1.y1a1,yp1.y1a0,yp1.y0a1,yp1.y0a0,parity,equality,eq_odds
0.7051282051282051,0.7916666666666667,0.6274509803921569,0.8888888888888888,0.7011494252873564,0.7051282051282052,0.47368421052631576,0.711864406779661,0.625,0.9642857142857143,0.36363636363636365,0.4838709677419355,0.23818019625334524,0.3392857142857143,0.45952031839128615
0.7051282051282051,0.7626895187870798,0.725,0.7073170731707317,0.7046913580246914,0.7051282051282052,0.47368421052631576,0.5254237288135594,0.5555555555555556,0.75,0.4,0.25925925925925924,0.0517395182872436,0.19444444444444442,0.3351851851851852
0.6538461538461539,0.7361111111111112,0.6046511627906976,0.7222222222222222,0.6537892487259576,0.6538461538461539,0.47619047619047616,0.5789473684210527,0.6,0.7692307692307693,0.36363636363636365,0.41935483870967744,0.10275689223057649,0.1692307692307693,0.22494924430408308
0.6538461538461539,0.7552631578947367,0.6444444444444445,0.725,0.6510356255178128,0.6538461538461539,0.5,0.5967741935483871,0.7142857142857143,0.7272727272727273,0.3333333333333333,0.4482758620689655,0.09677419354838712,0.012987012987012991,0.1279295417226452
0.717948717948718,0.775084175084175,0.7804878048780488,0.7111111111111111,0.7149501661129568,0.717948717948718,0.5263157894736842,0.5254237288135594,0.6363636363636364,0.7352941176470589,0.375,0.24,0.000892060660124816,0.09893048128342252,0.23393048128342253
