acc,auc,precision,recall,maf1,mif1,yp1.a1,yp1.a0,yp1.y1a1,yp1.y1a0,yp1.y0a1,yp1.y0a0,parity,equality,eq_odds
0.6825251601097896,0.7135801911000266,0.7570093457943925,0.5254865616311399,0.6737756836354127,0.6825251601097896,0.3710777626193724,0.3282863041982106,0.5691489361702128,0.5021337126600285,0.16246498599439776,0.16533333333333333,0.04279145842116183,0.0670152235101843,0.06988357084911986
0.6715462031107046,0.7179217170026116,0.7581967213114754,0.5063868613138686,0.6624941510810178,0.6715462031107045,0.3734087694483734,0.31643002028397565,0.5435897435897435,0.48583569405099153,0.1640378548895899,0.16170763260025872,0.05697874916439777,0.05775404953875202,0.06008427182808321
0.6569075937785911,0.6935953225471199,0.6890547263681592,0.5256166982922201,0.6490053975455425,0.656907593778591,0.41514726507713884,0.3448744059742023,0.5543766578249337,0.5096011816838996,0.25892857142857145,0.20477386934673367,0.07027285910293651,0.044775476141034165,0.09893017822287195
0.6738334858188473,0.72235438338236,0.7238805970149254,0.5424044734389561,0.6671834879134935,0.6738334858188472,0.39118457300275483,0.3561643835616438,0.5543175487465181,0.5364145658263305,0.23160762942779292,0.1836461126005362,0.035020189441111016,0.01790298292018755,0.06586449974744427
0.6848124428179323,0.7122967134733763,0.754874651810585,0.5137440758293839,0.6731455783570713,0.6848124428179323,0.33620689655172414,0.32483221476510066,0.49002849002849,0.5255681818181818,0.17971014492753623,0.1450381679389313,0.011374681786623486,0.03553969178969174,0.07021166877829668
