acc,auc,precision,recall,maf1,mif1,yp1.a1,yp1.a0,yp1.y1a1,yp1.y1a0,yp1.y0a1,yp1.y0a0,parity,equality,eq_odds
0.6879404855129209,0.755450603968806,0.7224919093851133,0.6629547141796585,0.6879002464706401,0.6879404855129209,0.4011299435028249,0.5278609946075494,0.5966735966735967,0.6997690531177829,0.16831683168316833,0.3424657534246575,0.12673105110472455,0.10309545644418627,0.2772443781856755
0.6938136256851997,0.7566461927981997,0.7775700934579439,0.6046511627906976,0.6932651354916075,0.6938136256851997,0.37682789651293586,0.44144144144144143,0.580078125,0.6192129629629629,0.10079575596816977,0.24968789013732834,0.06461354492850557,0.03913483796296291,0.1880269721321215
0.6898981989036805,0.7701996502118436,0.7335526315789473,0.6558823529411765,0.6898751876600631,0.6898981989036805,0.38564102564102565,0.5319822672577581,0.5762081784386617,0.708029197080292,0.15102974828375287,0.34081902245706736,0.14634124161673245,0.13182101864163032,0.3216102928149448
0.6989036805011746,0.7581401681473161,0.774390243902439,0.6354538956397426,0.6989014186553244,0.6989036805011746,0.36238044633368754,0.5003099814011159,0.5340699815837937,0.6997663551401869,0.12814070351758794,0.2747688243064729,0.1379295350674284,0.16569637355639322,0.3123244943452782
0.701644479248238,0.7720802237888755,0.7535335689045937,0.6384730538922155,0.7013058052158538,0.701644479248238,0.37703141928494044,0.48068669527896996,0.5739644970414202,0.6779252110977081,0.13701923076923078,0.27680798004987534,0.10365527599402952,0.10396071405628793,0.24374946333693248
