acc,auc,precision,recall,maf1,mif1,yp1.a1,yp1.a0,yp1.y1a1,yp1.y1a0,yp1.y0a1,yp1.y0a0,parity,equality,eq_odds
0.6848081440877055,0.7514215824665448,0.7239669421487603,0.6503340757238307,0.6848077092008211,0.6848081440877055,0.39887005649717516,0.5134811264230078,0.6008316008316008,0.6778290993071594,0.15841584158415842,0.33623910336239105,0.11461106992583264,0.07699749847555859,0.2548207602537912
0.696945967110415,0.7654337515299878,0.7301223241590215,0.6940406976744186,0.6961587552197843,0.696945967110415,0.47244094488188976,0.5333333333333333,0.673828125,0.7060185185185185,0.1989389920424403,0.3470661672908864,0.06089238845144357,0.03219039351851849,0.1803175687669646
0.70203602192639,0.7777773672282984,0.7489609310058188,0.6625,0.7020323218355209,0.70203602192639,0.39179487179487177,0.5199493350221659,0.5892193308550185,0.7104622871046229,0.14874141876430205,0.3130779392338177,0.12815446322729412,0.12124295624960435,0.28557947671912
0.6914643696162882,0.7585653326897073,0.7569386038687973,0.6433166547533953,0.6914096808223548,0.6914643696162882,0.383634431455898,0.5133292002479851,0.5616942909760589,0.6950934579439252,0.1407035175879397,0.30779392338177014,0.12969476879208713,0.13339916696786625,0.3004895727616967
0.7102584181675803,0.775481364856494,0.7827324478178368,0.6175149700598802,0.7090587775283942,0.7102584181675803,0.3445287107258938,0.4512568976088289,0.5483234714003945,0.6598311218335344,0.09615384615384616,0.23566084788029926,0.10672818688293512,0.11150765043313993,0.251014652159593
