acc,auc,precision,recall,maf1,mif1,yp1.a1,yp1.a0,yp1.y1a1,yp1.y1a0,yp1.y0a1,yp1.y0a0,parity,equality,eq_odds
0.9635974304068523,0.9920781289294995,0.9240506329113924,0.9668874172185431,0.9588919093851134,0.9635974304068522,0.3157894736842105,0.34271099744245526,0.9583333333333334,0.968503937007874,0.019230769230769232,0.041666666666666664,0.026921523758244748,0.01017060367454059,0.03260650111043802
0.9379014989293363,0.9809043112513144,0.8666666666666667,0.9533333333333334,0.9305433751314204,0.9379014989293362,0.3181818181818182,0.36147757255936674,0.9615384615384616,0.9516129032258065,0.04838709677419355,0.07450980392156863,0.04329575437754857,0.00992555831265507,0.03604826546003015
0.9487750556792872,0.9896196868008948,0.9256756756756757,0.9194630872483222,0.9421446859050853,0.9487750556792873,0.2804878048780488,0.3405994550408719,0.9565217391304348,0.9126984126984127,0.01694915254237288,0.04149377593360996,0.060111650162823105,0.043823326432022136,0.06836794982325921
0.9517543859649122,0.9836721166593019,0.9246575342465754,0.9246575342465754,0.9445868316394167,0.9517543859649122,0.31645569620253167,0.3209549071618037,0.9615384615384616,0.9166666666666666,0.0,0.042801556420233464,0.004499210959272026,0.044871794871794934,0.0876733512920284
0.9500000000000001,0.9851670883867026,0.89171974522293,0.958904109589041,0.9434076308765398,0.9500000000000001,0.35,0.3394736842105263,1.0,0.9495798319327731,0.018867924528301886,0.06130268199233716,0.010526315789473661,0.050420168067226934,0.0928549255312622
