acc,auc,precision,recall,maf1,mif1,yp1.a1,yp1.a0,yp1.y1a1,yp1.y1a0,yp1.y0a1,yp1.y0a0,parity,equality,eq_odds
0.701644479248238,0.7722528014938841,0.7671232876712328,0.623608017817372,0.7010696162984236,0.701644479248238,0.4406779661016949,0.4224086279209107,0.6465696465696466,0.6108545034642032,0.19554455445544555,0.2191780821917808,0.01826933818078419,0.035715143105443325,0.059348670841778584
0.7086922474549726,0.7850712678169542,0.7404870624048706,0.7071220930232558,0.7078638833285673,0.7086922474549726,0.5230596175478065,0.5099099099099099,0.708984375,0.7060185185185185,0.27055702917771884,0.2983770287141074,0.01314970763789658,0.0029658564814815103,0.03078585601787004
0.7153484729835552,0.795219972411075,0.7609233305853257,0.6786764705882353,0.7153327185435768,0.7153484729835551,0.48307692307692307,0.46991766941101965,0.6765799256505576,0.6800486618004866,0.2448512585812357,0.24174372523117568,0.013159253665903425,0.0034687361499290414,0.006576269499989046
0.7122161315583398,0.7864207272355951,0.7707993474714518,0.6754824874910651,0.7119935561820379,0.7122161315583398,0.46439957492029754,0.48915065096094235,0.6372007366482505,0.6997663551401869,0.228643216080402,0.2509907529722589,0.024751076040644804,0.06256561849193643,0.08491315538379335
0.7282693813625685,0.7980885519601192,0.7729591836734694,0.6803892215568862,0.728195877047491,0.7282693813625685,0.4712892741061755,0.45432250153280196,0.6804733727810651,0.6803377563329313,0.21634615384615385,0.22069825436408977,0.016966772573373534,0.00013561644813386842,0.004487716966069782
