acc,auc,precision,recall,maf1,mif1,yp1.a1,yp1.a0,yp1.y1a1,yp1.y1a0,yp1.y0a1,yp1.y0a0,parity,equality,eq_odds
0.974304068522484,0.9970869310084667,0.9727891156462585,0.9470198675496688,0.9704318095479296,0.974304068522484,0.3157894736842105,0.3145780051150895,0.9583333333333334,0.9448818897637795,0.019230769230769232,0.011363636363636364,0.0012114685691210214,0.013451443569553856,0.021318576436686724
0.9528907922912206,0.9790746582544689,0.9050632911392406,0.9533333333333334,0.9467138293016888,0.9528907922912205,0.3068181818181818,0.34564643799472294,0.9615384615384616,0.9516129032258065,0.03225806451612903,0.050980392156862744,0.03882825617654112,0.00992555831265507,0.028647885953388783
0.9688195991091314,0.9950111856823266,0.9591836734693877,0.9463087248322147,0.9647234443746071,0.9688195991091314,0.2926829268292683,0.335149863760218,1.0,0.9365079365079365,0.01694915254237288,0.02074688796680498,0.04246693693094972,0.06349206349206349,0.06728979891649559
0.9539473684210525,0.9844012372956253,0.9310344827586207,0.9246575342465754,0.9470093132128093,0.9539473684210527,0.34177215189873417,0.3129973474801061,0.9615384615384616,0.9166666666666666,0.03773584905660377,0.0311284046692607,0.028774804418628064,0.044871794871794934,0.051479239259138006
0.9478260869565217,0.9864104353895822,0.9013157894736842,0.9383561643835616,0.9404389391225534,0.9478260869565217,0.3625,0.3236842105263158,0.9629629629629629,0.9327731092436975,0.05660377358490566,0.04597701149425287,0.03881578947368419,0.030189853719265414,0.0408166158099182
