acc,auc,precision,recall,maf1,mif1,yp1.a1,yp1.a0,yp1.y1a1,yp1.y1a0,yp1.y0a1,yp1.y0a0,parity,equality,eq_odds
0.5653876272513704,0.6145384908252959,0.5858073859522085,0.6005939123979213,0.5633609748884891,0.5653876272513704,0.5717514124293785,0.524266027561414,0.659043659043659,0.5681293302540416,0.46782178217821785,0.47696139476961397,0.0474853848679645,0.09091432878961747,0.10005394138101359
0.6433046202036022,0.6506618430923521,0.7162790697674418,0.559593023255814,0.6427235386783823,0.6433046202036022,0.4769403824521935,0.390990990990991,0.62890625,0.5185185185185185,0.27055702917771884,0.2534332084893883,0.0859493914612025,0.11038773148148151,0.12751155216981208
0.658574784651527,0.7191619864026013,0.6939586645468998,0.6419117647058824,0.6583602553836431,0.658574784651527,0.52,0.4756174794173528,0.6840148698884758,0.6143552311435523,0.3180778032036613,0.3249669749009247,0.044382520582647245,0.06965963874492354,0.07654881044218692
0.6076742364917777,0.6536907933619871,0.6604688763136621,0.583988563259471,0.6072693990600645,0.6076742364917777,0.49415515409139216,0.4786112833230006,0.5930018416206262,0.5782710280373832,0.3592964824120603,0.36591809775429324,0.015543870768391532,0.014730813583243019,0.021352428925475953
0.5826155050900548,0.6112473329203661,0.6038461538461538,0.5875748502994012,0.5821848097784718,0.5826155050900548,0.5438786565547129,0.4892703862660944,0.6489151873767258,0.5500603136308806,0.41586538461538464,0.42643391521197005,0.05460827028861848,0.09885487374584523,0.10942340434243064
