acc,auc,precision,recall,maf1,mif1,yp1.a1,yp1.a0,yp1.y1a1,yp1.y1a0,yp1.y0a1,yp1.y0a0,parity,equality,eq_odds
0.7814666666666668,0.6802221244380627,0.7825969827586207,0.9957155098543273,0.4674864350373089,0.7814666666666665,1.0,0.9888856390757531,1.0,0.99532622920172,1.0,0.9657488247145736,0.011114360924246891,0.004673770798280019,0.038924946083706446
0.7781333333333333,0.6731507344313845,0.7827689787001638,0.9874267998622115,0.49171387727008,0.7781333333333333,0.9856115107913669,0.9756061719324026,0.9921722113502935,0.9869688385269122,0.967391304347826,0.9357615894039735,0.010005338858964263,0.005203372823381347,0.03683308776723393
0.7901333333333334,0.6717494949846236,0.7939418636240152,0.9903422568620807,0.4873254517963457,0.7901333333333334,1.0,0.9796430151939814,1.0,0.989363687255085,1.0,0.9429577464788732,0.020356984806018552,0.010636312744915055,0.06767856626604185
0.7854666666666668,0.676684723247217,0.7878134267996765,0.9940466065657425,0.4670959868872272,0.7854666666666666,1.0,0.9880813953488372,1.0,0.993547197640118,1.0,0.9677197802197802,0.01191860465116279,0.006452802359881993,0.03873302214010177
0.7826666666666667,0.6800990471268639,0.788624555646705,0.9856459330143541,0.4937142711365698,0.7826666666666666,0.9970845481049563,0.9729967713530966,0.9959349593495935,0.9847014925373134,1.0,0.9298486932599724,0.02408777675185969,0.011233466812280102,0.08138477355230767
