acc,auc,precision,recall,maf1,mif1,yp1.a1,yp1.a0,yp1.y1a1,yp1.y1a0,yp1.y0a1,yp1.y0a0,parity,equality,eq_odds
0.8723404255319149,0.9454973597830741,0.8134920634920635,0.7884615384615384,0.8534292990331491,0.8723404255319149,0.36879432624113473,0.303951367781155,0.9565217391304348,0.7523364485981309,0.08421052631578947,0.08783783783783784,0.06484295845997973,0.20418529053230394,0.2078126020543523
0.869837296620776,0.9497654811233885,0.7814814814814814,0.82421875,0.8526332217240793,0.869837296620776,0.3469387755102041,0.33588957055214724,0.9782608695652174,0.7904761904761904,0.0594059405940594,0.11990950226244344,0.011049204958056835,0.18778467908902696,0.24828824075741102
0.8911138923654568,0.9559126233984457,0.8734693877551021,0.7925925925925926,0.8753677755963747,0.8911138923654567,0.31788079470198677,0.30401234567901236,0.9591836734693877,0.755656108597285,0.00980392156862745,0.0702576112412178,0.013868449022974405,0.20352756487210266,0.263981254544693
0.8873591989987485,0.9456706281833616,0.8590909090909091,0.7620967741935484,0.8640231449965965,0.8873591989987485,0.3116883116883117,0.26666666666666666,0.9583333333333334,0.715,0.018867924528301886,0.0651685393258427,0.04502164502164502,0.2433333333333334,0.28963394813087423
0.8723404255319149,0.9476881146081573,0.9022222222222223,0.7173144876325088,0.8528173083869104,0.8723404255319149,0.3401360544217687,0.2684049079754601,0.8888888888888888,0.6768558951965066,0.021505376344086023,0.04728132387706856,0.07173114644630857,0.21203299369238227,0.2378089412253648
