acc,auc,precision,recall,maf1,mif1,yp1.a1,yp1.a0,yp1.y1a1,yp1.y1a0,yp1.y0a1,yp1.y0a0,parity,equality,eq_odds
0.6637694419030192,0.6900568712205504,0.7037914691943128,0.5505097312326228,0.6588311062046401,0.6637694419030192,0.47203274215552526,0.34273916035788027,0.6276595744680851,0.5092460881934566,0.3081232492997199,0.18666666666666668,0.129293581797645,0.11841348627462844,0.23987006890768167
0.5928636779505947,0.6165715194535593,0.6293969849246231,0.45711678832116787,0.5853636704630703,0.5928636779505947,0.44695898161244696,0.32454361054766734,0.49743589743589745,0.4348441926345609,0.38485804416403785,0.2238033635187581,0.12241537106477962,0.06259170480133652,0.22364638544661627
0.6655992680695334,0.6866073883103907,0.7221458046767538,0.4981024667931689,0.6537129887046922,0.6655992680695334,0.35624123422159887,0.3211133740665309,0.48010610079575594,0.5081240768094535,0.21726190476190477,0.1620603015075377,0.03512786015506797,0.028017976013697543,0.08321957926806461
0.5608417200365966,0.5754436470116366,0.5484978540772533,0.5955265610438024,0.5605930787379614,0.5608417200365965,0.7644628099173554,0.4178082191780822,0.8189415041782729,0.4831932773109244,0.7111716621253406,0.3552278820375335,0.3466545907392732,0.33574822686734856,0.6916920069551555
0.5759377859103385,0.5950955619528916,0.5608365019011406,0.5592417061611374,0.5753832227485173,0.5759377859103385,0.6364942528735632,0.4087248322147651,0.7008547008547008,0.48863636363636365,0.5710144927536231,0.3371501272264631,0.22776942065879813,0.21221833721833716,0.4460827027454972
