acc,auc,precision,recall,maf1,mif1,yp1.a1,yp1.a0,yp1.y1a1,yp1.y1a0,yp1.y0a1,yp1.y0a0,parity,equality,eq_odds
0.8881118881118881,0.9377473259487648,0.9025316455696203,0.7922222222222223,0.8783147522665515,0.8881118881118881,0.2781015820149875,0.3936124298662063,0.7661870503597122,0.8146997929606625,0.018494897959183673,0.0925240562546262,0.11551084785121879,0.04851274260095029,0.12254190089639282
0.8809069718160628,0.935779340927315,0.874025974025974,0.7852975495915986,0.8682049001686452,0.8809069718160626,0.2394904458598726,0.4128595600676819,0.7299864314789688,0.827021494370522,0.016069221260815822,0.12112472963229992,0.17336911420780926,0.09703506289155317,0.20209057126303726
0.8893833439287985,0.9400164596076228,0.9090305444887118,0.7805017103762828,0.8776919685327116,0.8893833439287985,0.24670353041259038,0.3910472972972973,0.7402945113788487,0.8103277060575969,0.01683291770573566,0.08082292432035268,0.14434376688470693,0.07003319467874813,0.13402320129336515
0.8872642509006146,0.941535839696646,0.9060102301790282,0.7863485016648168,0.8771668087524864,0.8872642509006146,0.2721571906354515,0.39235066609368285,0.7530120481927711,0.8148148148148148,0.016645326504481434,0.08929889298892989,0.12019347545823134,0.06180276662204365,0.1344563331064921
0.8840856113583386,0.9347684281707439,0.8958885941644562,0.7759908098793796,0.8716289452274886,0.8840856113583386,0.26879933527212296,0.37240484429065746,0.7296650717703349,0.8187845303867404,0.023551877784850413,0.08528784648187633,0.10360550901853449,0.08911945861640547,0.15085542731343138
