acc,auc,precision,recall,maf1,mif1,yp1.a1,yp1.a0,yp1.y1a1,yp1.y1a0,yp1.y0a1,yp1.y0a0,parity,equality,eq_odds
0.6996867658574785,0.7523995450936107,0.8002070393374742,0.5738678544914625,0.6969887089152315,0.6996867658574785,0.4327683615819209,0.34931096464949074,0.6278586278586279,0.5438799076212472,0.2004950495049505,0.13947696139476962,0.08345739693243015,0.08397872023738073,0.14499680834756162
0.716523101018011,0.7769111274529159,0.8104761904761905,0.6184593023255814,0.7158092821183389,0.7165231010180111,0.48368953880764903,0.37237237237237236,0.6796875,0.5821759259259259,0.21750663129973474,0.14606741573033707,0.11131716643527667,0.09751157407407407,0.16895078964347174
0.7173061863743148,0.7827088875751305,0.7953703703703704,0.6316176470588235,0.7167418340010323,0.7173061863743148,0.4728205128205128,0.39202026599113365,0.6765799256505576,0.6021897810218978,0.2219679633867277,0.16380449141347425,0.08080024682937914,0.07439014462865978,0.13255361660191323
0.7106499608457322,0.7739151960738808,0.8481012658227848,0.5746962115796997,0.7087366534944777,0.7106499608457322,0.3942614240170032,0.3577185368877867,0.580110497237569,0.5712616822429907,0.1407035175879397,0.11624834874504623,0.036542887129216495,0.008848814994578347,0.03330398383747181
0.7129992169146437,0.7601551822463448,0.8030150753768844,0.5980538922155688,0.7107943892243496,0.7129992169146437,0.4528710725893825,0.3537706928264868,0.650887573964497,0.5657418576598311,0.21153846153846154,0.13466334164588528,0.09910037976289565,0.08514571630466594,0.1620208361972422
