acc,auc,precision,recall,maf1,mif1,yp1.a1,yp1.a0,yp1.y1a1,yp1.y1a0,yp1.y0a1,yp1.y0a0,parity,equality,eq_odds
0.6953339432753889,0.7602375313218687,0.7521367521367521,0.5708989805375347,0.689952321850086,0.6953339432753889,0.4024556616643929,0.3606331727460427,0.601063829787234,0.5547652916073968,0.19327731092436976,0.17866666666666667,0.04182248891835022,0.0462985381798372,0.06090918243754029
0.687099725526075,0.7537902631755173,0.7877094972067039,0.5145985401459854,0.6776645281456953,0.687099725526075,0.3635077793493635,0.3103448275862069,0.5282051282051282,0.5070821529745042,0.1608832807570978,0.13065976714100905,0.05316295176315661,0.021122975230624008,0.05134648884671275
0.6852698993595608,0.7425699505836758,0.7675438596491229,0.4981024667931689,0.6714714982354324,0.6852698993595608,0.33099579242636745,0.30414120841819414,0.47480106100795755,0.5110782865583456,0.16964285714285715,0.12814070351758794,0.02685458400817331,0.03627722555038809,0.0777793791756573
0.6784080512351327,0.7372114190591744,0.7854938271604939,0.4743709226467847,0.6631668051546005,0.6784080512351327,0.27823691460055094,0.30547945205479454,0.45125348189415043,0.48599439775910364,0.10899182561307902,0.13270777479892762,0.0272425374542436,0.034740915864953203,0.058456865050801804
0.6999085086916743,0.7596900784022862,0.7649402390438247,0.5459715639810426,0.69065895379178,0.6999085086916743,0.3390804597701149,0.34697986577181206,0.49572649572649574,0.5710227272727273,0.17971014492753623,0.14631043256997456,0.00789940600169714,0.07529623154623155,0.10869594390379322
