acc,auc,precision,recall,maf1,mif1,yp1.a1,yp1.a0,yp1.y1a1,yp1.y1a0,yp1.y0a1,yp1.y0a0,parity,equality,eq_odds
0.9571734475374732,0.9879285774163802,0.9395973154362416,0.9271523178807947,0.9508937960042061,0.9571734475374732,0.27631578947368424,0.3273657289002558,0.8333333333333334,0.9448818897637795,0.019230769230769232,0.030303030303030304,0.051049939426571544,0.11154855643044614,0.12262081750270722
0.9336188436830836,0.9780021030494217,0.8888888888888888,0.9066666666666666,0.9242807006532665,0.9336188436830836,0.20454545454545456,0.3562005277044855,0.6153846153846154,0.967741935483871,0.03225806451612903,0.058823529411764705,0.15165507315903096,0.3523573200992556,0.37892278499489124
0.9420935412026725,0.9781879194630873,0.9241379310344827,0.8993288590604027,0.9342591341172231,0.9420935412026726,0.24390243902439024,0.3405994550408719,0.782608695652174,0.9206349206349206,0.03389830508474576,0.03734439834024896,0.09669701601648167,0.13802622498274664,0.14147231823824985
0.9232456140350876,0.9755413168360583,0.8992805755395683,0.8561643835616438,0.9106858054226474,0.9232456140350878,0.21518987341772153,0.32360742705570295,0.5769230769230769,0.9166666666666666,0.03773584905660377,0.04669260700389105,0.10841755363798142,0.33974358974358976,0.34870034769087704
0.9434782608695652,0.983356600645668,0.9166666666666666,0.9041095890410958,0.9345374931581827,0.9434782608695652,0.2375,0.32894736842105265,0.7037037037037037,0.9495798319327731,0.0,0.04597701149425287,0.09144736842105267,0.24587612822906935,0.2918531397233222
