acc,auc,precision,recall,maf1,mif1,yp1.a1,yp1.a0,yp1.y1a1,yp1.y1a0,yp1.y0a1,yp1.y0a0,parity,equality,eq_odds
0.5344557556773688,0.5757312115849822,0.5356820234869015,0.8804751299183371,0.44876033492912426,0.5344557556773688,0.8463276836158192,0.877771120431396,0.8918918918918919,0.874133949191686,0.7920792079207921,0.8816936488169365,0.03144343681557682,0.01775794270020592,0.10737238359635026
0.5387627251370399,0.5089041586054408,0.5387627251370399,1.0,0.35012722646310435,0.5387627251370399,1.0,1.0,1.0,1.0,1.0,1.0,0.0,0.0,0.0
0.5693030540328896,0.6207446546457779,0.578031212484994,0.7080882352941177,0.5540728352993238,0.5693030540328896,0.6071794871794872,0.6801773274224192,0.7044609665427509,0.7104622871046229,0.4874141876430206,0.6472919418758256,0.07299784024293199,0.00600132056187197,0.165879074794677
0.5583398590446359,0.6226531628961937,0.7459165154264973,0.2937812723373838,0.5321751839041262,0.5583398590446359,0.09139213602550478,0.2882827030378177,0.09392265193370165,0.4205607476635514,0.08793969849246232,0.13870541611624834,0.19689056701231294,0.32663809572984975,0.37740381335363576
0.5234925606891151,0.471653982675044,0.523342487249902,0.9985029940119761,0.3458249278363751,0.5234925606891151,1.0,0.996934396076027,1.0,0.9975874547647768,1.0,0.9962593516209476,0.003065603923973037,0.0024125452352231624,0.006153193614275576
