acc,auc,precision,recall,maf1,mif1,yp1.a1,yp1.a0,yp1.y1a1,yp1.y1a0,yp1.y0a1,yp1.y0a0,parity,equality,eq_odds
0.6923076923076923,0.7751322751322751,0.6428571428571429,0.75,0.6923076923076924,0.6923076923076923,0.3684210526315789,0.5932203389830508,0.625,0.7857142857142857,0.18181818181818182,0.41935483870967744,0.2247992863514719,0.1607142857142857,0.3982509426057813
0.6666666666666666,0.7956493078444299,0.8,0.4878048780487805,0.6585858585858586,0.6666666666666666,0.3684210526315789,0.3050847457627119,0.4444444444444444,0.5,0.3,0.07407407407407407,0.06333630686886704,0.05555555555555558,0.2814814814814815
0.6538461538461539,0.7433862433862434,0.5957446808510638,0.7777777777777778,0.6524178907410465,0.6538461538461539,0.6190476190476191,0.5964912280701754,0.7,0.8076923076923077,0.5454545454545454,0.41935483870967744,0.022556390977443663,0.10769230769230775,0.23379201443717573
0.6666666666666666,0.7703947368421052,0.7692307692307693,0.5,0.6585858585858586,0.6666666666666666,0.1875,0.3709677419354839,0.42857142857142855,0.5151515151515151,0.0,0.20689655172413793,0.18346774193548387,0.08658008658008659,0.29347663830422455
0.6794871794871795,0.8087542087542088,0.8846153846153846,0.5111111111111111,0.6768848384424191,0.6794871794871795,0.21052631578947367,0.3728813559322034,0.36363636363636365,0.5588235294117647,0.0,0.12,0.16235504014272972,0.19518716577540107,0.31518716577540107
