acc,auc,precision,recall,maf1,mif1,yp1.a1,yp1.a0,yp1.y1a1,yp1.y1a0,yp1.y0a1,yp1.y0a0,parity,equality,eq_odds
0.8893833439287985,0.9375122758935708,0.9583931133428981,0.7422222222222222,0.8764841549076845,0.8893833439287985,0.28143213988343047,0.30988347000431593,0.7781774580335732,0.7111801242236024,0.01721938775510204,0.0229459659511473,0.028451330120885465,0.06699733380997075,0.07272391200601601
0.8978597160415343,0.9297730154138281,0.9502923976608187,0.7584597432905484,0.8838870944753617,0.8978597160415343,0.24925690021231423,0.3303722504230118,0.751696065128901,0.7635619242579325,0.0203955500618047,0.025234318673395817,0.0811153502106976,0.011865859129031486,0.016704627740622605
0.9008264462809917,0.928384170318482,0.9528169014084507,0.7713797035347777,0.8889196705994828,0.9008264462809917,0.2666950233943003,0.33488175675675674,0.7938420348058902,0.7547169811320755,0.02119700748129676,0.024246877296105803,0.06818673336245645,0.03912505367381469,0.042174923488623735
0.8908667090485273,0.937995987393735,0.9763138415988157,0.7319644839067703,0.8773611827051102,0.8908667090485273,0.2721571906354515,0.30081650193382037,0.763855421686747,0.7047325102880658,0.01088348271446863,0.01107011070110701,0.02865931129836885,0.0591229113986812,0.059309539385319576
0.8895952532316169,0.9360197064515619,0.9677914110429447,0.7248707639287766,0.8737022251092058,0.8895952532316169,0.2692147901952638,0.2837370242214533,0.7476076555023924,0.7038674033149172,0.01464035646085296,0.013503909026297086,0.014522234026189518,0.04374025218747524,0.04487669962203111
