acc,auc,precision,recall,maf1,mif1,yp1.a1,yp1.a0,yp1.y1a1,yp1.y1a0,yp1.y0a1,yp1.y0a0,parity,equality,eq_odds
0.7050528789659224,0.779048952219846,0.7780898876404494,0.6169265033407573,0.7041885650581303,0.7050528789659224,0.5209039548022599,0.36390887290167867,0.7110187110187111,0.5646651270207852,0.29455445544554454,0.14713216957605985,0.15699508190058126,0.14635358399792586,0.29377586986741056
0.7042694868781825,0.7781916962494211,0.7512155591572123,0.6741818181818182,0.7041271296349025,0.7042694868781826,0.588963963963964,0.42702702702702705,0.7436399217221135,0.6331018518518519,0.3793103448275862,0.20474406991260924,0.16193693693693695,0.1105380698702616,0.28510434478523855
0.7171954563258911,0.7971407968048914,0.7568438003220612,0.6911764705882353,0.7170912397197535,0.7171954563258911,0.5928205128205128,0.4207858048162231,0.7806691449814126,0.6326034063260341,0.36155606407322655,0.19047619047619047,0.17203470800428977,0.14806573865537853,0.3191456122524146
0.7199373286329808,0.7925858158154562,0.7684458398744113,0.6997855611150822,0.7193172073292637,0.7199373286329808,0.5876726886291179,0.4472704714640198,0.7569060773480663,0.6635514018691588,0.35678391959798994,0.20238095238095238,0.1404022171650981,0.09335467547890741,0.24775764269594497
0.7250293772032902,0.7929540045386617,0.7874659400544959,0.6494382022471911,0.7244506558919577,0.7250293772032902,0.5563991323210412,0.3605150214592275,0.7470355731225297,0.5898673100120627,0.3245192307692308,0.12344139650872818,0.19588411086181373,0.15716826311046694,0.3582460973709696
