acc,auc,precision,recall,maf1,mif1,yp1.a1,yp1.a0,yp1.y1a1,yp1.y1a0,yp1.y0a1,yp1.y0a0,parity,equality,eq_odds
0.5333333333333333,0.5558222222222221,0.631578947368421,0.16,0.4577566618467258,0.5333333333333333,0.10638297872340426,0.13592233009708737,0.14285714285714285,0.16666666666666666,0.07692307692307693,0.10204081632653061,0.029539351373683118,0.023809523809523808,0.048927263212977495
0.5466666666666667,0.5697777777777777,0.574468085106383,0.36,0.5303002394547799,0.5466666666666666,0.3541666666666667,0.29411764705882354,0.32,0.38,0.391304347826087,0.21153846153846154,0.060049019607843146,0.06,0.23976588628762543
0.5666666666666667,0.5911111111111111,0.5543478260869565,0.68,0.5610283193012471,0.5666666666666667,0.6808510638297872,0.5825242718446602,0.6956521739130435,0.6730769230769231,0.6666666666666666,0.49019607843137253,0.09832679198512706,0.02257525083612033,0.19904583907141443
0.5066666666666667,0.5013333333333334,0.5038759689922481,0.8666666666666667,0.4332107843137255,0.5066666666666667,0.9245283018867925,0.8247422680412371,0.92,0.84,0.9285714285714286,0.8085106382978723,0.0997860338455554,0.08000000000000007,0.2000607902735564
0.5266666666666667,0.5090666666666667,0.5178571428571429,0.7733333333333333,0.4960011357720885,0.5266666666666666,0.6923076923076923,0.7657657657657657,0.6470588235294118,0.8103448275862069,0.7272727272727273,0.7169811320754716,0.07345807345807343,0.16328600405679505,0.1735775992540507
