acc,auc,precision,recall,maf1,mif1,yp1.a1,yp1.a0,yp1.y1a1,yp1.y1a0,yp1.y0a1,yp1.y0a0,parity,equality,eq_odds
0.7307692307692307,0.8009259259259258,0.6415094339622641,0.9444444444444444,0.7253060539996645,0.7307692307692306,0.631578947368421,0.6949152542372882,0.875,0.9642857142857143,0.45454545454545453,0.45161290322580644,0.06333630686886715,0.0892857142857143,0.09221826560536239
0.7051282051282051,0.7435728411338168,0.6730769230769231,0.8536585365853658,0.6938044034818228,0.7051282051282052,0.5263157894736842,0.711864406779661,0.5555555555555556,0.9375,0.5,0.4444444444444444,0.18554861730597683,0.3819444444444444,0.4375
0.6666666666666666,0.7665343915343915,0.6136363636363636,0.75,0.6664473684210526,0.6666666666666666,0.5238095238095238,0.5789473684210527,0.6,0.8076923076923077,0.45454545454545453,0.3870967741935484,0.05513784461152882,0.20769230769230773,0.2751409880442139
0.6923076923076923,0.7736842105263158,0.66,0.825,0.6848484848484848,0.6923076923076923,0.5,0.6774193548387096,0.7142857142857143,0.8484848484848485,0.3333333333333333,0.4827586206896552,0.17741935483870963,0.1341991341991342,0.2836244215554561
0.7564102564102564,0.8215488215488216,0.75,0.8666666666666667,0.7410449065175607,0.7564102564102565,0.5789473684210527,0.6949152542372882,0.7272727272727273,0.9117647058823529,0.375,0.4,0.11596788581623552,0.18449197860962563,0.20949197860962565
