acc,auc,precision,recall,maf1,mif1,yp1.a1,yp1.a0,yp1.y1a1,yp1.y1a0,yp1.y0a1,yp1.y0a0,parity,equality,eq_odds
0.4733333333333334,0.4928,0.4772727272727273,0.56,0.46934754377323007,0.47333333333333333,0.6808510638297872,0.5436893203883495,0.6666666666666666,0.5185185185185185,0.6923076923076923,0.5714285714285714,0.13716174344143772,0.14814814814814814,0.26902726902726903
0.4733333333333334,0.5371555555555556,0.375,0.08,0.37693885062306115,0.47333333333333333,0.1875,0.06862745098039216,0.16,0.04,0.21739130434782608,0.09615384615384616,0.11887254901960784,0.12,0.2412374581939799
0.4866666666666667,0.3959111111111111,0.4928571428571429,0.92,0.36798905608755134,0.4866666666666667,0.9574468085106383,0.9223300970873787,0.9565217391304348,0.9038461538461539,0.9583333333333334,0.9411764705882353,0.03511671142325967,0.05267558528428096,0.06983244802937905
0.5533333333333333,0.5270222222222222,0.6333333333333333,0.25333333333333335,0.5091575091575091,0.5533333333333333,0.24528301886792453,0.17525773195876287,0.36,0.2,0.14285714285714285,0.14893617021276595,0.07002528690916165,0.15999999999999998,0.16607902735562308
0.5133333333333334,0.5022222222222222,0.5116279069767442,0.5866666666666667,0.5107019974082846,0.5133333333333333,0.6923076923076923,0.5315315315315315,0.6470588235294118,0.5689655172413793,0.7272727272727273,0.49056603773584906,0.16077616077616075,0.07809330628803246,0.3147999958249107
