acc,auc,precision,recall,maf1,mif1,yp1.a1,yp1.a0,yp1.y1a1,yp1.y1a0,yp1.y0a1,yp1.y0a0,parity,equality,eq_odds
0.6867658574784652,0.7450119292988376,0.73557278208441,0.6340014847809948,0.6866642129800025,0.6867658574784652,0.39661016949152544,0.4853205512282804,0.5945945945945946,0.6558891454965358,0.1608910891089109,0.3013698630136986,0.08871038173675494,0.061294550901941136,0.20177332480672885
0.7008613938919342,0.7591614186441348,0.7717584369449378,0.6315406976744186,0.7007373379883968,0.7008613938919342,0.42857142857142855,0.44744744744744747,0.623046875,0.6365740740740741,0.16445623342175067,0.24344569288389514,0.01887601887601892,0.01352719907407407,0.09251665853621854
0.7223962411902898,0.787769731007981,0.7789203084832905,0.6683823529411764,0.722365212772955,0.7223962411902898,0.4317948717948718,0.47245091830272323,0.6431226765799256,0.6849148418491484,0.17162471395881007,0.24174372523117568,0.04065604650785143,0.0417921652692228,0.11191117654158841
0.7059514487079092,0.7716365121654615,0.7862190812720848,0.636168691922802,0.7059275998189007,0.7059514487079092,0.39213602550478216,0.47303161810291383,0.570902394106814,0.677570093457944,0.14824120603015076,0.24174372523117568,0.08089559259813167,0.10666769935112996,0.2001702185521549
0.7071260767423649,0.7695839847398798,0.7687385740402194,0.6294910179640718,0.7064340749346143,0.7071260767423649,0.3640303358613218,0.46474555487431024,0.5601577909270217,0.6718938480096501,0.125,0.2506234413965087,0.10071521901298847,0.11173605708262846,0.23735949847913718
