acc,auc,precision,recall,maf1,mif1,yp1.a1,yp1.a0,yp1.y1a1,yp1.y1a0,yp1.y0a1,yp1.y0a0,parity,equality,eq_odds
0.9635974304068523,0.989395590577584,0.9240506329113924,0.9668874172185431,0.9588919093851134,0.9635974304068522,0.3157894736842105,0.34271099744245526,1.0,0.9606299212598425,0.0,0.045454545454545456,0.026921523758244748,0.03937007874015752,0.08482462419470298
0.9464668094218416,0.9831125131440589,0.8787878787878788,0.9666666666666667,0.9401235992512245,0.9464668094218416,0.3068181818181818,0.3641160949868074,0.8846153846153846,0.9838709677419355,0.06451612903225806,0.06274509803921569,0.05729791316862559,0.09925558312655092,0.1010266141195933
0.9554565701559019,0.9882774049217002,0.951048951048951,0.912751677852349,0.9492517744925177,0.955456570155902,0.25609756097560976,0.33242506811989103,0.8695652173913043,0.9206349206349206,0.01694915254237288,0.024896265560165973,0.07632750714428127,0.05106970324361626,0.05901681626140935
0.9342105263157894,0.9803800265134777,0.9027777777777778,0.8904109589041096,0.9241601064419558,0.9342105263157895,0.25316455696202533,0.32891246684350134,0.7692307692307693,0.9166666666666666,0.0,0.054474708171206226,0.075747909881476,0.14743589743589736,0.20191060560710358
0.9456521739130435,0.9865849402320914,0.9060402684563759,0.9246575342465754,0.9376271186440679,0.9456521739130435,0.2875,0.33157894736842103,0.8148148148148148,0.9495798319327731,0.018867924528301886,0.04980842911877394,0.04407894736842105,0.1347650171179583,0.16570552170843036
