acc,auc,precision,recall,maf1,mif1,yp1.a1,yp1.a0,yp1.y1a1,yp1.y1a0,yp1.y0a1,yp1.y0a0,parity,equality,eq_odds
0.7832,0.7151652938285329,0.788564376799671,0.9856041131105399,0.5037764261941593,0.7832,0.9441087613293051,0.9751389295115531,0.9732510288065843,0.9867264909328847,0.8636363636363636,0.9335124244459369,0.03103016818224802,0.013475462126300353,0.08335152293587356
0.7814666666666668,0.7331907593862311,0.7886133813547582,0.9805373751291767,0.5221458247284919,0.7814666666666665,0.9151079136690647,0.9673769287288758,0.9549902152641878,0.9830028328611898,0.8043478260869565,0.9125827814569536,0.052269015059811075,0.02801261759700202,0.13624757296699908
0.7914666666666667,0.7243891042216868,0.8059238363892807,0.96814639105388,0.5503668822247954,0.7914666666666667,0.8890429958391124,0.9513202537247382,0.9373848987108656,0.9712632953909311,0.7415730337078652,0.8760563380281691,0.06227725788562577,0.03387839668006554,0.1683617010003694
0.7905333333333334,0.728188370887754,0.7971854304635762,0.9828202075182855,0.5207808264825564,0.7905333333333333,0.9258064516129032,0.9700581395348837,0.9582417582417583,0.984882005899705,0.8363636363636363,0.9148351648351648,0.04425168792198053,0.026640247657946703,0.1051117761294752
0.7874666666666668,0.7321746382449947,0.7963530066815144,0.9776144907723855,0.5330571333402909,0.7874666666666666,0.9096209912536443,0.962723803933079,0.9471544715447154,0.980410447761194,0.8144329896907216,0.8975240715268226,0.05310281267943473,0.03325597621647858,0.1163470580525795
