acc,auc,precision,recall,maf1,mif1,yp1.a1,yp1.a0,yp1.y1a1,yp1.y1a0,yp1.y0a1,yp1.y0a0,parity,equality,eq_odds
0.6466666666666667,0.6641777777777778,0.6617647058823529,0.6,0.6458955057681173,0.6466666666666666,0.2765957446808511,0.5339805825242718,0.5238095238095238,0.6296296296296297,0.07692307692307693,0.42857142857142855,0.25738483784342076,0.10582010582010581,0.45746845746845743
0.4866666666666667,0.456,0.4895833333333333,0.6266666666666667,0.4764041887664899,0.4866666666666667,0.75,0.5882352941176471,0.72,0.58,0.782608695652174,0.5961538461538461,0.16176470588235292,0.14,0.3264548494983278
0.6133333333333334,0.6878222222222221,0.6197183098591549,0.5866666666666667,0.6130581747020103,0.6133333333333333,0.23404255319148937,0.5825242718446602,0.34782608695652173,0.6923076923076923,0.125,0.47058823529411764,0.3484817186531708,0.34448160535117056,0.6900698406452882
0.56,0.6522666666666668,0.6451612903225806,0.26666666666666666,0.5185761524995137,0.56,0.11320754716981132,0.25773195876288657,0.16,0.32,0.07142857142857142,0.19148936170212766,0.14452441159307525,0.16,0.28006079027355624
0.5800000000000001,0.6496,0.573170731707317,0.6266666666666667,0.5790833370451205,0.58,0.48717948717948717,0.5675675675675675,0.6470588235294118,0.6206896551724138,0.36363636363636365,0.5094339622641509,0.08038808038808037,0.026369168356997985,0.17216676698478528
