acc,auc,precision,recall,maf1,mif1,yp1.a1,yp1.a0,yp1.y1a1,yp1.y1a0,yp1.y0a1,yp1.y0a0,parity,equality,eq_odds
0.6893870082342178,0.746530280465682,0.6923809523809524,0.6712834718374885,0.6892043133414452,0.6893870082342177,0.520949720670391,0.4605442176870748,0.696,0.6581920903954802,0.3284457478005865,0.2769028871391076,0.060405502983316206,0.03780790960451974,0.08935077026599864
0.6948764867337603,0.7480055973230777,0.6977225672877847,0.6425166825548141,0.6929978912926071,0.6948764867337603,0.5113636363636364,0.4089068825910931,0.7025495750708215,0.6120689655172413,0.3190883190883191,0.22900763358778625,0.10245675377254326,0.09048060955358017,0.180561295054113
0.6756633119853614,0.7385668382185411,0.6741903827281649,0.6456766917293233,0.6749416472821759,0.6756633119853613,0.5123287671232877,0.4429945054945055,0.6675603217158177,0.6338639652677279,0.35014005602240894,0.27058823529411763,0.0693342616287822,0.03369635644808977,0.11324817717638108
0.6834400731930467,0.7510702441965631,0.688622754491018,0.6448598130841121,0.6825768004028873,0.6834400731930467,0.5355704697986577,0.41845940319222763,0.7146666666666667,0.6071942446043166,0.35405405405405405,0.24262734584450402,0.11711106660643011,0.10747242206235008,0.2188991302719001
0.6935041171088747,0.7422681361735616,0.7008797653958945,0.6632747456059205,0.693072236640044,0.6935041171088746,0.5066666666666667,0.4477715877437326,0.6836461126005362,0.652542372881356,0.33156498673740054,0.24862637362637363,0.05889507892293411,0.031103739719180235,0.11404235283020714
