acc,auc,precision,recall,maf1,mif1,yp1.a1,yp1.a0,yp1.y1a1,yp1.y1a0,yp1.y0a1,yp1.y0a0,parity,equality,eq_odds
0.6936936936936937,0.7715745696166533,0.7450130095403296,0.637713437268003,0.6935616270145818,0.6936936936936937,0.4915254237288136,0.4304556354916067,0.6756756756756757,0.6166281755196305,0.2722772277227723,0.22942643391521197,0.06106978823720688,0.05904750015604521,0.10189829396360553
0.7007442224833529,0.7704312393887945,0.7407407407407407,0.6836363636363636,0.7003635286613714,0.7007442224833529,0.5686936936936937,0.45885885885885885,0.7416829745596869,0.6493055555555556,0.33421750663129973,0.2534332084893883,0.10983483483483486,0.09237741900413132,0.17316171714604278
0.7109283196239717,0.7856435826635768,0.7464342313787639,0.6926470588235294,0.7107170099160947,0.7109283196239718,0.5743589743589743,0.4448669201520912,0.7527881040892194,0.6532846715328468,0.35469107551487417,0.21825396825396826,0.1294920542068831,0.09950343255637262,0.23594053981727853
0.7093615354484919,0.7765592655313341,0.7449664429530202,0.7140814867762688,0.7077938064181748,0.709361535448492,0.5876726886291179,0.48883374689826303,0.7513812154696132,0.6904205607476636,0.36432160804020103,0.2605820105820106,0.09883894173085489,0.06096065472194967,0.16470025218014012
0.7148452800626713,0.7831134726911557,0.7429943955164131,0.6951310861423221,0.714803230027768,0.7148452800626713,0.5498915401301518,0.45493562231759654,0.7490118577075099,0.6622436670687576,0.3076923076923077,0.24064837905236908,0.0949559178125553,0.0867681906387523,0.15381211927869093
