acc,auc,precision,recall,maf1,mif1,yp1.a1,yp1.a0,yp1.y1a1,yp1.y1a0,yp1.y0a1,yp1.y0a0,parity,equality,eq_odds
0.9229122055674519,0.9553189705759074,0.9197080291970803,0.8344370860927153,0.9096362229102168,0.9229122055674518,0.09210526315789473,0.33248081841432225,0.25,0.9448818897637795,0.019230769230769232,0.03787878787878788,0.2403755552564275,0.6948818897637795,0.7135299084117982
0.9164882226980728,0.953627760252366,0.8627450980392157,0.88,0.9047402363057226,0.9164882226980728,0.13636363636363635,0.3720316622691293,0.4230769230769231,0.9758064516129032,0.016129032258064516,0.0784313725490196,0.23566802590549296,0.5527295285359801,0.6150318688269352
0.9265033407572383,0.9705816554809844,0.9142857142857143,0.8590604026845637,0.9158129783353504,0.9265033407572383,0.15853658536585366,0.3460490463215259,0.5217391304347826,0.9206349206349206,0.01694915254237288,0.04564315352697095,0.18751246095567223,0.398895790200138,0.42758979118473606
0.9144736842105262,0.9528943879805568,0.8848920863309353,0.8424657534246576,0.9004784688995215,0.9144736842105263,0.17721518987341772,0.33156498673740054,0.46153846153846156,0.925,0.03773584905660377,0.054474708171206226,0.1543497968639828,0.4634615384615385,0.4802003975761409
0.8978260869565218,0.9379417153826018,0.8778625954198473,0.7876712328767124,0.8786150209700692,0.8978260869565218,0.0625,0.33157894736842103,0.14814814814814814,0.9327731092436975,0.018867924528301886,0.05747126436781609,0.26907894736842103,0.7846249610955494,0.8232283009350636
