acc,auc,precision,recall,maf1,mif1,yp1.a1,yp1.a0,yp1.y1a1,yp1.y1a0,yp1.y0a1,yp1.y0a0,parity,equality,eq_odds
0.9011264080100125,0.9647352647352647,0.8175438596491228,0.8961538461538462,0.8900110649346124,0.9011264080100125,0.475177304964539,0.331306990881459,0.9565217391304348,0.883177570093458,0.24210526315789474,0.06531531531531531,0.14387031408308004,0.07334416903697683,0.2501341168795562
0.9148936170212766,0.965217829189687,0.8405797101449275,0.90625,0.9041952912299511,0.9148936170212766,0.43537414965986393,0.32515337423312884,0.9782608695652174,0.8904761904761904,0.18811881188118812,0.05656108597285068,0.11022077542673508,0.08778467908902698,0.21934240499736443
0.9073842302878599,0.9675838409297766,0.8379310344827586,0.9,0.8982830993669144,0.9073842302878599,0.5033112582781457,0.33024691358024694,0.9795918367346939,0.8823529411764706,0.27450980392156865,0.04449648711943794,0.17306434469789878,0.09723889555822329,0.327252212360354
0.9098873591989988,0.9584553012118728,0.84375,0.8709677419354839,0.8956646644032384,0.9098873591989988,0.43506493506493504,0.2930232558139535,0.8958333333333334,0.865,0.22641509433962265,0.035955056179775284,0.14204167925098155,0.03083333333333338,0.22129337149318073
0.9111389236545683,0.965239543101323,0.8868613138686131,0.8586572438162544,0.9021638839880862,0.9111389236545682,0.3945578231292517,0.3312883435582822,0.9074074074074074,0.8471615720524017,0.0967741935483871,0.05200945626477541,0.06326947957096951,0.06024583535500572,0.1050105726386174
