acc,auc,precision,recall,maf1,mif1,yp1.a1,yp1.a0,yp1.y1a1,yp1.y1a0,yp1.y0a1,yp1.y0a0,parity,equality,eq_odds
0.8936170212765958,0.9639360639360639,0.8326996197718631,0.8423076923076923,0.879203165992263,0.8936170212765957,0.46099290780141844,0.3009118541033435,0.9130434782608695,0.8271028037383178,0.24210526315789474,0.0472972972972973,0.16008105369807496,0.08594067452255172,0.2807486403831492
0.8836045056320401,0.9579880294659301,0.8326530612244898,0.796875,0.8647972969284766,0.8836045056320401,0.46938775510204084,0.26993865030674846,0.9782608695652174,0.7571428571428571,0.2376237623762376,0.038461538461538464,0.19944910479529238,0.2211180124223603,0.42028023633705947
0.8648310387984981,0.956570748442204,0.7469512195121951,0.9074074074074074,0.8556989966555184,0.8648310387984981,0.6291390728476821,0.3595679012345679,0.9591836734693877,0.8959276018099548,0.47058823529411764,0.08196721311475409,0.2695711716131142,0.06325607165943292,0.4518770938387965
0.8785982478097623,0.9524764358058662,0.789272030651341,0.8306451612903226,0.8601788558923762,0.8785982478097624,0.525974025974026,0.27906976744186046,0.8958333333333334,0.815,0.3584905660377358,0.038202247191011236,0.24690425853216552,0.08083333333333342,0.401121652180058
0.8760951188986233,0.9633905826279892,0.8865546218487395,0.7455830388692579,0.8590294002855019,0.8760951188986232,0.4217687074829932,0.26993865030674846,0.8703703703703703,0.7161572052401747,0.16129032258064516,0.028368794326241134,0.15183005717624476,0.15421316513019567,0.2871346933845997
