acc,auc,precision,recall,maf1,mif1,yp1.a1,yp1.a0,yp1.y1a1,yp1.y1a0,yp1.y0a1,yp1.y0a0,parity,equality,eq_odds
0.9635974304068523,0.9933984407745828,0.9527027027027027,0.9337748344370861,0.9581860795828615,0.9635974304068522,0.3026315789473684,0.319693094629156,0.9583333333333334,0.9291338582677166,0.0,0.026515151515151516,0.017061515681787598,0.02919947506561682,0.05571462658076834
0.9507494646680943,0.9767192429022082,0.9150326797385621,0.9333333333333333,0.9438211650008107,0.9507494646680942,0.3181818181818182,0.32981530343007914,0.9615384615384616,0.9274193548387096,0.04838709677419355,0.0392156862745098,0.011633485248260966,0.03411910669975193,0.04329051719943568
0.9465478841870824,0.992192393736018,0.9562043795620438,0.8791946308724832,0.9384341149047032,0.9465478841870824,0.2804878048780488,0.3106267029972752,0.9565217391304348,0.8650793650793651,0.01694915254237288,0.02074688796680498,0.030138898119226376,0.0914423740510697,0.0952401094755018
0.956140350877193,0.9838046840477243,0.95,0.910958904109589,0.9490605241403963,0.956140350877193,0.31645569620253167,0.3050397877984085,0.9615384615384616,0.9,0.0,0.027237354085603113,0.011415908404123154,0.06153846153846154,0.08877581562406466
0.9434782608695652,0.9880900444987348,0.9,0.9246575342465754,0.9352477477477477,0.9434782608695652,0.35,0.32105263157894737,0.9629629629629629,0.9159663865546218,0.03773584905660377,0.04980842911877394,0.02894736842105261,0.046996576408341095,0.059069156470511266
