acc,auc,precision,recall,maf1,mif1,yp1.a1,yp1.a0,yp1.y1a1,yp1.y1a0,yp1.y0a1,yp1.y0a0,parity,equality,eq_odds
0.6871574001566171,0.7424187906600264,0.7283333333333334,0.6488492947290274,0.6871550500723073,0.6871574001566171,0.5209039548022599,0.4427801078490114,0.7130977130977131,0.6131639722863741,0.29207920792079206,0.2590286425902864,0.07812384695324853,0.09993374081133899,0.13298430614184464
0.6945967110415036,0.7535269919453547,0.7380191693290735,0.6715116279069767,0.6943401089998528,0.6945967110415036,0.5444319460067492,0.46126126126126127,0.72265625,0.6412037037037037,0.30238726790450926,0.2671660424469413,0.08317068474548789,0.08145254629629628,0.11667377175386423
0.7071260767423649,0.772794117647059,0.7417061611374408,0.6904411764705882,0.7068931339920081,0.7071260767423649,0.5620512820512821,0.45471817606079795,0.7527881040892194,0.6496350364963503,0.32723112128146453,0.2430647291941876,0.10733310599048412,0.10315306759286902,0.18731945968014596
0.7083007047768207,0.7683707286280552,0.7587025316455697,0.6854896354538956,0.7077684269858786,0.7083007047768207,0.5494155154091392,0.463112213267204,0.7237569060773481,0.6612149532710281,0.31155778894472363,0.23910171730515192,0.08630330214193527,0.06254195280632002,0.13499802444589173
0.7133907595927956,0.7731685643491342,0.7770642201834862,0.6339820359281437,0.7126690531914697,0.7133907595927957,0.5081256771397616,0.3807480073574494,0.7080867850098619,0.5886610373944512,0.2644230769230769,0.1658354114713217,0.12737766978231224,0.1194257476154107,0.21801341306716593
