acc,auc,precision,recall,maf1,mif1,yp1.a1,yp1.a0,yp1.y1a1,yp1.y1a0,yp1.y0a1,yp1.y0a0,parity,equality,eq_odds
0.9721627408993576,0.9970659736775924,0.96,0.9536423841059603,0.9681367532133541,0.9721627408993576,0.3026315789473684,0.3248081841432225,0.9583333333333334,0.952755905511811,0.0,0.022727272727272728,0.02217660519585407,0.005577427821522374,0.0283047005487951
0.9464668094218416,0.9791377497371188,0.8881987577639752,0.9533333333333334,0.9397428684975201,0.9464668094218416,0.29545454545454547,0.3562005277044855,0.9230769230769231,0.9596774193548387,0.03225806451612903,0.06274509803921569,0.060745982249940045,0.03660049627791562,0.06708752980100227
0.9665924276169264,0.9941387024608501,0.958904109589041,0.9395973154362416,0.9621384602411671,0.9665924276169265,0.2804878048780488,0.335149863760218,0.9565217391304348,0.9365079365079365,0.01694915254237288,0.02074688796680498,0.054662058882169184,0.0200138026224983,0.023811538046930397
0.9539473684210525,0.984334953601414,0.9310344827586207,0.9246575342465754,0.9470093132128093,0.9539473684210527,0.31645569620253167,0.3183023872679045,0.9230769230769231,0.925,0.018867924528301886,0.03501945525291829,0.0018466910653728297,0.0019230769230769162,0.01807460764769332
0.9586956521739131,0.9873702120233836,0.9150326797385621,0.958904109589041,0.9529295181469095,0.9586956521739131,0.3375,0.33157894736842103,0.9629629629629629,0.957983193277311,0.018867924528301886,0.04597701149425287,0.0059210526315789935,0.004979769685651947,0.03208885665160294
