acc,auc,precision,recall,maf1,mif1,yp1.a1,yp1.a0,yp1.y1a1,yp1.y1a0,yp1.y0a1,yp1.y0a0,parity,equality,eq_odds
0.54,0.5838222222222222,0.6363636363636364,0.18666666666666668,0.4743791579909603,0.54,0.0425531914893617,0.1941747572815534,0.047619047619047616,0.24074074074074073,0.038461538461538464,0.14285714285714285,0.1516215657921917,0.1931216931216931,0.2975172975172975
0.54,0.4986666666666667,0.5217391304347826,0.96,0.4414764448761534,0.54,0.9583333333333334,0.9019607843137255,0.96,0.96,0.9565217391304348,0.8461538461538461,0.056372549019607865,0.0,0.11036789297658867
0.5933333333333334,0.6384000000000001,0.5686274509803921,0.7733333333333333,0.5797161361444123,0.5933333333333334,0.6382978723404256,0.6990291262135923,0.6956521739130435,0.8076923076923077,0.5833333333333334,0.5882352941176471,0.06073125387316669,0.11204013377926425,0.11694209456357796
0.52,0.5197333333333333,0.5148514851485149,0.6933333333333334,0.5051319648093842,0.52,0.7547169811320755,0.6288659793814433,0.84,0.62,0.6785714285714286,0.6382978723404256,0.12585100175063224,0.21999999999999997,0.260273556231003
0.4866666666666667,0.4259555555555556,0.49137931034482757,0.76,0.4452183101974158,0.4866666666666667,0.6666666666666666,0.8108108108108109,0.7058823529411765,0.7758620689655172,0.6363636363636364,0.8490566037735849,0.14414414414414423,0.06997971602434072,0.2826726834342893
