acc,auc,precision,recall,maf1,mif1,yp1.a1,yp1.a0,yp1.y1a1,yp1.y1a0,yp1.y0a1,yp1.y0a0,parity,equality,eq_odds
0.8908667090485273,0.9374213010543946,0.902316844082655,0.8005555555555556,0.8815724284604705,0.8908667090485273,0.32556203164029973,0.3517479499352611,0.802158273381295,0.7991718426501035,0.07206632653061225,0.03182827535159141,0.026185918294961363,0.002986430731191425,0.04322448191021226
0.8931977113795296,0.9380608359851433,0.8985507246376812,0.7957992998833139,0.8814238376786439,0.8931977113795295,0.2921443736730361,0.35109983079526225,0.7869742198100407,0.8024564994882293,0.06674907292954264,0.03316510454217736,0.05895545712222616,0.015482279678188604,0.04906624806555389
0.8968001695274423,0.9376271245103939,0.9100323624595469,0.8015963511972634,0.8865253140084357,0.8968001695274422,0.30072309655465757,0.35388513513513514,0.8112449799196787,0.7944389275074478,0.06296758104738155,0.027920646583394562,0.05316203858047758,0.016806052412230876,0.051852986876217866
0.9010383555838102,0.9468078549069578,0.9169269206745784,0.8146503884572697,0.8926931035313886,0.9010383555838102,0.3239966555183946,0.35496347228190805,0.8156626506024096,0.8137860082304527,0.06274007682458387,0.025830258302583026,0.030966816763513427,0.0018766423719569492,0.03878646089395779
0.8931977113795296,0.9438308653657358,0.9268461007591442,0.7713957495692131,0.8806702282661485,0.8931977113795295,0.29081844619858743,0.32396193771626297,0.7488038277511961,0.7922651933701658,0.047103755569700825,0.022743425728500355,0.03314349151767554,0.04346136561896963,0.0678216954601701
