acc,auc,precision,recall,maf1,mif1,yp1.a1,yp1.a0,yp1.y1a1,yp1.y1a0,yp1.y0a1,yp1.y0a0,parity,equality,eq_odds
0.9657387580299787,0.9942367340095565,0.9411764705882353,0.9536423841059603,0.960985797827903,0.9657387580299786,0.32894736842105265,0.3273657289002558,1.0,0.9448818897637795,0.019230769230769232,0.030303030303030304,0.0015816395207968736,0.055118110236220486,0.06619037130848156
0.9421841541755889,0.9782965299684542,0.8727272727272727,0.96,0.9353334871913224,0.9421841541755889,0.3409090909090909,0.3562005277044855,0.9615384615384616,0.9596774193548387,0.08064516129032258,0.06274509803921569,0.01529143679539463,0.0018610421836228186,0.01976110543472971
0.9576837416481069,0.9920581655480984,0.9391891891891891,0.9328859060402684,0.9522064796607226,0.9576837416481069,0.3170731707317073,0.33242506811989103,1.0,0.9206349206349206,0.05084745762711865,0.024896265560165973,0.01535189738818371,0.07936507936507942,0.1053162714320321
0.9429824561403508,0.9835837384003535,0.9166666666666666,0.9041095890410958,0.934272092249695,0.9429824561403509,0.3291139240506329,0.3129973474801061,0.9230769230769231,0.9,0.03773584905660377,0.038910505836575876,0.016116576570526786,0.023076923076923106,0.02425157985689521
0.9630434782608696,0.9906639909257482,0.9271523178807947,0.958904109589041,0.9577368116693958,0.9630434782608696,0.325,0.32894736842105265,0.9629629629629629,0.957983193277311,0.0,0.0421455938697318,0.003947368421052644,0.004979769685651947,0.04712536355538375
