acc,auc,precision,recall,maf1,mif1,yp1.a1,yp1.a0,yp1.y1a1,yp1.y1a0,yp1.y0a1,yp1.y0a0,parity,equality,eq_odds
0.5274473924977128,0.49264265735026824,0.5290404040404041,0.38832252085264135,0.5174270217086869,0.5274473924977127,0.3601637107776262,0.3633860977288369,0.4228723404255319,0.36984352773826457,0.29411764705882354,0.35733333333333334,0.0032223869512106873,0.053028812687267335,0.11624449896177713
0.5269899359560842,0.42720401125025115,0.5933734939759037,0.17974452554744524,0.46234376902935087,0.5269899359560841,0.16831683168316833,0.1440162271805274,0.19487179487179487,0.17138810198300283,0.13564668769716087,0.11901681759379043,0.024300604502640932,0.02348369288879204,0.04011356299216248
0.48215919487648673,0.691504180607613,0.48215919487648673,1.0,0.3253086419753086,0.48215919487648673,1.0,1.0,1.0,1.0,1.0,1.0,0.0,0.0,0.0
0.37145471180237877,0.326160206121169,0.3808392715756136,0.4482758620689655,0.3684812081169093,0.37145471180237877,0.5523415977961432,0.5904109589041096,0.4373259052924791,0.453781512605042,0.6648501362397821,0.7211796246648794,0.038069361107966326,0.016455607312562903,0.07278509573766023
0.8284537968892955,0.9276285298838005,0.7838063439065108,0.8900473933649289,0.828292495329493,0.8284537968892955,0.5387931034482759,0.5523489932885906,0.8917378917378918,0.8892045454545454,0.17971014492753623,0.2506361323155216,0.013555889840314639,0.0025333462833463383,0.07345933367133173
