acc,auc,precision,recall,maf1,mif1,yp1.a1,yp1.a0,yp1.y1a1,yp1.y1a0,yp1.y0a1,yp1.y0a0,parity,equality,eq_odds
0.9357601713062099,0.9842191298516222,0.9290780141843972,0.8675496688741722,0.925265651004993,0.9357601713062098,0.32894736842105265,0.2966751918158568,0.9583333333333334,0.8503937007874016,0.038461538461538464,0.030303030303030304,0.03227217660519588,0.10793963254593175,0.11609814070443991
0.9250535331905783,0.9775184016824395,0.8709677419354839,0.9,0.9148010112330267,0.9250535331905781,0.3181818181818182,0.33509234828496043,0.9230769230769231,0.8951612903225806,0.06451612903225806,0.06274509803921569,0.01691053010314225,0.0279156327543425,0.029686663747384878
0.9198218262806236,0.9778523489932885,0.869281045751634,0.8926174496644296,0.9101960087114982,0.9198218262806237,0.32926829268292684,0.34332425068119893,1.0,0.873015873015873,0.06779661016949153,0.06639004149377593,0.014055957998272084,0.12698412698412698,0.12839069565984257
0.9122807017543859,0.972227132125497,0.8680555555555556,0.8561643835616438,0.8988801419226079,0.9122807017543859,0.3291139240506329,0.3129973474801061,0.9230769230769231,0.8416666666666667,0.03773584905660377,0.06614785992217899,0.016116576570526786,0.08141025641025645,0.10982226727583166
0.9239130434782609,0.9718829072506763,0.8627450980392157,0.9041095890410958,0.9132912176390438,0.9239130434782609,0.3375,0.33157894736842103,0.9629629629629629,0.8907563025210085,0.018867924528301886,0.07662835249042145,0.0059210526315789935,0.07220666044195445,0.129967088404074
