acc,auc,precision,recall,maf1,mif1,yp1.a1,yp1.a0,yp1.y1a1,yp1.y1a0,yp1.y0a1,yp1.y0a0,parity,equality,eq_odds
0.8986232790988736,0.9694313988594432,0.8518518518518519,0.8487084870848709,0.8868226435155473,0.8986232790988736,0.49624060150375937,0.3063063063063063,0.975609756097561,0.8260869565217391,0.2826086956521739,0.03211009174311927,0.18993429519745308,0.14952279957582182,0.40002140348487647
0.9061326658322904,0.9649122807017544,0.8221476510067114,0.9176029962546817,0.8973262856702275,0.9061326658322904,0.543046357615894,0.3333333333333333,0.94,0.9124423963133641,0.3465346534653465,0.04176334106728538,0.20971302428256072,0.027557603686635845,0.33232891608469695
0.9036295369211514,0.9695107637498447,0.9036144578313253,0.8093525179856115,0.8909972591187012,0.9036295369211514,0.4066666666666667,0.2896764252696456,0.9183673469387755,0.7860262008733624,0.15841584158415842,0.01904761904761905,0.11699024139702108,0.13234114606541314,0.2717093686019525
0.8823529411764706,0.9572689666936757,0.8,0.8549618320610687,0.8687765570837527,0.8823529411764706,0.5547445255474452,0.3081570996978852,0.9047619047619048,0.8454545454545455,0.4,0.04072398190045249,0.24658742584956006,0.05930735930735931,0.4185833774069068
0.9173967459324155,0.9688158074661563,0.8865248226950354,0.8802816901408451,0.9097193688881584,0.9173967459324155,0.4794520547945205,0.32465543644716693,1.0,0.8528138528138528,0.1827956989247312,0.035545023696682464,0.1547966183473536,0.1471861471861472,0.2944368224141959
