acc,auc,precision,recall,maf1,mif1,yp1.a1,yp1.a0,yp1.y1a1,yp1.y1a0,yp1.y0a1,yp1.y0a0,parity,equality,eq_odds
0.690560125342734,0.7543438462229806,0.7184313725490196,0.680029695619896,0.6903339266039494,0.690560125342734,0.48135593220338985,0.5089928057553957,0.6652806652806653,0.6882217090069284,0.2623762376237624,0.31546134663341646,0.02763687355200589,0.022941043726263044,0.07602615273591712
0.7034860947904426,0.7703577712609972,0.751219512195122,0.672,0.7033630309872213,0.7034860947904427,0.48873873873873874,0.47807807807807806,0.6810176125244618,0.6666666666666666,0.22811671087533156,0.2746566791510612,0.010660660660660681,0.014350945857795172,0.06089091413352479
0.7171954563258911,0.7871160199201224,0.7680672268907563,0.6720588235294118,0.7171950658197552,0.7171954563258911,0.4707692307692308,0.4632446134347275,0.671003717472119,0.6727493917274939,0.2242562929061785,0.23544973544973544,0.00752461733450327,0.0017456742553749738,0.012939116798931921
0.7070113591852722,0.7799554769871523,0.7714762301918265,0.6611865618298784,0.7069203030671367,0.7070113591852722,0.44739638682252925,0.4826302729528536,0.6206261510128913,0.6869158878504673,0.21105527638190955,0.25132275132275134,0.035233886130324354,0.066289736837576,0.10655721177841779
0.7124951037994516,0.7767642663419494,0.7518860016764459,0.6719101123595506,0.7124675319892764,0.7124951037994516,0.447939262472885,0.47823421213979156,0.6640316205533597,0.6767189384800965,0.18509615384615385,0.2730673316708229,0.030294949666906545,0.012687317926736719,0.10065849575140579
