acc,auc,precision,recall,maf1,mif1,yp1.a1,yp1.a0,yp1.y1a1,yp1.y1a0,yp1.y0a1,yp1.y0a0,parity,equality,eq_odds
0.6066666666666667,0.6554666666666666,0.5909090909090909,0.6933333333333334,0.6036899377546909,0.6066666666666667,0.3617021276595745,0.6893203883495146,0.5714285714285714,0.7407407407407407,0.19230769230769232,0.6326530612244898,0.3276182606899401,0.1693121693121693,0.6096575382289668
0.7200000000000001,0.7537777777777778,0.7538461538461538,0.6533333333333333,0.71875,0.72,0.4166666666666667,0.4411764705882353,0.6,0.68,0.21739130434782608,0.21153846153846154,0.024509803921568596,0.08000000000000007,0.08585284280936462
0.6000000000000001,0.6547555555555556,0.6119402985074627,0.5466666666666666,0.5988589766446781,0.6,0.14893617021276595,0.5825242718446602,0.21739130434782608,0.6923076923076923,0.08333333333333333,0.47058823529411764,0.4335881016318942,0.47491638795986624,0.8621712899206506
0.6266666666666667,0.6869333333333333,0.6938775510204082,0.4533333333333333,0.6151026392961877,0.6266666666666667,0.20754716981132076,0.3917525773195876,0.32,0.52,0.10714285714285714,0.2553191489361702,0.18420540750826686,0.2,0.34817629179331305
0.5866666666666667,0.6446222222222223,0.5643564356435643,0.76,0.5738636363636364,0.5866666666666667,0.6923076923076923,0.6666666666666666,0.7647058823529411,0.7586206896551724,0.6363636363636364,0.5660377358490566,0.02564102564102566,0.006085192697768749,0.07641109321234851
