acc,auc,precision,recall,maf1,mif1,yp1.a1,yp1.a0,yp1.y1a1,yp1.y1a0,yp1.y0a1,yp1.y0a0,parity,equality,eq_odds
0.967880085653105,0.9941948193478078,0.9473684210526315,0.9536423841059603,0.9633616293483547,0.9678800856531049,0.3026315789473684,0.329923273657289,0.9583333333333334,0.952755905511811,0.0,0.030303030303030304,0.0272916947099206,0.005577427821522374,0.03588045812455268
0.9443254817987152,0.9774553101997896,0.9025974025974026,0.9266666666666666,0.9366019214703425,0.9443254817987152,0.2840909090909091,0.3403693931398417,0.8461538461538461,0.9435483870967742,0.04838709677419355,0.047058823529411764,0.0562784840489326,0.0973945409429281,0.09872281418770988
0.953229398663697,0.9934675615212527,0.9507042253521126,0.9060402684563759,0.9466193379642998,0.9532293986636972,0.2804878048780488,0.3242506811989101,0.9565217391304348,0.8968253968253969,0.01694915254237288,0.024896265560165973,0.04376287632086129,0.05969634230503795,0.06764345532283104
0.9539473684210525,0.9834732655766681,0.9432624113475178,0.910958904109589,0.9466146341463415,0.9539473684210527,0.3037974683544304,0.3103448275862069,0.9230769230769231,0.9083333333333333,0.0,0.0311284046692607,0.006547359231776517,0.014743589743589802,0.0458719944128505
0.9456521739130435,0.9873920251286974,0.8954248366013072,0.9383561643835616,0.9380651554564599,0.9456521739130435,0.3375,0.33157894736842103,0.9629629629629629,0.9327731092436975,0.018867924528301886,0.05747126436781609,0.0059210526315789935,0.030189853719265414,0.06879319355877962
