acc,auc,precision,recall,maf1,mif1,yp1.a1,yp1.a0,yp1.y1a1,yp1.y1a0,yp1.y0a1,yp1.y0a0,parity,equality,eq_odds
0.7858666666666667,0.7030587914392543,0.7938846421125781,0.9789203084832905,0.530758772220296,0.7858666666666668,0.9365558912386707,0.9615384615384616,0.9691358024691358,0.9798093101514301,0.8465909090909091,0.8959032907991941,0.024982570299790896,0.010673507682294359,0.05998588939057936
0.7826666666666667,0.6950808870646472,0.7954864031398935,0.9707492302429012,0.5337457474561016,0.7826666666666666,0.9076704545454546,0.9557092407298411,0.9339805825242719,0.9743012567998499,0.8359788359788359,0.8880546075085324,0.048038786184386506,0.04032067427557806,0.09239644580527451
0.7910666666666667,0.6668187296981274,0.810396677645711,0.9588275160962385,0.5687436873377972,0.7910666666666667,0.8626907073509015,0.938338988051335,0.9134438305709024,0.9634260123157306,0.7078651685393258,0.8436619718309859,0.0756482807004335,0.04998218174482816,0.18577898503648826
0.7913333333333333,0.699446812382009,0.7985053971768613,0.9814594318761695,0.527361205767502,0.7913333333333333,0.9403225806451613,0.9655523255813954,0.9758241758241758,0.9819321533923304,0.8424242424242424,0.904532967032967,0.02522974493623409,0.006107977568154621,0.06821670217687925
0.7890666666666667,0.7085456221091121,0.7996911847276811,0.9735133287764867,0.5482310303485182,0.7890666666666667,0.9183673469387755,0.9530378632227766,0.9573170731707317,0.975,0.8195876288659794,0.8720770288858322,0.034670516284001085,0.01768292682926831,0.07017232684912111
