acc,auc,precision,recall,maf1,mif1,yp1.a1,yp1.a0,yp1.y1a1,yp1.y1a0,yp1.y0a1,yp1.y0a0,parity,equality,eq_odds
0.828693790149893,0.990129097158186,0.9733333333333334,0.48344370860927155,0.7665116744162792,0.828693790149893,0.10526315789473684,0.17135549872122763,0.3333333333333333,0.5118110236220472,0.0,0.007575757575757576,0.06609234082649079,0.1784776902887139,0.18605344786447148
0.7858672376873662,0.9594321766561513,0.9807692307692307,0.34,0.6841692365957908,0.7858672376873662,0.125,0.10817941952506596,0.4230769230769231,0.3225806451612903,0.0,0.00392156862745098,0.016820580474934038,0.10049627791563276,0.10441784654308374
0.9643652561247216,0.9953691275167785,0.9854014598540146,0.9060402684563759,0.9589560766031353,0.9643652561247216,0.25609756097560976,0.31607629427792916,0.9130434782608695,0.9047619047619048,0.0,0.008298755186721992,0.0599787333023194,0.008281573498964745,0.016580328685686735
0.7368421052631579,0.6373840035351304,0.7954545454545454,0.23972602739726026,0.6011080332409972,0.7368421052631579,0.12658227848101267,0.09018567639257294,0.34615384615384615,0.21666666666666667,0.018867924528301886,0.0311284046692607,0.03639660208843973,0.12948717948717947,0.1417476596281383
0.7934782608695652,0.8224195096413925,0.7802197802197802,0.4863013698630137,0.7300319390131648,0.7934782608695652,0.2,0.19736842105263158,0.4444444444444444,0.4957983193277311,0.07547169811320754,0.06130268199233716,0.0026315789473684292,0.05135387488328669,0.06552289100415706
