acc,auc,precision,recall,maf1,mif1,yp1.a1,yp1.a0,yp1.y1a1,yp1.y1a0,yp1.y0a1,yp1.y0a0,parity,equality,eq_odds
0.967880085653105,0.9936708860759493,0.925,0.9801324503311258,0.9638457210985121,0.9678800856531049,0.32894736842105265,0.3452685421994885,1.0,0.9763779527559056,0.019230769230769232,0.041666666666666664,0.016321173778435838,0.023622047244094446,0.04605794467999188
0.9336188436830836,0.9708307045215563,0.8650306748466258,0.94,0.9255194908757904,0.9336188436830836,0.32954545454545453,0.35356200527704484,0.9230769230769231,0.9435483870967742,0.08064516129032258,0.06666666666666667,0.024016550731590314,0.020471464019851116,0.03444995864350703
0.9510022271714922,0.9833557046979866,0.9150326797385621,0.9395973154362416,0.9451197831014712,0.9510022271714922,0.3170731707317073,0.3460490463215259,1.0,0.9285714285714286,0.05084745762711865,0.04149377593360996,0.028975875589818567,0.0714285714285714,0.0807822531220801
0.9407894736842105,0.9855722492266901,0.8993288590604027,0.9178082191780822,0.9323572233057715,0.9407894736842105,0.35443037974683544,0.3209549071618037,0.9615384615384616,0.9083333333333333,0.05660377358490566,0.04669260700389105,0.03347547258503175,0.05320512820512824,0.06311629478614285
0.9543478260869566,0.9879373527615392,0.8980891719745223,0.9657534246575342,0.9483287064524929,0.9543478260869566,0.35,0.3394736842105263,0.9629629629629629,0.9663865546218487,0.03773584905660377,0.05363984674329502,0.010526315789473661,0.0034235916588858384,0.019327589345577087
