acc,auc,precision,recall,maf1,mif1,yp1.a1,yp1.a0,yp1.y1a1,yp1.y1a0,yp1.y0a1,yp1.y0a0,parity,equality,eq_odds
0.7027027027027026,0.7756047773998112,0.7975708502024291,0.585003711952487,0.7005190652343753,0.7027027027027027,0.4429378531073446,0.35731414868105515,0.6424116424116424,0.5531177829099307,0.20544554455445543,0.14588528678304238,0.08562370442628947,0.08929385950171165,0.1488541172731247
0.708969839404622,0.7846013273653342,0.7936802973977695,0.6210909090909091,0.7085045421331544,0.7089698394046219,0.46846846846846846,0.3963963963963964,0.6653620352250489,0.5949074074074074,0.20159151193633953,0.1822721598002497,0.07207207207207206,0.07045462781764145,0.08977397995373129
0.7230708969839404,0.7891622701050244,0.8100664767331434,0.6272058823529412,0.7222356190759638,0.7230708969839404,0.4574358974358974,0.38466413181242076,0.671003717472119,0.5985401459854015,0.1945080091533181,0.15211640211640212,0.07277176562347665,0.07246357148671745,0.11485517852363342
0.7113200156678418,0.7795169364599372,0.7992766726943942,0.631879914224446,0.7112179332223671,0.7113200156678418,0.4537725823591923,0.42121588089330025,0.6316758747697975,0.6320093457943925,0.21105527638190955,0.18253968253968253,0.03255670146589207,0.0003334710245950223,0.02884906486682204
0.717587152369761,0.7791301513502211,0.7969052224371374,0.6172284644194757,0.7161125319693095,0.717587152369761,0.455531453362256,0.3764561618638872,0.6600790513833992,0.5910735826296744,0.20673076923076922,0.1546134663341646,0.07907529149836878,0.06900546875372482,0.12112277165032945
