acc,auc,precision,recall,maf1,mif1,yp1.a1,yp1.a0,yp1.y1a1,yp1.y1a0,yp1.y0a1,yp1.y0a0,parity,equality,eq_odds
0.6934220830070478,0.7601851117183911,0.8038793103448276,0.5538233110616184,0.6897193593557872,0.6934220830070478,0.39887005649717516,0.3445176752546435,0.5966735966735967,0.5300230946882217,0.16336633663366337,0.1444582814445828,0.05435238124253167,0.06665050198537492,0.08555855717445549
0.7153484729835552,0.7754465343309511,0.8562019758507134,0.5668604651162791,0.7122031388361416,0.7153484729835551,0.40044994375703036,0.3333333333333333,0.607421875,0.5428240740740741,0.11936339522546419,0.10736579275905118,0.06711661042369704,0.06459780092592593,0.07659540339233893
0.706734534064213,0.7881657059808849,0.8309859154929577,0.5639705882352941,0.7033950825454784,0.706734534064213,0.39384615384615385,0.34135528815706145,0.5966542750929368,0.5425790754257908,0.14416475972540047,0.12285336856010567,0.05249086568909239,0.05407519966714602,0.07538659083244081
0.6949882537196554,0.7675832149742086,0.8112449799196787,0.5775553967119371,0.693801513935455,0.6949882537196554,0.410201912858661,0.37817730936143834,0.5893186003683242,0.5700934579439252,0.1658291457286432,0.16116248348745046,0.03202460349722264,0.01922514242439899,0.023891804665591737
0.7083007047768207,0.7802510742062672,0.8208469055374593,0.5658682634730539,0.7043019985214556,0.7083007047768207,0.4019501625135428,0.3372164316370325,0.6173570019723866,0.53437876960193,0.13942307692307693,0.13341645885286782,0.0647337308765103,0.08297823237045665,0.08898485044066576
