acc,auc,precision,recall,maf1,mif1,yp1.a1,yp1.a0,yp1.y1a1,yp1.y1a0,yp1.y0a1,yp1.y0a0,parity,equality,eq_odds
0.7040256175663312,0.7539702273760458,0.7686567164179104,0.5727525486561631,0.6982278051040083,0.7040256175663312,0.3765347885402456,0.3633860977288369,0.5797872340425532,0.5689900426742532,0.16246498599439776,0.17066666666666666,0.013148690811408681,0.01079719136829993,0.018998872040568826
0.7012808783165599,0.7551839884818857,0.7596717467760844,0.5912408759124088,0.6977278844119772,0.7012808783165599,0.4144271570014144,0.3786342123056119,0.6153846153846154,0.5779036827195467,0.167192429022082,0.19663648124191463,0.03579294469580252,0.03748093266506869,0.06692498488490131
0.7031107044830741,0.7482181291529493,0.7189189189189189,0.6309297912713473,0.7004244525731633,0.7031107044830741,0.4361851332398317,0.41683638832315,0.6259946949602122,0.6336779911373708,0.22321428571428573,0.23241206030150754,0.019348744916681704,0.007683296177158572,0.01688107076438039
0.7049405306495883,0.7582606307394857,0.7442922374429224,0.6076421248835042,0.7014310650011106,0.7049405306495883,0.39807162534435264,0.40205479452054793,0.596100278551532,0.6134453781512605,0.20435967302452315,0.19973190348525469,0.003983169176195289,0.01734509959972852,0.021972869138996987
0.7040256175663312,0.7535729401066874,0.756926952141058,0.5696682464454976,0.6968201898938634,0.7040256175663312,0.367816091954023,0.3610738255033557,0.5612535612535613,0.5738636363636364,0.17101449275362318,0.17048346055979643,0.006742266450667278,0.012610075110075059,0.013141107303901806
