acc,auc,precision,recall,maf1,mif1,yp1.a1,yp1.a0,yp1.y1a1,yp1.y1a0,yp1.y0a1,yp1.y0a0,parity,equality,eq_odds
0.9700214132762314,0.9963115097661162,0.9419354838709677,0.9668874172185431,0.9659776861912492,0.9700214132762313,0.32894736842105265,0.33248081841432225,1.0,0.9606299212598425,0.019230769230769232,0.030303030303030304,0.0035334499932695995,0.03937007874015752,0.05044233981241859
0.9400428265524626,0.9807991587802313,0.8719512195121951,0.9533333333333334,0.9328333675775633,0.9400428265524625,0.32954545454545453,0.3562005277044855,0.9230769230769231,0.9596774193548387,0.08064516129032258,0.06274509803921569,0.026655073159030984,0.03660049627791562,0.05450055952902251
0.9554565701559019,0.9897762863534675,0.9215686274509803,0.9463087248322147,0.9501088937286102,0.955456570155902,0.3170731707317073,0.3460490463215259,1.0,0.9365079365079365,0.05084745762711865,0.03734439834024896,0.028975875589818567,0.06349206349206349,0.07699512277893317
0.9495614035087718,0.9826115775519222,0.9072847682119205,0.9383561643835616,0.9425802742875913,0.9495614035087719,0.35443037974683544,0.32625994694960214,0.9615384615384616,0.9333333333333333,0.05660377358490566,0.042801556420233464,0.028170432797233302,0.028205128205128216,0.042007345369800414
0.9500000000000001,0.9851889014920164,0.89171974522293,0.958904109589041,0.9434076308765398,0.9500000000000001,0.35,0.3394736842105263,0.9629629629629629,0.957983193277311,0.03773584905660377,0.05747126436781609,0.010526315789473661,0.004979769685651947,0.024715184996864266
