acc,auc,precision,recall,maf1,mif1,yp1.a1,yp1.a0,yp1.y1a1,yp1.y1a0,yp1.y0a1,yp1.y0a0,parity,equality,eq_odds
0.6000000000000001,0.6794666666666667,0.6027397260273972,0.5866666666666667,0.5999288762446656,0.6,0.48936170212765956,0.4854368932038835,0.6190476190476191,0.5740740740740741,0.38461538461538464,0.3877551020408163,0.0039248089237760575,0.044973544973545,0.048113262398976675
0.4733333333333334,0.448,0.4777777777777778,0.5733333333333334,0.468013468013468,0.47333333333333333,0.7291666666666666,0.5392156862745098,0.68,0.52,0.782608695652174,0.5576923076923077,0.18995098039215685,0.16000000000000003,0.38491638795986627
0.6133333333333334,0.6627555555555555,0.5858585858585859,0.7733333333333333,0.6031746031746033,0.6133333333333333,0.5531914893617021,0.7087378640776699,0.6521739130434783,0.8269230769230769,0.4583333333333333,0.5882352941176471,0.15554637471596777,0.1747491638795986,0.30465112466391236
0.6066666666666667,0.6483555555555556,0.6052631578947368,0.6133333333333333,0.6066491844081959,0.6066666666666667,0.39622641509433965,0.5670103092783505,0.52,0.66,0.2857142857142857,0.46808510638297873,0.17078389418401085,0.14,0.32237082066869305
0.5866666666666667,0.6467555555555556,0.5802469135802469,0.6266666666666667,0.5860042735042734,0.5866666666666667,0.5641025641025641,0.5315315315315315,0.6470588235294118,0.6206896551724138,0.5,0.4339622641509434,0.032571032571032554,0.026369168356997985,0.09240690420605457
