acc,auc,precision,recall,maf1,mif1,yp1.a1,yp1.a0,yp1.y1a1,yp1.y1a0,yp1.y0a1,yp1.y0a0,parity,equality,eq_odds
0.5260477869173521,0.6413755277066782,0.5268943855516294,0.9962880475129918,0.3454578508698327,0.5260477869173521,0.9977401129943503,0.9976019184652278,0.997920997920998,0.9953810623556582,0.9975247524752475,1.0,0.00013819452912244845,0.0025399355653398237,0.005015183090092301
0.5385820603211907,0.49532674795493137,0.5385820603211907,1.0,0.35005091649694503,0.5385820603211907,1.0,1.0,1.0,1.0,1.0,1.0,0.0,0.0,0.0
0.6658832745789267,0.7000221882550169,0.7985865724381626,0.4985294117647059,0.6597049475792773,0.6658832745789267,0.3723076923076923,0.30798479087452474,0.5315985130111525,0.4768856447688564,0.17620137299771166,0.12433862433862433,0.06432290143316755,0.05471286824229604,0.10657561690138337
0.5487661574618096,0.662743752346006,0.8664688427299704,0.2087205146533238,0.4972828836713205,0.5487661574618097,0.12433581296493093,0.13647642679900746,0.18232044198895028,0.22546728971962618,0.04522613065326633,0.03571428571428571,0.012140613834076525,0.0431468477306759,0.05265869266965652
0.6012534273403839,0.6336685055011285,0.6196226415094339,0.6149812734082397,0.6005517678087287,0.6012534273403839,0.6518438177874186,0.4438994481912937,0.6936758893280632,0.5669481302774427,0.6009615384615384,0.3167082294264339,0.20794436959612494,0.1267277590506205,0.41098106808572504
