acc,auc,precision,recall,maf1,mif1,yp1.a1,yp1.a0,yp1.y1a1,yp1.y1a0,yp1.y0a1,yp1.y0a0,parity,equality,eq_odds
0.64,0.6604444444444444,0.6296296296296297,0.68,0.639423076923077,0.64,0.3404255319148936,0.6310679611650486,0.5714285714285714,0.7222222222222222,0.15384615384615385,0.5306122448979592,0.290642429250155,0.1507936507936508,0.5275597418454562
0.7133333333333334,0.7767111111111111,0.7666666666666667,0.6133333333333333,0.7104377104377104,0.7133333333333335,0.4375,0.38235294117647056,0.64,0.6,0.21739130434782608,0.17307692307692307,0.05514705882352944,0.040000000000000036,0.08431438127090304
0.56,0.6328888888888891,0.5671641791044776,0.5066666666666667,0.558744874309146,0.56,0.1276595744680851,0.5922330097087378,0.17391304347826086,0.6538461538461539,0.08333333333333333,0.5294117647058824,0.46457343524065275,0.479933110367893,0.926011541740442
0.68,0.687288888888889,0.7288135593220338,0.5733333333333334,0.6763172091350477,0.68,0.22641509433962265,0.4845360824742268,0.4,0.66,0.07142857142857142,0.2978723404255319,0.25812098813460416,0.26,0.4864437689969605
0.5733333333333334,0.6440888888888889,0.5733333333333334,0.5733333333333334,0.5733333333333334,0.5733333333333334,0.5384615384615384,0.4864864864864865,0.5882352941176471,0.5689655172413793,0.5,0.39622641509433965,0.05197505197505192,0.01926977687626774,0.1230433617819281
