acc,auc,precision,recall,maf1,mif1,yp1.a1,yp1.a0,yp1.y1a1,yp1.y1a0,yp1.y0a1,yp1.y0a0,parity,equality,eq_odds
0.7049405306495883,0.7649108001738034,0.7767857142857143,0.5644114921223355,0.6983548436578398,0.7049405306495883,0.4120054570259209,0.33172746042670337,0.6303191489361702,0.5291607396870555,0.18207282913165265,0.14666666666666667,0.08027799659921753,0.10115840924911479,0.13656457171410077
0.6994510521500458,0.7557833322172369,0.7789072426937739,0.5593065693430657,0.6935636289850595,0.6994510521500458,0.4596888260254597,0.31237322515212984,0.6461538461538462,0.5113314447592068,0.2302839116719243,0.13065976714100905,0.14731560087332984,0.1348224013946394,0.23444654592555467
0.7095150960658738,0.7591348120235214,0.7456037514654161,0.603415559772296,0.7047048825135537,0.7095150960658738,0.4740532959326788,0.3496266123557366,0.6551724137931034,0.5745937961595273,0.2708333333333333,0.15829145728643215,0.1244266835769422,0.0805786176335761,0.19312049368047726
0.6889295516925893,0.7505553699437888,0.7292882147024504,0.5824790307548928,0.6846040576610525,0.6889295516925892,0.4628099173553719,0.35684931506849316,0.637883008356546,0.5546218487394958,0.29155313351498635,0.1675603217158177,0.10596060228687876,0.08326115961705016,0.20725397141621882
0.7099725526075024,0.7695668388918919,0.7527010804321729,0.5943127962085308,0.7044807104451541,0.7099725526075021,0.4109195402298851,0.36711409395973155,0.6239316239316239,0.5795454545454546,0.19420289855072465,0.17684478371501272,0.043805446270153536,0.04438616938616935,0.061744284221881274
