acc,auc,precision,recall,maf1,mif1,yp1.a1,yp1.a0,yp1.y1a1,yp1.y1a0,yp1.y0a1,yp1.y0a0,parity,equality,eq_odds
0.6889295516925893,0.7404041850118841,0.7327887981330222,0.5820203892493049,0.6848070946817029,0.6889295516925892,0.36289222373806274,0.40674466620784583,0.5558510638297872,0.5960170697012802,0.15966386554621848,0.22933333333333333,0.04385244246978309,0.040166005871492994,0.10983547365860785
0.7026532479414456,0.7615474117725842,0.7981283422459893,0.5447080291970803,0.6951925849144676,0.7026532479414456,0.314002828854314,0.3556457065584855,0.5102564102564102,0.5637393767705382,0.07255520504731862,0.16558861578266496,0.041642877704171466,0.05348296651412798,0.1465163772494743
0.6852698993595608,0.7387878752321629,0.7183770883054893,0.571157495256167,0.6794721407624633,0.6852698993595608,0.3450210378681627,0.4019008825526137,0.5092838196286472,0.6056129985228951,0.16071428571428573,0.228643216080402,0.05687984468445101,0.09632917889424786,0.16425810926036413
0.6852698993595608,0.748960225212665,0.7452229299363057,0.5452003727865797,0.6780209513484443,0.6852698993595608,0.3209366391184573,0.3780821917808219,0.4958217270194986,0.5700280112044818,0.14986376021798364,0.19436997319034852,0.057145552662364596,0.07420628418498315,0.11871249715734802
0.6930466605672462,0.7469009935426016,0.7352941176470589,0.5687203791469194,0.6865377846723417,0.6930466605672461,0.3261494252873563,0.3953020134228188,0.4843304843304843,0.6107954545454546,0.16521739130434782,0.20229007633587787,0.06915258813546249,0.12646497021497027,0.16353765524650032
