acc,auc,precision,recall,maf1,mif1,yp1.a1,yp1.a0,yp1.y1a1,yp1.y1a0,yp1.y0a1,yp1.y0a0,parity,equality,eq_odds
0.6848124428179323,0.7397293991475596,0.7462121212121212,0.5477293790546802,0.6781289622045356,0.6848124428179323,0.38335607094133695,0.35168616655196144,0.5851063829787234,0.5277382645803699,0.17086834733893558,0.18666666666666668,0.0316699043893755,0.05736811839835354,0.07316643772608464
0.67612076852699,0.7323972075269537,0.7455696202531645,0.5374087591240876,0.6699037409066594,0.67612076852699,0.37906647807637905,0.35294117647058826,0.5564102564102564,0.5269121813031161,0.1608832807570978,0.19404915912031048,0.026125301605790796,0.02949807510714031,0.062663953470353
0.6770356816102471,0.7331568783902481,0.7158808933002482,0.547438330170778,0.6696895760564345,0.6770356816102471,0.3997194950911641,0.35369993211133743,0.5570291777188329,0.5420974889217134,0.22321428571428573,0.1934673366834171,0.04601956297982668,0.01493168879711948,0.044678637827988116
0.671088746569076,0.7351946704581708,0.7347480106100795,0.516309412861137,0.6619719703250628,0.6710887465690759,0.36363636363636365,0.3356164383561644,0.5236768802228412,0.5126050420168067,0.20708446866485014,0.16621983914209115,0.028019925280199254,0.011071838206034523,0.05193646772879351
0.682067703568161,0.7384757858037807,0.7368421052631579,0.5308056872037915,0.6726384978953686,0.682067703568161,0.33189655172413796,0.35503355704697986,0.4928774928774929,0.5497159090909091,0.1681159420289855,0.1806615776081425,0.023137005322841908,0.056838416213416176,0.06938405179257318
