acc,auc,precision,recall,maf1,mif1,yp1.a1,yp1.a0,yp1.y1a1,yp1.y1a0,yp1.y0a1,yp1.y0a0,parity,equality,eq_odds
0.7841333333333333,0.7156126820908313,0.7900385250412768,0.9840616966580977,0.5114938447822132,0.7841333333333333,0.9365558912386707,0.9722140976893828,0.9691358024691358,0.9854178351093662,0.8465909090909091,0.9247817327065144,0.03565820645071216,0.016282032640230426,0.09447285625583579
0.7830666666666667,0.7315472004899869,0.7891241178912412,0.9822597313124354,0.5240075533106664,0.7830666666666667,0.9165467625899281,0.9684055841293167,0.9628180039138943,0.9841359773371104,0.7880434782608695,0.9132450331125828,0.05185882153938859,0.021317973423216174,0.14651952827492942
0.7909333333333334,0.7243975865290779,0.8059870093194013,0.9671297865130464,0.5507291024851099,0.7909333333333334,0.8751733703190014,0.9516152824900428,0.9244935543278084,0.9714498973689121,0.7247191011235955,0.8767605633802817,0.07644191217104135,0.04695634304110363,0.19899780529778988
0.7908000000000001,0.7249001270637898,0.7987247019683947,0.9800986562340535,0.5287033573022103,0.7908,0.9209677419354839,0.9655523255813954,0.9560439560439561,0.9821165191740413,0.8242424242424242,0.9038461538461539,0.044584583645911446,0.026072563130085213,0.10567629273381485
0.7893333333333333,0.7340278964456596,0.7983240223463687,0.9767600820232399,0.5419025063383683,0.7893333333333333,0.9008746355685131,0.9600821837393602,0.9410569105691057,0.9800373134328358,0.7989690721649485,0.8865199449793673,0.05920754817084706,0.03898040286373017,0.12653127567814892
