acc,auc,precision,recall,maf1,mif1,yp1.a1,yp1.a0,yp1.y1a1,yp1.y1a0,yp1.y0a1,yp1.y0a0,parity,equality,eq_odds
0.6939615736505033,0.7626436536222019,0.7815934065934066,0.5273401297497683,0.6844771955714781,0.6939615736505031,0.41336971350613916,0.2924982794218858,0.6117021276595744,0.4822190611664296,0.20448179271708683,0.11466666666666667,0.12087143408425338,0.12948306649314484,0.219298192543565
0.6939615736505033,0.7568891046675149,0.7538644470868014,0.5784671532846716,0.6899386103746453,0.6939615736505031,0.4639321074964639,0.34685598377281945,0.6564102564102564,0.5354107648725213,0.22712933753943218,0.17464424320827943,0.11707612372364445,0.12099949153773515,0.1734845858688879
0.6939615736505033,0.7509336802086616,0.7272727272727273,0.5844402277039848,0.6886696835314903,0.6939615736505031,0.4796633941093969,0.3428377460964019,0.6525198938992043,0.5465288035450517,0.2857142857142857,0.16959798994974876,0.13682564801299502,0.10599109035415255,0.2221073861186895
0.6884720951509606,0.7546407826173603,0.7384428223844283,0.5657036346691519,0.6828519476812,0.6884720951509606,0.45179063360881544,0.33835616438356164,0.6434540389972145,0.5266106442577031,0.26430517711171664,0.1581769436997319,0.1134344692252538,0.11684339473951144,0.22297162815149618
0.7086001829826167,0.7617735426854564,0.7686375321336761,0.566824644549763,0.7007980469219187,0.7086001829826165,0.41379310344827586,0.3288590604026846,0.6068376068376068,0.546875,0.21739130434782608,0.13358778625954199,0.08493404304559127,0.05996260683760679,0.1437661249258909
