acc,auc,precision,recall,maf1,mif1,yp1.a1,yp1.a0,yp1.y1a1,yp1.y1a0,yp1.y0a1,yp1.y0a0,parity,equality,eq_odds
0.8589743589743589,0.8994708994708995,0.7906976744186046,0.9444444444444444,0.8589511754068716,0.8589743589743589,0.42105263157894735,0.5932203389830508,0.875,0.9642857142857143,0.09090909090909091,0.25806451612903225,0.17216770740410348,0.0892857142857143,0.2564411395056556
0.6794871794871795,0.7969676994067237,0.7222222222222222,0.6341463414634146,0.6794344895610718,0.6794871794871795,0.47368421052631576,0.4576271186440678,0.5555555555555556,0.65625,0.4,0.2222222222222222,0.016057091882247965,0.10069444444444442,0.27847222222222223
0.6666666666666666,0.7043650793650793,0.625,0.6944444444444444,0.6664473684210526,0.6666666666666666,0.42857142857142855,0.543859649122807,0.5,0.7692307692307693,0.36363636363636365,0.3548387096774194,0.1152882205513785,0.2692307692307693,0.27802842318971355
0.6282051282051282,0.6552631578947369,0.6486486486486487,0.6,0.6281440078908433,0.6282051282051282,0.3125,0.5161290322580645,0.42857142857142855,0.6363636363636364,0.2222222222222222,0.3793103448275862,0.2036290322580645,0.2077922077922078,0.3648803303975718
0.6538461538461539,0.6606060606060606,0.7647058823529411,0.5777777777777777,0.6537892487259576,0.6538461538461539,0.21052631578947367,0.5084745762711864,0.2727272727272727,0.6764705882352942,0.125,0.28,0.29794826048171275,0.40374331550802145,0.5587433155080215
