acc,auc,precision,recall,maf1,mif1,yp1.a1,yp1.a0,yp1.y1a1,yp1.y1a0,yp1.y0a1,yp1.y0a0,parity,equality,eq_odds
0.5466666666666667,0.6154666666666666,0.5327102803738317,0.76,0.5250512199664742,0.5466666666666666,0.5106382978723404,0.8058252427184466,0.6190476190476191,0.8148148148148148,0.4230769230769231,0.7959183673469388,0.2951869448461062,0.1957671957671957,0.5686086400372115
0.5066666666666667,0.5249777777777778,0.5058823529411764,0.5733333333333334,0.5044642857142857,0.5066666666666667,0.5416666666666666,0.5784313725490197,0.52,0.6,0.5652173913043478,0.5576923076923077,0.03676470588235303,0.07999999999999996,0.08752508361204003
0.54,0.5676444444444444,0.5263157894736842,0.8,0.5066495066495066,0.54,0.5319148936170213,0.8640776699029126,0.6086956521739131,0.8846153846153846,0.4583333333333333,0.8431372549019608,0.3321627762858913,0.2759197324414715,0.6607236540100989
0.52,0.5443555555555555,0.5168539325842697,0.6133333333333333,0.5157819225251077,0.52,0.5471698113207547,0.6185567010309279,0.6,0.62,0.5,0.6170212765957447,0.07138688971017315,0.020000000000000018,0.1370212765957447
0.52,0.4826666666666667,0.5294117647058824,0.36,0.5073891625615763,0.52,0.3333333333333333,0.34234234234234234,0.47058823529411764,0.3275862068965517,0.22727272727272727,0.3584905660377358,0.009009009009009028,0.14300202839756593,0.2742198671625745
