acc,auc,precision,recall,maf1,mif1,yp1.a1,yp1.a0,yp1.y1a1,yp1.y1a0,yp1.y0a1,yp1.y0a0,parity,equality,eq_odds
0.7012808783165599,0.7632908117774412,0.808695652173913,0.5171455050973123,0.6900002540878278,0.7012808783165599,0.3219645293315143,0.31245698554714385,0.526595744680851,0.5120910384068279,0.10644257703081232,0.12533333333333332,0.009507543784370465,0.014504706274023116,0.03339546257654412
0.6843549862763038,0.751844070180138,0.792507204610951,0.5018248175182481,0.6736452189416198,0.6843549862763038,0.3578500707213578,0.29817444219066935,0.5205128205128206,0.4915014164305949,0.15772870662460567,0.12160413971539456,0.059675628530688474,0.029011404082225634,0.06513597099143674
0.6834400731930467,0.74546402397731,0.7784615384615384,0.48007590132827327,0.6672631993862224,0.6834400731930467,0.3141654978962132,0.2892057026476578,0.47214854111405835,0.4844903988183161,0.13690476190476192,0.12311557788944724,0.02495979524855535,0.012341857704257775,0.02613104171957245
0.6788655077767612,0.7461249705882107,0.7875968992248062,0.47343895619757687,0.6634394631776842,0.6788655077767612,0.2865013774104683,0.2993150684931507,0.4623955431754875,0.4789915966386555,0.11444141689373297,0.12734584450402145,0.012813691082682377,0.016596053463168003,0.029500481073456486
0.7063129002744739,0.7660041652524083,0.7558859975216853,0.5781990521327014,0.6997162798858273,0.7063129002744739,0.3649425287356322,0.3711409395973154,0.5470085470085471,0.59375,0.17971014492753623,0.1717557251908397,0.006198410861683212,0.046741452991452936,0.054695872728149464
