acc,auc,precision,recall,maf1,mif1,yp1.a1,yp1.a0,yp1.y1a1,yp1.y1a0,yp1.y0a1,yp1.y0a0,parity,equality,eq_odds
0.6466666666666667,0.6897777777777778,0.625,0.7333333333333333,0.6439926559491291,0.6466666666666666,0.425531914893617,0.6601941747572816,0.6666666666666666,0.7592592592592593,0.23076923076923078,0.5510204081632653,0.23466225986366457,0.09259259259259267,0.41284376998662714
0.5266666666666667,0.5480888888888888,0.5166666666666667,0.8266666666666667,0.4798534798534799,0.5266666666666666,0.8125,0.7941176470588235,0.88,0.8,0.7391304347826086,0.7884615384615384,0.018382352941176516,0.07999999999999996,0.12933110367892975
0.5533333333333333,0.5527111111111112,0.5465116279069767,0.6266666666666667,0.550918271593905,0.5533333333333333,0.40425531914893614,0.6504854368932039,0.6521739130434783,0.6153846153846154,0.16666666666666666,0.6862745098039216,0.24623011774426778,0.03678929765886285,0.5563971407961178
0.54,0.5652444444444444,0.5272727272727272,0.7733333333333333,0.5135135135135135,0.54,0.8867924528301887,0.6494845360824743,0.96,0.68,0.8214285714285714,0.6170212765957447,0.23730791674771445,0.2799999999999999,0.48440729483282663
0.4666666666666667,0.4581333333333333,0.4576271186440678,0.36,0.46052868189174606,0.4666666666666667,0.2564102564102564,0.44144144144144143,0.29411764705882354,0.3793103448275862,0.22727272727272727,0.5094339622641509,0.18503118503118504,0.08519269776876265,0.3673539327601863
