acc,auc,precision,recall,maf1,mif1,yp1.a1,yp1.a0,yp1.y1a1,yp1.y1a0,yp1.y0a1,yp1.y0a0,parity,equality,eq_odds
0.6994510521500458,0.7603999487631578,0.7691326530612245,0.5588507877664504,0.6927428407491485,0.6994510521500458,0.39154160982264663,0.3420509291121817,0.601063829787234,0.5362731152204836,0.17086834733893558,0.16,0.04949068071046492,0.06479071456675045,0.07565906190568603
0.687099725526075,0.7520056251255608,0.7614213197969543,0.5474452554744526,0.6810115305056628,0.687099725526075,0.37906647807637905,0.3515889114266396,0.5717948717948718,0.5339943342776204,0.14195583596214512,0.18499353169469598,0.027477566649739438,0.03780053751725132,0.08083823324980219
0.6843549862763038,0.754225866797192,0.7166666666666667,0.571157495256167,0.678620647335411,0.6843549862763038,0.40953716690042075,0.37202987101154106,0.5915119363395226,0.5598227474150664,0.20535714285714285,0.21231155778894473,0.03750729588887969,0.03168918892445616,0.038643603856258035
0.6935041171088747,0.7538561891196894,0.7448359659781288,0.5712954333643989,0.6880133671431394,0.6935041171088746,0.38292011019283745,0.3732876712328767,0.5626740947075209,0.5756302521008403,0.20708446866485014,0.17962466487935658,0.009632438959960743,0.012956157393319345,0.04041596117881291
0.6903019213174749,0.7561944510792361,0.7603305785123967,0.5232227488151658,0.6792936981574236,0.6903019213174748,0.33620689655172414,0.3302013422818792,0.5071225071225072,0.53125,0.16231884057971013,0.15012722646310434,0.006005554269844948,0.02412749287749283,0.03631910699409863
