acc,auc,precision,recall,maf1,mif1,yp1.a1,yp1.a0,yp1.y1a1,yp1.y1a0,yp1.y0a1,yp1.y0a0,parity,equality,eq_odds
0.8940453485908032,0.9421097407788056,0.9002463054187192,0.8122222222222222,0.8854163105402036,0.8940453485908031,0.2810158201498751,0.40958135520069056,0.7817745803357314,0.8385093167701864,0.014668367346938776,0.10288675055514433,0.12856553505081547,0.056734736434454924,0.1449531196426605
0.8895952532316169,0.9371754970809056,0.8974017321785477,0.7858809801633606,0.8771127226070747,0.8895952532316169,0.24076433121019108,0.39509306260575294,0.7435549525101763,0.8178096212896623,0.011742892459826947,0.0973323720259553,0.15432873139556186,0.07425466877948594,0.15984414834561428
0.8948929858020768,0.946308029250415,0.9227150537634409,0.7827822120866591,0.8834781867587654,0.8948929858020767,0.2475542322415993,0.38260135135135137,0.751004016064257,0.8063555114200596,0.013092269326683292,0.06906686260102865,0.13504711910975206,0.05535149535580253,0.11132608863014788
0.9008264462809917,0.9475654027045711,0.9221518987341772,0.8085460599334073,0.8921708055780584,0.9008264462809917,0.2792642140468227,0.3919209282337774,0.7867469879518072,0.8271604938271605,0.009603072983354673,0.07970479704797048,0.11265671418695467,0.040413505875353306,0.11051522993996912
0.891290527654164,0.9390586491247899,0.879950495049505,0.816771970132108,0.8814119308900883,0.891290527654164,0.2783547985043623,0.4091695501730104,0.7619617224880383,0.8674033149171271,0.021005728835136857,0.11442786069651742,0.1308147516686481,0.10544159242908879,0.19886372429046936
