acc,auc,precision,recall,maf1,mif1,yp1.a1,yp1.a0,yp1.y1a1,yp1.y1a0,yp1.y0a1,yp1.y0a0,parity,equality,eq_odds
0.6933019976498237,0.7702135743636747,0.731378763866878,0.6752011704462326,0.6930299646823043,0.6933019976498237,0.5851938895417156,0.4488836662749706,0.7545271629778671,0.6298850574712643,0.3474576271186441,0.25961538461538464,0.13631022326674497,0.12464210550660282,0.21248434800986227
0.717978848413631,0.7852006945910022,0.7789203084832905,0.6630196936542669,0.7179691124809439,0.717978848413631,0.6059907834101382,0.3804154302670623,0.7879377431906615,0.588098016336056,0.3418079096045198,0.16545893719806765,0.22557535314307592,0.1998397268546055,0.37618869926105764
0.7093615354484919,0.7850200537314242,0.7362804878048781,0.7092511013215859,0.7087072023973546,0.709361535448492,0.6313416009019166,0.45138055222088835,0.8215686274509804,0.642018779342723,0.3740053050397878,0.25184275184275184,0.17996104868102825,0.17954984810825736,0.3017124013052933
0.699960830395613,0.7595392784728748,0.7620660457239627,0.6498194945848376,0.6999530504906684,0.699960830395613,0.6023529411764705,0.3928361714621257,0.778672032193159,0.5777027027027027,0.35410764872521244,0.19141104294478528,0.20951676971434485,0.2009693294904562,0.36366593527088337
0.7152369761065414,0.7829577325574212,0.7871591908531222,0.6485507246376812,0.7151803426157517,0.7152369761065415,0.5427251732101617,0.3953764078245406,0.75,0.5916289592760181,0.2648648648648649,0.1793275217932752,0.14734876538562108,0.1583710407239819,0.24390838379557156
