acc,auc,precision,recall,maf1,mif1,yp1.a1,yp1.a0,yp1.y1a1,yp1.y1a0,yp1.y0a1,yp1.y0a0,parity,equality,eq_odds
0.6907593778591035,0.7743268257520388,0.864376130198915,0.44300278035217794,0.6695344926291684,0.6907593778591034,0.26193724420190995,0.24845147969717826,0.4654255319148936,0.4310099573257468,0.047619047619047616,0.07733333333333334,0.013485764504731684,0.03441557458914679,0.06412986030343251
0.6861848124428179,0.7602139556686534,0.8173374613003096,0.48175182481751827,0.6726816342388671,0.6861848124428179,0.314002828854314,0.28668018931710615,0.49230769230769234,0.47592067988668557,0.0946372239747634,0.11384217335058215,0.02732263953720787,0.016387012421006764,0.035591961796825514
0.6829826166514181,0.7592169490616263,0.8491295938104448,0.41650853889943074,0.6557340278808309,0.6829826166514181,0.2426367461430575,0.23353699932111338,0.41644562334217505,0.41654357459379615,0.047619047619047616,0.07788944723618091,0.009099746821944116,9.795125162109786e-05,0.03036835086875439
0.6880146386093321,0.7566554378525752,0.7780938833570412,0.5097856477166822,0.6766395632921056,0.6880146386093321,0.3209366391184573,0.3219178082191781,0.4958217270194986,0.5168067226890757,0.14986376021798364,0.1353887399463807,0.000981169100720769,0.020984995669577067,0.035460015941180006
0.7003659652333029,0.7648945487154344,0.7890173410404624,0.5175355450236967,0.6877738708534358,0.7003659652333029,0.2859195402298851,0.3308724832214765,0.47863247863247865,0.5369318181818182,0.08985507246376812,0.14631043256997456,0.044952942991591416,0.05829933954933958,0.11475469965554602
