acc,auc,precision,recall,maf1,mif1,yp1.a1,yp1.a0,yp1.y1a1,yp1.y1a0,yp1.y0a1,yp1.y0a0,parity,equality,eq_odds
0.4706342991386061,0.4836314274133381,0.49851632047477745,0.623608017817372,0.45141865064234554,0.4706342991386061,0.6350282485875707,0.6728579988016776,0.632016632016632,0.6189376443418014,0.6386138613861386,0.7310087173100872,0.03782975021410695,0.013078987674830622,0.1054738435987792
0.5133124510571653,0.5145879397480949,0.535656836461126,0.7260174418604651,0.4753512136199507,0.5133124510571653,0.7120359955005624,0.7399399399399399,0.716796875,0.7314814814814815,0.7055702917771883,0.7490636704119851,0.027903944439377493,0.01468460648148151,0.05817798511627825
0.36844166014095536,0.3916980737018425,0.44035832154644033,0.6867647058823529,0.2726161000087047,0.36844166014095536,0.8297435897435897,0.830905636478784,0.7026022304832714,0.6763990267639902,0.9862700228832952,0.9986789960369881,0.0011620467351942665,0.0262032037192812,0.038612176872974024
0.495301487862177,0.4731004520854414,0.5325443786982249,0.6433166547533953,0.47213899165438855,0.495301487862177,0.6216790648246546,0.685058896466212,0.6243093922651933,0.655373831775701,0.6180904522613065,0.7186261558784677,0.06337983164155736,0.031064439510507635,0.13160014312766877
0.44792482380579485,0.4047963186926639,0.47856315179606024,0.6182634730538922,0.4251835478316167,0.44792482380579485,0.6554712892741061,0.6873083997547517,0.6291913214990138,0.6115802171290712,0.6875,0.7655860349127181,0.031837110480645525,0.01761110436994262,0.09569713928266077
