acc,auc,precision,recall,maf1,mif1,yp1.a1,yp1.a0,yp1.y1a1,yp1.y1a0,yp1.y0a1,yp1.y0a0,parity,equality,eq_odds
0.48000000000000004,0.42417777777777776,0.4634146341463415,0.25333333333333335,0.4518365817091454,0.48,0.3829787234042553,0.22330097087378642,0.42857142857142855,0.18518518518518517,0.34615384615384615,0.2653061224489796,0.1596777525304689,0.24338624338624337,0.3242339670911099
0.5133333333333334,0.5116444444444443,0.5073529411764706,0.92,0.41690185845891686,0.5133333333333333,0.9583333333333334,0.8823529411764706,0.96,0.9,0.9565217391304348,0.8653846153846154,0.07598039215686281,0.05999999999999994,0.15113712374581934
0.5,0.4616,0.5,1.0,0.3333333333333333,0.5,1.0,1.0,1.0,1.0,1.0,1.0,0.0,0.0,0.0
0.5,0.5338666666666667,0.5,1.0,0.3333333333333333,0.5,1.0,1.0,1.0,1.0,1.0,1.0,0.0,0.0,0.0
0.49333333333333335,0.4521777777777778,0.42857142857142855,0.04,0.3622734392481539,0.4933333333333334,0.07692307692307693,0.036036036036036036,0.058823529411764705,0.034482758620689655,0.09090909090909091,0.03773584905660377,0.04088704088704089,0.02434077079107505,0.0775140126435622
