acc,auc,precision,recall,maf1,mif1,yp1.a1,yp1.a0,yp1.y1a1,yp1.y1a0,yp1.y0a1,yp1.y0a0,parity,equality,eq_odds
0.9528907922912206,0.9871321988431553,0.9215686274509803,0.9337748344370861,0.9463554720133667,0.9528907922912205,0.2631578947368421,0.340153452685422,0.7916666666666666,0.9606299212598425,0.019230769230769232,0.041666666666666664,0.07699555794857993,0.16896325459317585,0.1913991520290733
0.9400428265524626,0.9813669821240799,0.88125,0.94,0.932402812241522,0.9400428265524625,0.26136363636363635,0.36147757255936674,0.7692307692307693,0.9758064516129032,0.04838709677419355,0.06274509803921569,0.10011393619573039,0.20657568238213397,0.2209336836471561
0.9420935412026725,0.9783221476510068,0.9241379310344827,0.8993288590604027,0.9342591341172231,0.9420935412026726,0.25609756097560976,0.33787465940054495,0.782608695652174,0.9206349206349206,0.05084745762711865,0.03319502074688797,0.08177709842493519,0.13802622498274664,0.15567866186297732
0.9276315789473684,0.9760715863897481,0.8951048951048951,0.8767123287671232,0.9164218231906114,0.9276315789473685,0.22784810126582278,0.33156498673740054,0.6538461538461539,0.925,0.018867924528301886,0.054474708171206226,0.10371688547157776,0.2711538461538462,0.30676062979675056
0.9217391304347826,0.9766599773143705,0.8928571428571429,0.8561643835616438,0.908671769870508,0.9217391304347826,0.15,0.3368421052631579,0.4074074074074074,0.957983193277311,0.018867924528301886,0.05363984674329502,0.1868421052631579,0.5505757858699036,0.5853477080848968
