acc,auc,precision,recall,maf1,mif1,yp1.a1,yp1.a0,yp1.y1a1,yp1.y1a0,yp1.y0a1,yp1.y0a0,parity,equality,eq_odds
0.8925619834710744,0.9419430170149595,0.8973570989551322,0.8111111111111111,0.8838559130262935,0.8925619834710744,0.2843463780183181,0.4074233923176521,0.7853717026378897,0.8333333333333334,0.017857142857142856,0.10288675055514433,0.12307701429933404,0.04796163069544368,0.13299123839344515
0.8902309811400722,0.9380384112826349,0.8918741808650066,0.794049008168028,0.8782740549520156,0.890230981140072,0.24288747346072187,0.4035532994923858,0.746268656716418,0.8300921187308086,0.013597033374536464,0.10310021629416005,0.1606658260316639,0.08382346201439062,0.1733266449340142
0.8898071625344353,0.9458228938528364,0.8929936305732484,0.7993158494868872,0.8792556351109899,0.8898071625344353,0.25223309230114843,0.4125844594594595,0.7643908969210174,0.8252234359483615,0.01371571072319202,0.10727406318883174,0.16035136715831105,0.06083253902734409,0.15439089149298382
0.8953168044077136,0.9489885157884603,0.9097744360902256,0.8057713651498335,0.8864161427251714,0.8953168044077136,0.27842809364548493,0.39965620971207566,0.7831325301204819,0.8251028806584362,0.010243277848911651,0.09446494464944649,0.12122811606659073,0.04197035053795428,0.12619201733848912
0.8895952532316169,0.9390903771058603,0.8971354166666666,0.7914991384261918,0.8782244638166874,0.8895952532316169,0.2704611549646863,0.3827854671280277,0.7523923444976076,0.8276243093922652,0.014003819223424571,0.09665955934612651,0.11232431216334138,0.07523196489465755,0.1578877050173595
