acc,auc,precision,recall,maf1,mif1,yp1.a1,yp1.a0,yp1.y1a1,yp1.y1a0,yp1.y0a1,yp1.y0a0,parity,equality,eq_odds
0.7857333333333334,0.7075211458244877,0.7939377085650723,0.9785775492716366,0.5310725655332169,0.7857333333333333,0.9365558912386707,0.961099736765136,0.9711934156378601,0.9792484576556366,0.8409090909090909,0.8959032907991941,0.02454384552646538,0.008055042017776515,0.06304924190787964
0.7836000000000001,0.7005713142772515,0.7971850809289233,0.9688676017789942,0.5412938937653615,0.7836,0.9005681818181818,0.9521777516185992,0.9339805825242719,0.9722378540611517,0.8095238095238095,0.8791808873720136,0.05160956980041742,0.038257271536879855,0.10791434938508393
0.7906666666666667,0.6932071879921063,0.8062782805429864,0.9661131819722129,0.5520313921182787,0.7906666666666666,0.8945908460471568,0.9480749373063874,0.9410681399631676,0.9686508676991976,0.7528089887640449,0.8704225352112676,0.05348409125923059,0.02758272773602999,0.14519627418325265
0.7929333333333334,0.7066014827711512,0.8009181969949917,0.9792481714577309,0.5388683046280915,0.7929333333333334,0.9241935483870968,0.9614825581395349,0.9648351648351648,0.980457227138643,0.8121212121212121,0.8907967032967034,0.037289009752438096,0.01562206230347818,0.0942975534789694
0.7912,0.7041538159719687,0.8022566995768688,0.9719753930280246,0.5590328322865009,0.7912,0.9067055393586005,0.9492221896096272,0.9532520325203252,0.9736940298507463,0.788659793814433,0.859009628610729,0.04251665025102669,0.02044199733042107,0.09079183212671715
