acc,auc,precision,recall,maf1,mif1,yp1.a1,yp1.a0,yp1.y1a1,yp1.y1a0,yp1.y0a1,yp1.y0a0,parity,equality,eq_odds
0.7031107044830741,0.7733414374613318,0.7667493796526055,0.5727525486561631,0.6973729707476224,0.7031107044830741,0.4106412005457026,0.3475567790777701,0.6223404255319149,0.5462304409672831,0.1876750700280112,0.16133333333333333,0.06308442146793247,0.0761099845646318,0.10245172125930968
0.6939615736505033,0.7655126230496216,0.7428896473265074,0.5958029197080292,0.6910834745964101,0.6939615736505031,0.4229137199434229,0.39215686274509803,0.6230769230769231,0.5807365439093485,0.17665615141955837,0.21992238033635186,0.030756857198324883,0.042340379167574604,0.0856066080843681
0.6980786825251601,0.7585849967480438,0.7213483146067415,0.6091081593927894,0.6943325807960623,0.6980786825251601,0.4319775596072931,0.395112016293279,0.623342175066313,0.6011816838995568,0.21726190476190477,0.2198492462311558,0.03686554331401409,0.022160491166756113,0.024747832636007133
0.702195791399817,0.7715501541135894,0.7170781893004116,0.6495806150978565,0.7009516224442943,0.702195791399817,0.45867768595041325,0.43767123287671234,0.6545961002785515,0.6470588235294118,0.2670299727520436,0.23726541554959785,0.021006453073700915,0.007537276749139732,0.037301833951585484
0.7035681610247027,0.7711801408810723,0.759235668789809,0.5649289099526066,0.695950958170204,0.7035681610247027,0.34770114942528735,0.3644295302013423,0.5498575498575499,0.5724431818181818,0.14202898550724638,0.178117048346056,0.01672838077605493,0.022585631960631902,0.05867369479944151
