acc,auc,precision,recall,maf1,mif1,yp1.a1,yp1.a0,yp1.y1a1,yp1.y1a0,yp1.y0a1,yp1.y0a0,parity,equality,eq_odds
0.9173967459324155,0.9537523679300375,0.8947368421052632,0.8467432950191571,0.9047641407209419,0.9173967459324155,0.1267605633802817,0.3485540334855403,0.32608695652173914,0.958139534883721,0.03125,0.05203619909502263,0.22179347010525863,0.6320525783619818,0.6528387774570045
0.8986232790988736,0.9457314457314457,0.8677685950413223,0.8108108108108109,0.8822428070022216,0.8986232790988736,0.08609271523178808,0.3533950617283951,0.22448979591836735,0.9476190476190476,0.0196078431372549,0.0684931506849315,0.267302346496607,0.7231292517006802,0.7720145592483568
0.9086357947434293,0.9482556189198256,0.9267241379310345,0.7933579335793358,0.894102054340623,0.9086357947434293,0.11801242236024845,0.3338557993730408,0.34615384615384615,0.8995433789954338,0.009174311926605505,0.03818615751789976,0.21584337701279233,0.5533895328415877,0.5824013784328819
0.9111389236545683,0.9412053056516725,0.8739837398373984,0.8431372549019608,0.8967807320636757,0.9111389236545682,0.12987012987012986,0.35038759689922483,0.36363636363636365,0.943127962085308,0.03636363636363636,0.06221198156682028,0.22051746702909497,0.5794915984489444,0.6053399436521283
0.902377972465582,0.9394007551902289,0.9,0.8181818181818182,0.891499185225421,0.9023779724655819,0.09740259740259741,0.3798449612403101,0.24074074074074073,0.9525862068965517,0.02,0.05811138014527845,0.2824423638377127,0.711845466155811,0.7499568463010895
