acc,auc,precision,recall,maf1,mif1,yp1.a1,yp1.a0,yp1.y1a1,yp1.y1a0,yp1.y0a1,yp1.y0a0,parity,equality,eq_odds
0.6601097895699909,0.6779111442643619,0.7110552763819096,0.5245597775718258,0.6530881324255774,0.6601097895699909,0.4106412005457026,0.3406744666207846,0.598404255319149,0.4850640113798009,0.21288515406162464,0.20533333333333334,0.06996673392491798,0.1133402439393481,0.12089206466763941
0.5187557182067704,0.5964349092613674,0.7391304347826086,0.06204379562043796,0.3920380522139316,0.5187557182067704,0.008486562942008486,0.0581473968897904,0.01282051282051282,0.08923512747875353,0.0031545741324921135,0.029754204398447608,0.04966083394778191,0.07641461465824072,0.10301424492419621
0.6838975297346752,0.6870872194768708,0.7449392712550608,0.523719165085389,0.6734502666074326,0.6838975297346752,0.3884992987377279,0.3150033944331297,0.5702917771883289,0.4977843426883309,0.18452380952380953,0.15954773869346733,0.07349590430459824,0.07250743449999802,0.09748350533034023
0.6029277218664227,0.609291697125139,0.6254589963280294,0.4762348555452004,0.595511385680604,0.6029277218664227,0.35537190082644626,0.38287671232876713,0.5376044568245125,0.44537815126050423,0.1771117166212534,0.3230563002680965,0.02750481150232087,0.09222630556400829,0.2381708892108514
0.6244281793229643,0.6378811687849112,0.648854961832061,0.4834123222748815,0.6148344987124351,0.6244281793229643,0.33764367816091956,0.3697986577181208,0.49572649572649574,0.4772727272727273,0.17681159420289855,0.27353689567430023,0.03215497955720126,0.01845376845376845,0.11517906992517013
