acc,auc,precision,recall,maf1,mif1,yp1.a1,yp1.a0,yp1.y1a1,yp1.y1a0,yp1.y0a1,yp1.y0a0,parity,equality,eq_odds
0.7842666666666667,0.6751960186407486,0.7887960553348856,0.9869751499571551,0.5044006445609615,0.7842666666666668,0.9531722054380665,0.9754314126937701,0.9794238683127572,0.9876612450925406,0.8806818181818182,0.931497649429147,0.022259207255703628,0.008237376779783423,0.059053208027112225
0.7798666666666667,0.6914770007495401,0.7900321094513472,0.9746813641060972,0.5298981903557546,0.7798666666666667,0.9366906474820144,0.9569434239529757,0.9667318982387475,0.9754485363550519,0.8532608695652174,0.8920529801324504,0.020252776470961353,0.00871663811630441,0.04750874868353738
0.7914666666666667,0.6809630302873508,0.8061829474872954,0.9676380887834632,0.5514992771223642,0.7914666666666667,0.9056865464632455,0.9486649948369966,0.9465930018416207,0.9697704795670834,0.7808988764044944,0.8690140845070422,0.04297844837375109,0.023177477725462747,0.11129268582801055
0.7905333333333334,0.6871182459257792,0.8011744966442953,0.9746555536655894,0.540787197338035,0.7905333333333333,0.9338709677419355,0.9553779069767442,0.9604395604395605,0.9758480825958702,0.8606060606060606,0.8791208791208791,0.02150693923480873,0.015408522156309723,0.03392334067112823
0.7882666666666667,0.6883891450271753,0.7991860791467864,0.9731715652768285,0.5461390264190529,0.7882666666666667,0.9154518950437318,0.953624889932492,0.9552845528455285,0.9748134328358209,0.8144329896907216,0.875515818431912,0.03817299488876014,0.019528879990292403,0.08061170873148271
