acc,auc,precision,recall,maf1,mif1,yp1.a1,yp1.a0,yp1.y1a1,yp1.y1a0,yp1.y0a1,yp1.y0a0,parity,equality,eq_odds
0.533281127642913,0.5692935726942994,0.5482866043613707,0.6533036377134372,0.521665133163391,0.533281127642913,0.5796610169491525,0.6542840023966447,0.6528066528066528,0.6535796766743649,0.49257425742574257,0.6550435865504358,0.07462298544749224,0.0007730238677120527,0.1632423529924053
0.5387627251370399,0.49715965175504395,0.5387627251370399,1.0,0.35012722646310435,0.5387627251370399,1.0,1.0,1.0,1.0,1.0,1.0,0.0,0.0,0.0
0.605716523101018,0.6328462163759977,0.6517626827171109,0.5573529411764706,0.6056584260394315,0.605716523101018,0.40307692307692305,0.4876504116529449,0.5483271375464684,0.5632603406326034,0.2242562929061785,0.40554821664464996,0.08457348857602187,0.014933203086134994,0.19622512682460647
0.5493343774471418,0.6127719552308545,0.7262773722627737,0.28448892065761255,0.5223544134691112,0.5493343774471418,0.09670563230605739,0.2833230006199628,0.07550644567219153,0.41705607476635514,0.12562814070351758,0.13210039630118892,0.1866173683139054,0.34154962909416364,0.348021884691835
0.5231010180109632,0.46773509630984333,0.5231554160125589,0.9977544910179641,0.3456538640172856,0.5231010180109632,1.0,0.9963212752912324,1.0,0.9963811821471653,1.0,0.9962593516209476,0.0036787247087676223,0.003618817852834688,0.007359466231887102
