acc,auc,precision,recall,maf1,mif1,yp1.a1,yp1.a0,yp1.y1a1,yp1.y1a0,yp1.y0a1,yp1.y0a0,parity,equality,eq_odds
0.9357601713062099,0.9857490150054489,0.935251798561151,0.8609271523178808,0.924983936603127,0.9357601713062098,0.13157894736842105,0.329923273657289,0.375,0.952755905511811,0.019230769230769232,0.030303030303030304,0.19834432628886797,0.577755905511811,0.5888281665840721
0.9357601713062099,0.9769926393270242,0.8846153846153846,0.92,0.9270950418383914,0.9357601713062098,0.22727272727272727,0.35883905013192613,0.7307692307692307,0.9596774193548387,0.016129032258064516,0.06666666666666667,0.13156632285919886,0.22890818858560802,0.27944582299421017
0.9510022271714922,0.9882326621923937,0.950354609929078,0.8993288590604027,0.9439768602540836,0.9510022271714922,0.2073170731707317,0.33787465940054495,0.7391304347826086,0.9285714285714286,0.0,0.029045643153526972,0.13055758622981326,0.18944099378881996,0.21848663694234693
0.9298245614035088,0.9807556341140079,0.9071428571428571,0.8698630136986302,0.9184968386246342,0.9298245614035088,0.20253164556962025,0.32891246684350134,0.5769230769230769,0.9333333333333333,0.018867924528301886,0.04669260700389105,0.1263808212738811,0.3564102564102565,0.38423493888584564
0.9173913043478261,0.9687636331908209,0.8857142857142857,0.8493150684931506,0.9035979793077584,0.9173913043478261,0.1625,0.33421052631578946,0.4444444444444444,0.9411764705882353,0.018867924528301886,0.05747126436781609,0.17171052631578945,0.49673202614379086,0.5353353659833051
