acc,auc,precision,recall,maf1,mif1,yp1.a1,yp1.a0,yp1.y1a1,yp1.y1a0,yp1.y0a1,yp1.y0a0,parity,equality,eq_odds
0.5266666666666667,0.5345777777777778,0.5212765957446809,0.6533333333333333,0.5189484619901531,0.5266666666666666,0.48936170212765956,0.6893203883495146,0.47619047619047616,0.7222222222222222,0.5,0.6530612244897959,0.19995868622185503,0.24603174603174605,0.3990929705215419
0.4666666666666667,0.4472888888888889,0.4731182795698925,0.5866666666666667,0.4588744588744589,0.4666666666666667,0.7291666666666666,0.5686274509803921,0.68,0.54,0.782608695652174,0.5961538461538461,0.1605392156862745,0.14,0.3264548494983278
0.5866666666666667,0.6005333333333334,0.5764705882352941,0.6533333333333333,0.5848214285714285,0.5866666666666667,0.2553191489361702,0.7087378640776699,0.34782608695652173,0.7884615384615384,0.16666666666666666,0.6274509803921569,0.45341871514149973,0.4406354515050167,0.9014197652305069
0.5533333333333333,0.5875555555555555,0.6428571428571429,0.24,0.5047065201320783,0.5533333333333333,0.07547169811320754,0.24742268041237114,0.08,0.32,0.07142857142857142,0.1702127659574468,0.1719509822991636,0.24,0.33878419452887537
0.52,0.5902222222222222,0.514018691588785,0.7333333333333333,0.49711305643509024,0.52,0.41025641025641024,0.8198198198198198,0.47058823529411764,0.8103448275862069,0.36363636363636365,0.8301886792452831,0.40956340956340953,0.3397565922920892,0.8063089079010086
