acc,auc,precision,recall,maf1,mif1,yp1.a1,yp1.a0,yp1.y1a1,yp1.y1a0,yp1.y0a1,yp1.y0a0,parity,equality,eq_odds
0.6957913998170174,0.7500646739553586,0.738479262672811,0.5940685820203893,0.69211104580666,0.6957913998170174,0.4297407912687585,0.38059187887130075,0.625,0.577524893314367,0.22408963585434175,0.196,0.04914891239745778,0.04747510668563304,0.07556474253997478
0.6944190301921318,0.7530461059398648,0.7603406326034063,0.5702554744525548,0.689755951637343,0.6944190301921317,0.4497878359264498,0.3407707910750507,0.6384615384615384,0.5325779036827195,0.21766561514195584,0.16558861578266496,0.10901704485139907,0.1058836347788189,0.1579606341381098
0.6944190301921318,0.7447767548829631,0.7325301204819277,0.5768500948766604,0.6884732490903258,0.6944190301921317,0.48246844319775595,0.329938900203666,0.6631299734748011,0.5288035450516987,0.27976190476190477,0.16080402010050251,0.15252954299408994,0.13432642842310238,0.2532843130845046
0.6971637694419031,0.7562283912316442,0.7533908754623921,0.5694315004659832,0.6912713935595742,0.6971637694419031,0.43526170798898073,0.339041095890411,0.6267409470752089,0.5406162464985994,0.24795640326975477,0.14611260053619302,0.09622061209856975,0.08612470057660948,0.18796850331017123
0.7049405306495883,0.7579695023068123,0.7334851936218679,0.6104265402843602,0.700934567545365,0.7049405306495883,0.4224137931034483,0.3919463087248322,0.6210826210826211,0.6051136363636364,0.22028985507246376,0.2010178117048346,0.030467484378616072,0.01596898471898478,0.035241028086613946
