acc,auc,precision,recall,maf1,mif1,yp1.a1,yp1.a0,yp1.y1a1,yp1.y1a0,yp1.y0a1,yp1.y0a0,parity,equality,eq_odds
0.6953797963978073,0.7541943217890688,0.7671361502347418,0.6065330363771344,0.6944352175817254,0.6953797963978073,0.43954802259887005,0.4050329538645896,0.6382536382536382,0.5889145496535797,0.20297029702970298,0.20672478206724781,0.03451506873428045,0.049339088600058534,0.053093573637603364
0.7036021926389977,0.7806552789513168,0.7577019150707743,0.6613372093023255,0.7035781532129265,0.7036021926389977,0.4904386951631046,0.4594594594594595,0.6875,0.6458333333333334,0.22281167108753316,0.25842696629213485,0.030979235703645136,0.04166666666666663,0.07728196187126832
0.706734534064213,0.7823517095280322,0.7522708505367465,0.6698529411764705,0.706721540262842,0.706734534064213,0.49230769230769234,0.4629512349588347,0.6895910780669146,0.656934306569343,0.2494279176201373,0.2523117569352708,0.029356457348857612,0.03265677149757151,0.035540610812705015
0.7036021926389977,0.7765921236257192,0.7702020202020202,0.6540385989992852,0.7035527007999445,0.7036021926389977,0.45164718384697133,0.47303161810291383,0.6243093922651933,0.6728971962616822,0.21608040201005024,0.24702774108322326,0.021384434255942497,0.048587803996488876,0.07953514306966189
0.7039937353171496,0.7801060440694965,0.7160953800298062,0.719311377245509,0.703294332420546,0.7039937353171496,0.5178764897074756,0.5297363580625383,0.7061143984220908,0.7273823884197829,0.28846153846153844,0.3254364089775561,0.011859868355062697,0.021267989997692083,0.05824286051370975
