acc,auc,precision,recall,maf1,mif1,yp1.a1,yp1.a0,yp1.y1a1,yp1.y1a0,yp1.y0a1,yp1.y0a0,parity,equality,eq_odds
0.8806950625132444,0.9296678847398272,0.8892385147891756,0.785,0.8704005319789049,0.8806950625132444,0.268526228143214,0.4074233923176521,0.7422062350119905,0.8219461697722568,0.016581632653061226,0.11102886750555144,0.13889716417443815,0.0797399347602663,0.17418716961275652
0.8862047043865227,0.9270586556439384,0.9022556390977443,0.7701283547257877,0.8726017845984835,0.8862047043865225,0.23014861995753716,0.3895939086294416,0.7137042062415196,0.812691914022518,0.009888751545117428,0.09156452775775054,0.15944528867190444,0.0989877077809983,0.1806634839936314
0.8798474253019708,0.933522029146581,0.8836457659987071,0.7793614595210946,0.8679217248766513,0.8798474253019708,0.24202467035304126,0.41300675675675674,0.7295850066934404,0.8162859980139027,0.014962593516209476,0.11462160176340926,0.17098208640371548,0.08670099132046227,0.18635999956766205
0.8862047043865227,0.9385119265266149,0.8950655840099938,0.795227524972253,0.876608558022175,0.8862047043865225,0.26964882943143814,0.41082939406961755,0.7578313253012048,0.8271604938271605,0.010243277848911651,0.1121771217712177,0.1411805646381794,0.06932916852595572,0.17126301244826178
0.8819665183301547,0.9292683006801938,0.8737373737373737,0.7949454336588168,0.8706819559941896,0.8819665183301547,0.26838388034898214,0.40570934256055363,0.742822966507177,0.8430939226519337,0.015913430935709738,0.12437810945273632,0.1373254622115715,0.10027095614475667,0.20873563466178324
