acc,auc,precision,recall,maf1,mif1,yp1.a1,yp1.a0,yp1.y1a1,yp1.y1a0,yp1.y0a1,yp1.y0a0,parity,equality,eq_odds
0.9224030037546934,0.9755244755244756,0.8778625954198473,0.8846153846153846,0.9118026178979903,0.9224030037546934,0.19858156028368795,0.3556231003039514,0.5652173913043478,0.9532710280373832,0.021052631578947368,0.06756756756756757,0.15704154002026344,0.3880536367330354,0.4345685727216556
0.9136420525657072,0.9756273020257827,0.891213389121339,0.83203125,0.8990246984807275,0.9136420525657072,0.14285714285714285,0.3343558282208589,0.43478260869565216,0.919047619047619,0.009900990099009901,0.05656108597285068,0.19149868536371606,0.48426501035196684,0.5309251062258076
0.918648310387985,0.9760834558566128,0.8897338403041825,0.8666666666666667,0.9085079583190199,0.918648310387985,0.23841059602649006,0.35030864197530864,0.673469387755102,0.9095022624434389,0.029411764705882353,0.06088992974238876,0.11189804594881858,0.2360328746883369,0.2675110397248433
0.9148936170212766,0.9682395644283123,0.8571428571428571,0.8709677419354839,0.9010346083788707,0.9148936170212766,0.2077922077922078,0.34108527131782945,0.5833333333333334,0.94,0.03773584905660377,0.07191011235955057,0.13329306352562165,0.3566666666666666,0.3908409299696134
0.9061326658322904,0.9689100720409783,0.8969465648854962,0.8303886925795053,0.8955801249379232,0.9061326658322904,0.14965986394557823,0.36809815950920244,0.4074074074074074,0.9301310043668122,0.0,0.06382978723404255,0.2184382955636242,0.5227235969594048,0.5865533841934474
