acc,auc,precision,recall,maf1,mif1,yp1.a1,yp1.a0,yp1.y1a1,yp1.y1a0,yp1.y0a1,yp1.y0a0,parity,equality,eq_odds
0.6967063129002745,0.7311547628914659,0.7530413625304136,0.5736793327154773,0.6914618836791899,0.6967063129002745,0.43383356070941337,0.34686854783207155,0.648936170212766,0.5334281650071123,0.20728291316526612,0.172,0.08696501287734182,0.11550800520565363,0.15079091837091976
0.6848124428179323,0.7327814236924932,0.7639429312581063,0.5374087591240876,0.6779544285825778,0.6848124428179323,0.4016973125884017,0.3292765382014875,0.5820512820512821,0.5127478753541076,0.17981072555205047,0.16170763260025872,0.07242077438691419,0.0693034066971745,0.08740649964896624
0.6724611161939616,0.7267962867353712,0.6829004329004329,0.5986717267552182,0.6694685821395416,0.6724611161939615,0.4796633941093969,0.395112016293279,0.6339522546419099,0.5790251107828656,0.30654761904761907,0.23869346733668342,0.08455137781611788,0.05492714385904429,0.12278129556997994
0.6797804208600183,0.7102275153673983,0.7463672391017173,0.5265610438024231,0.671056308659332,0.6797804208600183,0.359504132231405,0.33972602739726027,0.5348189415041783,0.5224089635854342,0.1880108991825613,0.1648793565683646,0.019778104834144716,0.012409977918744097,0.035541520532940796
0.6838975297346752,0.7238420891632201,0.7888888888888889,0.4710900473933649,0.6663734278353077,0.6838975297346752,0.3045977011494253,0.28053691275167786,0.4672364672364672,0.47301136363636365,0.1391304347826087,0.10814249363867684,0.024060788397747446,0.005774896399896423,0.03676283754382828
