acc,auc,precision,recall,maf1,mif1,yp1.a1,yp1.a0,yp1.y1a1,yp1.y1a0,yp1.y0a1,yp1.y0a0,parity,equality,eq_odds
0.9078194532739988,0.940944387347265,0.9305993690851735,0.8194444444444444,0.8998133425543592,0.9078194532739987,0.28726061615320564,0.3862753560638757,0.7949640287769785,0.8405797101449275,0.01721938775510204,0.0614359733530718,0.09901473991067006,0.045615681367949024,0.08983226696591878
0.9071837253655436,0.9465345948464869,0.9232704402515723,0.8228699551569507,0.8989771033496878,0.9071837253655436,0.2826810990840966,0.39318083728959863,0.7804295942720764,0.8604651162790697,0.0159846547314578,0.07075127644055434,0.11049973820550202,0.08003552200699338,0.13480214371608992
0.9044289044289044,0.9488744589576992,0.9260954872465664,0.8072976054732041,0.8946759430520271,0.9044289044289044,0.2556358996171842,0.3918918918918919,0.7737617135207496,0.8321747765640516,0.014339152119700748,0.06612784717119764,0.1362559922747077,0.05841306304330196,0.11020175809479885
0.9059122695486332,0.9465674828220043,0.9391979301423027,0.8057713651498335,0.897238554301958,0.9059122695486331,0.27759197324414714,0.3790287924366137,0.7843373493975904,0.8240740740740741,0.008322663252240717,0.05977859778597786,0.10143681919246655,0.0397367246764837,0.09119265921022085
0.9040050858232677,0.9399422107131409,0.9198174706649282,0.8104537622056289,0.8940881126347459,0.9040050858232677,0.28001661819692564,0.3719723183391003,0.7739234449760766,0.8441988950276244,0.01718650541056652,0.06823027718550106,0.09195570014217469,0.07027545005154778,0.12131922182648233
