acc,auc,precision,recall,maf1,mif1,yp1.a1,yp1.a0,yp1.y1a1,yp1.y1a0,yp1.y0a1,yp1.y0a0,parity,equality,eq_odds
0.8497563043017589,0.8962697461078757,0.8967272727272727,0.685,0.8317441894088642,0.8497563043017589,0.22398001665278935,0.36124298662063015,0.6139088729016786,0.7463768115942029,0.016581632653061226,0.08586232420429311,0.1372629699678408,0.13246793869252427,0.20174863024375617
0.8554778554778555,0.8952663491613551,0.8245283018867925,0.76487747957993,0.8411999840526861,0.8554778554778555,0.23014861995753716,0.4433164128595601,0.6865671641791045,0.8239508700102354,0.022249690976514216,0.17519826964671953,0.21316779290202292,0.1373837058311309,0.2903322845013362
0.8667090485272304,0.9003684183201586,0.8992193044712562,0.7223489167616876,0.8504495580750031,0.8667090485272303,0.23479370480646533,0.36190878378378377,0.6827309236947792,0.7517378351539226,0.026184538653366583,0.07347538574577517,0.12711507897731844,0.0690069114591434,0.11629775855155197
0.8232676414494596,0.8789436907226457,0.8482014388489209,0.6542730299667037,0.8025981741096256,0.8232676414494596,0.20192307692307693,0.3897722389342501,0.5385542168674698,0.7530864197530864,0.023047375160051217,0.12915129151291513,0.1878491620111732,0.21453220288561659,0.3206361192384805
0.8601398601398602,0.8984615883123761,0.8401510383889238,0.7668006892590465,0.8468733959893096,0.8601398601398601,0.27503115911923554,0.4009515570934256,0.722488038277512,0.8077348066298342,0.036919159770846595,0.13930348258706468,0.12592039797419008,0.08524676835232226,0.18763109116854035
