acc,auc,precision,recall,maf1,mif1,yp1.a1,yp1.a0,yp1.y1a1,yp1.y1a0,yp1.y0a1,yp1.y0a0,parity,equality,eq_odds
0.9556574923547401,0.9894575715764057,0.9323671497584541,0.9278846153846154,0.9488228389481779,0.9556574923547401,0.30357142857142855,0.3191881918819188,0.9411764705882353,0.9252873563218391,0.02564102564102564,0.03260869565217391,0.015616763310490278,0.015889114266396165,0.022856784277544437
0.943939393939394,0.9811489571763545,0.8806584362139918,0.963963963963964,0.9385776268628561,0.943939393939394,0.3821138211382114,0.3649906890130354,0.95,0.967032967032967,0.10843373493975904,0.056338028169014086,0.01712313212517602,0.017032967032967083,0.06912867380371204
0.9544025157232705,0.9868386243386243,0.9348837209302325,0.9305555555555556,0.949115929274342,0.9544025157232704,0.3247863247863248,0.34104046242774566,0.9705882352941176,0.9230769230769231,0.060240963855421686,0.026706231454005934,0.016254137641420863,0.04751131221719451,0.08104604461861026
0.9435736677115987,0.9795728980322003,0.9174757281553398,0.9086538461538461,0.935640068596792,0.9435736677115988,0.30357142857142855,0.3269961977186312,0.9411764705882353,0.9022988505747126,0.02564102564102564,0.04261363636363636,0.02342476914720265,0.038877620013522685,0.055850230736133405
0.9487577639751552,0.986477298481529,0.9035087719298246,0.9493087557603687,0.9433483945779519,0.9487577639751553,0.35714285714285715,0.3533834586466165,0.9743589743589743,0.9438202247191011,0.0273972602739726,0.05649717514124294,0.003759398496240629,0.03053874963987324,0.05963866450714358
