acc,auc,precision,recall,maf1,mif1,yp1.a1,yp1.a0,yp1.y1a1,yp1.y1a0,yp1.y0a1,yp1.y0a0,parity,equality,eq_odds
0.9161451814768461,0.9719822766409483,0.9015748031496063,0.8450184501845018,0.9049696001420138,0.9161451814768461,0.13533834586466165,0.35435435435435436,0.36585365853658536,0.9304347826086956,0.03260869565217391,0.05045871559633028,0.21901600848969272,0.5645811240721103,0.5824311440162666
0.9061326658322904,0.9680943932865872,0.8902439024390244,0.8202247191011236,0.8923383728137548,0.9061326658322904,0.11920529801324503,0.35185185185185186,0.3,0.9400921658986175,0.0297029702970297,0.05568445475638051,0.23264655383860683,0.6400921658986176,0.6660736503579684
0.9173967459324155,0.9707811485936011,0.9344262295081968,0.8201438848920863,0.9061124642139897,0.9173967459324155,0.13333333333333333,0.34514637904468415,0.3469387755102041,0.9213973799126638,0.0297029702970297,0.030952380952380953,0.21181304571135082,0.5744586044024598,0.575708015057811
0.9173967459324155,0.9624362090778569,0.9117647058823529,0.8282442748091603,0.9039453551912567,0.9173967459324155,0.11678832116788321,0.33534743202416917,0.3333333333333333,0.9227272727272727,0.021052631578947368,0.042986425339366516,0.21855911085628596,0.5893939393939394,0.6113277331543585
0.9086357947434293,0.9629837276083686,0.9137254901960784,0.8204225352112676,0.8978155259013212,0.9086357947434293,0.136986301369863,0.35987748851454826,0.33962264150943394,0.9307359307359307,0.021505376344086023,0.04739336492890995,0.22289118714468525,0.5911132892264968,0.6170012778113206
