acc,auc,precision,recall,maf1,mif1,yp1.a1,yp1.a0,yp1.y1a1,yp1.y1a0,yp1.y0a1,yp1.y0a0,parity,equality,eq_odds
0.7097532314923619,0.7788328833437367,0.8104508196721312,0.5872308834446919,0.7073782477061935,0.7097532314923619,0.43050847457627117,0.3567146282973621,0.6361746361746362,0.5600461893764435,0.18564356435643564,0.1371571072319202,0.07379384627890906,0.07612844679819275,0.12461490392270819
0.7121034077555817,0.7944182744250656,0.8155818540433925,0.6014545454545455,0.7109104682191858,0.7121034077555817,0.44932432432432434,0.36936936936936937,0.6536203522504892,0.5706018518518519,0.1724137931034483,0.1523096129837703,0.07995495495495497,0.08301850039863734,0.10312268051831533
0.7238542890716804,0.799406464178295,0.8063610851262862,0.6338235294117647,0.7232013001902519,0.7238542890716804,0.46564102564102566,0.3897338403041825,0.6765799256505576,0.6058394160583942,0.20594965675057209,0.15476190476190477,0.07590718533684315,0.07074050959216338,0.1219282615808307
0.7199373286329808,0.781438338600362,0.8244781783681214,0.6211579699785561,0.719506979998952,0.7199373286329808,0.436769394261424,0.3988833746898263,0.6261510128913443,0.6179906542056075,0.17839195979899497,0.15079365079365079,0.03788601957159771,0.008160358685736835,0.03575866769108102
0.7187622405013709,0.7786713652269638,0.8100502512562814,0.6037453183520599,0.7165999802105107,0.7187622405013709,0.4349240780911063,0.3641937461679951,0.6482213438735178,0.5765983112183354,0.17548076923076922,0.14463840399002495,0.07073033192311118,0.07162303265518244,0.10246539789592671
