acc,auc,precision,recall,maf1,mif1,yp1.a1,yp1.a0,yp1.y1a1,yp1.y1a0,yp1.y0a1,yp1.y0a0,parity,equality,eq_odds
0.6925892040256176,0.7615485916984596,0.7219193020719739,0.6135310472659871,0.6902491852391652,0.6925892040256175,0.36425648021828105,0.4473503097040606,0.5771276595744681,0.6330014224751067,0.1400560224089636,0.2733333333333333,0.08309382948577954,0.05587376290063861,0.18915107382500834
0.6875571820677036,0.7586779280787518,0.7988422575976846,0.5036496350364964,0.6767892765178124,0.6875571820677036,0.2814710042432815,0.332657200811359,0.4641025641025641,0.5254957507082153,0.056782334384858045,0.15653298835705046,0.05118619656807755,0.061393186605651184,0.1611438405778436
0.6953339432753889,0.7496932433066695,0.75,0.5521821631878557,0.6870335736673072,0.6953339432753889,0.3211781206171108,0.3713509843856076,0.4960212201591512,0.5834564254062038,0.125,0.19095477386934673,0.05017286376849678,0.08743520524705262,0.15338997911639934
0.6921317474839891,0.7621626645699515,0.7267573696145124,0.5973904939422181,0.6886550616001108,0.692131747483989,0.3512396694214876,0.42945205479452053,0.5487465181058496,0.6218487394957983,0.15803814713896458,0.2453083109919571,0.07821238537303293,0.07310222138994871,0.16037238524294123
0.7012808783165599,0.7526560817294597,0.7913043478260869,0.5175355450236967,0.6886077247189479,0.7012808783165599,0.24281609195402298,0.3496644295302013,0.4131054131054131,0.5696022727272727,0.06956521739130435,0.15267175572519084,0.10684833757617834,0.1564968596218596,0.2396033979557461
