acc,auc,precision,recall,maf1,mif1,yp1.a1,yp1.a0,yp1.y1a1,yp1.y1a0,yp1.y0a1,yp1.y0a0,parity,equality,eq_odds
0.6733333333333333,0.7180444444444445,0.6547619047619048,0.7333333333333333,0.6721530844373076,0.6733333333333333,0.425531914893617,0.6213592233009708,0.7142857142857143,0.7407407407407407,0.19230769230769232,0.4897959183673469,0.1958273084073538,0.026455026455026398,0.32394325251468103
0.5266666666666667,0.5491555555555556,0.5192307692307693,0.72,0.5082875479015652,0.5266666666666666,0.6875,0.696078431372549,0.68,0.74,0.6956521739130435,0.6538461538461539,0.008578431372548989,0.05999999999999994,0.10180602006688955
0.5333333333333333,0.5955555555555556,0.5238095238095238,0.7333333333333333,0.5138888888888888,0.5333333333333333,0.5957446808510638,0.7475728155339806,0.6086956521739131,0.7884615384615384,0.5833333333333334,0.7058823529411765,0.15182813468291678,0.17976588628762535,0.3023149058954685
0.5800000000000001,0.5907555555555556,0.6,0.48,0.5757575757575757,0.58,0.37735849056603776,0.41237113402061853,0.48,0.48,0.2857142857142857,0.3404255319148936,0.03501264345458077,0.0,0.05471124620060791
0.48000000000000004,0.42257777777777783,0.4444444444444444,0.16,0.4206773618538324,0.48,0.15384615384615385,0.1891891891891892,0.11764705882352941,0.1724137931034483,0.18181818181818182,0.20754716981132076,0.035343035343035345,0.05476673427991888,0.08049572227305782
