acc,auc,precision,recall,maf1,mif1,yp1.a1,yp1.a0,yp1.y1a1,yp1.y1a0,yp1.y0a1,yp1.y0a0,parity,equality,eq_odds
0.56,0.5678222222222223,0.5555555555555556,0.6,0.5592948717948718,0.56,0.3617021276595745,0.6213592233009708,0.47619047619047616,0.6481481481481481,0.2692307692307692,0.5918367346938775,0.25965709564139633,0.17195767195767198,0.4945636374207803
0.5933333333333334,0.5978666666666668,0.6666666666666666,0.37333333333333335,0.5726495726495726,0.5933333333333334,0.0625,0.38235294117647056,0.12,0.5,0.0,0.2692307692307692,0.31985294117647056,0.38,0.6492307692307693
0.6133333333333334,0.6385777777777777,0.5858585858585859,0.7733333333333333,0.6031746031746033,0.6133333333333333,0.5106382978723404,0.7281553398058253,0.6521739130434783,0.8269230769230769,0.375,0.6274509803921569,0.21751704193348487,0.1747491638795986,0.42720014427175546
0.56,0.6305777777777777,0.6216216216216216,0.30666666666666664,0.5298252279635258,0.56,0.03773584905660377,0.36082474226804123,0.04,0.44,0.03571428571428571,0.2765957446808511,0.32308889321143747,0.4,0.6408814589665655
0.6066666666666667,0.6552888888888888,0.6290322580645161,0.52,0.6036899377546909,0.6066666666666667,0.3333333333333333,0.44144144144144143,0.47058823529411764,0.5344827586206896,0.22727272727272727,0.33962264150943394,0.10810810810810811,0.06389452332657197,0.17624443756327865
