acc,auc,precision,recall,maf1,mif1,yp1.a1,yp1.a0,yp1.y1a1,yp1.y1a0,yp1.y0a1,yp1.y0a0,parity,equality,eq_odds
0.5580969807868252,0.5531887818105861,0.5651672433679354,0.4541241890639481,0.5527054036902381,0.5580969807868252,0.38472032742155526,0.4026152787336545,0.4787234042553192,0.44096728307254623,0.2857142857142857,0.36666666666666664,0.017894951312099228,0.03775612118277294,0.11870850213515388
0.6111619396157365,0.5868395499899551,0.6782608695652174,0.42700729927007297,0.5976915928563572,0.6111619396157365,0.3408769448373409,0.3035835023664638,0.44358974358974357,0.4178470254957507,0.21451104100946372,0.19922380336351875,0.03729344247087707,0.025742718093992867,0.04102995573993784
0.6848124428179323,0.8113622343956389,0.8599605522682445,0.41366223908918404,0.6567538846542058,0.6848124428179323,0.23983169705469845,0.22810590631364563,0.3978779840848806,0.4224519940915805,0.0625,0.06281407035175879,0.011725790741052816,0.024574010006699898,0.024888080358458686
0.5686184812442818,0.5845598363490361,0.5677083333333334,0.5079217148182665,0.5664948612956757,0.5686184812442818,0.4380165289256198,0.4397260273972603,0.4986072423398329,0.5126050420168067,0.3787465940054496,0.3699731903485255,0.0017094984716404804,0.013997799676973788,0.02277120333389787
0.7932296431838975,0.9277668129114444,0.8890322580645161,0.6530805687203791,0.78759635930574,0.7932296431838974,0.34770114942528735,0.35771812080536913,0.6210826210826211,0.6690340909090909,0.06956521739130435,0.07888040712468193,0.010016971380081785,0.047951469826469806,0.05726665955984739
