acc,auc,precision,recall,maf1,mif1,yp1.a1,yp1.a0,yp1.y1a1,yp1.y1a0,yp1.y0a1,yp1.y0a0,parity,equality,eq_odds
0.967880085653105,0.9946139659652947,0.9594594594594594,0.9403973509933775,0.963105364337819,0.9678800856531049,0.3157894736842105,0.3171355498721228,1.0,0.9291338582677166,0.0,0.022727272727272728,0.0013460761879122707,0.07086614173228345,0.09359341445955618
0.9379014989293363,0.9830914826498423,0.8757763975155279,0.94,0.9301017274571233,0.9379014989293362,0.29545454545454547,0.3562005277044855,0.8461538461538461,0.9596774193548387,0.06451612903225806,0.06274509803921569,0.060745982249940045,0.1135235732009926,0.11529460419403498
0.9599109131403117,0.9902684563758389,0.9645390070921985,0.912751677852349,0.954162885662432,0.9599109131403119,0.2804878048780488,0.3215258855585831,0.9565217391304348,0.9047619047619048,0.01694915254237288,0.016597510373443983,0.04103808068053427,0.051759834368530044,0.05211147653745894
0.9495614035087718,0.9847326557666815,0.9361702127659575,0.9041095890410958,0.9415303135888502,0.9495614035087719,0.3037974683544304,0.3103448275862069,0.9230769230769231,0.9,0.0,0.03501945525291829,0.006547359231776517,0.023076923076923106,0.058096378329841394
0.9586956521739131,0.9890061949219091,0.9150326797385621,0.958904109589041,0.9529295181469095,0.9586956521739131,0.3375,0.33157894736842103,0.9629629629629629,0.957983193277311,0.018867924528301886,0.04597701149425287,0.0059210526315789935,0.004979769685651947,0.03208885665160294
