acc,auc,precision,recall,maf1,mif1,yp1.a1,yp1.a0,yp1.y1a1,yp1.y1a0,yp1.y0a1,yp1.y0a0,parity,equality,eq_odds
0.6794871794871795,0.7824074074074073,0.6341463414634146,0.7222222222222222,0.6794344895610718,0.6794871794871795,0.47368421052631576,0.5423728813559322,0.75,0.7142857142857143,0.2727272727272727,0.3870967741935484,0.06868867082961644,0.0357142857142857,0.15008378718056137
0.7051282051282051,0.7903757415952537,0.75,0.6585365853658537,0.705079730396186,0.7051282051282052,0.42105263157894735,0.4745762711864407,0.5555555555555556,0.6875,0.3,0.2222222222222222,0.053523639607493345,0.13194444444444442,0.2097222222222222
0.6153846153846154,0.7043650793650794,0.5555555555555556,0.8333333333333334,0.6060606060606061,0.6153846153846154,0.7619047619047619,0.6666666666666666,0.8,0.8461538461538461,0.7272727272727273,0.5161290322580645,0.09523809523809523,0.0461538461538461,0.2572975411685089
0.6666666666666666,0.730921052631579,0.6842105263157895,0.65,0.6666666666666667,0.6666666666666666,0.3125,0.532258064516129,0.5714285714285714,0.6666666666666666,0.1111111111111111,0.3793103448275862,0.219758064516129,0.09523809523809523,0.3634373289545703
0.6923076923076923,0.7542087542087542,0.7142857142857143,0.7777777777777778,0.6787920384351407,0.6923076923076923,0.47368421052631576,0.6779661016949152,0.6363636363636364,0.8235294117647058,0.25,0.48,0.20428189116859946,0.1871657754010695,0.41716577540106947
