acc,auc,precision,recall,maf1,mif1,yp1.a1,yp1.a0,yp1.y1a1,yp1.y1a0,yp1.y0a1,yp1.y0a0,parity,equality,eq_odds
0.6765857478465153,0.7386308769249411,0.7213254035683943,0.6302895322939867,0.6765411185743795,0.6765857478465153,0.4576271186440678,0.46255242660275614,0.6548856548856549,0.6166281755196305,0.22277227722772278,0.29638854296388545,0.004925307958688341,0.038257479366024416,0.11187374510218709
0.6879404855129209,0.7554530491175425,0.743073047858942,0.6431686046511628,0.6879324002601971,0.6879404855129209,0.4938132733408324,0.45165165165165166,0.6796875,0.6215277777777778,0.2413793103448276,0.26841448189762795,0.04216162168918075,0.05815972222222221,0.08519489377502257
0.6945967110415036,0.7667023844713765,0.7392739273927392,0.6588235294117647,0.6945815405899984,0.6945967110415036,0.4625641025641026,0.4819506016466118,0.6301115241635687,0.6776155717761557,0.2562929061784897,0.26948480845442535,0.019386499082509223,0.047504047612586975,0.060695949888522616
0.6887235708692248,0.7636524542886229,0.7590051457975986,0.6325947105075054,0.6887177965887323,0.6887235708692248,0.436769394261424,0.4680719156850589,0.6022099447513812,0.6518691588785047,0.21105527638190955,0.26023778071334214,0.03130252142363488,0.049659214127123485,0.09884171845855608
0.6930305403288959,0.765135984189257,0.74,0.6369760479041916,0.6928127797895521,0.6930305403288959,0.4561213434452871,0.4469650521152667,0.6489151873767258,0.6296743063932448,0.22115384615384615,0.2581047381546135,0.009156291330020383,0.01924088098348098,0.05619177298424832
