acc,auc,precision,recall,maf1,mif1,yp1.a1,yp1.a0,yp1.y1a1,yp1.y1a0,yp1.y0a1,yp1.y0a0,parity,equality,eq_odds
0.8578088578088578,0.9177676906094172,0.9476605868358445,0.6638888888888889,0.8377843500693161,0.857808857808858,0.2260616153205662,0.30988347000431593,0.6139088729016786,0.7070393374741201,0.019770408163265307,0.025906735751295335,0.08382185468374972,0.09313046457244145,0.09926679216047148
0.8747616020343294,0.9116757951061727,0.9065894279507604,0.7304550758459744,0.8579366362929942,0.8747616020343293,0.24118895966029724,0.34390862944162437,0.6770691994572592,0.7707267144319345,0.04264524103831891,0.043258832011535686,0.10271966978132713,0.09365751497467534,0.09427110594789212
0.867556685738504,0.9113996242748448,0.927327781983346,0.6984036488027366,0.8492619296772883,0.867556685738504,0.23054019566142067,0.32896959459459457,0.6559571619812584,0.7298907646474677,0.032418952618453865,0.03232916972814107,0.0984293989331739,0.0739336026662093,0.07402338555652209
0.8658614113159568,0.9212572630037779,0.9555728760717069,0.6803551609322974,0.8475878239737171,0.8658614113159567,0.22826086956521738,0.3167168027503223,0.6216867469879518,0.7304526748971193,0.019206145966709345,0.01992619926199262,0.08845593318510495,0.1087659279091675,0.10948598120445077
0.8660733206187752,0.9129569359681122,0.9526530612244898,0.6703044227455486,0.8446334935615593,0.8660733206187752,0.22434565849605317,0.296280276816609,0.6136363636363636,0.7226519337016575,0.01718650541056652,0.02203269367448472,0.07193461832055584,0.10901557006529383,0.11386175832921203
