acc,auc,precision,recall,maf1,mif1,yp1.a1,yp1.a0,yp1.y1a1,yp1.y1a0,yp1.y0a1,yp1.y0a0,parity,equality,eq_odds
0.49333333333333335,0.48302222222222224,0.4945054945054945,0.6,0.4875022477971588,0.4933333333333334,0.5957446808510638,0.6116504854368932,0.5238095238095238,0.6296296296296297,0.6538461538461539,0.5918367346938775,0.015905804585829353,0.10582010582010581,0.16782952497238213
0.5,0.4704888888888889,0.5,0.7733333333333333,0.4596282242182621,0.5,0.9583333333333334,0.6862745098039216,0.96,0.68,0.9565217391304348,0.6923076923076923,0.2720588235294118,0.2799999999999999,0.5442140468227424
0.5,0.4800888888888889,0.5,1.0,0.3333333333333333,0.5,1.0,1.0,1.0,1.0,1.0,1.0,0.0,0.0,0.0
0.5466666666666667,0.5461333333333334,0.5402298850574713,0.6266666666666667,0.5437466451959206,0.5466666666666666,0.7169811320754716,0.5051546391752577,0.68,0.6,0.75,0.40425531914893614,0.21182649290021394,0.08000000000000007,0.42574468085106393
0.5,0.5457777777777778,0.5,0.7466666666666667,0.4676068335620652,0.5,0.8717948717948718,0.7027027027027027,0.8823529411764706,0.7068965517241379,0.8636363636363636,0.6981132075471698,0.16909216909216906,0.17545638945233266,0.34097954554152654
