acc,auc,precision,recall,maf1,mif1,yp1.a1,yp1.a0,yp1.y1a1,yp1.y1a0,yp1.y0a1,yp1.y0a0,parity,equality,eq_odds
0.9027336300063573,0.9447344981157931,0.9090909090909091,0.8277777777777777,0.8950091080896928,0.9027336300063573,0.3039134054954205,0.39231765213638325,0.8141486810551559,0.839544513457557,0.032525510204081634,0.07253886010362694,0.08840424664096275,0.025395832402401064,0.06540918230194637
0.8972239881330791,0.9433567546892868,0.9056105610561056,0.8004667444574096,0.8858431409145886,0.8972239881330789,0.2615711252653928,0.3802876480541455,0.7666214382632293,0.8259979529170931,0.0315203955500618,0.06633020908435472,0.11871652278875272,0.05937651465386384,0.09418632818815675
0.9020979020979022,0.9426323065948032,0.9211212516297262,0.8055872291904219,0.8921835499376892,0.9020979020979021,0.2696724797958316,0.38006756756756754,0.7871485943775101,0.8192651439920556,0.028678304239401497,0.055106539309331376,0.11039508777173596,0.032116549614545575,0.05854478468447545
0.90633608815427,0.946056299765202,0.930379746835443,0.8157602663706992,0.8981613163792774,0.90633608815427,0.29264214046822745,0.37816931671680276,0.8024096385542169,0.8271604938271605,0.02176696542893726,0.05608856088560885,0.08552717624857531,0.024750855272943628,0.05907245072961522
0.901462174189447,0.9450471367859806,0.9159061277705346,0.8070074669730041,0.8912824997244082,0.901462174189447,0.29206481096800996,0.3594290657439446,0.7822966507177034,0.8298342541436464,0.031190324633991087,0.05685856432125089,0.06736425477593466,0.04753760342594304,0.07320584311320284
