acc,auc,precision,recall,maf1,mif1,yp1.a1,yp1.a0,yp1.y1a1,yp1.y1a0,yp1.y0a1,yp1.y0a0,parity,equality,eq_odds
0.5276145710928319,0.5387068000753471,0.5276579050608081,0.9985152190051967,0.3468787652519219,0.5276145710928319,1.0,0.9976019184652278,1.0,0.9976905311778291,1.0,0.9975062344139651,0.0023980815347721673,0.002309468822170868,0.0048032344082057365
0.5385820603211907,0.5578968976693934,0.5385820603211907,1.0,0.35005091649694503,0.5385820603211907,1.0,1.0,1.0,1.0,1.0,1.0,0.0,0.0,0.0
0.6302389345867606,0.6560506138750555,0.7542787286063569,0.4536764705882353,0.6220852338587063,0.6302389345867607,0.27794871794871795,0.34664131812420784,0.41821561338289964,0.4768856447688564,0.10526315789473684,0.20502645502645503,0.06869260017548989,0.05867003138595678,0.15843332851767497
0.5969447708578143,0.6191009175903066,0.600216684723727,0.7919942816297355,0.5649841156029738,0.5969447708578144,0.6291179596174282,0.7779156327543424,0.7255985267034991,0.8341121495327103,0.49748743718592964,0.7142857142857143,0.14879767313691417,0.10851362282921118,0.32531189992899584
0.5757931844888367,0.6058461406001119,0.5960365853658537,0.5857677902621723,0.5752173192299307,0.5757931844888367,0.6117136659436009,0.45861434702636417,0.6600790513833992,0.5404101326899879,0.5528846153846154,0.3740648379052369,0.15309931891723672,0.11966891869341123,0.2984886961727897
