acc,auc,precision,recall,maf1,mif1,yp1.a1,yp1.a0,yp1.y1a1,yp1.y1a0,yp1.y0a1,yp1.y0a0,parity,equality,eq_odds
0.6466666666666667,0.6647111111111111,0.6833333333333333,0.5466666666666666,0.6430976430976432,0.6466666666666666,0.3617021276595745,0.4174757281553398,0.6190476190476191,0.5185185185185185,0.15384615384615385,0.30612244897959184,0.055773600495765296,0.10052910052910058,0.25280539566253857
0.52,0.4929777777777778,0.5348837209302325,0.30666666666666664,0.49711305643509024,0.52,0.041666666666666664,0.4019607843137255,0.08,0.42,0.0,0.38461538461538464,0.3602941176470588,0.33999999999999997,0.7246153846153847
0.6133333333333334,0.6369777777777779,0.5794392523364486,0.8266666666666667,0.5948966287949339,0.6133333333333333,0.5957446808510638,0.7669902912621359,0.782608695652174,0.8461538461538461,0.4166666666666667,0.6862745098039216,0.1712456104110721,0.0635451505016722,0.3331529936389271
0.54,0.6064,0.5714285714285714,0.32,0.5166036149642708,0.54,0.1320754716981132,0.36082474226804123,0.08,0.44,0.17857142857142858,0.2765957446808511,0.22874927056992803,0.36,0.4580243161094225
0.5866666666666667,0.6318222222222223,0.5942028985507246,0.5466666666666666,0.5860042735042734,0.5866666666666667,0.358974358974359,0.4954954954954955,0.4117647058823529,0.5862068965517241,0.3181818181818182,0.39622641509433965,0.1365211365211365,0.17444219066937117,0.25248678758189264
