acc,auc,precision,recall,maf1,mif1,yp1.a1,yp1.a0,yp1.y1a1,yp1.y1a0,yp1.y0a1,yp1.y0a0,parity,equality,eq_odds
0.6989935956084172,0.7684128216011847,0.7416762342135477,0.5987025023169601,0.695443900993034,0.6989935956084172,0.38472032742155526,0.4053682037164487,0.598404255319149,0.5988620199146515,0.15966386554621848,0.224,0.020647876294893452,0.0004577645955025078,0.06479389904928404
0.6953339432753889,0.754068171164535,0.7728426395939086,0.5556569343065694,0.6894059639134086,0.6953339432753889,0.37765205091937765,0.3522650439486139,0.5692307692307692,0.5481586402266289,0.14195583596214512,0.17335058214747737,0.025387006970763737,0.02107212900414035,0.0524668751894726
0.7003659652333029,0.7611555507875097,0.7805907172995781,0.5265654648956357,0.6888242702421352,0.7003659652333029,0.33099579242636745,0.3224711473183978,0.5145888594164456,0.5332348596750369,0.125,0.14321608040201006,0.00852464510796963,0.01864600025859131,0.03686208066060137
0.6916742909423605,0.7670226225854073,0.7744154057771664,0.5246971109040075,0.6817513392085709,0.6916742909423604,0.3305785123966942,0.33356164383561643,0.5264623955431755,0.5238095238095238,0.13896457765667575,0.15147453083109919,0.002983131438922204,0.002652871733651696,0.015162824908075134
0.7108874656907594,0.7706404180337829,0.7422680412371134,0.614218009478673,0.7068033493830261,0.7108874656907592,0.36637931034482757,0.4147651006711409,0.5754985754985755,0.6335227272727273,0.1536231884057971,0.21882951653944022,0.04838579032631335,0.058024151774151767,0.12323047990779487
