acc,auc,precision,recall,maf1,mif1,yp1.a1,yp1.a0,yp1.y1a1,yp1.y1a0,yp1.y0a1,yp1.y0a0,parity,equality,eq_odds
0.6838975297346752,0.7353810680404189,0.7061965811965812,0.6137418755803157,0.6819052588863359,0.6838975297346752,0.302945301542777,0.48879837067209775,0.5,0.6708507670850767,0.10198300283286119,0.31613756613756616,0.18585306912932076,0.17085076708507674,0.3850053303897817
0.6857273559011894,0.7364714373752393,0.7138121546961326,0.6014897579143389,0.682883819595937,0.6857273559011894,0.28989751098096633,0.4703925482368596,0.4885057471264368,0.6556473829201102,0.08358208955223881,0.2972972972972973,0.18049503725589328,0.16714163579367336,0.38085684353873184
0.6825251601097896,0.742787187825672,0.7574578469520103,0.535288725939505,0.6753942340198819,0.6825251601097896,0.20874471086036672,0.4218009478672986,0.3543307086614173,0.6323943661971831,0.039634146341463415,0.22685788787483702,0.21305623700693188,0.27806365753576584,0.4652873990691394
0.6875571820677036,0.7353633957407543,0.7693370165745856,0.5191053122087604,0.6773396869647903,0.6875571820677036,0.2225237449118046,0.3864734299516908,0.40437158469945356,0.5785007072135785,0.0431266846361186,0.20350404312668463,0.16394968503988622,0.17412912251412493,0.33450648100469094
0.681152790484904,0.7421970757452966,0.7437722419928826,0.5658844765342961,0.6774248730408854,0.681152790484904,0.22758620689655173,0.46406570841889117,0.3793103448275862,0.6621067031463749,0.06321839080459771,0.26575342465753427,0.23647950152233943,0.2827963583187887,0.4853313921717253
