acc,auc,precision,recall,maf1,mif1,yp1.a1,yp1.a0,yp1.y1a1,yp1.y1a0,yp1.y0a1,yp1.y0a0,parity,equality,eq_odds
0.6949882537196554,0.757832465775921,0.7892057026476579,0.5753526354862658,0.6926025112282499,0.6949882537196554,0.35141242937853107,0.40203714799281004,0.5343035343035343,0.5981524249422633,0.13366336633663367,0.19053549190535493,0.050624718614278974,0.063848890638729,0.12072101620745027
0.7094753328112764,0.776233120780195,0.7940630797773655,0.622093023255814,0.7090292581694589,0.7094753328112764,0.4184476940382452,0.424024024024024,0.611328125,0.6284722222222222,0.15649867374005305,0.2034956304619226,0.005576329985778783,0.01714409722222221,0.06414105394409175
0.7086922474549726,0.7804986944526553,0.8043478260869565,0.5985294117647059,0.70720540812402,0.7086922474549726,0.358974358974359,0.41925269157694744,0.550185873605948,0.6301703163017032,0.12356979405034325,0.190224570673712,0.06027833260258847,0.07998444269575522,0.146639219319124
0.6996867658574785,0.7731812147823585,0.8110236220472441,0.5889921372408864,0.6987945897615089,0.6996867658574785,0.3740701381509033,0.4116553006819591,0.5561694290976059,0.6098130841121495,0.12562814070351758,0.18758256274768825,0.037585162531055816,0.0536436550145436,0.11559807705871428
0.7086922474549726,0.7747386999400214,0.7735674676524954,0.6264970059880239,0.7078638833285673,0.7086922474549726,0.4084507042253521,0.4322501532801962,0.611439842209073,0.6357056694813028,0.16105769230769232,0.22194513715710723,0.023799449054844102,0.024265827272229812,0.08515327212164472
