acc,auc,precision,recall,maf1,mif1,yp1.a1,yp1.a0,yp1.y1a1,yp1.y1a0,yp1.y0a1,yp1.y0a0,parity,equality,eq_odds
0.6930305403288959,0.746895276194483,0.8043243243243243,0.5523385300668151,0.6892419396491787,0.6930305403288959,0.423728813559322,0.32953864589574594,0.6278586278586279,0.5103926096997691,0.1806930693069307,0.13449564134495642,0.09419016766357607,0.11746601815885882,0.16366344612083308
0.7055599060297573,0.7834937764046275,0.7751322751322751,0.6388081395348837,0.705472490331208,0.7055599060297573,0.515185601799775,0.406006006006006,0.70703125,0.5983796296296297,0.2546419098143236,0.19850187265917604,0.10917959579376901,0.10865162037037035,0.16479165752551792
0.7094753328112764,0.7924660065031037,0.7532786885245901,0.6757352941176471,0.7094452212736728,0.7094753328112764,0.5497435897435897,0.4331855604813173,0.7379182156133829,0.635036496350365,0.3180778032036613,0.21400264200792601,0.11655802926227243,0.10288171926301792,0.2069568804587532
0.7051683633516054,0.7815774409055325,0.7808695652173913,0.6418870621872766,0.7051672333632435,0.7051683633516054,0.5079702444208289,0.41661500309981403,0.6795580110497238,0.6179906542056075,0.27386934673366836,0.18890356671070013,0.09135524132101491,0.061567356844116294,0.14653313686708452
0.7196554424432263,0.7907122946225775,0.8137651821862348,0.6017964071856288,0.7173632955467188,0.7196554424432263,0.4626218851570964,0.3439607602697731,0.6666666666666666,0.5621230398069964,0.21394230769230768,0.11845386533665836,0.11866112488732328,0.10454362685967022,0.20003206921531955
