acc,auc,precision,recall,maf1,mif1,yp1.a1,yp1.a0,yp1.y1a1,yp1.y1a0,yp1.y0a1,yp1.y0a0,parity,equality,eq_odds
0.6333333333333334,0.6440888888888888,0.6785714285714286,0.5066666666666667,0.6273544423867383,0.6333333333333333,0.1702127659574468,0.46601941747572817,0.3333333333333333,0.5740740740740741,0.038461538461538464,0.3469387755102041,0.29580665151828134,0.24074074074074076,0.5492179777894064
0.6933333333333334,0.7786666666666666,0.7543859649122807,0.5733333333333334,0.6888528138528138,0.6933333333333334,0.3125,0.4117647058823529,0.48,0.62,0.13043478260869565,0.21153846153846154,0.09926470588235292,0.14,0.2211036789297659
0.6133333333333334,0.6759111111111111,0.6103896103896104,0.6266666666666667,0.6132645803698435,0.6133333333333333,0.23404255319148937,0.6407766990291263,0.391304347826087,0.7307692307692307,0.08333333333333333,0.5490196078431373,0.4067341458376369,0.33946488294314375,0.8051511574529477
0.6066666666666667,0.6403555555555556,0.66,0.44,0.5954285714285714,0.6066666666666667,0.18867924528301888,0.41237113402061853,0.32,0.5,0.07142857142857142,0.3191489361702128,0.22369188873759965,0.18,0.4277203647416413
0.6000000000000001,0.6645333333333333,0.6153846153846154,0.5333333333333333,0.5982142857142858,0.6,0.4358974358974359,0.43243243243243246,0.5294117647058824,0.5344827586206896,0.36363636363636365,0.32075471698113206,0.0034650034650034467,0.005070993914807254,0.04795264057003884
