acc,auc,precision,recall,maf1,mif1,yp1.a1,yp1.a0,yp1.y1a1,yp1.y1a0,yp1.y0a1,yp1.y0a0,parity,equality,eq_odds
0.8893833439287985,0.9414461763922195,0.898876404494382,0.8,0.8800398666203835,0.8893833439287985,0.29475437135720234,0.385843763487268,0.802158273381295,0.7981366459627329,0.024872448979591837,0.09104367135455219,0.09108939213006567,0.004021627418562046,0.07019284979352239
0.8887476160203434,0.9429309172580805,0.9144173798551679,0.7785874439461884,0.8777395077602268,0.8887476160203432,0.2714404662781016,0.3741907639188606,0.7541766109785203,0.8002114164904862,0.01278772378516624,0.08023340627279359,0.10275029764075899,0.046034805511965926,0.11348048799959327
0.8893833439287985,0.9414212948096474,0.9036697247706422,0.7862029646522235,0.8780429383946324,0.8893833439287985,0.25861335601871543,0.3876689189189189,0.7643908969210174,0.8023833167825224,0.023067331670822942,0.08082292432035268,0.12905556290020348,0.037992419861505033,0.09574801251103476
0.8974358974358975,0.9438938070943153,0.9341238471673254,0.7869034406215316,0.8875530234701474,0.8974358974358975,0.27968227424749165,0.36484744305973354,0.7783132530120482,0.7942386831275721,0.0147247119078105,0.05682656826568266,0.0851651688122419,0.01592543011552383,0.058027286473395986
0.8893833439287985,0.941665069016556,0.9087860496311201,0.7782883400344629,0.8771889747385954,0.8893833439287985,0.27918570835064394,0.35423875432525953,0.7523923444976076,0.8022099447513812,0.02737110120942075,0.06609808102345416,0.0750530459746156,0.049817600253773575,0.08854458006780698
