acc,auc,precision,recall,maf1,mif1,yp1.a1,yp1.a0,yp1.y1a1,yp1.y1a0,yp1.y0a1,yp1.y0a0,parity,equality,eq_odds
0.9154481881754609,0.959433215332496,0.941398865784499,0.83,0.9081285600298261,0.9154481881754609,0.2993338884263114,0.37462235649546827,0.8213429256594724,0.8374741200828157,0.021683673469387755,0.043671354552183565,0.07528846806915684,0.01613119442334332,0.03811887550613913
0.9182030091121001,0.9602939092178147,0.9385733157199472,0.8290548424737456,0.9091317517614592,0.9182030091121002,0.26369426751592356,0.37774957698815564,0.7937584803256446,0.8556806550665302,0.022249690976514216,0.0410958904109589,0.11405530947223208,0.06192217474088568,0.08076837417533037
0.9232888323797416,0.9620494518912205,0.9513618677042801,0.8363740022805017,0.9156157231919017,0.9232888323797415,0.2705231816248405,0.38260135135135137,0.8125836680053548,0.8540218470705064,0.01807980049875312,0.03379867744305658,0.11207816972651086,0.04143817906515168,0.05715705600945514
0.9277389277389277,0.9630979862012917,0.9489858635525507,0.8568257491675916,0.9219029431938415,0.9277389277389277,0.3085284280936455,0.38203695745595184,0.846987951807229,0.8652263374485597,0.02240717029449424,0.035424354243542434,0.07350852936230634,0.018238385641330734,0.03125556959037893
0.9184149184149185,0.9638916287891792,0.950199203187251,0.8219414129810454,0.9096209828418086,0.9184149184149184,0.2912339011217283,0.3481833910034602,0.7942583732057417,0.8475138121546961,0.023551877784850413,0.02700781805259417,0.056949489881731874,0.05325543894895446,0.05671137921669822
