acc,auc,precision,recall,maf1,mif1,yp1.a1,yp1.a0,yp1.y1a1,yp1.y1a0,yp1.y0a1,yp1.y0a0,parity,equality,eq_odds
0.6889933411672542,0.7644141332437049,0.7529734675205856,0.6109873793615441,0.6883828539101988,0.6889933411672542,0.5344632768361582,0.37170263788968827,0.7047817047817048,0.558891454965358,0.3316831683168317,0.16957605985037408,0.16276063894646997,0.1458902498163468,0.3079973582828044
0.7077947512730122,0.7799055409785461,0.761865112406328,0.6654545454545454,0.7077710333145115,0.7077947512730122,0.6227477477477478,0.3891891891891892,0.7886497064579256,0.5925925925925926,0.3978779840848806,0.16978776529338327,0.23355855855855856,0.1960571138653331,0.42414733265683047
0.7027027027027026,0.7783072826783688,0.7151037938439513,0.7345588235294118,0.7007922710147767,0.7027027027027027,0.6687179487179488,0.4721166032953105,0.8252788104089219,0.6751824817518248,0.4759725400457666,0.25132275132275134,0.19660134542263824,0.1500963286570971,0.3747461173801124
0.6972189580885233,0.7688693211169653,0.7536466774716369,0.6647605432451751,0.6969213575740674,0.6972189580885233,0.6068012752391073,0.4112903225806452,0.7513812154696132,0.6098130841121495,0.40954773869346733,0.1865079365079365,0.19551095265846213,0.1415681313574637,0.36460793354299453
0.7124951037994516,0.7778485021801566,0.7429264349232013,0.6883895131086142,0.7124791789669822,0.7124951037994516,0.6160520607375272,0.41017780502759044,0.7944664031620553,0.623642943305187,0.39903846153846156,0.18952618453865336,0.20587425570993673,0.1708234598568683,0.38033573685667654
