acc,auc,precision,recall,maf1,mif1,yp1.a1,yp1.a0,yp1.y1a1,yp1.y1a0,yp1.y0a1,yp1.y0a0,parity,equality,eq_odds
0.696248856358646,0.7563755124730734,0.7807848443843031,0.5347544022242817,0.6873895690273804,0.696248856358646,0.2892223738062756,0.36269786648313834,0.4920212765957447,0.5576102418207681,0.07563025210084033,0.18,0.07347549267686276,0.06558896522502344,0.1699587131241831
0.6802378774016469,0.7340772115449006,0.7371565113500598,0.5629562043795621,0.6758965313398608,0.6802378774016469,0.36775106082036774,0.3901284651791751,0.5461538461538461,0.5722379603399433,0.14826498422712933,0.2238033635187581,0.022377404358807362,0.02608411418609724,0.101622493477726
0.6898444647758464,0.7403757182800169,0.7303921568627451,0.5654648956356736,0.6832249708254786,0.6898444647758463,0.3281907433380084,0.395112016293279,0.4986737400530504,0.6026587887740029,0.13690476190476192,0.2185929648241206,0.06692127295527062,0.10398504872095254,0.18567325164031123
0.6861848124428179,0.750011094838681,0.7458703939008895,0.5470643056849953,0.6790468118622013,0.6861848124428179,0.30165289256198347,0.38904109589041097,0.48746518105849584,0.5770308123249299,0.11989100817438691,0.20911528150134048,0.0873882033284275,0.08956563126643408,0.17878990459338764
0.6957913998170174,0.7541151771908432,0.74375,0.5639810426540285,0.6886530085981364,0.6957913998170174,0.3074712643678161,0.3932885906040268,0.48717948717948717,0.6022727272727273,0.1246376811594203,0.20610687022900764,0.08581732623621074,0.11509324009324012,0.19656242916282746
