acc,auc,precision,recall,maf1,mif1,yp1.a1,yp1.a0,yp1.y1a1,yp1.y1a0,yp1.y0a1,yp1.y0a0,parity,equality,eq_odds
0.6855912294440094,0.7650675440037052,0.7424242424242424,0.6184112843355605,0.6852425936097952,0.6855912294440094,0.5480225988700564,0.3816656680647094,0.7130977130977131,0.5658198614318707,0.35148514851485146,0.18306351183063513,0.16635693080534703,0.1472778516658424,0.31569948835005873
0.7004698512137822,0.7729997877758914,0.7522708505367465,0.6620639534883721,0.700419836343405,0.7004698512137824,0.6287964004499438,0.39159159159159157,0.783203125,0.5902777777777778,0.41909814323607425,0.1772784019975031,0.2372048088583522,0.1929253472222222,0.43474508846079335
0.7004698512137822,0.7757820967583013,0.7166788055353241,0.7235294117647059,0.698991276214686,0.7004698512137824,0.6841025641025641,0.44711842938568713,0.8438661710037175,0.6447688564476886,0.4874141876430206,0.23249669749009247,0.23698413471687696,0.19909731455602897,0.45401480470895705
0.696945967110415,0.7679672245790902,0.7637130801687764,0.6468906361686919,0.6969041474292612,0.696945967110415,0.5982996811902231,0.38561686298822073,0.7421731123388582,0.5864485981308412,0.4020100502512563,0.15852047556142668,0.2126828182020024,0.15572451420801703,0.39921408889784665
0.7102584181675803,0.7799825226394502,0.7470978441127695,0.6744011976047904,0.7102520216864854,0.7102584181675803,0.6175514626218852,0.38994481912936846,0.7928994082840237,0.6019300361881785,0.40384615384615385,0.1708229426433915,0.22760664349251675,0.1909693720958452,0.42399258329860756
