acc,auc,precision,recall,maf1,mif1,yp1.a1,yp1.a0,yp1.y1a1,yp1.y1a0,yp1.y0a1,yp1.y0a0,parity,equality,eq_odds
0.6981205951448708,0.772616308357152,0.78125,0.5939123979213066,0.6965627319638544,0.6981205951448708,0.4485875706214689,0.37567405632115036,0.6548856548856549,0.5600461893764435,0.20297029702970298,0.17683686176836863,0.07291351430031856,0.09483946550921141,0.12097290077054576
0.711824588880188,0.7836091424171832,0.8333333333333334,0.5813953488372093,0.7097096206685247,0.711824588880188,0.4409448818897638,0.34114114114114114,0.646484375,0.5428240740740741,0.16180371352785147,0.12359550561797752,0.09980374074862264,0.10366030092592593,0.14186850883579988
0.7239624119028975,0.7994950241403094,0.8502673796791443,0.5845588235294118,0.72109417294587,0.7239624119028975,0.40923076923076923,0.3394553514882837,0.6263940520446096,0.5571776155717761,0.14187643020594964,0.10303830911492734,0.06977541774248552,0.06921643647283349,0.10805455756385579
0.706734534064213,0.7885316970377729,0.8113026819923371,0.6054324517512509,0.7061795427299655,0.706734534064213,0.4250797024442083,0.3992560446373218,0.6095764272559853,0.602803738317757,0.17336683417085427,0.1690885072655218,0.025823657806886502,0.006772688938228244,0.011051015843560719
0.7184808144087705,0.7912782808766703,0.8069651741293532,0.6070359281437125,0.7165090426977989,0.7184808144087705,0.4442036836403034,0.3648068669527897,0.6686390532544378,0.5693606755126659,0.17067307692307693,0.15336658354114713,0.0793968166875137,0.09927837774177195,0.11658487112370175
