acc,auc,precision,recall,maf1,mif1,yp1.a1,yp1.a0,yp1.y1a1,yp1.y1a0,yp1.y0a1,yp1.y0a0,parity,equality,eq_odds
0.9100642398286939,0.9662796546231872,0.8978102189781022,0.8145695364238411,0.8945755933952528,0.9100642398286938,0.32894736842105265,0.2864450127877238,1.0,0.7795275590551181,0.019230769230769232,0.04924242424242424,0.04250235563332888,0.22047244094488194,0.250484095956537
0.8693790149892934,0.9417455310199789,0.8503937007874016,0.72,0.8434685612866712,0.8693790149892934,0.3068181818181818,0.2638522427440633,0.9230769230769231,0.6774193548387096,0.04838709677419355,0.06274509803921569,0.0429659390741185,0.2456575682382135,0.2600155695032356
0.8953229398663697,0.9611409395973155,0.9047619047619048,0.7651006711409396,0.8768247482854225,0.8953229398663697,0.2926829268292683,0.2779291553133515,1.0,0.7222222222222222,0.01694915254237288,0.04564315352697095,0.01475377151591678,0.2777777777777778,0.30647177876237586
0.8969298245614035,0.9591250552364118,0.8721804511278195,0.7945205479452054,0.8786458067913504,0.8969298245614035,0.31645569620253167,0.2864721485411141,0.9230769230769231,0.7666666666666667,0.018867924528301886,0.0622568093385214,0.029983547661417587,0.1564102564102564,0.19979914122047593
0.9152173913043479,0.9659933688159846,0.8848920863309353,0.8424657534246576,0.9008702859510983,0.9152173913043479,0.35,0.29210526315789476,0.9629629629629629,0.8151260504201681,0.03773584905660377,0.05363984674329502,0.05789473684210522,0.14783691254279485,0.16374091022948611
