acc,auc,precision,recall,maf1,mif1,yp1.a1,yp1.a0,yp1.y1a1,yp1.y1a0,yp1.y0a1,yp1.y0a0,parity,equality,eq_odds
0.6930466605672462,0.7465341876155863,0.7663185378590078,0.5440222428174235,0.6853910557308976,0.6930466605672461,0.4297407912687585,0.3103922918100482,0.625,0.5007112375533428,0.22408963585434175,0.132,0.11934849945871034,0.12428876244665721,0.21637839830099895
0.6944190301921318,0.7510865197883881,0.7388392857142857,0.6040145985401459,0.6919931828152948,0.6944190301921317,0.4893917963224894,0.37187288708586885,0.6641025641025641,0.5708215297450425,0.2744479495268139,0.19016817593790428,0.11751890923662056,0.09328103435752155,0.17756080794643117
0.6999085086916743,0.7437961392239559,0.7512626262626263,0.5645161290322581,0.6924689620149793,0.6999085086916743,0.43338008415147267,0.32790224032586557,0.6180371352785146,0.534711964549483,0.2261904761904762,0.15201005025125627,0.1054778438256071,0.08332517072903156,0.15750559666825148
0.6985361390667887,0.7464791680796885,0.7626903553299492,0.5601118359739049,0.6917220329422116,0.6985361390667887,0.40633608815426997,0.3376712328767123,0.6044568245125348,0.5378151260504201,0.2125340599455041,0.14611260053619302,0.06866485527755767,0.06664169846211465,0.13306315787142572
0.6999085086916743,0.7625764223247472,0.7515762925598991,0.5649289099526066,0.6925583660924389,0.6999085086916743,0.3793103448275862,0.35503355704697986,0.5783475783475783,0.5582386363636364,0.17681159420289855,0.17302798982188294,0.024276787780606324,0.020108941983941975,0.02389254636495758
