acc,auc,precision,recall,maf1,mif1,yp1.a1,yp1.a0,yp1.y1a1,yp1.y1a0,yp1.y0a1,yp1.y0a0,parity,equality,eq_odds
0.8973717146433041,0.9654702440416726,0.84765625,0.8346153846153846,0.8826498445313731,0.8973717146433042,0.41843971631205673,0.2993920972644377,0.8695652173913043,0.8271028037383178,0.2,0.04504504504504504,0.11904761904761901,0.04246241365298653,0.1974173686079415
0.8873591989987485,0.9653257366482504,0.8143939393939394,0.83984375,0.8717175681461395,0.8873591989987485,0.4897959183673469,0.294478527607362,1.0,0.8047619047619048,0.25742574257425743,0.05203619909502263,0.19531739075998494,0.1952380952380952,0.40062763871733
0.8848560700876096,0.9686830497794581,0.8068965517241379,0.8666666666666667,0.873541150564272,0.8848560700876095,0.5761589403973509,0.3132716049382716,0.9591836734693877,0.8461538461538461,0.39215686274509803,0.03747072599531616,0.26288733545907933,0.11302982731554156,0.46771596406532345
0.8773466833541927,0.9581186698671038,0.7884615384615384,0.8266129032258065,0.8585891786462473,0.8773466833541927,0.525974025974026,0.2775193798449612,0.9375,0.8,0.33962264150943394,0.04269662921348315,0.24845464612906476,0.13749999999999996,0.43442601229595074
0.8961201501877347,0.9686429999726079,0.8937007874015748,0.8021201413427562,0.8836047648383434,0.8961201501877347,0.4013605442176871,0.299079754601227,0.8888888888888888,0.7816593886462883,0.11827956989247312,0.037825059101654845,0.10228078961646009,0.10722950024260058,0.18768401103341886
