acc,auc,precision,recall,maf1,mif1,yp1.a1,yp1.a0,yp1.y1a1,yp1.y1a0,yp1.y0a1,yp1.y0a0,parity,equality,eq_odds
0.78,0.6756143804472852,0.7865260851704778,0.9844044558697514,0.49413308841335446,0.78,0.9939577039274925,0.9717753729160573,0.9938271604938271,0.9835483267900542,0.9943181818181818,0.9294828744123573,0.022182331011435186,0.010278833703772916,0.07511414110959735
0.7792,0.6821764298708212,0.7845584201865058,0.9853599724423011,0.501453011585076,0.7792,0.9870503597122302,0.9707567964731815,0.9921722113502935,0.9847025495750709,0.9728260869565217,0.9218543046357616,0.016293563239048736,0.00746966177522268,0.05844144409598284
0.7906666666666667,0.6837584277025374,0.8021763392857143,0.9742460182988817,0.5332030398293763,0.7906666666666666,0.984743411927878,0.9526478831686089,0.992633517495396,0.9723829072588169,0.9606741573033708,0.8781690140845071,0.03209552875926902,0.020250610236579036,0.10275575345544274
0.7856000000000001,0.6858231585587993,0.7923340177960301,0.9845211770709305,0.4962857127582225,0.7856,0.9887096774193549,0.9726744186046512,0.989010989010989,0.9841445427728613,0.9878787878787879,0.929945054945055,0.01603525881470369,0.0048664462381277085,0.06280017917186065
0.7876000000000001,0.6913039335153861,0.7970428232668434,0.9764183185235816,0.5363535850025607,0.7876,0.9737609329446064,0.9540651599647784,0.9817073170731707,0.9759328358208955,0.9536082474226805,0.8734525447042641,0.019695772979828052,0.005774481252275199,0.08593018397069152
