acc,auc,precision,recall,maf1,mif1,yp1.a1,yp1.a0,yp1.y1a1,yp1.y1a0,yp1.y0a1,yp1.y0a0,parity,equality,eq_odds
0.7858672376873662,0.9744739709950541,0.9322033898305084,0.36423841059602646,0.6928439884240989,0.7858672376873662,0.07894736842105263,0.13554987212276215,0.25,0.3858267716535433,0.0,0.015151515151515152,0.05660250370170952,0.1358267716535433,0.15097828680505843
0.7430406852248395,0.967844374342797,1.0,0.2,0.5870910698496905,0.7430406852248392,0.07954545454545454,0.06068601583113457,0.2692307692307692,0.18548387096774194,0.0,0.0,0.018859438714319977,0.08374689826302728,0.08374689826302728
0.9621380846325167,0.9903579418344518,0.9583333333333334,0.9261744966442953,0.9569401743152908,0.9621380846325167,0.2804878048780488,0.329700272479564,1.0,0.9126984126984127,0.0,0.024896265560165973,0.04921246760151521,0.08730158730158732,0.1121978528617533
0.6951754385964912,0.510053026955369,0.6129032258064516,0.13013698630136986,0.5127868096391098,0.6951754385964912,0.12658227848101267,0.05570291777188329,0.2692307692307692,0.1,0.05660377358490566,0.03501945525291829,0.07087936070912937,0.1692307692307692,0.19081508756275659
0.7652173913043478,0.7835921821830557,0.796875,0.3493150684931507,0.6668008048289739,0.7652173913043478,0.1375,0.1394736842105263,0.2962962962962963,0.36134453781512604,0.05660377358490566,0.038314176245210725,0.001973684210526294,0.06504824151882976,0.0833378388585247
