acc,auc,precision,recall,maf1,mif1,yp1.a1,yp1.a0,yp1.y1a1,yp1.y1a0,yp1.y0a1,yp1.y0a0,parity,equality,eq_odds
0.6620986687548943,0.7282807724551599,0.6864406779661016,0.6614699331848553,0.661669149537925,0.6620986687548943,0.5163841807909605,0.5038945476333133,0.6611226611226612,0.6616628175519631,0.34405940594059403,0.33374844333748444,0.012489633157647173,0.0005401564293019412,0.010851119032411538
0.6765857478465153,0.7527687843013384,0.6995645863570392,0.7005813953488372,0.6745902615427997,0.6765857478465153,0.5331833520809899,0.542942942942943,0.705078125,0.6979166666666666,0.29973474801061006,0.3757802746566791,0.009759590861953105,0.00716145833333337,0.08320698497940243
0.6758026624902115,0.7491606315893191,0.6967455621301775,0.6926470588235294,0.6745571527767518,0.6758026624902115,0.5230769230769231,0.5332488917036099,0.6951672862453532,0.6909975669099757,0.3112128146453089,0.3619550858652576,0.01017196862668679,0.004169719335377464,0.05491199055532614
0.6824588880187941,0.7468550510723491,0.7547660311958405,0.6225875625446747,0.682458839337934,0.6824588880187941,0.42720510095642933,0.4662120272783633,0.5948434622467772,0.6401869158878505,0.1984924623115578,0.26948480845442535,0.03900692632193398,0.045343453641073284,0.11633579978394085
0.6855912294440094,0.7488901507330167,0.7029702970297029,0.6908682634730539,0.6851556158983931,0.6855912294440094,0.5081256771397616,0.5174739423666462,0.6883629191321499,0.6924004825090471,0.28846153846153844,0.33665835411471323,0.009348265226884589,0.004037563376897202,0.052234379030072
