acc,auc,precision,recall,maf1,mif1,yp1.a1,yp1.a0,yp1.y1a1,yp1.y1a0,yp1.y0a1,yp1.y0a0,parity,equality,eq_odds
0.6445562671546203,0.6829699452385318,0.7937743190661478,0.37812789620018533,0.6163220386419805,0.6445562671546203,0.286493860845839,0.20922229869236064,0.4654255319148936,0.3314366998577525,0.09803921568627451,0.09466666666666666,0.07727156215347836,0.13398883205714113,0.13736138107674897
0.5942360475754803,0.6083045938525413,0.6219369894982497,0.4863138686131387,0.5895732432291128,0.5942360475754803,0.28995756718529,0.44083840432724813,0.4153846153846154,0.5254957507082153,0.13564668769716087,0.36351875808538164,0.15088083714195816,0.1101111353235999,0.33798320571182067
0.6674290942360476,0.6804420816542734,0.7021013597033374,0.538899430740038,0.6600061571151157,0.6674290942360476,0.3870967741935484,0.361846571622539,0.5623342175066313,0.5258493353028065,0.19047619047619047,0.22236180904522612,0.02525020257100935,0.03648488220382473,0.06837050077286039
0.5594693504117109,0.5787398607828016,0.6273148148148148,0.25256290773532153,0.5121208574603664,0.5594693504117109,0.1859504132231405,0.20342465753424657,0.2618384401114206,0.24789915966386555,0.11171662125340599,0.16085790884718498,0.017474244311106085,0.013939280447555047,0.06308056804133404
0.5777676120768527,0.6025712262352236,0.5673469387755102,0.5270142180094787,0.5757432774120836,0.5777676120768527,0.2916666666666667,0.521476510067114,0.41595441595441596,0.5823863636363636,0.16521739130434782,0.4669211195928753,0.22980984340044736,0.1664319476819477,0.4681356759704752
