acc,auc,precision,recall,maf1,mif1,yp1.a1,yp1.a0,yp1.y1a1,yp1.y1a0,yp1.y0a1,yp1.y0a0,parity,equality,eq_odds
0.9464668094218416,0.9841353005281247,0.9256756756756757,0.9072847682119205,0.9385089405630316,0.9464668094218416,0.21052631578947367,0.3375959079283887,0.625,0.9606299212598425,0.019230769230769232,0.03787878787878788,0.12706959213891506,0.3356299212598425,0.3542779399078611
0.9400428265524626,0.9751840168243954,0.8860759493670886,0.9333333333333333,0.9321812372930584,0.9400428265524625,0.26136363636363635,0.3562005277044855,0.7692307692307693,0.967741935483871,0.04838709677419355,0.058823529411764705,0.09483689134084916,0.19851116625310172,0.20894759889067288
0.9554565701559019,0.9876286353467563,0.9640287769784173,0.8993288590604027,0.948884335154827,0.955456570155902,0.2073170731707317,0.33242506811989103,0.7391304347826086,0.9285714285714286,0.0,0.02074688796680498,0.12510799494915933,0.18944099378881996,0.21018788175562494
0.9320175438596491,0.9765797613787007,0.9020979020979021,0.8835616438356164,0.9214871672396651,0.9320175438596491,0.25316455696202533,0.32625994694960214,0.6923076923076923,0.925,0.03773584905660377,0.04669260700389105,0.07309538998757681,0.23269230769230775,0.24164906563959504
0.9369565217391305,0.9794084285838931,0.8926174496644296,0.910958904109589,0.9276474576271188,0.9369565217391305,0.2625,0.3368421052631579,0.7407407407407407,0.9495798319327731,0.018867924528301886,0.05747126436781609,0.07434210526315788,0.20883909119203237,0.24744243103154656
