acc,auc,precision,recall,maf1,mif1,yp1.a1,yp1.a0,yp1.y1a1,yp1.y1a0,yp1.y0a1,yp1.y0a0,parity,equality,eq_odds
0.64,0.6577777777777778,0.6567164179104478,0.5866666666666667,0.6389730789802104,0.64,0.2765957446808511,0.5242718446601942,0.38095238095238093,0.6666666666666666,0.19230769230769232,0.3673469387755102,0.2476760999793431,0.2857142857142857,0.4607535321821036
0.5,0.5132444444444444,0.5,0.5733333333333334,0.4972965726797445,0.5,0.5416666666666666,0.5882352941176471,0.52,0.6,0.5652173913043478,0.5769230769230769,0.04656862745098045,0.07999999999999996,0.09170568561872905
0.54,0.5620444444444445,0.5263157894736842,0.8,0.5066495066495066,0.54,0.5319148936170213,0.8640776699029126,0.6086956521739131,0.8846153846153846,0.4583333333333333,0.8431372549019608,0.3321627762858913,0.2759197324414715,0.6607236540100989
0.5066666666666667,0.5434666666666667,0.5054945054945055,0.6133333333333333,0.5009890307498651,0.5066666666666667,0.5660377358490566,0.6288659793814433,0.6,0.62,0.5357142857142857,0.6382978723404256,0.0628282435323867,0.020000000000000018,0.12258358662613988
0.5333333333333333,0.5166222222222221,0.5233644859813084,0.7466666666666667,0.5110821382007823,0.5333333333333333,0.6410256410256411,0.7387387387387387,0.7058823529411765,0.7586206896551724,0.5909090909090909,0.7169811320754716,0.09771309771309766,0.05273833671399586,0.17881037788037657
