acc,auc,precision,recall,maf1,mif1,yp1.a1,yp1.a0,yp1.y1a1,yp1.y1a0,yp1.y0a1,yp1.y0a0,parity,equality,eq_odds
0.9507494646680943,0.9925601475396094,0.9383561643835616,0.9072847682119205,0.9432260860832289,0.9507494646680942,0.2236842105263158,0.329923273657289,0.625,0.9606299212598425,0.038461538461538464,0.026515151515151516,0.10623906313097323,0.3356299212598425,0.3475763082062294
0.9379014989293363,0.9819978969505783,0.8711656441717791,0.9466666666666667,0.9303246850128362,0.9379014989293362,0.2727272727272727,0.36675461741424803,0.8461538461538461,0.967741935483871,0.03225806451612903,0.07450980392156863,0.09402734468697532,0.12158808933002485,0.16383982873546443
0.9510022271714922,0.9883221476510067,0.950354609929078,0.8993288590604027,0.9439768602540836,0.9510022271714922,0.21951219512195122,0.335149863760218,0.7391304347826086,0.9285714285714286,0.01694915254237288,0.024896265560165973,0.11563766863826677,0.18944099378881996,0.19738810680661306
0.9364035087719298,0.9805788775961114,0.8926174496644296,0.910958904109589,0.9273466472543472,0.9364035087719298,0.3037974683544304,0.33156498673740054,0.8461538461538461,0.925,0.03773584905660377,0.054474708171206226,0.027767518382970147,0.0788461538461539,0.09558501296075636
0.9521739130434783,0.982876712328767,0.9078947368421053,0.9452054794520548,0.9454023608623405,0.9521739130434783,0.3125,0.33421052631578946,0.8888888888888888,0.957983193277311,0.018867924528301886,0.04980842911877394,0.021710526315789458,0.06909430438842212,0.10003480897889418
