acc,auc,precision,recall,maf1,mif1,yp1.a1,yp1.a0,yp1.y1a1,yp1.y1a0,yp1.y0a1,yp1.y0a0,parity,equality,eq_odds
0.6992952231793266,0.7723186140731898,0.7791706846673095,0.5998515219005197,0.6979570115010496,0.6992952231793266,0.4406779661016949,0.3876572798082684,0.6340956340956341,0.5808314087759815,0.2103960396039604,0.1793275217932752,0.05302068629342649,0.05326422531965258,0.08433274313033776
0.7176977290524668,0.7922696134559956,0.7895667550839964,0.6489825581395349,0.7176020943741223,0.7176977290524668,0.49606299212598426,0.4144144144144144,0.69921875,0.6192129629629629,0.22015915119363394,0.19350811485642946,0.08164857771156986,0.08000578703703709,0.10665682337424157
0.7196554424432263,0.8001835156173022,0.8333333333333334,0.5919117647058824,0.7174033045008046,0.7196554424432263,0.41846153846153844,0.35338822039265355,0.6412639405204461,0.559610705596107,0.14416475972540047,0.12945838837516513,0.06507331806888489,0.08165323492433907,0.0963596062745744
0.7153484729835552,0.786009796731741,0.8169811320754717,0.6190135811293781,0.7149540881172252,0.7153484729835551,0.43251859723698194,0.4048357098574086,0.6224677716390423,0.616822429906542,0.17336683417085427,0.16512549537648613,0.027682887379573362,0.005645341732500309,0.01388668052686845
0.7196554424432263,0.7939650256137971,0.8015564202334631,0.6167664670658682,0.7180952874260654,0.7196554424432263,0.46045503791982667,0.36971183323114654,0.6863905325443787,0.5741857659831122,0.18509615384615385,0.15835411471321695,0.09074320468868013,0.11220476656126643,0.13894680569420334
