acc,auc,precision,recall,maf1,mif1,yp1.a1,yp1.a0,yp1.y1a1,yp1.y1a0,yp1.y0a1,yp1.y0a0,parity,equality,eq_odds
0.918648310387985,0.9773216482164822,0.8652482269503546,0.9003690036900369,0.9101291779506304,0.918648310387985,0.45864661654135336,0.33183183183183185,0.975609756097561,0.8869565217391304,0.22826086956521738,0.0389908256880734,0.1268147847095215,0.08865323435843053,0.2779232782355745
0.9311639549436797,0.978415138971023,0.8840579710144928,0.9138576779026217,0.9232890820699466,0.9311639549436797,0.39072847682119205,0.33487654320987653,0.92,0.9124423963133641,0.12871287128712872,0.04408352668213457,0.05585193361131552,0.007557603686635939,0.09218694829163009
0.9386733416770964,0.977077838688742,0.9163636363636364,0.9064748201438849,0.9322512264550906,0.9386733416770963,0.3933333333333333,0.33281972265023113,0.9387755102040817,0.8995633187772926,0.12871287128712872,0.023809523809523808,0.06051361068310218,0.03921219142678911,0.14411553890439402
0.904881101376721,0.9575674868864344,0.8470149253731343,0.8664122137404581,0.8927213624478836,0.904881101376721,0.43795620437956206,0.31419939577039274,0.8809523809523809,0.8636363636363636,0.24210526315789474,0.04072398190045249,0.12375680860916932,0.017316017316017285,0.21869729857345954
0.934918648310388,0.9741829618487626,0.9172661870503597,0.897887323943662,0.9286401297077453,0.934918648310388,0.4041095890410959,0.33537519142419603,0.9245283018867925,0.8917748917748918,0.10752688172043011,0.030805687203791468,0.06873439761689987,0.032753410111900694,0.10947460462853933
