acc,auc,precision,recall,maf1,mif1,yp1.a1,yp1.a0,yp1.y1a1,yp1.y1a0,yp1.y0a1,yp1.y0a0,parity,equality,eq_odds
0.5333333333333333,0.560711111111111,0.5268817204301075,0.6533333333333333,0.5265151515151515,0.5333333333333333,0.44680851063829785,0.6990291262135923,0.47619047619047616,0.7222222222222222,0.4230769230769231,0.673469387755102,0.2522206155752944,0.24603174603174605,0.496424210709925
0.4733333333333334,0.41422222222222216,0.48507462686567165,0.8666666666666667,0.37693885062306115,0.47333333333333333,0.875,0.9019607843137255,0.92,0.84,0.8260869565217391,0.9615384615384616,0.026960784313725505,0.08000000000000007,0.2154515050167225
0.5866666666666667,0.5829333333333334,0.5764705882352941,0.6533333333333333,0.5848214285714285,0.5866666666666667,0.23404255319148937,0.7184466019417476,0.34782608695652173,0.7884615384615384,0.125,0.6470588235294118,0.4844040487502582,0.4406354515050167,0.9626942750344285
0.56,0.5939555555555556,0.8,0.16,0.4761904761904763,0.56,0.018867924528301886,0.14432989690721648,0.04,0.22,0.0,0.06382978723404255,0.1254619723789146,0.18,0.24382978723404253
0.5466666666666667,0.5930666666666666,0.5339805825242718,0.7333333333333333,0.5303002394547799,0.5466666666666666,0.3076923076923077,0.8198198198198198,0.35294117647058826,0.8448275862068966,0.2727272727272727,0.7924528301886793,0.5121275121275121,0.4918864097363083,1.0116119671977148
