acc,auc,precision,recall,maf1,mif1,yp1.a1,yp1.a0,yp1.y1a1,yp1.y1a0,yp1.y0a1,yp1.y0a0,parity,equality,eq_odds
0.9486081370449679,0.9879495347472546,0.9096774193548387,0.9337748344370861,0.941676033470713,0.9486081370449678,0.34210526315789475,0.329923273657289,1.0,0.9212598425196851,0.038461538461538464,0.045454545454545456,0.012181989500605728,0.07874015748031493,0.08573316447332192
0.9400428265524626,0.979348054679285,0.9013157894736842,0.9133333333333333,0.931490485371783,0.9400428265524625,0.32954545454545453,0.3245382585751979,0.9230769230769231,0.9112903225806451,0.08064516129032258,0.0392156862745098,0.005007195970256617,0.011786600496277999,0.053216075512090774
0.9398663697104677,0.987158836689038,0.9485294117647058,0.8657718120805369,0.930608740448184,0.9398663697104677,0.3048780487804878,0.3024523160762943,0.9565217391304348,0.8492063492063492,0.05084745762711865,0.016597510373443983,0.002425732704193495,0.10731538992408562,0.1415653371777603
0.9385964912280701,0.9817277949624392,0.9154929577464789,0.8904109589041096,0.9289529914529915,0.9385964912280702,0.3037974683544304,0.3129973474801061,0.8846153846153846,0.8916666666666667,0.018867924528301886,0.042801556420233464,0.009199879125675714,0.007051282051282137,0.030984913943213715
0.9521739130434783,0.9842509379635285,0.9078947368421053,0.9452054794520548,0.9454023608623405,0.9521739130434783,0.3625,0.3236842105263158,0.9629629629629629,0.9411764705882353,0.05660377358490566,0.0421455938697318,0.03881578947368419,0.02178649237472763,0.03624467208990149
