acc,auc,precision,recall,maf1,mif1,yp1.a1,yp1.a0,yp1.y1a1,yp1.y1a0,yp1.y0a1,yp1.y0a0,parity,equality,eq_odds
0.6880146386093321,0.7343135309635457,0.7664429530201342,0.5291936978683967,0.6792177903550084,0.6880146386093321,0.35607094133697137,0.3331039229181005,0.5372340425531915,0.5248933143669986,0.16526610644257703,0.15333333333333332,0.022967018418870888,0.012340728186192917,0.024273501295436622
0.67612076852699,0.7300952588227416,0.7337349397590361,0.5556569343065694,0.6714732935455687,0.67612076852699,0.4526166902404526,0.3448275862068966,0.5948717948717949,0.5339943342776204,0.277602523659306,0.17205692108667528,0.10778910403355602,0.060877460594174426,0.16642306316680514
0.6889295516925893,0.7354961077101535,0.7533875338753387,0.5275142314990512,0.6784849114064229,0.6889295516925892,0.4053295932678822,0.3048200950441276,0.5490716180371353,0.5155096011816839,0.24404761904761904,0.12562814070351758,0.1005094982237546,0.03356201685545146,0.15198149519955292
0.6893870082342178,0.7467722392901313,0.7683923705722071,0.5256290773532153,0.6797608606771803,0.6893870082342177,0.34297520661157027,0.3321917808219178,0.5069637883008357,0.5350140056022409,0.18256130790190736,0.1380697050938338,0.010783425789652468,0.028050217301405223,0.0725418201094788
0.6930466605672462,0.7328321621179932,0.75,0.5459715639810426,0.6843424556154125,0.6930466605672461,0.3764367816091954,0.3395973154362416,0.5327635327635327,0.5525568181818182,0.21739130434782608,0.14885496183206107,0.036839466172953805,0.01979328541828551,0.08832962793405053
