acc,auc,precision,recall,maf1,mif1,yp1.a1,yp1.a0,yp1.y1a1,yp1.y1a0,yp1.y0a1,yp1.y0a0,parity,equality,eq_odds
0.6952604778691734,0.7762474438005469,0.748471615720524,0.6362286562731997,0.6950864034996149,0.6952604778691736,0.3638418079096045,0.4934052757793765,0.5592515592515592,0.6789838337182448,0.1311881188118812,0.29301745635910226,0.12956346786977196,0.11973227446668555,0.2815616120139066
0.7027027027027026,0.776398209600247,0.7764811490125674,0.6290909090909091,0.7025157540714491,0.7027027027027027,0.38626126126126126,0.46306306306306305,0.5812133072407045,0.6574074074074074,0.1220159151193634,0.2534332084893883,0.0768018018018018,0.07619410016670292,0.2076113935367278
0.6917352134743439,0.7786234653123613,0.7736389684813754,0.5955882352941176,0.6907237489519346,0.6917352134743439,0.3261538461538461,0.4619771863117871,0.5,0.6581508515815085,0.11212814645308924,0.24867724867724866,0.13582334015794095,0.15815085158150854,0.29469995380566794
0.7042694868781825,0.7779863804673554,0.7948717948717948,0.6204431736954967,0.704094971342339,0.7042694868781826,0.34006376195536664,0.47890818858560796,0.5101289134438306,0.6904205607476636,0.10804020100502512,0.23941798941798942,0.13884442663024132,0.18029164730383296,0.3116694357167973
0.7093615354484919,0.7761222117673106,0.7763280521901211,0.6239700374531835,0.7084209664350853,0.709361535448492,0.34490238611713664,0.46290619251992643,0.5296442687747036,0.6815440289505428,0.1201923076923077,0.23690773067331672,0.11800380640278979,0.15189976017583917,0.2686151831568482
