acc,auc,precision,recall,maf1,mif1,yp1.a1,yp1.a0,yp1.y1a1,yp1.y1a0,yp1.y0a1,yp1.y0a0,parity,equality,eq_odds
0.5666666666666667,0.5633777777777778,0.5641025641025641,0.5866666666666667,0.5664932639722555,0.5666666666666667,0.3829787234042553,0.5825242718446602,0.42857142857142855,0.6481481481481481,0.34615384615384615,0.5102040816326531,0.19954554844040484,0.2195767195767196,0.3836269550555265
0.5800000000000001,0.6154666666666667,0.603448275862069,0.4666666666666667,0.5745351402458241,0.58,0.020833333333333332,0.5588235294117647,0.04,0.68,0.0,0.4423076923076923,0.5379901960784313,0.64,1.0823076923076922
0.6066666666666667,0.6352,0.5909090909090909,0.6933333333333334,0.6036899377546909,0.6066666666666667,0.23404255319148937,0.7475728155339806,0.34782608695652173,0.8461538461538461,0.125,0.6470588235294118,0.5135302623424912,0.4983277591973244,1.0203865827267362
0.5866666666666667,0.5781333333333334,0.6756756756756757,0.3333333333333333,0.5583206686930091,0.5866666666666667,0.0,0.38144329896907214,0.0,0.5,0.0,0.2553191489361702,0.38144329896907214,0.5,0.7553191489361701
0.5800000000000001,0.6124444444444445,0.5769230769230769,0.6,0.5798319327731092,0.58,0.20512820512820512,0.6306306306306306,0.17647058823529413,0.7241379310344828,0.22727272727272727,0.5283018867924528,0.4255024255024255,0.5476673427991886,0.8486965023189141
