acc,auc,precision,recall,maf1,mif1,yp1.a1,yp1.a0,yp1.y1a1,yp1.y1a0,yp1.y0a1,yp1.y0a0,parity,equality,eq_odds
0.7836000000000001,0.716636791032678,0.7888888888888889,0.9856041131105399,0.5053714285714286,0.7836,0.9441087613293051,0.9747002047382276,0.9753086419753086,0.9865395401009535,0.8579545454545454,0.9321692411014103,0.030591443408922503,0.011230898125644817,0.08544559377250971
0.7821333333333333,0.7305436280751785,0.7896417661760622,0.9795039614192215,0.5270519346759733,0.7821333333333333,0.9122302158273381,0.9651726671565025,0.9569471624266145,0.9816808309726157,0.7880434782608695,0.9072847682119205,0.05294245132916442,0.02473366854600123,0.14397495849705222
0.7904,0.7189398048814831,0.8057909604519774,0.9666214842426296,0.5499600804285083,0.7904,0.8862690707350902,0.9501401386635197,0.9337016574585635,0.9699570815450643,0.7415730337078652,0.8753521126760564,0.06387106792842945,0.03625542408650084,0.17003450305469203
0.7902666666666667,0.7299081235094873,0.7968017645437,0.9831604014288144,0.5188486332262763,0.7902666666666667,0.9258064516129032,0.9709302325581395,0.9604395604395605,0.985066371681416,0.8303030303030303,0.9182692307692307,0.04512378094523628,0.024626811241855506,0.11259301170805591
0.788,0.7328990192548892,0.7973765001395479,0.9764183185235816,0.5378207214136013,0.788,0.9052478134110787,0.9605224537716466,0.943089430894309,0.9794776119402985,0.8092783505154639,0.890646492434663,0.05527464036056784,0.03638818104598951,0.11775632296518856
