acc,auc,precision,recall,maf1,mif1,yp1.a1,yp1.a0,yp1.y1a1,yp1.y1a0,yp1.y0a1,yp1.y0a0,parity,equality,eq_odds
0.9224030037546934,0.9745474226950961,0.902834008097166,0.8544061302681992,0.9105360109802789,0.9224030037546934,0.14084507042253522,0.3455098934550989,0.41304347826086957,0.9488372093023256,0.010416666666666666,0.05203619909502263,0.2046648230325637,0.535793731041456,0.5774132634698119
0.9123904881101377,0.9708565708565708,0.8487084870848709,0.888030888030888,0.901190728570419,0.9123904881101377,0.2185430463576159,0.36728395061728397,0.6122448979591837,0.9523809523809523,0.029411764705882353,0.0867579908675799,0.14874090425966807,0.34013605442176864,0.3974822805834662
0.9274092615769712,0.9744702560661971,0.9176470588235294,0.8634686346863468,0.9178146813461211,0.9274092615769712,0.19254658385093168,0.3510971786833856,0.5769230769230769,0.9315068493150684,0.009174311926605505,0.0477326968973747,0.1585505948324539,0.35458377239199157,0.39314215736276076
0.918648310387985,0.9621756055363321,0.8682170542635659,0.8784313725490196,0.9066932564385874,0.918648310387985,0.18831168831168832,0.3550387596899225,0.6363636363636364,0.9289099526066351,0.00909090909090909,0.07603686635944701,0.16672707137823417,0.29254631624299876,0.3594922735115367
0.9161451814768461,0.9706511811774969,0.8842105263157894,0.8811188811188811,0.908711718793964,0.9161451814768461,0.19480519480519481,0.3953488372093023,0.5370370370370371,0.9612068965517241,0.01,0.0774818401937046,0.2005436424041075,0.424169859514687,0.4916516997083916
