acc,auc,precision,recall,maf1,mif1,yp1.a1,yp1.a0,yp1.y1a1,yp1.y1a0,yp1.y0a1,yp1.y0a0,parity,equality,eq_odds
0.8847213392667939,0.9314953751284686,0.9272108843537415,0.7572222222222222,0.8727209985839908,0.8847213392667939,0.28975853455453787,0.33405265429434616,0.7769784172661871,0.7401656314699793,0.030612244897959183,0.043671354552183565,0.04429411973980829,0.036812785796207836,0.04987189545043222
0.8889595253231617,0.9328449084276109,0.9109116022099447,0.7695449241540256,0.8753947147229952,0.8889595253231617,0.2602972399150743,0.35321489001692047,0.7530529172320217,0.781985670419652,0.03584672435105068,0.05118961788031723,0.09291765010184616,0.028932753187630222,0.04427564671689677
0.8893833439287985,0.9315945629455007,0.926002766251729,0.7633979475484607,0.8765971665597949,0.8893833439287985,0.26499361973628244,0.34755067567567566,0.7617135207496654,0.7646474677259185,0.03366583541147132,0.038941954445260836,0.08255705593939322,0.0029339469762531545,0.00821006601004267
0.891290527654164,0.9378032711910775,0.9375424304141209,0.7663706992230854,0.8800600480830565,0.891290527654164,0.2830267558528428,0.3420713364847443,0.763855421686747,0.7685185185185185,0.027528809218950064,0.03616236162361624,0.05904458063190149,0.004663096831771463,0.013296649236437637
0.8891714346259801,0.936919565999794,0.9368723098995696,0.7501435956346927,0.8750987416184439,0.88917143462598,0.2733693394266722,0.31833910034602075,0.7344497607655502,0.7646408839779005,0.028007638446849142,0.03127221037668799,0.04496976091934857,0.03019112321235029,0.033455695142189136
