acc,auc,precision,recall,maf1,mif1,yp1.a1,yp1.a0,yp1.y1a1,yp1.y1a0,yp1.y0a1,yp1.y0a0,parity,equality,eq_odds
0.7781333333333333,0.6728776591501527,0.7781037471662888,1.0,0.4382033599400462,0.7781333333333333,0.9984894259818731,1.0,1.0,1.0,0.9943181818181818,1.0,0.0015105740181269312,0.0,0.005681818181818232
0.7744000000000001,0.6596870741133729,0.7744130202774814,0.9998277643816741,0.438167325724286,0.7744000000000001,0.99568345323741,0.9998530492285085,0.9980430528375733,1.0,0.9891304347826086,0.9993377483443708,0.0041695959910984515,0.00195694716242667,0.012164260724188858
0.7869333333333334,0.6045777846672964,0.7869333333333334,1.0,0.4403820325324579,0.7869333333333334,1.0,1.0,1.0,1.0,1.0,1.0,0.0,0.0,0.0
0.7838666666666667,0.61941189266284,0.7838666666666667,1.0,0.43941998654607967,0.7838666666666667,1.0,1.0,1.0,1.0,1.0,1.0,0.0,0.0,0.0
0.7802666666666667,0.5001617051510064,0.7802666666666667,1.0,0.43828639904134215,0.7802666666666667,1.0,1.0,1.0,1.0,1.0,1.0,0.0,0.0,0.0
