acc,auc,precision,recall,maf1,mif1,yp1.a1,yp1.a0,yp1.y1a1,yp1.y1a0,yp1.y0a1,yp1.y0a0,parity,equality,eq_odds
0.6880146386093321,0.7371947661398146,0.7052740434332989,0.6320667284522706,0.6867297219833763,0.6880146386093321,0.529331514324693,0.39848589125946315,0.7180851063829787,0.5860597439544808,0.33053221288515405,0.22266666666666668,0.1308456230652299,0.13202536242849794,0.2398909086469853
0.6930466605672462,0.7414359137480747,0.7317339149400218,0.6122262773722628,0.6911120531298572,0.6930466605672461,0.4809052333804809,0.3901284651791751,0.6641025641025641,0.5835694050991501,0.2555205047318612,0.21345407503234154,0.09077676820130581,0.08053315900341396,0.12259958870293364
0.6994510521500458,0.7441246873763754,0.7268571428571429,0.603415559772296,0.6952386893966256,0.6994510521500458,0.48106591865357645,0.36116768499660556,0.6657824933687002,0.568685376661743,0.27380952380952384,0.18467336683417085,0.11989823365697089,0.0970971167069572,0.18623327368231019
0.6985361390667887,0.7514412823456416,0.7373853211009175,0.5992544268406338,0.6948269415519281,0.6985361390667887,0.44214876033057854,0.3773972602739726,0.6350974930362117,0.5812324929971989,0.25340599455040874,0.18230563002680966,0.06475150005660596,0.053865000039012734,0.12496536456261181
0.7008234217749314,0.7453446809223897,0.7181719260065288,0.6255924170616114,0.6979828681956342,0.7008234217749314,0.48419540229885055,0.3906040268456376,0.6723646723646723,0.6022727272727273,0.2927536231884058,0.2010178117048346,0.09359137545321294,0.07009194509194505,0.16182775657551626
