acc,auc,precision,recall,maf1,mif1,yp1.a1,yp1.a0,yp1.y1a1,yp1.y1a0,yp1.y0a1,yp1.y0a0,parity,equality,eq_odds
0.7844,0.6834243497996711,0.7881147540983606,0.9886889460154241,0.500329096791538,0.7844,0.9622356495468278,0.9773325533781807,0.98559670781893,0.9889699009160591,0.8977272727272727,0.9355271994627267,0.01509690383135287,0.0033731930971290236,0.04117311983258298
0.7821333333333333,0.6945536535302608,0.7915851272015656,0.9753703065794006,0.5364696804647785,0.7821333333333333,0.9122302158273381,0.9581190301249082,0.9549902152641878,0.9773371104815864,0.7934782608695652,0.890728476821192,0.04588881429757008,0.022346895217398632,0.1195971111690255
0.7912,0.6861341099451237,0.8074305161656268,0.9647577092511013,0.5568574024848585,0.7912,0.8945908460471568,0.9451246496533412,0.9429097605893186,0.9669714498973689,0.7471910112359551,0.8626760563380281,0.050533803606184424,0.024061689308050305,0.13954673441012333
0.7888000000000001,0.6873859833602994,0.8000558893391085,0.9739751658445314,0.5359865114247307,0.7888,0.917741935483871,0.9575581395348837,0.9494505494505494,0.9760324483775811,0.8303030303030303,0.8887362637362637,0.039816204051012716,0.026581898927031666,0.08501513236026503
0.7885333333333334,0.6955849464791724,0.8004225352112676,0.971120984278879,0.5515669032774861,0.7885333333333333,0.9052478134110787,0.9508365130613443,0.9451219512195121,0.9735074626865672,0.8041237113402062,0.8672627235213205,0.045588699650265574,0.028385511467055036,0.09152452364816932
