acc,auc,precision,recall,maf1,mif1,yp1.a1,yp1.a0,yp1.y1a1,yp1.y1a0,yp1.y0a1,yp1.y0a0,parity,equality,eq_odds
0.6802378774016469,0.7253130650237728,0.7416563658838071,0.5504587155963303,0.6746294418902663,0.6802378774016469,0.3774145616641902,0.3668208856576338,0.5795454545454546,0.5365853658536586,0.1557632398753894,0.20516129032258065,0.010593676006556363,0.04296008869179602,0.09235813913898727
0.6688014638609332,0.7304234824430957,0.6857749469214437,0.6014897579143389,0.6667862532675775,0.6688014638609332,0.45573294629898403,0.4195056780227121,0.6358543417366946,0.5843793584379359,0.2620481927710843,0.26794871794871794,0.03622726827627193,0.05147498329875877,0.05737550847639239
0.687099725526075,0.7150710181613629,0.7885714285714286,0.5073529411764706,0.6763718910382945,0.687099725526075,0.3299856527977044,0.31564808596373406,0.5054054054054054,0.5083565459610028,0.13149847094801223,0.13618677042801555,0.014337566833970361,0.00295114055559742,0.007639440035600742
0.681152790484904,0.7320549033010333,0.7436918990703851,0.5263157894736842,0.6718011129935045,0.681152790484904,0.35104895104895106,0.34126444595513256,0.5511363636363636,0.5140449438202247,0.15702479338842976,0.17918313570487485,0.009784505093818507,0.03709141981613895,0.05924976213258404
0.6884720951509606,0.7035992340879426,0.7808398950131233,0.5365193868349865,0.6818662166346716,0.6884720951509606,0.31179775280898875,0.36635006784260515,0.49066666666666664,0.5599455040871935,0.11275964391691394,0.17432432432432432,0.054552315033616405,0.06927883742052682,0.13084351782793718
