acc,auc,precision,recall,maf1,mif1,yp1.a1,yp1.a0,yp1.y1a1,yp1.y1a0,yp1.y0a1,yp1.y0a0,parity,equality,eq_odds
0.4866666666666667,0.46622222222222226,0.4888888888888889,0.5866666666666667,0.4814814814814815,0.4866666666666667,0.6382978723404256,0.5825242718446602,0.6190476190476191,0.5740740740740741,0.6538461538461539,0.5918367346938775,0.05577360049576541,0.044973544973545,0.10698296412582131
0.5466666666666667,0.5633777777777778,0.5299145299145299,0.8266666666666667,0.5081018518518519,0.5466666666666666,0.9375,0.7058823529411765,0.96,0.76,0.9130434782608695,0.6538461538461539,0.23161764705882348,0.19999999999999996,0.4591973244147156
0.5,0.4800888888888889,0.5,1.0,0.3333333333333333,0.5,1.0,1.0,1.0,1.0,1.0,1.0,0.0,0.0,0.0
0.5,0.5178666666666667,0.5,1.0,0.3333333333333333,0.5,1.0,1.0,1.0,1.0,1.0,1.0,0.0,0.0,0.0
0.52,0.5081777777777778,0.5118110236220472,0.8666666666666667,0.45443523944231157,0.52,1.0,0.7927927927927928,1.0,0.8275862068965517,1.0,0.7547169811320755,0.2072072072072072,0.1724137931034483,0.41769681197137276
