acc,auc,precision,recall,maf1,mif1,yp1.a1,yp1.a0,yp1.y1a1,yp1.y1a0,yp1.y0a1,yp1.y0a0,parity,equality,eq_odds
0.6866422689844465,0.7344424602726102,0.7100213219616205,0.6172381835032438,0.6847581123086461,0.6866422689844465,0.5252387448840382,0.38059187887130075,0.6968085106382979,0.5746799431009957,0.3445378151260504,0.19866666666666666,0.14464686601273746,0.12212856753730217,0.2679997159966859
0.6724611161939616,0.6989377553070382,0.7305825242718447,0.5492700729927007,0.6675384040239261,0.6724611161939615,0.32390381895332393,0.40229885057471265,0.48717948717948717,0.5835694050991501,0.12302839116719243,0.23673997412677877,0.07839503162138872,0.09638991791966295,0.21010150087924928
0.6930466605672462,0.724714364259325,0.7061356297093649,0.6223908918406073,0.6903765725704909,0.6930466605672461,0.4123422159887798,0.43109300746775286,0.5809018567639257,0.6454948301329394,0.22321428571428573,0.24874371859296482,0.018750791478973072,0.0645929733690137,0.0901224062476928
0.681152790484904,0.7355258409259711,0.6958333333333333,0.6225535880708295,0.6795831583489778,0.681152790484904,0.4490358126721763,0.43424657534246575,0.6072423398328691,0.6302521008403361,0.29427792915531337,0.24664879356568364,0.014789237329710547,0.02300976100746699,0.07063889659709671
0.6957913998170174,0.7395736692353787,0.7241379310344828,0.5971563981042654,0.6913920570643087,0.6957913998170174,0.3879310344827586,0.40268456375838924,0.5555555555555556,0.6178977272727273,0.21739130434782608,0.2099236641221374,0.014753529275630617,0.06234217171717171,0.0698098119428604
