acc,auc,precision,recall,maf1,mif1,yp1.a1,yp1.a0,yp1.y1a1,yp1.y1a0,yp1.y0a1,yp1.y0a0,parity,equality,eq_odds
0.6794871794871795,0.8181216931216931,0.5964912280701754,0.9444444444444444,0.6671786994367639,0.6794871794871795,0.7368421052631579,0.7288135593220338,0.875,0.9642857142857143,0.6363636363636364,0.5161290322580645,0.00802854594112401,0.0892857142857143,0.20952031839128615
0.717948717948718,0.7633487145682267,0.7021276595744681,0.8048780487804879,0.7132352941176471,0.717948717948718,0.47368421052631576,0.6440677966101694,0.5555555555555556,0.875,0.4,0.37037037037037035,0.17038358608385368,0.3194444444444444,0.3490740740740741
0.6666666666666666,0.7572751322751322,0.6388888888888888,0.6388888888888888,0.6646825396825397,0.6666666666666666,0.23809523809523808,0.543859649122807,0.2,0.8076923076923077,0.2727272727272727,0.3225806451612903,0.30576441102756896,0.6076923076923078,0.6575456801263253
0.641025641025641,0.7611842105263158,0.6666666666666666,0.6,0.6407894736842106,0.6410256410256411,0.0,0.5806451612903226,0.0,0.7272727272727273,0.0,0.41379310344827586,0.5806451612903226,0.7272727272727273,1.141065830721003
0.7435897435897436,0.7905723905723906,0.7777777777777778,0.7777777777777778,0.7373737373737375,0.7435897435897437,0.3684210526315789,0.6440677966101694,0.45454545454545453,0.8823529411764706,0.25,0.32,0.2756467439785905,0.42780748663101603,0.49780748663101604
