acc,auc,precision,recall,maf1,mif1,yp1.a1,yp1.a0,yp1.y1a1,yp1.y1a0,yp1.y0a1,yp1.y0a0,parity,equality,eq_odds
0.9314775160599572,0.9797342610445133,0.8993288590604027,0.8874172185430463,0.9214300736067298,0.9314775160599571,0.4605263157894737,0.2915601023017903,1.0,0.8661417322834646,0.21153846153846154,0.015151515151515152,0.16896621348768337,0.13385826771653542,0.3302452141034818
0.8993576017130621,0.9707465825446897,0.8159509202453987,0.8866666666666667,0.887077937779424,0.8993576017130621,0.5,0.31398416886543534,0.9615384615384616,0.8709677419354839,0.3064516129032258,0.043137254901960784,0.18601583113456466,0.09057071960297769,0.3538850776042427
0.9086859688195991,0.9729530201342282,0.8506493506493507,0.8791946308724832,0.8978894528108272,0.908685968819599,0.47560975609756095,0.3133514986376022,1.0,0.8571428571428571,0.2711864406779661,0.029045643153526972,0.16225825745995875,0.1428571428571429,0.384997940381582
0.9232456140350876,0.9741272646928856,0.8627450980392157,0.9041095890410958,0.9129234479259303,0.9232456140350878,0.46835443037974683,0.3076923076923077,0.9615384615384616,0.8916666666666667,0.22641509433962265,0.03501945525291829,0.16066212268743912,0.06987179487179485,0.2612674339584992
0.9130434782608696,0.9758747055230783,0.8354430379746836,0.9041095890410958,0.901742993848257,0.9130434782608695,0.525,0.30526315789473685,0.9629629629629629,0.8907563025210085,0.3018867924528302,0.038314176245210725,0.21973684210526317,0.07220666044195445,0.3357792766495739
