acc,auc,precision,recall,maf1,mif1,yp1.a1,yp1.a0,yp1.y1a1,yp1.y1a0,yp1.y0a1,yp1.y0a0,parity,equality,eq_odds
0.9357601713062099,0.9832760499622768,0.9416058394160584,0.8543046357615894,0.9246968524251806,0.9357601713062098,0.3026315789473684,0.2915601023017903,0.9583333333333334,0.8346456692913385,0.0,0.030303030303030304,0.011071476645578116,0.12368766404199483,0.15399069434502513
0.9164882226980728,0.9735436382754995,0.8580645161290322,0.8866666666666667,0.9050639839453726,0.9164882226980728,0.3181818181818182,0.33509234828496043,0.9615384615384616,0.8709677419354839,0.04838709677419355,0.07450980392156863,0.01691053010314225,0.09057071960297769,0.11669342675035277
0.9420935412026725,0.9905369127516779,0.9624060150375939,0.8590604026845637,0.932796813115962,0.9420935412026726,0.3048780487804878,0.29427792915531337,1.0,0.8333333333333334,0.03389830508474576,0.012448132780082987,0.010600119625174431,0.16666666666666663,0.18811683897132941
0.9320175438596491,0.9778612461334512,0.896551724137931,0.8904109589041096,0.9217756528379567,0.9320175438596491,0.3291139240506329,0.3156498673740053,0.9615384615384616,0.875,0.018867924528301886,0.054474708171206226,0.01346405667662759,0.08653846153846156,0.12214524518136591
0.9304347826086956,0.9811752901143006,0.8851351351351351,0.8972602739726028,0.9200191258612072,0.9304347826086956,0.35,0.3157894736842105,0.9259259259259259,0.8907563025210085,0.05660377358490566,0.05363984674329502,0.03421052631578947,0.03516962340491747,0.03813355024652811
