acc,auc,precision,recall,maf1,mif1,yp1.a1,yp1.a0,yp1.y1a1,yp1.y1a0,yp1.y0a1,yp1.y0a0,parity,equality,eq_odds
0.6945967110415036,0.7599538450845691,0.7341040462427746,0.6599851521900519,0.6945959619187785,0.6945967110415036,0.46214689265536724,0.4805272618334332,0.6611226611226612,0.6593533487297921,0.22524752475247525,0.2876712328767123,0.01838036917806596,0.001769312392869038,0.0641930205171061
0.6992952231793266,0.769431461483792,0.7495894909688013,0.6635174418604651,0.6992214454873833,0.6992952231793266,0.515185601799775,0.45645645645645644,0.693359375,0.6458333333333334,0.27320954907161804,0.25218476903870163,0.05872914534331858,0.04752604166666663,0.06855082169958304
0.7129992169146437,0.7866064390580352,0.7588769611890999,0.6757352941176471,0.7129865006844636,0.7129992169146437,0.49948717948717947,0.4585180493983534,0.6858736059479554,0.6690997566909975,0.2700228832951945,0.22985468956406868,0.04096913008882608,0.016773849256957907,0.05694204298808375
0.7114330462020361,0.7784558543672195,0.7795608108108109,0.6597569692637598,0.7113958364477563,0.7114330462020361,0.4622741764080765,0.4643521388716677,0.6372007366482505,0.6740654205607477,0.2236180904522613,0.22721268163804492,0.0020779624635912097,0.0368646839124972,0.04045927509828082
0.7145653876272514,0.779577544418552,0.7522859517871987,0.6773952095808383,0.7145555415701894,0.7145653876272514,0.4593716143011918,0.4776210913549969,0.6666666666666666,0.6839565741857659,0.20673076923076922,0.26433915211970077,0.01824947705380514,0.017289907519099312,0.07489829040803087
