acc,auc,precision,recall,maf1,mif1,yp1.a1,yp1.a0,yp1.y1a1,yp1.y1a0,yp1.y0a1,yp1.y0a0,parity,equality,eq_odds
0.46,0.5265777777777778,0.4722222222222222,0.68,0.43253467843631777,0.46,0.8085106382978723,0.6796116504854369,0.7619047619047619,0.6481481481481481,0.8461538461538461,0.7142857142857143,0.12889898781243536,0.11375661375661372,0.24562474562474557
0.6000000000000001,0.6212444444444444,0.5728155339805825,0.7866666666666666,0.5855590348130411,0.6,0.6875,0.6862745098039216,0.84,0.76,0.5217391304347826,0.6153846153846154,0.001225490196078427,0.07999999999999996,0.17364548494983278
0.5466666666666667,0.6364444444444444,0.5271317829457365,0.9066666666666666,0.47916666666666663,0.5466666666666666,0.851063829787234,0.8640776699029126,0.9130434782608695,0.9038461538461539,0.7916666666666666,0.8235294117647058,0.013013840115678521,0.009197324414715657,0.04106006951275487
0.5,0.5117333333333333,0.5,1.0,0.3333333333333333,0.5,1.0,1.0,1.0,1.0,1.0,1.0,0.0,0.0,0.0
0.5,0.4604444444444445,0.5,0.88,0.415614773258532,0.5,0.9743589743589743,0.8468468468468469,0.9411764705882353,0.8620689655172413,1.0,0.8301886792452831,0.12751212751212748,0.07910750507099396,0.2489188258257109
