acc,auc,precision,recall,maf1,mif1,yp1.a1,yp1.a0,yp1.y1a1,yp1.y1a0,yp1.y0a1,yp1.y0a0,parity,equality,eq_odds
0.6266666666666667,0.6741333333333334,0.620253164556962,0.6533333333333333,0.6264009962640099,0.6266666666666667,0.2978723404255319,0.6310679611650486,0.5238095238095238,0.7037037037037037,0.11538461538461539,0.5510204081632653,0.3331956207395167,0.17989417989417988,0.6155299726728297
0.7266666666666667,0.7800888888888888,0.765625,0.6533333333333333,0.7251887930649269,0.7266666666666666,0.4166666666666667,0.43137254901960786,0.6,0.68,0.21739130434782608,0.19230769230769232,0.01470588235294118,0.08000000000000007,0.10508361204013383
0.6066666666666667,0.6517333333333334,0.6142857142857143,0.5733333333333334,0.6062291434927698,0.6066666666666667,0.1702127659574468,0.6019417475728155,0.2608695652173913,0.7115384615384616,0.08333333333333333,0.49019607843137253,0.43172898161536866,0.45066889632107027,0.8575316414191094
0.64,0.6880000000000001,0.6981132075471698,0.49333333333333335,0.6320857558139534,0.64,0.20754716981132076,0.4329896907216495,0.36,0.56,0.07142857142857142,0.2978723404255319,0.22544252091032874,0.20000000000000007,0.42644376899696057
0.5733333333333334,0.6538666666666667,0.5733333333333334,0.5733333333333334,0.5733333333333334,0.5733333333333334,0.5128205128205128,0.4954954954954955,0.5882352941176471,0.5689655172413793,0.45454545454545453,0.41509433962264153,0.01732501732501729,0.01926977687626774,0.05872089179908074
