acc,auc,precision,recall,maf1,mif1,yp1.a1,yp1.a0,yp1.y1a1,yp1.y1a0,yp1.y0a1,yp1.y0a0,parity,equality,eq_odds
0.6948764867337603,0.7540070643214928,0.7776280323450134,0.5347544022242817,0.6861258228890652,0.6948764867337603,0.40791268758526605,0.30488644184445973,0.6037234042553191,0.49786628733997157,0.20168067226890757,0.124,0.10302624574080632,0.10585711691534755,0.18353778918425512
0.6921317474839891,0.739875611062747,0.8043165467625899,0.510036496350365,0.6817403129124463,0.692131747483989,0.36775106082036774,0.29411764705882354,0.5564102564102564,0.48441926345609065,0.13564668769716087,0.1203104786545925,0.0736334137615442,0.07199099295416578,0.08732720199673415
0.6994510521500458,0.7445295056356066,0.758800521512386,0.5521821631878557,0.6908315826658409,0.6994510521500458,0.4221598877980365,0.3163611676849966,0.610079575596817,0.5199409158050221,0.2113095238095238,0.14321608040201006,0.10579872011303987,0.09013865979179492,0.15823210319930867
0.6967063129002745,0.7524728930063997,0.7506112469437652,0.5722273998136067,0.6910804504503928,0.6967063129002745,0.4256198347107438,0.34863013698630135,0.6267409470752089,0.5448179271708683,0.22888283378746593,0.16085790884718498,0.07698969772444247,0.08192301990434059,0.14994794484462154
0.6953339432753889,0.7676266861100984,0.7653478854024557,0.5317535545023697,0.6848884202214972,0.6953339432753889,0.32471264367816094,0.3402684563758389,0.50997150997151,0.5426136363636364,0.13623188405797101,0.15903307888040713,0.015555812697677973,0.03264212639212638,0.055443321214562497
