acc,auc,precision,recall,maf1,mif1,yp1.a1,yp1.a0,yp1.y1a1,yp1.y1a0,yp1.y0a1,yp1.y0a0,parity,equality,eq_odds
0.7845333333333334,0.7080054862060003,0.7937613145801421,0.9768637532133676,0.5306644923369749,0.7845333333333334,0.9274924471299094,0.9603685288095934,0.9609053497942387,0.9783137034959806,0.8352272727272727,0.8959032907991941,0.03287608167968403,0.017408353701741874,0.07808437177366323
0.7846666666666667,0.7022690771790449,0.789313820240232,0.9846710299689976,0.524227550777637,0.7846666666666666,0.9410071942446043,0.9682586333578251,0.9726027397260274,0.9858356940509915,0.8532608695652174,0.9066225165562913,0.02725143911322081,0.013232954324964075,0.066594601316038
0.7908000000000001,0.6907271203541873,0.8058732175631794,0.9671297865130464,0.550254110727113,0.7908,0.8932038834951457,0.949845109898215,0.9373848987108656,0.9701436835230454,0.7584269662921348,0.8732394366197183,0.056641226403069345,0.03275878481217975,0.1475712551397632
0.7942666666666667,0.7053582324775214,0.8021181716833891,0.9790780745024664,0.5442457705633374,0.7942666666666667,0.9225806451612903,0.9598837209302326,0.967032967032967,0.9800884955752213,0.8,0.8846153846153846,0.03730307576894221,0.013055528542254224,0.09767091315763876
0.7901333333333334,0.7082300922761449,0.7998317914213625,0.9750512645249487,0.5486316254415611,0.7901333333333334,0.9256559766763849,0.9537716466099208,0.9654471544715447,0.9759328358208955,0.8247422680412371,0.8720770288858322,0.02811566993353587,0.010485681349350795,0.05782044219394589
