acc,auc,precision,recall,maf1,mif1,yp1.a1,yp1.a0,yp1.y1a1,yp1.y1a0,yp1.y0a1,yp1.y0a0,parity,equality,eq_odds
0.6887235708692248,0.7706634584571933,0.7518248175182481,0.6117297698589458,0.6881344946199234,0.6887235708692248,0.47005649717514125,0.40742959856201316,0.6257796257796258,0.6039260969976905,0.28465346534653463,0.19551681195516812,0.06262689861312809,0.02185352878193525,0.11099018217330175
0.7141738449490994,0.7803184348718759,0.7718855218855218,0.6664244186046512,0.7141694630049353,0.7141738449490993,0.5399325084364455,0.4252252252252252,0.71875,0.6354166666666666,0.29708222811671087,0.19850187265917604,0.11470728321122026,0.08333333333333337,0.1819136887908682
0.7047768206734534,0.782003153020002,0.7612068965517241,0.649264705882353,0.7047244915482938,0.7047768206734534,0.5302564102564102,0.4072197593413553,0.6877323420074349,0.6240875912408759,0.33638443935926776,0.17173051519154559,0.12303665091505495,0.06364475076655907,0.22829867493428124
0.7043852779953015,0.78350522482045,0.7563694267515924,0.6790564689063617,0.7039222505514214,0.7043852779953015,0.5292242295430393,0.4699318040917545,0.6721915285451197,0.6834112149532711,0.3341708542713568,0.2285336856010568,0.05929242545128477,0.011219686408151408,0.1168568550784514
0.7223962411902898,0.7901555263856523,0.7938144329896907,0.6339820359281437,0.721422467140966,0.7223962411902898,0.4637053087757313,0.3917841814837523,0.6587771203155819,0.6188178528347407,0.22596153846153846,0.1571072319201995,0.07192112729197897,0.03995926748084122,0.10881357402218017
