acc,auc,precision,recall,maf1,mif1,yp1.a1,yp1.a0,yp1.y1a1,yp1.y1a0,yp1.y0a1,yp1.y0a0,parity,equality,eq_odds
0.9186295503211992,0.9757942828401375,0.8843537414965986,0.8609271523178808,0.906367396901777,0.9186295503211992,0.14473684210526316,0.34782608695652173,0.4166666666666667,0.9448818897637795,0.019230769230769232,0.06060606060606061,0.20308924485125857,0.5282152230971129,0.5695905144724043
0.9207708779443255,0.9641850683491062,0.869281045751634,0.8866666666666667,0.9096253523926086,0.9207708779443254,0.1590909090909091,0.36675461741424803,0.5,0.967741935483871,0.016129032258064516,0.07450980392156863,0.20766370832333894,0.467741935483871,0.5261227071473751
0.9443207126948775,0.9777404921700223,0.9558823529411765,0.87248322147651,0.9357488337483186,0.9443207126948775,0.18292682926829268,0.329700272479564,0.6086956521739131,0.9206349206349206,0.01694915254237288,0.02074688796680498,0.14677344321127134,0.3119392684610075,0.31573700388543957
0.9057017543859649,0.9577551922227132,0.8601398601398601,0.8424657534246576,0.8910951029453422,0.9057017543859649,0.16455696202531644,0.3448275862068966,0.46153846153846156,0.925,0.018867924528301886,0.07392996108949416,0.18027062418158013,0.4634615384615385,0.5185235750227307
0.9065217391304348,0.9596675682750196,0.8652482269503546,0.8356164383561644,0.8911218631482185,0.9065217391304348,0.1125,0.3473684210526316,0.25925925925925924,0.9663865546218487,0.03773584905660377,0.06513409961685823,0.23486842105263162,0.7071272953625896,0.734525545922844
