acc,auc,precision,recall,maf1,mif1,yp1.a1,yp1.a0,yp1.y1a1,yp1.y1a0,yp1.y0a1,yp1.y0a0,parity,equality,eq_odds
0.6666666666666666,0.8062169312169312,0.5862068965517241,0.9444444444444444,0.6520247083047357,0.6666666666666666,0.9473684210526315,0.6779661016949152,1.0,0.9285714285714286,0.9090909090909091,0.45161290322580644,0.2694023193577163,0.0714285714285714,0.5289065772936741
0.717948717948718,0.7785102175346078,0.7111111111111111,0.7804878048780488,0.7149501661129568,0.717948717948718,0.5263157894736842,0.5932203389830508,0.6666666666666666,0.8125,0.4,0.3333333333333333,0.06690454950936664,0.14583333333333337,0.21250000000000008
0.717948717948718,0.7698412698412698,0.675,0.75,0.7177631578947369,0.717948717948718,0.47619047619047616,0.5263157894736842,0.6,0.8076923076923077,0.36363636363636365,0.2903225806451613,0.05012531328320802,0.20769230769230773,0.28100609068351007
0.6538461538461539,0.7513157894736842,0.7407407407407407,0.5,0.6468220694281401,0.6538461538461539,0.1875,0.3870967741935484,0.42857142857142855,0.5151515151515151,0.0,0.2413793103448276,0.19959677419354838,0.08658008658008659,0.32795939692491416
0.7435897435897436,0.8222222222222222,0.7659574468085106,0.8,0.7350543478260869,0.7435897435897437,0.5789473684210527,0.6101694915254238,0.6363636363636364,0.8529411764705882,0.5,0.28,0.031222123104371113,0.21657754010695185,0.4365775401069518
