acc,auc,precision,recall,maf1,mif1,yp1.a1,yp1.a0,yp1.y1a1,yp1.y1a0,yp1.y0a1,yp1.y0a0,parity,equality,eq_odds
0.8230557321466413,0.8790706482433102,0.7972889710412816,0.7188888888888889,0.8086211581767171,0.8230557321466412,0.2785179017485429,0.41173931808372893,0.7038369304556354,0.7318840579710145,0.05229591836734694,0.18282753515914138,0.13322141633518603,0.028047127515379078,0.1585787443071735
0.8296249205340115,0.8775013250960573,0.7627020785219399,0.7707117852975496,0.8162535537807423,0.8296249205340115,0.25095541401273885,0.4826565143824027,0.7069199457259159,0.8188331627430911,0.04326328800988875,0.24585436193222782,0.23170110036966385,0.11191321701717527,0.3145042909395143
0.8567493112947658,0.8986509274873524,0.8564814814814815,0.7383124287343216,0.841746043904102,0.8567493112947658,0.24712888132709485,0.39315878378378377,0.713520749665328,0.7567030784508441,0.029925187032418952,0.12417340191036003,0.14602990245668893,0.04318232878551609,0.13743054366345717
0.805679169315533,0.860903133188774,0.7375201288244766,0.7624861265260822,0.7954762361078256,0.805679169315533,0.3056020066889632,0.4864632574129781,0.7120481927710843,0.8055555555555556,0.08962868117797695,0.25756457564575647,0.18086125072401488,0.09350736278447125,0.26144325725225076
0.8222080949353677,0.8686770184107155,0.7902187902187903,0.7053417576105686,0.8043967781530577,0.8222080949353676,0.26215205650186957,0.3992214532871972,0.6734449760765551,0.7348066298342542,0.04328453214513049,0.18336886993603413,0.13706939678532765,0.061361653757699086,0.2014459915486027
