acc,auc,precision,recall,maf1,mif1,yp1.a1,yp1.a0,yp1.y1a1,yp1.y1a0,yp1.y0a1,yp1.y0a0,parity,equality,eq_odds
0.6961628817541112,0.7773068385420607,0.7377185678601166,0.6577579806978471,0.696161204866562,0.6961628817541112,0.5344632768361582,0.43618933493109646,0.7151767151767152,0.625866050808314,0.3193069306930693,0.23163138231631383,0.09827394190506178,0.08931066436840118,0.17698621274515666
0.7106499608457322,0.7737512091838749,0.7851387645478961,0.6373546511627907,0.7104848067897953,0.7106499608457322,0.5421822272215973,0.3813813813813814,0.728515625,0.5833333333333334,0.2891246684350133,0.16354556803995007,0.16080084584021587,0.14518229166666663,0.27076139206172983
0.7126076742364917,0.7923705537491379,0.7648054145516074,0.6647058823529411,0.7126013296187571,0.7126076742364916,0.5702564102564103,0.39645345155161493,0.7472118959107806,0.610705596107056,0.3524027459954233,0.16380449141347425,0.17380295870479534,0.13650629980372464,0.3251045543856737
0.711824588880188,0.7847856694175493,0.7830913748932536,0.6554681915654038,0.711813278631724,0.711824588880188,0.5313496280552603,0.41599504029758216,0.6961325966850829,0.6296728971962616,0.3065326633165829,0.17437252311756934,0.11535458775767815,0.06645969948882124,0.1986198396878348
0.7157400156617071,0.7889534969469928,0.7353395061728395,0.7133233532934131,0.7154746355284285,0.7157400156617071,0.5915492957746479,0.4598405885959534,0.7850098619329389,0.669481302774427,0.3557692307692308,0.243142144638404,0.13170870717869448,0.1155285591585119,0.22815564528933868
