acc,auc,precision,recall,maf1,mif1,yp1.a1,yp1.a0,yp1.y1a1,yp1.y1a0,yp1.y0a1,yp1.y0a0,parity,equality,eq_odds
0.6921269095182139,0.7454874846258684,0.731626754748142,0.6577579806978471,0.6921257286218752,0.6921269095182139,0.5163841807909605,0.4520383693045564,0.7006237006237006,0.6339491916859122,0.297029702970297,0.25561097256857856,0.06434581148640411,0.06667450893778837,0.10809323933950682
0.7015276145710928,0.7531125173637907,0.7714791851195748,0.6334545454545455,0.7014176241917622,0.7015276145710928,0.49099099099099097,0.41621621621621624,0.6653620352250489,0.6145833333333334,0.2546419098143236,0.20224719101123595,0.07477477477477473,0.050778701891715516,0.10317342069480318
0.7160203681942812,0.7740711749913711,0.7665827036104114,0.6713235294117647,0.716020193914976,0.7160203681942813,0.5117948717948718,0.4385297845373891,0.6970260223048327,0.6545012165450121,0.2837528604118993,0.2037037037037037,0.07326508725748271,0.04252480575982054,0.12257396246801613
0.7085781433607521,0.7582446238523927,0.7768385460693153,0.6568977841315226,0.7085405360284107,0.7085781433607521,0.512221041445271,0.434863523573201,0.6832412523020258,0.6401869158878505,0.27889447236180903,0.20238095238095238,0.07735751787207001,0.04305433641417533,0.11956785639503198
0.7113200156678418,0.7675694790379022,0.7529610829103215,0.6666666666666666,0.7112626031744278,0.7113200156678418,0.5086767895878525,0.437155119558553,0.7015810276679841,0.6453558504221955,0.27403846153846156,0.22194513715710723,0.07152167002929943,0.05622517724578868,0.10831850162714302
