acc,auc,precision,recall,maf1,mif1,yp1.a1,yp1.a0,yp1.y1a1,yp1.y1a0,yp1.y0a1,yp1.y0a0,parity,equality,eq_odds
0.9076075439711804,0.9509698907540635,0.9457516339869281,0.8038888888888889,0.8988436373505135,0.9076075439711804,0.29059117402164863,0.3590850237375917,0.8057553956834532,0.8022774327122153,0.016581632653061226,0.04219096965210955,0.06849384971594308,0.0034779629712379245,0.029087299970286248
0.9050646323373597,0.9515880766594765,0.9306122448979591,0.7981330221703618,0.8938311641353553,0.9050646323373596,0.25307855626326964,0.3697123519458545,0.7774762550881954,0.8137154554759468,0.014215080346106305,0.05695746214852199,0.11663379568258486,0.036239200387751414,0.0789815821901671
0.9109980928162746,0.9526234422500438,0.9446666666666667,0.8078677309007982,0.9015054414071724,0.9109980928162746,0.2615908124202467,0.3737331081081081,0.7978580990629184,0.8152929493545183,0.011845386533665835,0.0470242468772961,0.11214229568786144,0.017434850291599968,0.05261371063523024
0.9105742742106379,0.95301843417039,0.9451612903225807,0.8129855715871254,0.9023827721512733,0.9105742742106379,0.2909698996655518,0.3669961323592609,0.8072289156626506,0.8179012345679012,0.016645326504481434,0.043542435424354244,0.07602623269370906,0.010672318905250555,0.03756942782512336
0.9065479974570885,0.9508463173747055,0.929326287978864,0.8081562320505457,0.8965957646616893,0.9065479974570884,0.2933111757374325,0.3494809688581315,0.7978468899521531,0.8176795580110497,0.024824952259707194,0.048329779673063254,0.05616979312069903,0.019832668058896608,0.04333749547225267
