acc,auc,precision,recall,maf1,mif1,yp1.a1,yp1.a0,yp1.y1a1,yp1.y1a0,yp1.y0a1,yp1.y0a0,parity,equality,eq_odds
0.7876000000000001,0.7063530368414687,0.7951572502087392,0.9792630676949443,0.5363535850025607,0.7876,0.9350453172205438,0.9603685288095934,0.9691358024691358,0.9801832118152926,0.8409090909090909,0.8891873740765615,0.0253232115890496,0.011047409346156778,0.05932569251362729
0.7814666666666668,0.6901974853193028,0.7919293820933165,0.973475714777816,0.5382881998858838,0.7814666666666665,0.9381294964028777,0.9529757531227039,0.9686888454011742,0.9739376770538244,0.8532608695652174,0.8794701986754967,0.0148462567198262,0.005248831652650221,0.03145816076292951
0.7929333333333334,0.6931307942111644,0.8071761548241277,0.96814639105388,0.5555854693561157,0.7929333333333334,0.9098474341192788,0.9474848797757781,0.9521178637200737,0.9697704795670834,0.7808988764044944,0.8633802816901408,0.03763744565649929,0.017652615847009723,0.10013402113265613
0.7930666666666667,0.703516127573346,0.8017854651973776,0.9777172988603504,0.5429863002683659,0.7930666666666666,0.9387096774193548,0.9574127906976744,0.9714285714285714,0.9782448377581121,0.8484848484848485,0.8798076923076923,0.018703113278319528,0.006816266329540688,0.03813911015238447
0.7886666666666667,0.7062541683533635,0.7993545671390487,0.9735133287764867,0.5468072182525733,0.7886666666666666,0.924198250728863,0.9528911065453478,0.959349593495935,0.9748134328358209,0.8350515463917526,0.8720770288858322,0.02869285581648484,0.015463839339885932,0.052489321833965485
