acc,auc,precision,recall,maf1,mif1,yp1.a1,yp1.a0,yp1.y1a1,yp1.y1a0,yp1.y0a1,yp1.y0a0,parity,equality,eq_odds
0.8051391862955033,0.9768211920529801,0.9411764705882353,0.423841059602649,0.7286010792860109,0.8051391862955033,0.06578947368421052,0.16112531969309463,0.20833333333333334,0.4645669291338583,0.0,0.015151515151515152,0.0953358460088841,0.25623359580052496,0.2713851109520401
0.8779443254817988,0.9961934805467929,1.0,0.62,0.8414714763002269,0.8779443254817988,0.19318181818181818,0.20052770448548812,0.6538461538461539,0.6129032258064516,0.0,0.0,0.007345886303669946,0.04094292803970223,0.04094292803970223
0.953229398663697,0.9893288590604027,0.9,0.9664429530201343,0.9481925923483936,0.9532293986636972,0.32926829268292684,0.36239782016348776,1.0,0.9603174603174603,0.06779661016949153,0.04979253112033195,0.033129527480560916,0.03968253968253965,0.05768661873169923
0.7850877192982456,0.8087273530711445,0.9444444444444444,0.3493150684931507,0.6861797752808989,0.7850877192982457,0.11392405063291139,0.11936339522546419,0.34615384615384615,0.35,0.0,0.011673151750972763,0.005439344592552797,0.0038461538461538325,0.015519305597126595
0.7673913043478261,0.7101474565919204,0.7407407407407407,0.410958904109589,0.6871166034161629,0.7673913043478262,0.2,0.17105263157894737,0.4444444444444444,0.40336134453781514,0.07547169811320754,0.06513409961685823,0.02894736842105264,0.04108309990662928,0.051420698402978596
