acc,auc,precision,recall,maf1,mif1,yp1.a1,yp1.a0,yp1.y1a1,yp1.y1a0,yp1.y0a1,yp1.y0a0,parity,equality,eq_odds
0.6898444647758464,0.7641288522863603,0.7607282184655396,0.5421686746987951,0.6822478234918805,0.6898444647758463,0.4024556616643929,0.3262216104611149,0.6170212765957447,0.5021337126600285,0.17647058823529413,0.16133333333333333,0.07623405120327797,0.1148875639357162,0.130024818837677
0.6971637694419031,0.7535943882675953,0.7583333333333333,0.5812043795620438,0.6931504362930696,0.6971637694419031,0.42574257425742573,0.36443542934415146,0.6282051282051282,0.5552407932011332,0.17665615141955837,0.19016817593790428,0.06130714491327427,0.07296433500399502,0.08647635952234092
0.7031107044830741,0.767358573430512,0.7478580171358629,0.579696394686907,0.6968152343552158,0.7031107044830741,0.4123422159887798,0.35505770536320436,0.6206896551724138,0.5568685376661743,0.17857142857142858,0.18341708542713567,0.057284510625575435,0.06382111750623953,0.06866677436194663
0.6825251601097896,0.7522995623190809,0.7383647798742138,0.5470643056849953,0.6756615539334068,0.6825251601097896,0.39118457300275483,0.35,0.5905292479108635,0.5252100840336135,0.19618528610354224,0.18230563002680966,0.041184573002754854,0.06531916387725001,0.07919881995398259
0.696248856358646,0.7607938283865724,0.7387057387057387,0.5734597156398105,0.6899325223252242,0.696248856358646,0.382183908045977,0.3711409395973154,0.5754985754985755,0.5724431818181818,0.1855072463768116,0.19083969465648856,0.011042968448661594,0.0030553936803937587,0.008387841960070724
