acc,auc,precision,recall,maf1,mif1,yp1.a1,yp1.a0,yp1.y1a1,yp1.y1a0,yp1.y0a1,yp1.y0a0,parity,equality,eq_odds
0.6973375097885669,0.7383131928388533,0.774904214559387,0.6005939123979213,0.6960996695527502,0.6973375097885669,0.5322033898305085,0.3433193529059317,0.7130977130977131,0.5381062355658198,0.31683168316831684,0.13325031133250312,0.18888403692457684,0.17499147753189326,0.35857284936770695
0.7043852779953015,0.7832143068661901,0.7872340425531915,0.6184593023255814,0.703958251676094,0.7043852779953015,0.5534308211473565,0.35375375375375373,0.73046875,0.5520833333333334,0.3129973474801061,0.13982521847690388,0.1996770673936028,0.17838541666666663,0.35155754566986885
0.7094753328112764,0.7918477189870923,0.7783783783783784,0.6352941176470588,0.7091607247546755,0.7094753328112764,0.5774358974358974,0.34642178594046863,0.7639405204460966,0.551094890510949,0.34782608695652173,0.12417437252311757,0.23101411149542878,0.21284562993514766,0.4364973443685518
0.7083007047768207,0.7720047405537042,0.8061797752808989,0.6154395997140815,0.7079618322707908,0.7083007047768207,0.5409139213602551,0.3465592064476131,0.712707182320442,0.5537383177570093,0.3065326633165829,0.11228533685601057,0.19435471491264195,0.15896886456343262,0.353216191024005
0.7145653876272514,0.7798835825885175,0.7802400738688827,0.6324850299401198,0.7137656500516318,0.7145653876272514,0.5774647887323944,0.3372164316370325,0.7692307692307693,0.548854041013269,0.34375,0.11845386533665836,0.24024835709536185,0.22037672821750032,0.44567286288084196
