acc,auc,precision,recall,maf1,mif1,yp1.a1,yp1.a0,yp1.y1a1,yp1.y1a0,yp1.y0a1,yp1.y0a0,parity,equality,eq_odds
0.6466666666666667,0.7093333333333333,0.6486486486486487,0.64,0.6466509622649895,0.6466666666666666,0.3191489361702128,0.5728155339805825,0.47619047619047616,0.7037037037037037,0.19230769230769232,0.42857142857142855,0.2536665978103697,0.22751322751322756,0.46377696377696376
0.5266666666666667,0.5459555555555555,0.5714285714285714,0.21333333333333335,0.4751367601399635,0.5266666666666666,0.0,0.27450980392156865,0.0,0.32,0.0,0.23076923076923078,0.27450980392156865,0.32,0.5507692307692308
0.5,0.5461333333333332,0.0,0.0,0.3333333333333333,0.5,0.0,0.0,0.0,0.0,0.0,0.0,0.0,0.0,0.0
0.54,0.5793777777777778,0.5365853658536586,0.5866666666666667,0.5389960358113224,0.54,0.3584905660377358,0.6494845360824743,0.44,0.66,0.2857142857142857,0.6382978723404256,0.2909939700447384,0.22000000000000003,0.57258358662614
0.5,0.44853333333333334,0.5,0.24,0.46374946374946374,0.5,0.2564102564102564,0.23423423423423423,0.29411764705882354,0.22413793103448276,0.22727272727272727,0.24528301886792453,0.02217602217602216,0.06997971602434078,0.08799000761953804
