acc,auc,precision,recall,maf1,mif1,yp1.a1,yp1.a0,yp1.y1a1,yp1.y1a0,yp1.y0a1,yp1.y0a0,parity,equality,eq_odds
0.6914643696162882,0.725122383719321,0.7705711519845111,0.5909428359317,0.6900256290199365,0.6914643696162882,0.4192090395480226,0.396644697423607,0.6112266112266113,0.5796766743648961,0.1905940594059406,0.199252801992528,0.022564342124415604,0.031549936861715144,0.04020867944830256
0.7083007047768207,0.778526868559245,0.7918593894542091,0.622093023255814,0.707879334435351,0.7083007047768207,0.4544431946006749,0.4066066066066066,0.66015625,0.5995370370370371,0.17506631299734748,0.19850187265917604,0.047836587994068314,0.06061921296296291,0.08405477262479147
0.7122161315583398,0.7947938220514337,0.7939793038570084,0.6205882352941177,0.7114570099857741,0.7122161315583398,0.4153846153846154,0.4167194426852438,0.6171003717472119,0.6228710462287105,0.16704805491990846,0.1928665785997358,0.001334827300628394,0.005770674481498594,0.03158919816132594
0.7075176194205168,0.7576828223004062,0.8007380073800738,0.6204431736954967,0.7072914101605201,0.7075176194205168,0.41870350690754515,0.4277743335399876,0.5948434622467772,0.6366822429906542,0.17839195979899497,0.19154557463672392,0.009070826632442464,0.041838780743877035,0.054992395581605985
0.7129992169146437,0.7816522128157478,0.7809878844361603,0.6272455089820359,0.7120711497624306,0.7129992169146437,0.4279523293607801,0.41569589209074187,0.6291913214990138,0.6260554885404102,0.18269230769230768,0.19825436408977556,0.012256437270038223,0.003135832958603646,0.01869788935607153
