acc,auc,precision,recall,maf1,mif1,yp1.a1,yp1.a0,yp1.y1a1,yp1.y1a0,yp1.y0a1,yp1.y0a0,parity,equality,eq_odds
0.6808927173061864,0.751622095558635,0.7097791798107256,0.6681514476614699,0.6807105785300179,0.6808927173061864,0.44519774011299434,0.5236668663870582,0.6237006237006237,0.6928406466512702,0.23267326732673269,0.3412204234122042,0.07846912627406383,0.06914002295064647,0.177687179036118
0.7051683633516054,0.752037721601453,0.7924882629107981,0.6133720930232558,0.704590080684814,0.7051683633516054,0.42857142857142855,0.41081081081081083,0.6328125,0.6018518518518519,0.15119363395225463,0.20474406991260924,0.017760617760617714,0.03096064814814814,0.08451108410850275
0.7012529365700861,0.7723347127795843,0.7297921478060047,0.6970588235294117,0.7007471408842685,0.7012529365700861,0.4635897435897436,0.5364154528182394,0.6654275092936803,0.7177615571776156,0.2151029748283753,0.3394980184940555,0.07282570922849585,0.05233404788393525,0.17672909154961544
0.70203602192639,0.7557884574324889,0.7838078291814946,0.629735525375268,0.7019921173942476,0.70203602192639,0.3900106269925611,0.46931184128952264,0.5616942909760589,0.6728971962616822,0.15577889447236182,0.23910171730515192,0.07930121429696152,0.11120290528562327,0.19452572811841337
0.7094753328112764,0.7702126535107126,0.7855769230769231,0.6115269461077845,0.7080572686355995,0.7094753328112764,0.36619718309859156,0.43041079092581236,0.5581854043392505,0.6441495778045838,0.13221153846153846,0.20947630922693267,0.0642136078272208,0.08596417346533336,0.16322894423072756
