acc,auc,precision,recall,maf1,mif1,yp1.a1,yp1.a0,yp1.y1a1,yp1.y1a0,yp1.y0a1,yp1.y0a0,parity,equality,eq_odds
0.8907922912205568,0.9566392824209909,0.8246753246753247,0.8410596026490066,0.8758529020824103,0.8907922912205568,0.35526315789473684,0.3248081841432225,1.0,0.8110236220472441,0.057692307692307696,0.09090909090909091,0.030454973751514347,0.1889763779527559,0.22219316116953913
0.841541755888651,0.9241640378548895,0.7467532467532467,0.7666666666666667,0.8195593149540518,0.8415417558886509,0.32954545454545453,0.32981530343007914,0.9615384615384616,0.7258064516129032,0.06451612903225806,0.13725490196078433,0.00026984888462461276,0.23573200992555832,0.3084707828540846
0.8775055679287305,0.9541610738255033,0.8790322580645161,0.7315436241610739,0.8552673992673993,0.8775055679287305,0.3048780487804878,0.26975476839237056,1.0,0.6825396825396826,0.03389830508474576,0.05394190871369295,0.03512328038811724,0.31746031746031744,0.33750392108926464
0.8837719298245613,0.937604949182501,0.849624060150376,0.773972602739726,0.8631537821264164,0.8837719298245614,0.3291139240506329,0.2838196286472148,0.9615384615384616,0.7333333333333333,0.018867924528301886,0.07392996108949416,0.04529429540341806,0.22820512820512828,0.2832671647663206
0.8956521739130435,0.9507023819911002,0.8402777777777778,0.8287671232876712,0.8791461412151067,0.8956521739130435,0.35,0.30526315789473685,0.9629629629629629,0.7983193277310925,0.03773584905660377,0.08045977011494253,0.04473684210526313,0.16464363523187042,0.20736755629020917
