acc,auc,precision,recall,maf1,mif1,yp1.a1,yp1.a0,yp1.y1a1,yp1.y1a0,yp1.y0a1,yp1.y0a0,parity,equality,eq_odds
0.9400428265524626,0.9847221057926062,0.9361702127659575,0.8741721854304636,0.9302479409379933,0.9400428265524625,0.17105263157894737,0.3273657289002558,0.5,0.9448818897637795,0.019230769230769232,0.030303030303030304,0.1563130973213084,0.4448818897637795,0.4559541508360406
0.9464668094218416,0.9801682439537329,0.8930817610062893,0.9466666666666667,0.9395469255663431,0.9464668094218416,0.26136363636363635,0.35883905013192613,0.8076923076923077,0.9758064516129032,0.03225806451612903,0.058823529411764705,0.09747541376828978,0.16811414392059554,0.1946796088162312
0.9443207126948775,0.9801565995525727,0.9366197183098591,0.8926174496644296,0.9364515928146424,0.9443207126948775,0.23170731707317074,0.335149863760218,0.7391304347826086,0.9206349206349206,0.03389830508474576,0.029045643153526972,0.10344254668704725,0.18150448585231194,0.18635714778353074
0.9298245614035088,0.9750994255413169,0.8904109589041096,0.8904109589041096,0.9193990278391515,0.9298245614035088,0.26582278481012656,0.33156498673740054,0.6923076923076923,0.9333333333333333,0.05660377358490566,0.05058365758754864,0.06574220192727398,0.24102564102564106,0.24704575702299808
0.9369565217391305,0.983683797225373,0.8979591836734694,0.9041095890410958,0.9273859485822842,0.9369565217391305,0.2625,0.33157894736842103,0.7407407407407407,0.9411764705882353,0.018867924528301886,0.05363984674329502,0.06907894736842102,0.20043572984749458,0.23520765206248773
