acc,auc,precision,recall,maf1,mif1,yp1.a1,yp1.a0,yp1.y1a1,yp1.y1a0,yp1.y0a1,yp1.y0a0,parity,equality,eq_odds
0.6779505946935042,0.706974766208837,0.7302551640340219,0.5549399815327793,0.672578760545305,0.6779505946935042,0.46368715083798884,0.3340136054421769,0.6293333333333333,0.5155367231638418,0.28152492668621704,0.16535433070866143,0.12967354539581194,0.1137966101694915,0.2299672061470471
0.6774931381518756,0.7219104679834965,0.6950113378684807,0.5843660629170638,0.6730440678627733,0.6774931381518756,0.6107954545454546,0.3049932523616734,0.7762039660056658,0.4870689655172414,0.4444444444444444,0.14376590330788805,0.3058022021837812,0.2891350004884244,0.5898135416249808
0.6797804208600183,0.7045772854596384,0.7645348837209303,0.4943609022556391,0.6666405242427411,0.6797804208600183,0.3698630136986301,0.28708791208791207,0.5495978552278821,0.4645441389290883,0.18207282913165265,0.12679738562091503,0.08277510161071805,0.08505371629879377,0.1403291598095314
0.6852698993595608,0.7020768431983385,0.7595108695652174,0.5224299065420561,0.6754630145121182,0.6852698993595608,0.4174496644295302,0.29493407356002777,0.6053333333333333,0.4776978417266187,0.22702702702702704,0.12466487935656836,0.12251559086950242,0.12763549160671456,0.22999763927717323
0.6806953339432754,0.7230986894152808,0.7310012062726177,0.5605920444033302,0.6755228159118072,0.6806953339432754,0.5146666666666667,0.3084958217270195,0.6836461126005362,0.4957627118644068,0.34748010610079577,0.12637362637362637,0.2061708449396472,0.1878834007361294,0.4089898804632988
