acc,auc,precision,recall,maf1,mif1,yp1.a1,yp1.a0,yp1.y1a1,yp1.y1a0,yp1.y0a1,yp1.y0a0,parity,equality,eq_odds
0.6898981989036805,0.7547749486569622,0.7576601671309192,0.6057906458797327,0.6890926797597793,0.6898981989036805,0.4067796610169492,0.42959856201318153,0.6195426195426196,0.5981524249422633,0.15346534653465346,0.24782067247820672,0.02281890099623235,0.021390194600356294,0.11574552054390955
0.6883320281910729,0.7604144045879891,0.7357723577235772,0.657703488372093,0.6882027762287484,0.6883320281910729,0.47244094488188976,0.4864864864864865,0.6640625,0.6539351851851852,0.21220159151193635,0.30586766541822724,0.014045541604596756,0.01012731481481477,0.10379338872110566
0.6887235708692248,0.7599745048773279,0.7445887445887446,0.6323529411764706,0.6886509711495776,0.6887235708692248,0.42153846153846153,0.47118429385687144,0.6171003717472119,0.6423357664233577,0.18077803203661327,0.285336856010568,0.04964583231840991,0.025235394676145773,0.12979421865010052
0.6801096319498825,0.7494883482017148,0.7734962406015038,0.588277340957827,0.6797030071523578,0.6801096319498825,0.38788522848034007,0.4333539987600744,0.572744014732965,0.5981308411214953,0.135678391959799,0.24702774108322326,0.04546877027973434,0.025386826388530292,0.13673617551195455
0.6942051683633516,0.7541001740361641,0.7534246575342466,0.6175149700598802,0.6934942707866745,0.6942051683633516,0.42036836403033584,0.4334763948497854,0.621301775147929,0.6151990349819059,0.17548076923076922,0.2456359102244389,0.013108030819449557,0.0061027401660230796,0.07625788115969276
