acc,auc,precision,recall,maf1,mif1,yp1.a1,yp1.a0,yp1.y1a1,yp1.y1a0,yp1.y0a1,yp1.y0a0,parity,equality,eq_odds
0.5933333333333334,0.6364444444444445,0.6,0.56,0.5928809788654059,0.5933333333333334,0.2127659574468085,0.5825242718446602,0.38095238095238093,0.6296296296296297,0.07692307692307693,0.5306122448979592,0.3697583143978517,0.24867724867724872,0.7023664166521311
0.7133333333333334,0.7806222222222221,0.7424242424242424,0.6533333333333333,0.7122976047102905,0.7133333333333335,0.4583333333333333,0.43137254901960786,0.64,0.66,0.2608695652173913,0.21153846153846154,0.02696078431372545,0.020000000000000018,0.06933110367892978
0.6133333333333334,0.6625777777777778,0.6307692307692307,0.5466666666666666,0.6116071428571429,0.6133333333333333,0.1276595744680851,0.5728155339805825,0.21739130434782608,0.6923076923076923,0.041666666666666664,0.45098039215686275,0.4451559595124974,0.47491638795986624,0.8842301134500623
0.6133333333333334,0.6799999999999999,0.6808510638297872,0.4266666666666667,0.5993737336526064,0.6133333333333333,0.18867924528301888,0.38144329896907214,0.28,0.5,0.10714285714285714,0.2553191489361702,0.19276405368605326,0.21999999999999997,0.368176291793313
0.6000000000000001,0.6686222222222222,0.6027397260273972,0.5866666666666667,0.5999288762446656,0.6,0.5384615384615384,0.46846846846846846,0.6470588235294118,0.5689655172413793,0.45454545454545453,0.3584905660377358,0.06999306999306998,0.07809330628803246,0.17414819479575117
