acc,auc,precision,recall,maf1,mif1,yp1.a1,yp1.a0,yp1.y1a1,yp1.y1a0,yp1.y0a1,yp1.y0a0,parity,equality,eq_odds
0.7822666666666667,0.685057448193695,0.787729389208436,0.9857754927163668,0.49957569657653383,0.7822666666666667,0.9531722054380665,0.9755776542848786,0.9794238683127572,0.9863525892690223,0.8806818181818182,0.9368703828072532,0.02240544884681217,0.0069287209562650665,0.06311728558170004
0.7814666666666668,0.6791575787128976,0.7876570481844539,0.9826042025490872,0.5171572481266545,0.7814666666666665,0.9266187050359712,0.9697281410727406,0.9667318982387475,0.9841359773371104,0.8152173913043478,0.919205298013245,0.04310943603676942,0.017404079098362946,0.12139198580726018
0.7921333333333334,0.6766234288115991,0.8018068102849201,0.9774652660115215,0.5308661580909428,0.7921333333333334,0.9070735090152566,0.9648915769287506,0.9484346224677717,0.9804067923119985,0.7808988764044944,0.9063380281690141,0.057818067913493976,0.031972169844226794,0.1574113216087465
0.79,0.6843013626959225,0.7957669048927982,0.9848613709814594,0.5133075618099396,0.79,0.9467741935483871,0.9722383720930232,0.9692307692307692,0.9861725663716814,0.8848484848484849,0.9203296703296703,0.025464178544636118,0.01694179714091215,0.05242298262209755
0.7878666666666667,0.6924848114328186,0.7955333610764322,0.9800068352699932,0.5288304622428839,0.7878666666666667,0.9125364431486881,0.9660992075139418,0.9512195121951219,0.9826492537313433,0.8144329896907216,0.9050894085281981,0.05356276436525376,0.031429741536221356,0.1220861603736978
