acc,auc,precision,recall,maf1,mif1,yp1.a1,yp1.a0,yp1.y1a1,yp1.y1a0,yp1.y0a1,yp1.y0a0,parity,equality,eq_odds
0.9164882226980728,0.9920990862603738,0.9745762711864406,0.7615894039735099,0.8981859854096206,0.9164882226980728,0.27631578947368424,0.24808184143222506,0.875,0.7401574803149606,0.0,0.011363636363636364,0.028233948041459178,0.13484251968503935,0.1462061560486757
0.835117773019272,0.9429863301787592,0.9397590361445783,0.52,0.7798424078416486,0.8351177730192718,0.14772727272727273,0.18469656992084432,0.5,0.5241935483870968,0.0,0.0196078431372549,0.03696929719357159,0.024193548387096753,0.043801391524351654
0.9599109131403117,0.9966890380313199,0.9924812030075187,0.8859060402684564,0.9534747167725892,0.9599109131403119,0.2804878048780488,0.2997275204359673,1.0,0.8650793650793651,0.0,0.004149377593360996,0.01923971555791848,0.13492063492063489,0.1390700125139959
0.7894736842105263,0.7693990278391516,0.9032258064516129,0.3835616438356164,0.701048951048951,0.7894736842105263,0.1518987341772152,0.13262599469496023,0.46153846153846156,0.36666666666666664,0.0,0.023346303501945526,0.01927273948225497,0.09487179487179492,0.11821809837374045
0.8217391304347826,0.876581450135241,0.8018867924528302,0.5821917808219178,0.7759243417926054,0.8217391304347826,0.2,0.23684210526315788,0.5185185185185185,0.5966386554621849,0.03773584905660377,0.07279693486590039,0.03684210526315787,0.07812013694366637,0.113181222752963
