acc,auc,precision,recall,maf1,mif1,yp1.a1,yp1.a0,yp1.y1a1,yp1.y1a0,yp1.y0a1,yp1.y0a0,parity,equality,eq_odds
0.8902309811400722,0.933020726276122,0.9611510791366906,0.7422222222222222,0.8773555123846527,0.890230981140072,0.26061615320566195,0.3297367285282693,0.7278177458033573,0.7546583850931677,0.01211734693877551,0.025906735751295335,0.06912057532260735,0.026840639289810397,0.040630028102330226
0.8997668997668998,0.9366798237864935,0.9606533036377134,0.7549591598599766,0.8856512631636162,0.8997668997668997,0.23099787685774947,0.3396785109983079,0.7137042062415196,0.7860798362333674,0.011124845488257108,0.025234318673395817,0.10868063414055845,0.07237562999184777,0.08648510317698647
0.8908667090485273,0.9377213442269273,0.97544128933231,0.7246294184720639,0.8754129154588135,0.8908667090485273,0.22968949383241175,0.32221283783783783,0.7054886211512718,0.7388282025819265,0.008104738154613466,0.013960323291697281,0.09252334400542608,0.03333958143065474,0.039195166567738554
0.8970120788302607,0.9375919111701964,0.9809941520467836,0.7447280799112098,0.884575501420263,0.8970120788302607,0.2545986622073579,0.32617103566824235,0.7240963855421687,0.7623456790123457,0.005121638924455826,0.013284132841328414,0.07157237346088446,0.038249293470177026,0.04641178738704961
0.8851451578724306,0.9265934100694004,0.9709347996857817,0.7099368179207353,0.8679007099290073,0.8851451578724306,0.24511840465309515,0.2954152249134948,0.6866028708133971,0.7314917127071823,0.010184595798854232,0.014925373134328358,0.050296820260399666,0.04488884189378517,0.04962961922925929
