acc,auc,precision,recall,maf1,mif1,yp1.a1,yp1.a0,yp1.y1a1,yp1.y1a0,yp1.y0a1,yp1.y0a0,parity,equality,eq_odds
0.4935956084172004,0.3661140287646312,0.49359560841720035,1.0,0.33047473200612554,0.49359560841720035,1.0,1.0,1.0,1.0,1.0,1.0,0.0,0.0,0.0
0.580512351326624,0.5813717940132592,0.7324675324675325,0.2572992700729927,0.5318162422157661,0.5805123513266239,0.18246110325318246,0.17308992562542258,0.24871794871794872,0.26203966005665724,0.10094637223974763,0.09184993531694696,0.00937117762775988,0.01332171133870852,0.022418148261509188
0.5709057639524245,0.5857942316331525,0.6006944444444444,0.32827324478178366,0.5412269043687603,0.5709057639524245,0.37307152875175315,0.21045485403937542,0.40318302387267907,0.2865583456425406,0.3392857142857143,0.1457286432160804,0.16261667471237773,0.11662467823013845,0.3101817492997724
0.5576395242451967,0.6032276351079213,0.70703125,0.16868592730661697,0.4773033720089799,0.5576395242451967,0.1115702479338843,0.11986301369863013,0.1615598885793872,0.1722689075630252,0.06267029972752043,0.06970509383378017,0.00829276576474583,0.010709018983638019,0.017743813089897753
0.6120768526989936,0.6058590099773299,0.6533333333333333,0.41800947867298577,0.5944288133442435,0.6120768526989936,0.22413793103448276,0.3483221476510067,0.3418803418803419,0.4559659090909091,0.10434782608695652,0.25190839694656486,0.12418421661652396,0.11408556721056723,0.26164613807017556
