acc,auc,precision,recall,maf1,mif1,yp1.a1,yp1.a0,yp1.y1a1,yp1.y1a0,yp1.y0a1,yp1.y0a0,parity,equality,eq_odds
0.9229122055674519,0.9665311425936793,0.9020979020979021,0.8543046357615894,0.9106505102040816,0.9229122055674518,0.13157894736842105,0.340153452685422,0.3333333333333333,0.952755905511811,0.038461538461538464,0.045454545454545456,0.20857450531700097,0.6194225721784776,0.6264155791714846
0.9207708779443255,0.9631545741324921,0.8741721854304636,0.88,0.9093122976072388,0.9207708779443254,0.11363636363636363,0.3720316622691293,0.38461538461538464,0.9838709677419355,0.0,0.07450980392156863,0.25839529863276567,0.5992555831265509,0.6737653870481195
0.9354120267260578,0.9654362416107383,0.9285714285714286,0.87248322147651,0.9260174658098533,0.9354120267260579,0.15853658536585366,0.3460490463215259,0.5217391304347826,0.9365079365079365,0.01694915254237288,0.03734439834024896,0.18751246095567223,0.4147688060731539,0.43516405187103
0.9035087719298245,0.9483429076447194,0.8695652173913043,0.821917808219178,0.8875033641338477,0.9035087719298246,0.13924050632911392,0.33687002652519893,0.34615384615384615,0.925,0.03773584905660377,0.0622568093385214,0.197629520196085,0.5788461538461539,0.6033671141280715
0.908695652173913,0.9567664252683011,0.8823529411764706,0.821917808219178,0.8926165543920496,0.908695652173913,0.1125,0.33421052631578946,0.2962962962962963,0.9411764705882353,0.018867924528301886,0.05747126436781609,0.22171052631578947,0.644880174291939,0.6834835141314533
