acc,auc,precision,recall,maf1,mif1,yp1.a1,yp1.a0,yp1.y1a1,yp1.y1a0,yp1.y0a1,yp1.y0a0,parity,equality,eq_odds
0.7012808783165599,0.7674023172113094,0.8025568181818182,0.5236329935125116,0.6907711927614717,0.7012808783165599,0.3601637107776262,0.30282174810736406,0.5718085106382979,0.49786628733997157,0.13725490196078433,0.12,0.05734196267026215,0.07394222329832628,0.09119712525911061
0.6994510521500458,0.7621283399183018,0.7774968394437421,0.5611313868613139,0.6937209904898389,0.6994510521500458,0.4002828854314003,0.34347532116294793,0.6,0.5396600566572238,0.15457413249211358,0.16429495472186287,0.05680756426845235,0.06033994334277615,0.07006076557252544
0.7053979871912168,0.7615620453128249,0.7601522842639594,0.5683111954459203,0.6979172835850361,0.7053979871912168,0.391304347826087,0.3455532926001358,0.5862068965517241,0.5583456425406204,0.17261904761904762,0.16457286432160803,0.04575105522595119,0.02786125401110373,0.035907437308543316
0.6930466605672462,0.7613286676396631,0.7165948275862069,0.6197576887232059,0.6908323569130661,0.6930466605672461,0.4559228650137741,0.4089041095890411,0.649025069637883,0.6050420168067226,0.2670299727520436,0.22117962466487937,0.047018755424732994,0.04398305283116033,0.08983340091832456
0.6994510521500458,0.7680549444563173,0.7718579234972678,0.5355450236966824,0.6890930522287009,0.6994510521500458,0.33764367816091956,0.33355704697986577,0.5270655270655271,0.5397727272727273,0.14492753623188406,0.14885496183206107,0.00408663118105379,0.012707200207200176,0.01663462580737718
