acc,auc,precision,recall,maf1,mif1,yp1.a1,yp1.a0,yp1.y1a1,yp1.y1a0,yp1.y0a1,yp1.y0a0,parity,equality,eq_odds
0.6994510521500458,0.7511764799452134,0.758578431372549,0.5736793327154773,0.694028971551466,0.6994510521500458,0.42701227830832195,0.346180316586373,0.6223404255319149,0.5476529160739687,0.22128851540616246,0.15733333333333333,0.08083196172194895,0.07468750945794622,0.13864269153077535
0.7035681610247027,0.7543343601419674,0.7545454545454545,0.6058394160583942,0.7008070130379243,0.7035681610247027,0.4611032531824611,0.3745774171737661,0.658974358974359,0.5764872521246459,0.21766561514195584,0.19016817593790428,0.08652583600869501,0.08248710684971305,0.10998454605376462
0.6944190301921318,0.7466893744845482,0.7443037974683544,0.5578747628083491,0.6867517641890222,0.6944190301921317,0.45161290322580644,0.31771894093686354,0.636604774535809,0.5140324963072378,0.24404761904761904,0.1507537688442211,0.1338939622889429,0.1225722782285712,0.21586612843196915
0.6939615736505033,0.7553542016782095,0.7387706855791962,0.5824790307548928,0.6893268274195841,0.6939615736505031,0.44214876033057854,0.3595890410958904,0.6350974930362117,0.5560224089635855,0.25340599455040874,0.17158176943699732,0.08255971923468813,0.0790750840726262,0.16089930918603762
0.7003659652333029,0.740381577348402,0.7597402597402597,0.5545023696682464,0.6919652989549886,0.7003659652333029,0.39655172413793105,0.3315436241610738,0.584045584045584,0.5397727272727273,0.20579710144927535,0.1450381679389313,0.06500809997685725,0.04427285677285675,0.10503179028320081
