acc,auc,precision,recall,maf1,mif1,yp1.a1,yp1.a0,yp1.y1a1,yp1.y1a0,yp1.y0a1,yp1.y0a0,parity,equality,eq_odds
0.6903019213174749,0.7491579827753791,0.7348130841121495,0.5829471733086191,0.6861643122447962,0.6903019213174748,0.4406548431105048,0.3668272539573297,0.6409574468085106,0.5519203413940256,0.22969187675070027,0.19333333333333333,0.07382758915317511,0.08903710541448506,0.125395648831852
0.6802378774016469,0.7058364863054979,0.7708049113233287,0.5155109489051095,0.6714758746605944,0.6802378774016469,0.39462517680339465,0.3069641649763354,0.5743589743589743,0.4830028328611898,0.17350157728706625,0.1461836998706339,0.08766101182705927,0.09135614149778454,0.11867401891421689
0.6944190301921318,0.7498130963316593,0.6937751004016064,0.6555977229601518,0.6932316547971681,0.6944190301921317,0.5091164095371669,0.42973523421588594,0.6923076923076923,0.6351550960118169,0.30357142857142855,0.2550251256281407,0.07938117532128092,0.057152596295875435,0.10569889923916326
0.6985361390667887,0.7560642713537964,0.7116564417177914,0.6486486486486487,0.6973819897650835,0.6985361390667887,0.4641873278236915,0.43904109589041096,0.6629526462395543,0.6414565826330533,0.26975476839237056,0.2453083109919571,0.025146231933280527,0.021496063606501026,0.04594252100691448
0.6980786825251601,0.7561106431836944,0.7231638418079096,0.6066350710900474,0.6942061177428105,0.6980786825251601,0.4281609195402299,0.3939597315436242,0.6210826210826211,0.5994318181818182,0.2318840579710145,0.2099236641221374,0.03420118799660571,0.0216508029008029,0.043611196749680003
