acc,auc,precision,recall,maf1,mif1,yp1.a1,yp1.a0,yp1.y1a1,yp1.y1a0,yp1.y0a1,yp1.y0a0,parity,equality,eq_odds
0.7026532479414456,0.763650809198855,0.7497089639115251,0.5968489341983317,0.6987762799623157,0.7026532479414456,0.4297407912687585,0.37439779766001374,0.6223404255319149,0.5832147937411095,0.226890756302521,0.17866666666666667,0.055342993608744784,0.039125631790805415,0.08734972142665975
0.6834400731930467,0.7533909797093685,0.7657894736842106,0.531021897810219,0.6760577133929061,0.6834400731930467,0.347949080622348,0.3475321162947938,0.5076923076923077,0.5439093484419264,0.15141955835962145,0.16817593790426907,0.0004169643275541701,0.036217040749618734,0.052973420294266355
0.6935041171088747,0.7520307963604911,0.7347188264058679,0.5702087286527514,0.6870470085470086,0.6935041171088746,0.4109396914446003,0.3564154786150713,0.5623342175066313,0.5745937961595273,0.24107142857142858,0.1708542713567839,0.05452421282952902,0.012259578652896064,0.08247673586754073
0.7012808783165599,0.7547211678636532,0.7386363636363636,0.6057781919850885,0.6978481711709252,0.7012808783165599,0.44214876033057854,0.38287671232876713,0.6211699164345403,0.5980392156862745,0.2670299727520436,0.1769436997319035,0.059272048001811406,0.023130700748265842,0.11321697376840595
0.6893870082342178,0.7554334753877162,0.7506666666666667,0.533649289099526,0.6796558061136069,0.6893870082342177,0.33045977011494254,0.348993288590604,0.4843304843304843,0.5582386363636364,0.17391304347826086,0.16157760814249364,0.01853351847566148,0.07390815203315204,0.08624358736891927
