acc,auc,precision,recall,maf1,mif1,yp1.a1,yp1.a0,yp1.y1a1,yp1.y1a0,yp1.y0a1,yp1.y0a0,parity,equality,eq_odds
0.7051282051282051,0.7691798941798942,0.6274509803921569,0.8888888888888888,0.7011494252873564,0.7051282051282052,0.47368421052631576,0.711864406779661,0.625,0.9642857142857143,0.36363636363636365,0.4838709677419355,0.23818019625334524,0.3392857142857143,0.45952031839128615
0.6282051282051282,0.7310481212920238,0.6764705882352942,0.5609756097560976,0.6276543209876544,0.6282051282051282,0.47368421052631576,0.423728813559322,0.5555555555555556,0.5625,0.4,0.25925925925925924,0.04995539696699375,0.00694444444444442,0.1476851851851852
0.6538461538461539,0.7261904761904763,0.6097560975609756,0.6944444444444444,0.6537892487259577,0.6538461538461539,0.47619047619047616,0.543859649122807,0.6,0.7307692307692307,0.36363636363636365,0.3870967741935484,0.06766917293233088,0.13076923076923075,0.15422964132641548
0.641025641025641,0.749342105263158,0.6304347826086957,0.725,0.6372093023255814,0.6410256410256411,0.5,0.6129032258064516,0.7142857142857143,0.7272727272727273,0.3333333333333333,0.4827586206896552,0.11290322580645162,0.012987012987012991,0.16241230034333487
0.7051282051282051,0.7912457912457912,0.7619047619047619,0.7111111111111111,0.7011494252873562,0.7051282051282052,0.42105263157894735,0.576271186440678,0.5454545454545454,0.7647058823529411,0.25,0.32,0.15521855486173064,0.2192513368983957,0.2892513368983957
