acc,auc,precision,recall,maf1,mif1,yp1.a1,yp1.a0,yp1.y1a1,yp1.y1a0,yp1.y0a1,yp1.y0a0,parity,equality,eq_odds
0.961456102783726,0.987551345460642,0.9235668789808917,0.9602649006622517,0.956402223974109,0.9614561027837258,0.3026315789473684,0.34271099744245526,0.9583333333333334,0.9606299212598425,0.0,0.045454545454545456,0.04007941849508684,0.0022965879265091083,0.047751133381054564
0.9443254817987152,0.9819558359621452,0.8827160493827161,0.9533333333333334,0.937433011789925,0.9443254817987152,0.2840909090909091,0.36147757255936674,0.8461538461538461,0.9758064516129032,0.04838709677419355,0.06274509803921569,0.07738666346845763,0.1296526054590571,0.14401060672407923
0.9465478841870824,0.9805816554809844,0.9310344827586207,0.9060402684563759,0.9393161238005135,0.9465478841870824,0.2804878048780488,0.33242506811989103,0.8695652173913043,0.9126984126984127,0.05084745762711865,0.029045643153526972,0.051937263241842224,0.04313319530710835,0.06493500978070002
0.9320175438596491,0.9801148917366327,0.9020979020979021,0.8835616438356164,0.9214871672396651,0.9320175438596491,0.21518987341772153,0.33421750663129973,0.6538461538461539,0.9333333333333333,0.0,0.054474708171206226,0.1190276332135782,0.2794871794871795,0.33396188765838575
0.9456521739130435,0.9851452752813891,0.9060402684563759,0.9246575342465754,0.9376271186440679,0.9456521739130435,0.2875,0.33157894736842103,0.8148148148148148,0.9495798319327731,0.018867924528301886,0.04980842911877394,0.04407894736842105,0.1347650171179583,0.16570552170843036
