acc,auc,precision,recall,maf1,mif1,yp1.a1,yp1.a0,yp1.y1a1,yp1.y1a0,yp1.y0a1,yp1.y0a0,parity,equality,eq_odds
0.8832379741470651,0.9308005024551788,0.8925204274041484,0.7888888888888889,0.8731957476324381,0.8832379741470651,0.27310574521232306,0.403539059128183,0.7541966426858513,0.8188405797101449,0.01721938775510204,0.10658771280532939,0.13043331391585994,0.06464393702429361,0.15401226207452096
0.8862047043865227,0.9318804520664702,0.9000679809653297,0.7724620770128354,0.8727591980339233,0.8862047043865225,0.23821656050955414,0.3849407783417936,0.7340569877883311,0.8014329580348004,0.012360939431396786,0.09156452775775054,0.14672421783223943,0.06737597024646935,0.14657955857282312
0.8832379741470651,0.9370831498612663,0.9139710942876806,0.7571265678449259,0.8698797571933927,0.8832379741470651,0.2441514249255636,0.37119932432432434,0.7282463186077643,0.7785501489572989,0.018703241895261846,0.06980161645848641,0.12704789939876074,0.05030383034953456,0.10140220491275913
0.8900190718372537,0.9368778339079308,0.9302481556002683,0.769700332963374,0.8789670225349182,0.8900190718372537,0.2692307692307692,0.36398796733992267,0.755421686746988,0.7818930041152263,0.01088348271446863,0.06420664206642067,0.09475719810915345,0.02647131736823838,0.07979447672019041
0.8823903369357915,0.9292953032172752,0.9017615176151762,0.7645031591039633,0.8691325324888272,0.8823903369357916,0.26547569588699627,0.3620242214532872,0.7296650717703349,0.7966850828729282,0.018459579885423297,0.0824449182658138,0.09654852556629095,0.06702001110259326,0.13100534948298376
