acc,auc,precision,recall,maf1,mif1,yp1.a1,yp1.a0,yp1.y1a1,yp1.y1a0,yp1.y0a1,yp1.y0a0,parity,equality,eq_odds
0.918960244648318,0.9604928423594343,0.9057591623036649,0.8317307692307693,0.9044310446082202,0.918960244648318,0.10714285714285714,0.33025830258302585,0.2647058823529412,0.9425287356321839,0.038461538461538464,0.04076086956521739,0.2231154454401687,0.6778228532792427,0.6801221843829217
0.9121212121212121,0.9535562960220494,0.8727272727272727,0.8648648648648649,0.901359527515229,0.9121212121212121,0.12195121951219512,0.3817504655493482,0.325,0.9835164835164835,0.024096385542168676,0.07323943661971831,0.2597992460371531,0.6585164835164834,0.7076595345940331
0.9245283018867925,0.9659611992945327,0.9285714285714286,0.8425925925925926,0.9138405960713479,0.9245283018867925,0.1111111111111111,0.35260115606936415,0.35294117647058826,0.9340659340659341,0.012048192771084338,0.03857566765578635,0.24149004495825305,0.5811247575953458,0.6076522324800477
0.9059561128526645,0.9500894454382827,0.8814432989690721,0.8221153846153846,0.8910481915365962,0.9059561128526645,0.14285714285714285,0.33840304182509506,0.38235294117647056,0.9080459770114943,0.038461538461538464,0.056818181818181816,0.19554589896795221,0.5256930358350237,0.544049679191667
0.9006211180124223,0.9479381387668765,0.8805970149253731,0.815668202764977,0.8866633668811528,0.9006211180124224,0.08035714285714286,0.3609022556390977,0.20512820512820512,0.949438202247191,0.0136986301369863,0.06497175141242938,0.2805451127819549,0.7443099971189859,0.795583118394429
