acc,auc,precision,recall,maf1,mif1,yp1.a1,yp1.a0,yp1.y1a1,yp1.y1a0,yp1.y0a1,yp1.y0a0,parity,equality,eq_odds
0.6948764867337603,0.7367849551217168,0.8047337278106509,0.5041705282669138,0.6825355145569131,0.6948764867337603,0.32060027285129605,0.3035099793530626,0.5398936170212766,0.4850640113798009,0.0896358543417367,0.13333333333333333,0.017090293498233433,0.05482960564147571,0.09852708463307235
0.6829826166514181,0.7565375343199625,0.8085758039816233,0.48175182481751827,0.6697861443399823,0.6829826166514181,0.3451202263083451,0.27653820148749153,0.5256410256410257,0.45750708215297453,0.12302839116719243,0.111254851228978,0.06858202482085357,0.06813394348805113,0.07990748342626555
0.6637694419030192,0.7226005927276873,0.7031847133757961,0.523719165085389,0.6550782525476112,0.6637694419030192,0.3744740532959327,0.351663272233537,0.5278514588859416,0.5214180206794683,0.20238095238095238,0.20728643216080403,0.022810781062395702,0.006433438206473352,0.011338917986324998
0.6642268984446478,0.731719264575478,0.7059538274605103,0.5414725069897484,0.6582116589299469,0.6642268984446478,0.3677685950413223,0.38082191780821917,0.532033426183844,0.5462184873949579,0.20708446866485014,0.2225201072386059,0.013053322766896858,0.014185061211113958,0.029620699784869725
0.6944190301921318,0.7390842311254143,0.7936267071320182,0.4957345971563981,0.6794757992647634,0.6944190301921317,0.27729885057471265,0.312751677852349,0.46153846153846156,0.5127840909090909,0.08985507246376812,0.13358778625954199,0.03545282727763632,0.051245629370629375,0.09497834316640325
