acc,auc,precision,recall,maf1,mif1,yp1.a1,yp1.a0,yp1.y1a1,yp1.y1a0,yp1.y0a1,yp1.y0a0,parity,equality,eq_odds
0.9549436795994994,0.9833176658263185,0.9120879120879121,0.9540229885057471,0.949374841598378,0.9549436795994993,0.30985915492957744,0.3485540334855403,0.9347826086956522,0.958139534883721,0.010416666666666666,0.05203619909502263,0.038694878555962875,0.023356926188068727,0.06497645861642469
0.937421777221527,0.9778921778921779,0.88,0.9343629343629344,0.9296872799977473,0.9374217772215269,0.31788079470198677,0.35030864197530864,0.9387755102040817,0.9333333333333333,0.0196078431372549,0.07077625570776255,0.032427847273321875,0.0054421768707483276,0.05661058944125598
0.951188986232791,0.9848135413172313,0.9461538461538461,0.9077490774907749,0.9450012972640964,0.951188986232791,0.3167701863354037,0.3275862068965517,0.9615384615384616,0.8949771689497716,0.009174311926605505,0.031026252983293555,0.010816020561147999,0.06656129258868992,0.08841323364537798
0.9361702127659575,0.975281141868512,0.8923076923076924,0.9098039215686274,0.9269397305220127,0.9361702127659575,0.2532467532467532,0.3426356589147287,0.8636363636363636,0.919431279620853,0.00909090909090909,0.06221198156682028,0.08938890566797547,0.05579491598448938,0.10891598846040057
0.9486858573216521,0.9808782835098625,0.9096989966555183,0.951048951048951,0.9447203449177781,0.9486858573216521,0.35714285714285715,0.37829457364341085,0.9629629629629629,0.9482758620689655,0.03,0.05811138014527845,0.021151716500553697,0.014687100893997385,0.04279848103927584
