acc,auc,precision,recall,maf1,mif1,yp1.a1,yp1.a0,yp1.y1a1,yp1.y1a0,yp1.y0a1,yp1.y0a0,parity,equality,eq_odds
0.48000000000000004,0.4484444444444445,0.488,0.8133333333333334,0.415,0.48,0.8936170212765957,0.8058252427184466,0.8571428571428571,0.7962962962962963,0.9230769230769231,0.8163265306122449,0.08779177855814913,0.060846560846560815,0.16759695331123903
0.5666666666666667,0.6023999999999999,0.5510204081632653,0.72,0.5562332165126758,0.5666666666666667,0.8541666666666666,0.5588235294117647,0.84,0.66,0.8695652173913043,0.46153846153846156,0.2953431372549019,0.17999999999999994,0.5880267558528427
0.5266666666666667,0.5745777777777777,0.5142857142857142,0.96,0.4172366621067031,0.5266666666666666,0.9574468085106383,0.9223300970873787,1.0,0.9423076923076923,0.9166666666666666,0.9019607843137255,0.03511671142325967,0.05769230769230771,0.07239819004524883
0.5,0.5607111111111112,0.5,1.0,0.3333333333333333,0.5,1.0,1.0,1.0,1.0,1.0,1.0,0.0,0.0,0.0
0.5266666666666667,0.5070222222222223,0.5144927536231884,0.9466666666666667,0.42528735632183906,0.5266666666666666,0.9230769230769231,0.918918918918919,0.9411764705882353,0.9482758620689655,0.9090909090909091,0.8867924528301887,0.004158004158004158,0.007099391480730244,0.0293978477414506
