acc,auc,precision,recall,maf1,mif1,yp1.a1,yp1.a0,yp1.y1a1,yp1.y1a0,yp1.y0a1,yp1.y0a0,parity,equality,eq_odds
0.9059122695486332,0.9508084960602946,0.9385510996119016,0.8061111111111111,0.8972108875308626,0.9059122695486331,0.279766860949209,0.3772119119551144,0.7781774580335732,0.8302277432712215,0.014668367346938776,0.053293856402664694,0.09744505100590539,0.05205028523764832,0.09067577429337423
0.9059122695486332,0.9511566680969291,0.9139504563233377,0.8179696616102684,0.8957859490517839,0.9059122695486331,0.2522292993630573,0.3976311336717428,0.7720488466757124,0.8526100307062436,0.015451174289245983,0.07714491708723864,0.14540183430868547,0.08056118403053125,0.14225492682852392
0.9059122695486332,0.9496457146373214,0.9366666666666666,0.8010262257696693,0.8958771809161538,0.9059122695486331,0.2535091450446618,0.38175675675675674,0.7657295850066934,0.8272095332671301,0.014962593516209476,0.05216752387950037,0.12824761171209492,0.06147994826043668,0.09868487862372757
0.902521720703539,0.946519731818187,0.9455511288180611,0.7902330743618202,0.8929511925215652,0.9025217207035389,0.2729933110367893,0.3665663944993554,0.7662650602409639,0.8106995884773662,0.01088348271446863,0.04797047970479705,0.0935730834625661,0.04443452823640237,0.08152152522673078
0.9090909090909092,0.9527137356891374,0.9298820445609436,0.8150488225157955,0.8995840760546643,0.9090909090909091,0.2820938928126298,0.3663494809688581,0.7715311004784688,0.8552486187845304,0.021642266072565246,0.051883439943141436,0.0842555881562283,0.08371751830606156,0.11395869217663775
