acc,auc,precision,recall,maf1,mif1,yp1.a1,yp1.a0,yp1.y1a1,yp1.y1a0,yp1.y0a1,yp1.y0a0,parity,equality,eq_odds
0.6916742909423605,0.7473303679592248,0.7612903225806451,0.5468025949953661,0.6843944741335952,0.6916742909423604,0.3942701227830832,0.3344803854094976,0.5957446808510638,0.5206258890469416,0.18207282913165265,0.16,0.059789737373585616,0.07511879180412218,0.09719162093577483
0.6889295516925893,0.7380164735819996,0.7626262626262627,0.551094890510949,0.6830392477960644,0.6889295516925892,0.40594059405940597,0.341446923597025,0.5871794871794872,0.5311614730878187,0.1829652996845426,0.16817593790426907,0.06449367046238097,0.05601801409166851,0.07080737587194202
0.6994510521500458,0.7406179387291221,0.72480181200453,0.6072106261859582,0.6955002496504363,0.6994510521500458,0.45161290322580644,0.38085539714867617,0.636604774535809,0.5908419497784343,0.24404761904761904,0.2022613065326633,0.07075750607713027,0.0457628247573747,0.08754913727233044
0.6861848124428179,0.7362417720257668,0.7345454545454545,0.5647716682199441,0.680641580764503,0.6861848124428179,0.4035812672176309,0.3643835616438356,0.5905292479108635,0.5518207282913166,0.22070844686648503,0.18498659517426275,0.03919770557379526,0.03870851961954691,0.07443037131176919
0.6985361390667887,0.7396030019988182,0.7481203007518797,0.5658767772511848,0.6913743728987274,0.6985361390667887,0.39511494252873564,0.351006711409396,0.584045584045584,0.5568181818181818,0.2028985507246377,0.16666666666666666,0.04410823111933965,0.027227402227402275,0.06345928628537331
