acc,auc,precision,recall,maf1,mif1,yp1.a1,yp1.a0,yp1.y1a1,yp1.y1a0,yp1.y0a1,yp1.y0a0,parity,equality,eq_odds
0.7027027027027026,0.770678899489191,0.796969696969697,0.5857461024498887,0.7005592357343429,0.7027027027027027,0.4406779661016949,0.3597122302158273,0.6361746361746362,0.5577367205542725,0.2079207920792079,0.14588528678304238,0.08096573588586758,0.07843791562036373,0.14047342091652926
0.7148452800626713,0.7878079950609662,0.8174681059862611,0.6058181818181818,0.7137349272887232,0.7148452800626713,0.47184684684684686,0.36036036036036034,0.6673189823874756,0.5694444444444444,0.20689655172413793,0.1348314606741573,0.11148648648648651,0.09787453794303114,0.16993962899301177
0.7262044653349001,0.7975056703318376,0.7846683893195521,0.6698529411764705,0.72616144310423,0.7262044653349001,0.522051282051282,0.4131812420785805,0.7286245353159851,0.6313868613138686,0.26773455377574373,0.17592592592592593,0.10887003997270156,0.09723767400211658,0.18904630185193438
0.7195456325891109,0.7909933190704428,0.8124428179322964,0.6347390993566834,0.7193854304700826,0.7195456325891109,0.4867162592986185,0.3939205955334988,0.6685082872928176,0.6133177570093458,0.23869346733668342,0.1455026455026455,0.09279566376511972,0.05519053028347187,0.1483813521175098
0.7242459851155503,0.7861515470194278,0.7741094700260643,0.6674157303370787,0.7240559346078498,0.7242459851155503,0.5249457700650759,0.4089515634580012,0.7252964426877471,0.632086851628468,0.28125,0.17830423940149626,0.11599420660707471,0.09320959105927906,0.1961553516577828
