acc,auc,precision,recall,maf1,mif1,yp1.a1,yp1.a0,yp1.y1a1,yp1.y1a0,yp1.y0a1,yp1.y0a0,parity,equality,eq_odds
0.778,0.6804101273510014,0.778,1.0,0.437570303712036,0.778,1.0,1.0,1.0,1.0,1.0,1.0,0.0,0.0,0.0
0.7744000000000001,0.6726921342209602,0.7764784946236559,0.9950051670685498,0.4538055506440618,0.7744000000000001,0.9913669064748202,0.9920646583394562,0.9941291585127201,0.9950897072710104,0.9836956521739131,0.9814569536423841,0.0006977518646360537,0.0009605487582903249,0.0031992472898193514
0.7872,0.6660109489623807,0.7872198505869797,0.9998305659098611,0.4423115306493842,0.7872,1.0,0.9994099424693907,1.0,0.9998133980220191,1.0,0.997887323943662,0.0005900575306092559,0.00018660197798092693,0.0022992780343189523
0.7838666666666667,0.6511020257487545,0.7838666666666667,1.0,0.43941998654607967,0.7838666666666667,1.0,1.0,1.0,1.0,1.0,1.0,0.0,0.0,0.0
0.7806666666666667,0.6843325698956129,0.7810287241148964,0.9989747095010253,0.4437413655922914,0.7806666666666666,0.9941690962099126,0.9983856765482829,0.9959349593495935,0.9992537313432835,0.9896907216494846,0.9951856946354883,0.004216580338370357,0.0033187719936900173,0.008813744979693783
