acc,auc,precision,recall,maf1,mif1,yp1.a1,yp1.a0,yp1.y1a1,yp1.y1a0,yp1.y0a1,yp1.y0a0,parity,equality,eq_odds
0.7785333333333334,0.6809582332975649,0.7784151547491995,1.0,0.44009824247703505,0.7785333333333334,1.0,0.9994150336355659,1.0,1.0,1.0,0.9973136333109469,0.0005849663644340586,0.0,0.002686366689053088
0.7722666666666667,0.6739784618037523,0.778927307378165,0.9855322080606269,0.47294569785445695,0.7722666666666667,0.9640287769784173,0.9810433504775901,0.9823874755381604,0.9858356940509915,0.9130434782608695,0.9642384105960264,0.01701457349917279,0.0034482185128310583,0.05464315084798799
0.7872,0.6605250696715523,0.7872965038697625,0.9996611318197222,0.44292374468427315,0.7872,0.9986130374479889,0.9992624280867385,1.0,0.999626796044038,0.9943820224719101,0.997887323943662,0.0006493906387495807,0.00037320395596196487,0.003878505427713841
0.7841333333333333,0.6847800161576367,0.7841515474919958,0.9998299030447355,0.44132278936017255,0.7841333333333333,0.9951612903225806,0.9998546511627907,0.9978021978021978,1.0,0.9878787878787879,0.9993131868131868,0.0046933608402101035,0.00219780219780219,0.013632201132201094
0.7801333333333333,0.6885911857368487,0.781287645562843,0.9974367737525632,0.4464627796739252,0.7801333333333335,0.9868804664723032,0.9970648664514236,0.9898373983739838,0.9981343283582089,0.979381443298969,0.9931224209078404,0.010184399979120351,0.008296929984225154,0.02203790759309654
