acc,auc,precision,recall,maf1,mif1,yp1.a1,yp1.a0,yp1.y1a1,yp1.y1a0,yp1.y0a1,yp1.y0a0,parity,equality,eq_odds
0.9162958253867345,0.9597183205816299,0.9426591052299937,0.8311111111111111,0.9090495769718832,0.9162958253867345,0.2993338884263114,0.37462235649546827,0.8213429256594724,0.839544513457557,0.021683673469387755,0.04219096965210955,0.07528846806915684,0.018201587798084562,0.03870888398080635
0.9192625556261921,0.9614462088662032,0.9410986101919259,0.8296382730455076,0.910268716382379,0.919262555626192,0.2653927813163482,0.37478849407783416,0.8032564450474898,0.849539406345957,0.0203955500618047,0.04037490987743331,0.10939571276148596,0.04628296129846721,0.06626232111409582
0.9241364695910151,0.9628495503412101,0.9526588845654993,0.8375142531356898,0.9165481461400575,0.924136469591015,0.2705231816248405,0.38260135135135137,0.8152610441767069,0.8540218470705064,0.01683291770573566,0.03379867744305658,0.11207816972651086,0.03876080289379957,0.05572656263112049
0.929434202161475,0.9637941806175061,0.9531153608883405,0.8573806881243063,0.9236776594884393,0.9294342021614749,0.306438127090301,0.38160721959604643,0.844578313253012,0.8683127572016461,0.020486555697823303,0.03247232472324723,0.07516909250574544,0.02373444394863411,0.03572021297405804
0.9241364695910151,0.9646348736223402,0.948152948801037,0.8403216542217117,0.9164065280219396,0.924136469591015,0.29912754466140423,0.3559688581314879,0.812200956937799,0.8662983425414365,0.026098026734563972,0.02771855010660981,0.05684131347008364,0.054097385603637416,0.05571790897568325
