acc,auc,precision,recall,maf1,mif1,yp1.a1,yp1.a0,yp1.y1a1,yp1.y1a0,yp1.y0a1,yp1.y0a0,parity,equality,eq_odds
0.967880085653105,0.9947397099505406,0.9594594594594594,0.9403973509933775,0.963105364337819,0.9678800856531049,0.3157894736842105,0.3171355498721228,1.0,0.9291338582677166,0.0,0.022727272727272728,0.0013460761879122707,0.07086614173228345,0.09359341445955618
0.9421841541755889,0.9843322818086224,0.8773006134969326,0.9533333333333334,0.935129879149882,0.9421841541755889,0.3068181818181818,0.35883905013192613,0.8846153846153846,0.967741935483871,0.06451612903225806,0.06274509803921569,0.052020868313744306,0.08312655086848642,0.08489758186152879
0.9576837416481069,0.9916331096196869,0.9577464788732394,0.912751677852349,0.9517032105391283,0.9576837416481069,0.2804878048780488,0.3242506811989101,0.9565217391304348,0.9047619047619048,0.01694915254237288,0.02074688796680498,0.04376287632086129,0.051759834368530044,0.05555756979296214
0.9495614035087718,0.9861246133451171,0.9361702127659575,0.9041095890410958,0.9415303135888502,0.9495614035087719,0.3037974683544304,0.3103448275862069,0.9230769230769231,0.9,0.0,0.03501945525291829,0.006547359231776517,0.023076923076923106,0.058096378329841394
0.9565217391304348,0.9897260273972603,0.9090909090909091,0.958904109589041,0.9505376344086023,0.9565217391304348,0.3375,0.33421052631578946,0.9629629629629629,0.957983193277311,0.018867924528301886,0.04980842911877394,0.0032894736842105643,0.004979769685651947,0.035920274276124
