acc,auc,precision,recall,maf1,mif1,yp1.a1,yp1.a0,yp1.y1a1,yp1.y1a0,yp1.y0a1,yp1.y0a0,parity,equality,eq_odds
0.696248856358646,0.7693295592208316,0.7287761852260198,0.6126042632066728,0.6936847960872798,0.696248856358646,0.44747612551159616,0.39848589125946315,0.6569148936170213,0.5889046941678521,0.226890756302521,0.22,0.048990234252133,0.0680101994491692,0.0749009557516902
0.6903019213174749,0.7560938860242417,0.7710219922380336,0.5437956204379562,0.6836493906616501,0.6903019213174748,0.3932107496463932,0.33468559837728196,0.5871794871794872,0.5198300283286119,0.15457413249211358,0.16558861578266496,0.05852515126911123,0.06734945885087529,0.07836394214142667
0.7026532479414456,0.7638627205128034,0.7596401028277635,0.5607210626185958,0.6946454973695972,0.7026532479414456,0.3955119214586255,0.3367277664630007,0.5994694960212201,0.5391432791728212,0.16666666666666666,0.16457286432160803,0.05878415499562484,0.060326216848398895,0.06242001919345752
0.6953339432753889,0.7626885180561174,0.7460701330108828,0.5750232991612302,0.6900281042411855,0.6953339432753889,0.39944903581267216,0.3678082191780822,0.596100278551532,0.5644257703081232,0.20708446866485014,0.17962466487935658,0.03164081663458995,0.03167450824340878,0.05913431202890235
0.6994510521500458,0.7551275765689887,0.7475124378109452,0.5696682464454976,0.6925718378471754,0.6994510521500458,0.3692528735632184,0.36711409395973155,0.5527065527065527,0.578125,0.1826086956521739,0.178117048346056,0.002138779603486851,0.025418447293447333,0.029910094599565257
