acc,auc,precision,recall,maf1,mif1,yp1.a1,yp1.a0,yp1.y1a1,yp1.y1a0,yp1.y0a1,yp1.y0a0,parity,equality,eq_odds
0.8957406230133503,0.9348494537703171,0.9592696629213483,0.7588888888888888,0.8841092434357383,0.8957406230133503,0.2672772689425479,0.3375053949072076,0.7470023980815348,0.7691511387163561,0.01211734693877551,0.028867505551443375,0.07022812596465972,0.022148740634821307,0.03889889924748917
0.9012502648866286,0.9385436951638363,0.9568081991215227,0.7625437572928822,0.8877039050914484,0.9012502648866285,0.2356687898089172,0.3430626057529611,0.7218453188602443,0.7932446264073695,0.014215080346106305,0.02595529920692141,0.1073938159440439,0.0713993075471252,0.08313952640794031
0.8948929858020768,0.9392257831292868,0.9729323308270676,0.7377423033067275,0.8805544226560309,0.8948929858020767,0.23266695023394302,0.33065878378378377,0.713520749665328,0.7557100297914597,0.008728179551122194,0.016164584864070537,0.09799183354984076,0.04218928012613177,0.04962568543908011
0.8999788090697182,0.9408829255727362,0.9784172661870504,0.7547169811320755,0.8882809810308673,0.8999788090697182,0.2583612040133779,0.33175762784701335,0.7325301204819277,0.7736625514403292,0.006402048655569782,0.014760147601476014,0.07339642383363543,0.04113243095840158,0.049490529904307815
0.8929858020767112,0.9302559184739401,0.9688922610015175,0.7334865020103389,0.8778736784503705,0.8929858020767112,0.25259659326963024,0.3070934256055363,0.7069377990430622,0.7580110497237569,0.010821133036282623,0.017057569296375266,0.054496832335906076,0.05107325068069468,0.05730968694078732
