acc,auc,precision,recall,maf1,mif1,yp1.a1,yp1.a0,yp1.y1a1,yp1.y1a0,yp1.y0a1,yp1.y0a0,parity,equality,eq_odds
0.7825333333333334,0.6763269696431649,0.7849783080260304,0.9922879177377892,0.48242988559214695,0.7825333333333334,1.0,0.9818660427025446,1.0,0.9915872125630959,1.0,0.9469442578912022,0.018133957297455372,0.008412787436904101,0.06146852954570192
0.7788,0.6917605184719142,0.7869896193771626,0.9793317258008957,0.5150642650437939,0.7788,0.9985611510791367,0.9597354886113152,0.9980430528375733,0.9775259678942398,1.0,0.8973509933774835,0.03882566246782149,0.020517084943333486,0.12316609156585001
0.7913333333333333,0.6855762922053108,0.8046073886781852,0.9705184683158251,0.5445030511795401,0.7913333333333333,0.9015256588072122,0.9542705413777843,0.9447513812154696,0.9731293151707409,0.7696629213483146,0.8830985915492958,0.05274488257057208,0.028377933955271217,0.14181360415625244
0.7856000000000001,0.6832509798938262,0.7968033356497568,0.9751658445313829,0.521058418005916,0.7856,1.0,0.9556686046511628,1.0,0.9730825958702065,1.0,0.8907967032967034,0.04433139534883723,0.026917404129793487,0.13612070083309014
0.7862666666666667,0.6967327471646902,0.7989306317714929,0.9702665755297334,0.5454514348743724,0.7862666666666667,0.9256559766763849,0.9498092163193426,0.9613821138211383,0.9710820895522388,0.8350515463917526,0.8713892709766162,0.02415323964295768,0.009699975731100596,0.046037700315964214
