acc,auc,precision,recall,maf1,mif1,yp1.a1,yp1.a0,yp1.y1a1,yp1.y1a0,yp1.y0a1,yp1.y0a0,parity,equality,eq_odds
0.696248856358646,0.7430974680460429,0.7584059775840598,0.5644114921223355,0.6902585901523204,0.696248856358646,0.3669849931787176,0.36751548520302824,0.5664893617021277,0.5633001422475107,0.1568627450980392,0.184,0.0005304920243106581,0.0031892194546170316,0.030326474356577815
0.6925892040256176,0.7445372664568406,0.7334801762114538,0.6076642335766423,0.6904434374494255,0.6925892040256175,0.4214992927864215,0.41244083840432727,0.6025641025641025,0.6104815864022662,0.19873817034700317,0.2315653298835705,0.009058454382094239,0.007917483838163708,0.04074464337473105
0.6861848124428179,0.735145768098645,0.6965811965811965,0.618595825426945,0.683641549477024,0.6861848124428179,0.40392706872370265,0.439918533604888,0.5729442970822282,0.6440177252584933,0.21428571428571427,0.2663316582914573,0.03599146488118532,0.07107342817626516,0.12311937218200816
0.6944190301921318,0.7462564339597522,0.7232635060639471,0.6113699906803355,0.6916810242897199,0.6944190301921317,0.4022038567493113,0.4212328767123288,0.584958217270195,0.6246498599439776,0.22343324250681199,0.22654155495978553,0.01902901996301748,0.03969164267378256,0.042799955126756106
0.6994510521500458,0.7436505043140115,0.7256235827664399,0.6066350710900474,0.6955002496504364,0.6994510521500458,0.39655172413793105,0.40671140939597317,0.5783475783475783,0.6207386363636364,0.21159420289855072,0.21501272264631044,0.010159685258042117,0.042391058016058025,0.04580957776381775
