acc,auc,precision,recall,maf1,mif1,yp1.a1,yp1.a0,yp1.y1a1,yp1.y1a0,yp1.y0a1,yp1.y0a0,parity,equality,eq_odds
0.717948717948718,0.8141534391534392,0.64,0.8888888888888888,0.7149501661129568,0.717948717948718,0.7894736842105263,0.5932203389830508,1.0,0.8571428571428571,0.6363636363636364,0.3548387096774194,0.1962533452274755,0.1428571428571429,0.4243820695433599
0.7564102564102564,0.7923533289386948,0.7391304347826086,0.8292682926829268,0.7531234382808596,0.7564102564102565,0.47368421052631576,0.6271186440677966,0.7777777777777778,0.84375,0.2,0.37037037037037035,0.15343443354148084,0.06597222222222221,0.23634259259259255
0.717948717948718,0.789021164021164,0.675,0.75,0.7177631578947369,0.717948717948718,0.42857142857142855,0.543859649122807,0.6,0.8076923076923077,0.2727272727272727,0.3225806451612903,0.1152882205513785,0.20769230769230773,0.25754568012632534
0.6794871794871795,0.7414473684210526,0.7027027027027027,0.65,0.6794344895610719,0.6794871794871795,0.25,0.532258064516129,0.5714285714285714,0.6666666666666666,0.0,0.3793103448275862,0.282258064516129,0.09523809523809523,0.4745484400656814
0.7051282051282051,0.8181818181818181,0.7291666666666666,0.7777777777777778,0.6938044034818228,0.7051282051282052,0.631578947368421,0.6101694915254238,0.7272727272727273,0.7941176470588235,0.5,0.36,0.02140945584299725,0.06684491978609619,0.2068449197860962
