acc,auc,precision,recall,maf1,mif1,yp1.a1,yp1.a0,yp1.y1a1,yp1.y1a0,yp1.y0a1,yp1.y0a0,parity,equality,eq_odds
0.6871574001566171,0.7552626998288259,0.7604562737642585,0.5939123979213066,0.6860008884592771,0.6871574001566171,0.30621468926553674,0.46794487717195926,0.4885654885654886,0.6524249422632794,0.0891089108910891,0.26899128268991285,0.16173018790642252,0.1638594536977908,0.3437418254966146
0.6871574001566171,0.758234788960398,0.7842364532019704,0.5784883720930233,0.6858779249322735,0.6871574001566171,0.3374578177727784,0.4294294294294294,0.515625,0.6157407407407407,0.09549071618037135,0.22846441947565543,0.09197161165665102,0.1001157407407407,0.23308944403602477
0.6855912294440094,0.7740343876243965,0.7629839471199245,0.5941176470588235,0.6847103113737454,0.6855912294440094,0.3128205128205128,0.47751741608613046,0.46654275092936803,0.6776155717761557,0.12356979405034325,0.26023778071334214,0.16469690326561764,0.2110728208467877,0.3477408075097866
0.6934220830070478,0.766759187917158,0.7627986348122867,0.6390278770550393,0.6934084993668961,0.6934220830070478,0.3485653560042508,0.523248605083695,0.5193370165745856,0.7149532710280374,0.11557788944723618,0.30647291941875826,0.17468324907944416,0.19561625445345177,0.38651128442497384
0.7000783085356304,0.7734709153122326,0.7473958333333334,0.6444610778443114,0.6998778871407183,0.7000783085356304,0.35102925243770317,0.5076640098099325,0.5424063116370809,0.706875753920386,0.11778846153846154,0.30174563591022446,0.15663475737222937,0.16446944228330518,0.34842661665506813
