acc,auc,precision,recall,maf1,mif1,yp1.a1,yp1.a0,yp1.y1a1,yp1.y1a0,yp1.y0a1,yp1.y0a0,parity,equality,eq_odds
0.6903019213174749,0.7355098944872673,0.7658730158730159,0.5366079703429101,0.6821060296709517,0.6903019213174748,0.3656207366984993,0.3358568479008947,0.5611702127659575,0.5234708392603129,0.15966386554621848,0.16,0.02976388879760461,0.03769937350564456,0.03803550795942609
0.6797804208600183,0.7283265251456507,0.7379807692307693,0.5602189781021898,0.675256874316643,0.6797804208600183,0.4229137199434229,0.3603786342123056,0.5846153846153846,0.546742209631728,0.22397476340694006,0.19016817593790428,0.06253508573111732,0.03787317498365661,0.07167976245269239
0.6765782250686185,0.7088535345746643,0.7227214377406932,0.5341555977229602,0.667918711418833,0.6765782250686185,0.4011220196353436,0.3346911065852003,0.5543766578249337,0.5228951255539144,0.22916666666666666,0.17462311557788945,0.06643091305014331,0.03148153227101935,0.08602508335979656
0.6857273559011894,0.7324427317921137,0.74125,0.5526561043802423,0.6791493960104062,0.6857273559011894,0.38154269972451793,0.3582191780821918,0.5598885793871866,0.5490196078431373,0.20708446866485014,0.17560321715817695,0.02332352164232615,0.01086897154404931,0.0423502230507225
0.6948764867337603,0.7373896354775583,0.760053619302949,0.5374407582938389,0.6851090333798306,0.6948764867337603,0.3390804597701149,0.3422818791946309,0.50997150997151,0.5511363636363636,0.16521739130434782,0.15521628498727735,0.003201419424515961,0.04116485366485367,0.051165959981924136
