acc,auc,precision,recall,maf1,mif1,yp1.a1,yp1.a0,yp1.y1a1,yp1.y1a0,yp1.y0a1,yp1.y0a0,parity,equality,eq_odds
0.6773688332028192,0.7340519820965182,0.7003831417624521,0.6785449146250928,0.6768931075311608,0.6773688332028192,0.48135593220338985,0.5266626722588377,0.659043659043659,0.6893764434180139,0.2698019801980198,0.35118306351183065,0.045306740055447825,0.030332784374354826,0.11171386768816566
0.6851996867658575,0.7441835787894343,0.7486956521739131,0.6257267441860465,0.685161845850406,0.6851996867658575,0.4859392575928009,0.43123123123123125,0.669921875,0.5995370370370371,0.23607427055702918,0.24968789013732834,0.05470802636156963,0.07038483796296291,0.08399845754326207
0.70203602192639,0.7670004433934378,0.7828139754485364,0.6095588235294118,0.7012011792720054,0.70203602192639,0.39692307692307693,0.42558581380620647,0.5855018587360595,0.6253041362530414,0.16475972540045766,0.20871862615587847,0.028662736883129536,0.03980227751698184,0.08376117827240265
0.6898981989036805,0.7575058251255534,0.789875835721108,0.5911365260900643,0.6893426947689938,0.6898981989036805,0.39107332624867164,0.4209547427154371,0.5469613259668509,0.6191588785046729,0.17839195979899497,0.19682959048877147,0.029881416466765454,0.07219755253782201,0.0906351832275985
0.7004698512137822,0.7606369772769732,0.7304277643260694,0.6773952095808383,0.7004495992702158,0.7004698512137824,0.4745395449620802,0.49110974862047824,0.6666666666666666,0.6839565741857659,0.2403846153846154,0.29177057356608477,0.016570203658398064,0.017289907519099312,0.06867586570056869
