acc,auc,precision,recall,maf1,mif1,yp1.a1,yp1.a0,yp1.y1a1,yp1.y1a0,yp1.y0a1,yp1.y0a0,parity,equality,eq_odds
0.7008234217749314,0.7512141540939659,0.7508854781582054,0.5894346617238183,0.6965304152242965,0.7008234217749314,0.3888130968622101,0.38678596008258775,0.5904255319148937,0.5889046941678521,0.17647058823529413,0.19733333333333333,0.0020271367796223516,0.0015208377470415924,0.022383582845080796
0.6953339432753889,0.7516080158039243,0.7443181818181818,0.5976277372262774,0.6924960967334222,0.6953339432753889,0.4214992927864215,0.3935091277890467,0.617948717948718,0.5864022662889519,0.17981072555205047,0.21733505821474774,0.027990164997374833,0.031546451659766106,0.06907078432246339
0.7012808783165599,0.7426336486948591,0.7270668176670442,0.6091081593927894,0.6973541294090334,0.7012808783165599,0.41935483870967744,0.39646978954514595,0.6074270557029178,0.6100443131462334,0.20833333333333334,0.21482412060301506,0.02288504916453149,0.002617257443315646,0.009108044712997365
0.6985361390667887,0.7535748407576643,0.7269736842105263,0.6178937558247903,0.6959656578085114,0.6985361390667887,0.40633608815426997,0.4226027397260274,0.6016713091922006,0.6260504201680672,0.21525885558583105,0.22788203753351208,0.01626665157175744,0.024379110975866647,0.037002292923547675
0.7053979871912168,0.7584622927325982,0.7359357060849598,0.6075829383886255,0.7011706229425794,0.7053979871912168,0.39655172413793105,0.39932885906040266,0.5925925925925926,0.6150568181818182,0.19710144927536233,0.20610687022900764,0.0027771349224716135,0.022464225589225673,0.03146964654287099
