acc,auc,precision,recall,maf1,mif1,yp1.a1,yp1.a0,yp1.y1a1,yp1.y1a0,yp1.y0a1,yp1.y0a0,parity,equality,eq_odds
0.5933333333333334,0.6362666666666666,0.6842105263157895,0.3466666666666667,0.5669868912971464,0.5933333333333334,0.1702127659574468,0.2912621359223301,0.23809523809523808,0.3888888888888889,0.11538461538461539,0.1836734693877551,0.12104936996488327,0.1507936507936508,0.21908250479679053
0.52,0.5352888888888889,0.5483870967741935,0.22666666666666666,0.47481034818128764,0.52,0.0625,0.27450980392156865,0.08,0.3,0.043478260869565216,0.25,0.21200980392156865,0.21999999999999997,0.4265217391304348
0.5866666666666667,0.6085333333333334,0.5822784810126582,0.6133333333333333,0.5863725315780111,0.5866666666666667,0.23404255319148937,0.6601941747572816,0.34782608695652173,0.7307692307692307,0.125,0.5882352941176471,0.4261516215657922,0.382943143812709,0.8461784379303561
0.5466666666666667,0.5850666666666666,0.5507246376811594,0.5066666666666667,0.545940170940171,0.5466666666666666,0.32075471698113206,0.5360824742268041,0.36,0.58,0.2857142857142857,0.48936170212765956,0.21532775724567205,0.21999999999999997,0.42364741641337383
0.52,0.4664888888888889,0.5348837209302325,0.30666666666666664,0.49711305643509024,0.52,0.3333333333333333,0.2702702702702703,0.47058823529411764,0.25862068965517243,0.22727272727272727,0.2830188679245283,0.06306306306306303,0.2119675456389452,0.2677136862907462
