acc,auc,precision,recall,maf1,mif1,yp1.a1,yp1.a0,yp1.y1a1,yp1.y1a0,yp1.y0a1,yp1.y0a0,parity,equality,eq_odds
0.844458571731299,0.8948964637813559,0.8063218390804597,0.7794444444444445,0.8341032007402682,0.844458571731299,0.30308076602830974,0.43677168752697454,0.7458033573141487,0.8084886128364389,0.06760204081632654,0.17098445595854922,0.1336909214986648,0.0626852555222902,0.1660676706645129
0.8737020555202374,0.9022659627963507,0.8925561797752809,0.7415402567094516,0.8577334668730463,0.8737020555202374,0.2199575371549894,0.383248730964467,0.6648575305291723,0.7993858751279427,0.0173053152039555,0.09012256669069935,0.1632911938094776,0.1345283445987704,0.20734559608551423
0.8768806950625133,0.9067411322902506,0.9186295503211992,0.733751425313569,0.8616880556872077,0.8768806950625132,0.2501063377286261,0.3433277027027027,0.7202141900937081,0.7437934458788481,0.03117206982543641,0.0470242468772961,0.09322136497407657,0.023579255785139974,0.039431432836999666
0.8334392879847425,0.8909809387885399,0.7707889125799574,0.802441731409545,0.8249192835780315,0.8334392879847425,0.3001672240802676,0.49763644177051997,0.7506024096385542,0.8467078189300411,0.06081946222791293,0.24723247232472326,0.19746921769025239,0.09610540929148692,0.28251841938829725
0.8662852299215936,0.9010299153393313,0.8775510204081632,0.7409534750143596,0.8510775524375045,0.8662852299215935,0.2679684254258413,0.3568339100346021,0.7081339712918661,0.7712707182320442,0.03373647358370465,0.09026297085998579,0.08886548460876076,0.06313674694017812,0.11966324421645927
