acc,auc,precision,recall,maf1,mif1,yp1.a1,yp1.a0,yp1.y1a1,yp1.y1a0,yp1.y0a1,yp1.y0a0,parity,equality,eq_odds
0.9174311926605505,0.9778371852362884,0.8632075471698113,0.8798076923076923,0.9053088803088803,0.9174311926605505,0.4642857142857143,0.2952029520295203,0.9411764705882353,0.867816091954023,0.2564102564102564,0.024456521739130436,0.169082762256194,0.0733603786342123,0.30531411330533825
0.8924242424242425,0.9671212308198609,0.8240343347639485,0.8648648648648649,0.8809375595502764,0.8924242424242425,0.4715447154471545,0.3258845437616387,0.925,0.8516483516483516,0.25301204819277107,0.056338028169014086,0.14566017168551576,0.07335164835164842,0.2700256683754054
0.9355345911949686,0.9810736331569665,0.9227053140096618,0.8842592592592593,0.9273905888446149,0.9355345911949685,0.3504273504273504,0.3198458574181118,0.9705882352941176,0.8681318681318682,0.0963855421686747,0.02373887240356083,0.030581493009238625,0.10245636716224948,0.17510303692736334
0.9043887147335423,0.9606216457960643,0.8585365853658536,0.8461538461538461,0.8908082902426638,0.9043887147335423,0.44642857142857145,0.2946768060836502,0.9117647058823529,0.8333333333333334,0.24358974358974358,0.028409090909090908,0.15175176534492124,0.07843137254901955,0.2936120252296722
0.9239130434782608,0.9766347575518838,0.8853211009174312,0.8894009216589862,0.914956003826926,0.9239130434782609,0.45535714285714285,0.31390977443609025,0.9743589743589743,0.8707865168539326,0.1780821917808219,0.03389830508474576,0.1414473684210526,0.10357245750504174,0.2477563442011179
