acc,auc,precision,recall,maf1,mif1,yp1.a1,yp1.a0,yp1.y1a1,yp1.y1a0,yp1.y0a1,yp1.y0a0,parity,equality,eq_odds
0.9474342928660826,0.9858548585485855,0.9194139194139194,0.9261992619926199,0.9414729601518026,0.9474342928660826,0.3157894736842105,0.34684684684684686,0.926829268292683,0.9260869565217391,0.043478260869565216,0.04128440366972477,0.031057373162636348,0.0007423117709438598,0.002936168970784303
0.9411764705882353,0.9836036721016023,0.8900709219858156,0.9400749063670412,0.9347926119246189,0.9411764705882353,0.3509933774834437,0.3533950617283951,0.94,0.9400921658986175,0.0594059405940594,0.058004640371229696,0.002401684244951352,9.216589861760216e-05,0.0014934661214473094
0.9474342928660826,0.9848520415912951,0.946969696969697,0.8992805755395683,0.9413682489097619,0.9474342928660826,0.34,0.32819722650231126,0.9387755102040817,0.8908296943231441,0.04950495049504951,0.02142857142857143,0.011802773497688768,0.0479458158809376,0.07602219494741569
0.9474342928660826,0.974561815002772,0.9198473282442748,0.9198473282442748,0.9403705914964391,0.9474342928660826,0.30656934306569344,0.3323262839879154,0.9047619047619048,0.9227272727272727,0.042105263157894736,0.038461538461538464,0.02575694092222197,0.017965367965367962,0.021609092661724234
0.9399249061326659,0.9760016409134418,0.9097222222222222,0.9225352112676056,0.934650145176461,0.939924906132666,0.3767123287671233,0.3568147013782542,0.9433962264150944,0.9177489177489178,0.053763440860215055,0.04976303317535545,0.019897627388869077,0.025647308666176594,0.029647716351036198
