acc,auc,precision,recall,maf1,mif1,yp1.a1,yp1.a0,yp1.y1a1,yp1.y1a0,yp1.y0a1,yp1.y0a0,parity,equality,eq_odds
0.6866431649040344,0.7557305802664201,0.7564216120460585,0.6192893401015228,0.6865457786814295,0.6866431649040344,0.572737686139748,0.3744047619047619,0.7389558232931727,0.5516458569807038,0.352,0.17897371714643304,0.19833292423498605,0.18730996631246888,0.3603362491660358
0.6960438699569134,0.7652675190304848,0.7782646801051709,0.6293408929836996,0.6960438233221968,0.6960438699569135,0.5622817229336438,0.3884297520661157,0.7379032258064516,0.5704918032786885,0.32231404958677684,0.17458279845956354,0.17385197086752807,0.1674114225277631,0.3151426736549764
0.7246376811594203,0.788891897380356,0.7588996763754046,0.6984363365599404,0.7246091187643401,0.7246376811594203,0.586888657648283,0.4221105527638191,0.7803030303030303,0.645398773006135,0.3510392609699769,0.1879021879021879,0.16477810488446393,0.13490425729689526,0.2980413303646843
0.7117117117117117,0.7811592853329359,0.7846930193439865,0.6602972399150743,0.7116054742849565,0.7117117117117117,0.5860927152317881,0.3995142683667274,0.7630057803468208,0.6006711409395973,0.3488372093023256,0.16069057104913678,0.1865784468650607,0.16233463940722348,0.35048127766041226
0.7281629455542499,0.7805534910263854,0.7727645611156686,0.6931567328918322,0.7281368762950378,0.7281629455542499,0.5657458563535912,0.42900485436893204,0.7665995975855131,0.6508120649651972,0.32107843137254904,0.18575063613231552,0.13674100198465916,0.11578753262031594,0.25111532786054946
