acc,auc,precision,recall,maf1,mif1,yp1.a1,yp1.a0,yp1.y1a1,yp1.y1a0,yp1.y0a1,yp1.y0a0,parity,equality,eq_odds
0.9122695486331851,0.9595847131818356,0.9442307692307692,0.8183333333333334,0.9043356014666479,0.912269548633185,0.29308909242298087,0.3694432455761761,0.8081534772182254,0.8271221532091098,0.01913265306122449,0.04219096965210955,0.07635415315319521,0.018968675990884365,0.04202699258176942
0.9182030091121001,0.9611638129372088,0.9385733157199472,0.8290548424737456,0.9091317517614592,0.9182030091121002,0.2645435244161359,0.3769035532994924,0.7978290366350068,0.8526100307062436,0.021631644004944377,0.0418168709444845,0.1123600288833565,0.05478099407123682,0.07496622101077693
0.9220173765628311,0.9615229751894491,0.9494163424124513,0.8346636259977195,0.914217088769668,0.9220173765628311,0.27009783071033605,0.38302364864864863,0.8112449799196787,0.8520357497517378,0.01807980049875312,0.03600293901542983,0.11292581793831258,0.04079076983205909,0.0587139083487358
0.9268912905276542,0.9628018729047108,0.947206875383671,0.8562708102108768,0.9210066153754265,0.9268912905276542,0.30978260869565216,0.38160721959604643,0.846987951807229,0.8641975308641975,0.024327784891165175,0.035424354243542434,0.07182461090039427,0.017209579056968516,0.028306148409345776
0.9190506463233736,0.9635336522975881,0.9479235332893869,0.8259620907524411,0.9104689278668789,0.9190506463233736,0.2933111757374325,0.3507785467128028,0.7978468899521531,0.8519337016574585,0.024824952259707194,0.028429282160625444,0.0574673709753703,0.05408681170530538,0.05769114160622363
