acc,auc,precision,recall,maf1,mif1,yp1.a1,yp1.a0,yp1.y1a1,yp1.y1a0,yp1.y0a1,yp1.y0a0,parity,equality,eq_odds
0.5677368833202819,0.5897828123375828,0.6180758017492711,0.47216035634743875,0.5656269872960942,0.5677368833202819,0.672316384180791,0.26003594967046134,0.8004158004158004,0.28983833718244806,0.5198019801980198,0.22789539227895392,0.41228043451032964,0.5105774632333524,0.8024840511524183
0.601018010963195,0.6267212362301102,0.6685552407932012,0.5145348837209303,0.6001499518725164,0.601018010963195,0.6231721034870641,0.3033033033033033,0.775390625,0.3599537037037037,0.41644562334217505,0.2421972534332085,0.3198688001837608,0.4154369212962963,0.5896852912052628
0.5955364134690682,0.6808934377771209,0.5924250989259469,0.7705882352941177,0.5739408887599113,0.5955364134690682,0.8369230769230769,0.6035465484483851,0.895910780669145,0.6885644768856448,0.7643020594965675,0.5112285336856011,0.2333765284746918,0.20734630378350016,0.4604198295944666
0.6601409553641346,0.6976331269397746,0.7160292921074044,0.6290207290922087,0.659855403348554,0.6601409553641346,0.6365568544102019,0.39057656540607566,0.7790055248618785,0.5338785046728972,0.44221105527638194,0.2285336856010568,0.24598028900412627,0.24512702018898125,0.4588043898643064
0.5246671887235709,0.5429307640875883,0.5240536277602523,0.9947604790419161,0.35213314744978463,0.5246671887235709,0.9989165763813651,0.9895769466584917,1.0,0.991556091676719,0.9975961538461539,0.9875311720698254,0.009339629722873388,0.008443908323281013,0.018508890099609432
