acc,auc,precision,recall,maf1,mif1,yp1.a1,yp1.a0,yp1.y1a1,yp1.y1a0,yp1.y0a1,yp1.y0a0,parity,equality,eq_odds
0.6133333333333334,0.668088888888889,0.5841584158415841,0.7866666666666666,0.6013563049853372,0.6133333333333333,0.44680851063829785,0.7766990291262136,0.7142857142857143,0.8148148148148148,0.23076923076923078,0.7346938775510204,0.32989051848791573,0.10052910052910047,0.6044537473108902
0.7066666666666667,0.7738666666666668,0.7066666666666667,0.7066666666666667,0.7066666666666667,0.7066666666666667,0.3958333333333333,0.5490196078431373,0.56,0.78,0.21739130434782608,0.3269230769230769,0.153186274509804,0.21999999999999997,0.3295317725752508
0.5733333333333334,0.6497777777777779,0.5873015873015873,0.49333333333333335,0.5705850778314547,0.5733333333333334,0.14893617021276595,0.5436893203883495,0.21739130434782608,0.6153846153846154,0.08333333333333333,0.47058823529411764,0.39475315017558354,0.39799331103678937,0.7852482129975737
0.6866666666666668,0.6990222222222222,0.7058823529411765,0.64,0.6859828070019154,0.6866666666666666,0.3018867924528302,0.5360824742268041,0.52,0.7,0.10714285714285714,0.3617021276595745,0.23419568177397393,0.17999999999999994,0.4345592705167173
0.5933333333333334,0.6549333333333334,0.6129032258064516,0.5066666666666667,0.5902556983565448,0.5933333333333334,0.46153846153846156,0.3963963963963964,0.5882352941176471,0.4827586206896552,0.36363636363636365,0.3018867924528302,0.06514206514206516,0.10547667342799188,0.16722624461152535
