acc,auc,precision,recall,maf1,mif1,yp1.a1,yp1.a0,yp1.y1a1,yp1.y1a0,yp1.y0a1,yp1.y0a0,parity,equality,eq_odds
0.878364060182242,0.9243726923223325,0.9233425414364641,0.7427777777777778,0.8652728260264052,0.878364060182242,0.29725228975853457,0.31678895123003886,0.7985611510791367,0.6946169772256728,0.030612244897959183,0.046632124352331605,0.01953666147150429,0.10394417385346388,0.1199640533078363
0.8836617927527018,0.9284304455623358,0.9081990189208129,0.7561260210035006,0.8690152631011356,0.8836617927527018,0.2645435244161359,0.3401015228426396,0.7706919945725916,0.7451381780962129,0.033992583436341164,0.0547945205479452,0.07555799842650374,0.025553816476378777,0.046355753587982815
0.8792116973935157,0.9249903376719268,0.9228571428571428,0.7366020524515393,0.8642852760500948,0.8792116973935156,0.27137388345384944,0.3217905405405405,0.7777777777777778,0.7060575968222443,0.035536159600997506,0.03747244673034533,0.050416657086691075,0.07172018095553345,0.07365646808488127
0.880483153210426,0.9307607591001809,0.9383852691218131,0.7352941176470589,0.8669503841643965,0.8804831532104259,0.2834448160535117,0.3154275891706059,0.7710843373493976,0.7047325102880658,0.024327784891165175,0.03616236162361624,0.03198277311709424,0.0663518270613318,0.07818640379378286
0.887476160203433,0.9343666689940282,0.9333810888252149,0.7484204480183803,0.8732288295440351,0.8874761602034329,0.2837557125051932,0.3083910034602076,0.7595693779904307,0.7381215469613259,0.030553787396562698,0.031982942430703626,0.024635290955014377,0.021447831029104747,0.022876986063245675
