acc,auc,precision,recall,maf1,mif1,yp1.a1,yp1.a0,yp1.y1a1,yp1.y1a0,yp1.y0a1,yp1.y0a0,parity,equality,eq_odds
0.9186268277177368,0.9613971679799018,0.9475347661188369,0.8327777777777777,0.9115247635512274,0.9186268277177368,0.30016652789342213,0.3716012084592145,0.8237410071942446,0.8405797101449275,0.021683673469387755,0.03626943005181347,0.07143468056579239,0.016838702950682904,0.031424459533108615
0.9169315532951897,0.9597718310788903,0.9342969776609724,0.8296382730455076,0.907828687982544,0.9169315532951896,0.2683651804670913,0.37648054145516074,0.8032564450474898,0.849539406345957,0.024721878862793572,0.043258832011535686,0.10811536098806945,0.04628296129846721,0.06481991444720932
0.9215935579571943,0.9634958206825738,0.9464516129032258,0.8363740022805017,0.9138474986796098,0.9215935579571943,0.27690344534240746,0.3796452702702703,0.8165997322623829,0.8510427010923535,0.025561097256857856,0.03085966201322557,0.10274182492786282,0.034442968829970555,0.039741533586338265
0.9266793812248358,0.9648648684640575,0.9510532837670385,0.8518312985571587,0.9206279745538801,0.9266793812248357,0.3039297658862876,0.38117748173614097,0.8349397590361446,0.8662551440329218,0.02176696542893726,0.033210332103321034,0.07724771584985335,0.03131538499677722,0.04275875167116099
0.9228650137741047,0.9639264427744876,0.9485342019543974,0.8363009764503159,0.9149085794655414,0.9228650137741047,0.29954299958454506,0.35207612456747406,0.8145933014354066,0.856353591160221,0.025461489497135583,0.02771855010660981,0.052533124982929,0.04176028972481438,0.04401735033428861
