acc,auc,precision,recall,maf1,mif1,yp1.a1,yp1.a0,yp1.y1a1,yp1.y1a0,yp1.y0a1,yp1.y0a0,parity,equality,eq_odds
0.9286608260325407,0.9628759923962876,0.9083969465648855,0.8782287822878229,0.9197685172951404,0.9286608260325406,0.17293233082706766,0.3588588588588589,0.4878048780487805,0.9478260869565217,0.03260869565217391,0.0481651376146789,0.18592652803179122,0.46002120890774123,0.4755776508702462
0.8961201501877347,0.9447565543071161,0.868,0.8127340823970037,0.8813388276848038,0.8961201501877347,0.09271523178807947,0.36419753086419754,0.2,0.9539170506912442,0.039603960396039604,0.06728538283062645,0.2714822990761181,0.7539170506912443,0.7815984731258311
0.9148936170212766,0.9475828166641351,0.9411764705882353,0.8057553956834532,0.9026852369284557,0.9148936170212766,0.10666666666666667,0.3420647149460709,0.2857142857142857,0.9170305676855895,0.019801980198019802,0.02857142857142857,0.2353980482794042,0.6313162819713038,0.6400857303447126
0.9123904881101377,0.9472401097417089,0.8809523809523809,0.8473282442748091,0.8996187919077634,0.9123904881101377,0.12408759124087591,0.3549848942598187,0.3333333333333333,0.9454545454545454,0.031578947368421054,0.06108597285067873,0.2308973030189428,0.6121212121212121,0.6416282376034698
0.8886107634543179,0.9256119239710106,0.9012345679012346,0.7711267605633803,0.874009818981356,0.8886107634543179,0.0547945205479452,0.35987748851454826,0.11320754716981132,0.922077922077922,0.021505376344086023,0.052132701421800945,0.30508296796660306,0.8088703749081108,0.8394976999858257
