acc,auc,precision,recall,maf1,mif1,yp1.a1,yp1.a0,yp1.y1a1,yp1.y1a0,yp1.y0a1,yp1.y0a0,parity,equality,eq_odds
0.6907593778591035,0.7407298570977677,0.7136797454931071,0.623725671918443,0.6890089862575499,0.6907593778591034,0.5088676671214188,0.3922918100481762,0.7021276595744681,0.5817923186344239,0.30532212885154064,0.21466666666666667,0.11657585707324264,0.12033534094004417,0.21099080312491814
0.6971637694419031,0.7480956606174245,0.7488532110091743,0.5958029197080292,0.6941217550694642,0.6971637694419031,0.4625176803394625,0.3684922244759973,0.6512820512820513,0.5651558073654391,0.2302839116719243,0.1888745148771022,0.09402545586346522,0.08612624391661217,0.12753564071143428
0.6999085086916743,0.7502723932386132,0.7341176470588235,0.5920303605313093,0.6948299579150947,0.6999085086916743,0.4544179523141655,0.35709436524100474,0.636604774535809,0.5672082717872969,0.25,0.17839195979899497,0.09732358707316074,0.06939650274851206,0.1410045429495171
0.6999085086916743,0.7540960888390946,0.7350620067643743,0.6076421248835042,0.6966663282228314,0.6999085086916743,0.4490358126721763,0.38424657534246576,0.6462395543175488,0.5882352941176471,0.2561307901907357,0.18900804289544235,0.06478923732971054,0.05800426019990168,0.12512700749519504
0.6939615736505033,0.740746141694009,0.7178329571106095,0.6028436018957346,0.6900684550470895,0.6939615736505031,0.45977011494252873,0.37986577181208053,0.6438746438746439,0.5823863636363636,0.27246376811594203,0.1984732824427481,0.0799043431304482,0.061488280238280235,0.13547876591147417
