acc,auc,precision,recall,maf1,mif1,yp1.a1,yp1.a0,yp1.y1a1,yp1.y1a0,yp1.y0a1,yp1.y0a0,parity,equality,eq_odds
0.7849333333333334,0.7250624917977104,0.7910118555279846,0.9833761782347901,0.5163530247515711,0.7849333333333334,0.945619335347432,0.9692892658672126,0.9753086419753086,0.9841091792858478,0.8636363636363636,0.916051040967092,0.023669930519780613,0.008800537310539203,0.06121521464126756
0.7808,0.7267401084494687,0.788626907073509,0.9793317258008957,0.5225324414616255,0.7808,0.9424460431654677,0.9632623071271125,0.9686888454011742,0.9803588290840416,0.8695652173913043,0.9033112582781457,0.02081626396164482,0.011669983682867424,0.045416024569708835
0.7910666666666667,0.7228147349554614,0.807141844976619,0.9650965774313792,0.5556596372103192,0.7910666666666667,0.9056865464632455,0.9446821065053843,0.9502762430939227,0.966598245941407,0.7696629213483146,0.8619718309859155,0.03899556004213878,0.016322002847484307,0.10863091248508516
0.7898666666666667,0.7302202477497307,0.7974561039679248,0.9811192379656404,0.5225294981437627,0.7898666666666667,0.9370967741935484,0.9668604651162791,0.9648351648351648,0.9824852507374632,0.8606060606060606,0.9086538461538461,0.02976369092273068,0.01765008590229833,0.06569787145008388
0.7892,0.7338691464705454,0.7979628854471885,0.9772727272727273,0.540240162331767,0.7892,0.9183673469387755,0.959348400352216,0.9512195121951219,0.9796641791044776,0.8350515463917526,0.8844566712517193,0.040981053413440494,0.028444666909355654,0.07784979176932239
