acc,auc,precision,recall,maf1,mif1,yp1.a1,yp1.a0,yp1.y1a1,yp1.y1a0,yp1.y0a1,yp1.y0a0,parity,equality,eq_odds
0.7880085653104926,0.9792312851035292,0.9482758620689655,0.36423841059602646,0.6948820326678765,0.7880085653104925,0.06578947368421052,0.13554987212276215,0.20833333333333334,0.3937007874015748,0.0,0.011363636363636364,0.06976039843855163,0.18536745406824148,0.19673109043187784
0.8329764453961457,0.9894637223974764,0.9864864864864865,0.4866666666666667,0.7709632796780684,0.8329764453961456,0.14772727272727273,0.16094986807387862,0.5,0.4838709677419355,0.0,0.00392156862745098,0.013222595346605887,0.016129032258064502,0.020050600885515482
0.9554565701559019,0.9871812080536913,0.9328859060402684,0.9328859060402684,0.9497762863534676,0.955456570155902,0.2926829268292683,0.3405994550408719,0.9565217391304348,0.9285714285714286,0.03389830508474576,0.03319502074688797,0.04791652821160364,0.02795031055900621,0.028653594896864004
0.7521929824561403,0.7785240830755634,0.7142857142857143,0.3767123287671233,0.6646338685428287,0.7521929824561403,0.17721518987341772,0.16710875331564987,0.38461538461538464,0.375,0.07547169811320754,0.07003891050583658,0.010106436557767856,0.009615384615384637,0.015048172222755604
0.808695652173913,0.9053965622546025,0.8452380952380952,0.4863013698630137,0.744927536231884,0.808695652173913,0.175,0.18421052631578946,0.4074074074074074,0.5042016806722689,0.05660377358490566,0.038314176245210725,0.009210526315789475,0.09679427326486151,0.11508387060455644
