acc,auc,precision,recall,maf1,mif1,yp1.a1,yp1.a0,yp1.y1a1,yp1.y1a0,yp1.y0a1,yp1.y0a0,parity,equality,eq_odds
0.6266666666666667,0.7107555555555557,0.7111111111111111,0.4266666666666667,0.6111111111111112,0.6266666666666667,0.19148936170212766,0.34951456310679613,0.2857142857142857,0.48148148148148145,0.11538461538461539,0.20408163265306123,0.15802520140466847,0.19576719576719576,0.2844642130356416
0.5066666666666667,0.5477333333333333,0.5135135135135135,0.25333333333333335,0.4728343465045593,0.5066666666666667,0.16666666666666666,0.28431372549019607,0.12,0.32,0.21739130434782608,0.25,0.11764705882352941,0.2,0.23260869565217393
0.54,0.6188444444444444,0.56,0.37333333333333335,0.5268571428571429,0.54,0.1276595744680851,0.42718446601941745,0.13043478260869565,0.4807692307692308,0.125,0.37254901960784315,0.29952489155133233,0.35033444816053516,0.5978834677683783
0.5466666666666667,0.5740444444444445,0.5421686746987951,0.6,0.5453735068639687,0.5466666666666666,0.6981132075471698,0.4742268041237113,0.8,0.5,0.6071428571428571,0.44680851063829785,0.22388640342345845,0.30000000000000004,0.4603343465045593
0.48000000000000004,0.4602666666666667,0.4666666666666667,0.28,0.45833333333333337,0.48,0.1282051282051282,0.36036036036036034,0.11764705882352941,0.3275862068965517,0.13636363636363635,0.39622641509433965,0.23215523215523215,0.2099391480730223,0.46980192680372557
