acc,auc,precision,recall,maf1,mif1,yp1.a1,yp1.a0,yp1.y1a1,yp1.y1a0,yp1.y0a1,yp1.y0a0,parity,equality,eq_odds
0.7826666666666667,0.6811328552202589,0.7920544520072232,0.9772065124250214,0.5229239249222356,0.7826666666666666,0.9682779456193353,0.9590523544896169,0.9732510288065843,0.9775659001682557,0.9545454545454546,0.8925453324378778,0.009225591129718436,0.004314871361671413,0.06631499346924818
0.7785333333333334,0.6634262341485277,0.7866924885876332,0.9795039614192215,0.5136406093986536,0.7785333333333334,0.958273381294964,0.9644379132990448,0.9765166340508806,0.9797922568460812,0.907608695652174,0.9105960264900662,0.006164532004080847,0.00327562279520055,0.006262953633092816
0.7908000000000001,0.6815234457338022,0.7996956702171808,0.9794984750931888,0.5205127048547584,0.7908,0.9694868238557559,0.9632689187195752,0.9797421731123389,0.9794737824220937,0.9382022471910112,0.902112676056338,0.006217905136180701,0.00026839069024520157,0.03635796182491835
0.7870666666666667,0.6852925630903879,0.789559101974574,0.9930260248341555,0.4774777989685318,0.7870666666666667,0.9967741935483871,0.9848837209302326,0.9978021978021978,0.9926253687315634,0.9939393939393939,0.9560439560439561,0.011890472618154568,0.005176829070634437,0.04307226696607225
0.7841333333333333,0.6768239345605851,0.7965531736023539,0.9714627477785373,0.5351419835450407,0.7841333333333333,0.9635568513119533,0.9503962430290578,0.9735772357723578,0.9712686567164179,0.9381443298969072,0.8734525447042641,0.013160608282895558,0.002308579055939841,0.06700036424858291
