acc,auc,precision,recall,maf1,mif1,yp1.a1,yp1.a0,yp1.y1a1,yp1.y1a0,yp1.y0a1,yp1.y0a0,parity,equality,eq_odds
0.7866666666666667,0.7081003883060438,0.7946291915959371,0.9787489288774636,0.5341165662092571,0.7866666666666666,0.9365558912386707,0.9603685288095934,0.9711934156378601,0.9794354084875677,0.8409090909090909,0.8918737407656145,0.02381263757092278,0.008241992849707613,0.059206642706231216
0.7821333333333333,0.6821069357473704,0.7917482517482517,0.9750258353427489,0.5372339557822985,0.7821333333333333,0.9381294964028777,0.954886113152094,0.9686888454011742,0.9756373937677054,0.8532608695652174,0.8821192052980132,0.016756616749216358,0.006948548366531249,0.035806884099327085
0.7888000000000001,0.6768056923916671,0.8075498575498575,0.9605218569976279,0.5575734707348258,0.7888,0.9015256588072122,0.9396666174952057,0.9429097605893186,0.9623064004478448,0.7752808988764045,0.854225352112676,0.0381409586879935,0.019396639858526132,0.09834109309479766
0.7933333333333333,0.7034968723041968,0.8004997917534361,0.9807790440551114,0.536691557655338,0.7933333333333333,0.9419354838709677,0.9620639534883721,0.9714285714285714,0.9815634218289085,0.8606060606060606,0.8894230769230769,0.020128469617404443,0.010134850400337125,0.0389518667173534
0.7896000000000001,0.7077947482065712,0.798630519843488,0.9765892002734108,0.5432606811007868,0.7896,0.9256559766763849,0.9570002935133548,0.959349593495935,0.9781716417910448,0.8402061855670103,0.8789546079779917,0.03134431683696992,0.018822048295109806,0.057570470706091226
