acc,auc,precision,recall,maf1,mif1,yp1.a1,yp1.a0,yp1.y1a1,yp1.y1a0,yp1.y0a1,yp1.y0a0,parity,equality,eq_odds
0.7849333333333334,0.7038494535666773,0.7963222908478383,0.9722365038560411,0.5426158231143872,0.7849333333333334,0.9818731117824774,0.9467680608365019,0.9897119341563786,0.9706487193868013,0.9602272727272727,0.8609805238415044,0.03510505094597549,0.019063214769577286,0.11830996365534563
0.7781333333333333,0.7014637180687974,0.7862078496406855,0.9798484326558732,0.5112827121428546,0.7781333333333333,0.9827338129496402,0.9629684055841293,0.9882583170254403,0.9790368271954675,0.967391304347826,0.9066225165562913,0.019765407365510912,0.00922148982997284,0.06999027762150756
0.7897333333333334,0.6899380006947011,0.8041063141611587,0.9688241274144358,0.5425773560572833,0.7897333333333333,0.9722607489597781,0.9455671928012981,0.9834254143646409,0.9673446538533308,0.9382022471910112,0.8633802816901408,0.026693556158480014,0.016080760511310133,0.09090272601218052
0.7914666666666667,0.7046514539197274,0.8010325101158086,0.9765266201734989,0.5398535471132695,0.7914666666666667,0.967741935483871,0.9545058139534883,0.9824175824175824,0.9760324483775811,0.9272727272727272,0.8743131868131868,0.013236121530382672,0.006385134040001295,0.05934467449954173
0.7869333333333334,0.7056942921347942,0.8007635746606335,0.9677033492822966,0.5533022758214765,0.7869333333333334,0.9708454810495627,0.9401232756090402,0.9796747967479674,0.9666044776119403,0.9484536082474226,0.842503438789546,0.03072220544052251,0.013070319136027075,0.11902048859390368
