acc,auc,precision,recall,maf1,mif1,yp1.a1,yp1.a0,yp1.y1a1,yp1.y1a0,yp1.y0a1,yp1.y0a0,parity,equality,eq_odds
0.6848081440877055,0.744419001014252,0.7340241796200345,0.6310319227913883,0.6846920833707153,0.6848081440877055,0.4350282485875706,0.463151587777112,0.6361746361746362,0.628175519630485,0.19554455445544555,0.2851805728518057,0.028123339189541408,0.007999116544151197,0.09763513494051135
0.6808927173061864,0.7476470268883011,0.7172734314484895,0.6729651162790697,0.6802668203959142,0.6808927173061864,0.484814398200225,0.5165165165165165,0.67578125,0.6712962962962963,0.22546419098143236,0.3495630461922597,0.03170211831629155,0.00448495370370372,0.12858380891453106
0.692247454972592,0.7629126022268203,0.755338078291815,0.6242647058823529,0.692016098150112,0.692247454972592,0.44,0.4401519949335022,0.6338289962825279,0.6180048661800487,0.20137299771167047,0.24702774108322326,0.0001519949335022086,0.015824130102479184,0.06147887347403197
0.6805011746280345,0.7417066612205997,0.7619047619047619,0.6061472480343102,0.6804147488051191,0.6805011746280345,0.42401700318809776,0.4426534407935524,0.6114180478821363,0.602803738317757,0.16834170854271358,0.261558784676354,0.018636437605454637,0.008614309564379252,0.1018313856980197
0.6973375097885669,0.7602043450045721,0.7379543533389687,0.6534431137724551,0.6972806592645988,0.6973375097885669,0.4463705308775731,0.4727161250766401,0.6489151873767258,0.6562123039806996,0.19951923076923078,0.2830423940149626,0.026345594199067013,0.007297116603973808,0.09082027984970564
