acc,auc,precision,recall,maf1,mif1,yp1.a1,yp1.a0,yp1.y1a1,yp1.y1a0,yp1.y0a1,yp1.y0a0,parity,equality,eq_odds
0.6903019213174749,0.7513338741666689,0.7463235294117647,0.5644114921223355,0.684714784992911,0.6903019213174748,0.4242837653478854,0.3475567790777701,0.6037234042553191,0.5433854907539118,0.23529411764705882,0.164,0.07672698627011532,0.06033791350140727,0.13163203114846608
0.6967063129002745,0.7499154557021362,0.7716436637390214,0.5611313868613139,0.6911578655316385,0.6967063129002745,0.4186704384724187,0.33874239350912777,0.6051282051282051,0.5368271954674221,0.1892744479495268,0.15782664941785252,0.07992804496329092,0.06830100966078301,0.0997488081924573
0.6898444647758464,0.7423344351989057,0.7355889724310777,0.5569259962049335,0.6824308341047003,0.6898444647758463,0.45161290322580644,0.3231500339443313,0.6206896551724138,0.5214180206794683,0.2619047619047619,0.15452261306532664,0.12846286928147516,0.09927163449294552,0.2066537833323808
0.7026532479414456,0.7462271268387078,0.763387297633873,0.5712954333643989,0.6965507285003554,0.7026532479414456,0.4049586776859504,0.34863013698630135,0.596100278551532,0.5588235294117647,0.21798365122615804,0.14745308310991956,0.05632854069964904,0.03727674913976731,0.10780731725600579
0.6957913998170174,0.7512782799267519,0.7142857142857143,0.6161137440758294,0.6926500421269177,0.6957913998170174,0.48563218390804597,0.3838926174496644,0.6552706552706553,0.5965909090909091,0.3130434782608696,0.19338422391857507,0.10173956645838156,0.05867974617974625,0.17833900052204077
