acc,auc,precision,recall,maf1,mif1,yp1.a1,yp1.a0,yp1.y1a1,yp1.y1a0,yp1.y0a1,yp1.y0a0,parity,equality,eq_odds
0.9067599067599068,0.9531869742301395,0.9197530864197531,0.8277777777777777,0.8991155189402553,0.9067599067599067,0.28975853455453787,0.3987915407854985,0.8033573141486811,0.8488612836438924,0.016581632653061226,0.076980014803849,0.10903300623096063,0.045503969495211294,0.10590235164599907
0.9046408137317229,0.9518098967687072,0.9190981432360743,0.808634772462077,0.893970686568452,0.9046408137317228,0.24798301486199575,0.39086294416243655,0.762550881953867,0.8433981576253838,0.013597033374536464,0.07209805335255948,0.1428799293004408,0.08084727567151684,0.13934829564953985
0.9023098114007205,0.951014207948683,0.9120458891013384,0.8158494868871151,0.8929407737986121,0.9023098114007205,0.25606125053168866,0.4083614864864865,0.7791164658634538,0.843098311817279,0.012468827930174564,0.0867009551800147,0.15230023595479786,0.06398184595382517,0.1382139732036653
0.9088789997880907,0.9559019479746155,0.9314465408805032,0.8218645948945617,0.9010548647476267,0.9088789997880907,0.28135451505016723,0.39406961753330466,0.791566265060241,0.8477366255144033,0.010243277848911651,0.06863468634686347,0.11271510248313743,0.05617036045416235,0.11456176895211417
0.90633608815427,0.9516342128316829,0.9011735639283508,0.8380241240666284,0.8978655455271942,0.90633608815427,0.2891566265060241,0.3992214532871972,0.7954545454545454,0.8773480662983425,0.019732654360280075,0.09168443496801706,0.11006482678117313,0.08189352084379709,0.15384530145153408
