acc,auc,precision,recall,maf1,mif1,yp1.a1,yp1.a0,yp1.y1a1,yp1.y1a0,yp1.y0a1,yp1.y0a0,parity,equality,eq_odds
0.8376774740411105,0.8900142742948498,0.8512228260869565,0.6961111111111111,0.8208313870448163,0.8376774740411104,0.23522064945878435,0.3914544669831679,0.6402877697841727,0.7443064182194618,0.019770408163265307,0.1391561806069578,0.15623381752438353,0.10401864843528907,0.22340442087898157
0.8381012926467473,0.881737166954337,0.808041504539559,0.7269544924154026,0.8208858324516688,0.838101292646747,0.21273885350318472,0.4403553299492386,0.6363636363636364,0.7952917093142272,0.019777503090234856,0.19033886085075702,0.22761647644605387,0.15892807295059086,0.32948943071111303
0.8311082856537403,0.8797187253033778,0.8230925050641459,0.6949828962371721,0.8125729660150981,0.8311082856537402,0.21182475542322415,0.41511824324324326,0.6198125836680054,0.7507447864945382,0.021820448877805487,0.16678912564290962,0.2032934878200191,0.13093220282653284,0.275900879591637
0.8372536554354737,0.8861642703018814,0.8507462686567164,0.6958934517203108,0.8204664533778459,0.8372536554354736,0.2249163879598662,0.4022346368715084,0.6277108433734939,0.7541152263374485,0.01088348271446863,0.14981549815498155,0.1773182489116422,0.12640438296395462,0.26533639840446754
0.8330154693791058,0.8821136737376025,0.8883455582722086,0.6260769672601952,0.8063542287230718,0.8330154693791058,0.2077274615704196,0.31444636678200694,0.5801435406698564,0.6685082872928176,0.009548058561425843,0.0867093105899076,0.10671890521158733,0.08836474662296123,0.165525998651443
