acc,auc,precision,recall,maf1,mif1,yp1.a1,yp1.a0,yp1.y1a1,yp1.y1a0,yp1.y0a1,yp1.y0a0,parity,equality,eq_odds
0.9700214132762314,0.9944463073183,0.9659863945578231,0.9403973509933775,0.9655037778059178,0.9700214132762313,0.3157894736842105,0.3145780051150895,1.0,0.9291338582677166,0.0,0.01893939393939394,0.0012114685691210214,0.07086614173228345,0.08980553567167739
0.9421841541755889,0.9830914826498423,0.8867924528301887,0.94,0.9347106796116504,0.9421841541755889,0.29545454545454547,0.35092348284960423,0.8461538461538461,0.9596774193548387,0.06451612903225806,0.054901960784313725,0.05546893739505876,0.1135235732009926,0.12313774144893694
0.953229398663697,0.9883445190156599,0.9507042253521126,0.9060402684563759,0.9466193379642998,0.9532293986636972,0.2926829268292683,0.3215258855585831,0.9565217391304348,0.8968253968253969,0.03389830508474576,0.02074688796680498,0.028842958729314805,0.05969634230503795,0.07284775942297873
0.9517543859649122,0.9840256296950949,0.9366197183098591,0.910958904109589,0.9441773504273504,0.9517543859649122,0.3037974683544304,0.3129973474801061,0.9230769230769231,0.9083333333333333,0.0,0.03501945525291829,0.009199879125675714,0.014743589743589802,0.04976304499650809
0.9521739130434783,0.9835311054881773,0.9078947368421053,0.9452054794520548,0.9454023608623405,0.9521739130434783,0.3375,0.32894736842105265,0.9629629629629629,0.9411764705882353,0.018867924528301886,0.04980842911877394,0.008552631578947367,0.02178649237472763,0.05272699696519968
