acc,auc,precision,recall,maf1,mif1,yp1.a1,yp1.a0,yp1.y1a1,yp1.y1a0,yp1.y0a1,yp1.y0a0,parity,equality,eq_odds
0.961456102783726,0.9940481180316876,0.9290322580645162,0.9536423841059603,0.9562570251030349,0.9614561027837258,0.32894736842105265,0.33248081841432225,1.0,0.9448818897637795,0.019230769230769232,0.03787878787878788,0.0035334499932695995,0.055118110236220486,0.07376612888423914
0.9443254817987152,0.9781913774973712,0.918918918918919,0.9066666666666666,0.9359355873538475,0.9443254817987152,0.29545454545454547,0.32189973614775724,0.8846153846153846,0.9112903225806451,0.04838709677419355,0.03529411764705882,0.026445190693211773,0.026674937965260548,0.03976791709239527
0.9510022271714922,0.9918568232662193,0.9568345323741008,0.8926174496644296,0.9437727686703097,0.9510022271714922,0.2926829268292683,0.3133514986376022,1.0,0.873015873015873,0.01694915254237288,0.02074688796680498,0.020668571808333924,0.12698412698412698,0.13078186240855907
0.9517543859649122,0.9808882015024304,0.9366197183098591,0.910958904109589,0.9441773504273504,0.9517543859649122,0.3291139240506329,0.3076923076923077,0.9615384615384616,0.9,0.018867924528301886,0.0311284046692607,0.02142161635832518,0.06153846153846154,0.07379894167942036
0.9456521739130435,0.9877846610243435,0.9006622516556292,0.9315068493150684,0.937848252454994,0.9456521739130435,0.35,0.3236842105263158,0.9629629629629629,0.9243697478991597,0.03773584905660377,0.04980842911877394,0.02631578947368418,0.0385932150638032,0.05066579512597337
