acc,auc,precision,recall,maf1,mif1,yp1.a1,yp1.a0,yp1.y1a1,yp1.y1a0,yp1.y0a1,yp1.y0a0,parity,equality,eq_odds
0.6930466605672462,0.752895258331638,0.7939481268011528,0.5106580166821131,0.6816845908237951,0.6930466605672461,0.3274215552523875,0.31245698554714385,0.5372340425531915,0.49644381223328593,0.10644257703081232,0.14,0.014964569705243624,0.040790230319905585,0.07434765328909328
0.6816102470265325,0.7489411035960625,0.852112676056338,0.4416058394160584,0.662357260538575,0.6816102470265325,0.2758132956152758,0.2521974306964165,0.44358974358974357,0.4405099150141643,0.0694006309148265,0.08020698576972833,0.02361586491885931,0.0030798285755792576,0.013886183430481092
0.6765782250686185,0.7362026538644638,0.8292220113851992,0.4146110056925996,0.6497502249822156,0.6765782250686185,0.2482468443197756,0.23761031907671418,0.41379310344827586,0.4150664697193501,0.0625,0.08668341708542714,0.010636525243061412,0.0012733662710742166,0.025456783356501353
0.67612076852699,0.7478800484656047,0.7398160315374507,0.5246971109040075,0.6674993748243707,0.67612076852699,0.3526170798898072,0.3458904109589041,0.532033426183844,0.5210084033613446,0.1771117166212534,0.17828418230563003,0.006726668930903068,0.011025022822499397,0.01219748850687602
0.6944190301921318,0.745808138584736,0.7706293706293706,0.5222748815165876,0.6829366371804392,0.6944190301921317,0.3017241379310345,0.3389261744966443,0.4757834757834758,0.5454545454545454,0.1246376811594203,0.15394402035623408,0.03720203656560983,0.06967106967106962,0.0989774088678834
