acc,auc,precision,recall,maf1,mif1,yp1.a1,yp1.a0,yp1.y1a1,yp1.y1a0,yp1.y0a1,yp1.y0a0,parity,equality,eq_odds
0.692247454972592,0.7513994399164979,0.7210401891252955,0.6792873051224945,0.6920659873061688,0.692247454972592,0.5435028248587571,0.4721390053924506,0.7276507276507277,0.6524249422632794,0.32425742574257427,0.2777085927770859,0.07136381946630654,0.07522578538744829,0.12177461835293663
0.7004698512137822,0.7600393108145457,0.7469684721099434,0.6715116279069767,0.7003099194945575,0.7004698512137824,0.547806524184477,0.45045045045045046,0.72265625,0.6412037037037037,0.3103448275862069,0.24469413233458176,0.0973560737340265,0.08145254629629628,0.14710324154792143
0.7145653876272514,0.7739524830032515,0.7482297403619197,0.6992647058823529,0.7143057059957308,0.7145653876272514,0.5784615384615385,0.44775174160861303,0.7620817843866171,0.6581508515815085,0.3524027459954233,0.2192866578599736,0.13070979685292544,0.10393093280510857,0.2370470209405583
0.7157400156617071,0.7702818030194728,0.7626854020296643,0.6983559685489635,0.7150464727433671,0.7157400156617071,0.5557917109458024,0.4699318040917545,0.7292817679558011,0.6787383177570093,0.31909547738693467,0.23381770145310435,0.08585990685404787,0.050543450198791806,0.13582122613262212
0.7051683633516054,0.7664034615498068,0.7151291512915129,0.7252994011976048,0.7043175684682403,0.7051683633516054,0.5882990249187432,0.4978540772532189,0.777120315581854,0.6936067551266586,0.3581730769230769,0.2955112219451372,0.0904449476655243,0.08351356045519542,0.14617541543313517
