acc,auc,precision,recall,maf1,mif1,yp1.a1,yp1.a0,yp1.y1a1,yp1.y1a0,yp1.y0a1,yp1.y0a0,parity,equality,eq_odds
0.5178408051235133,0.47573742960166704,0.5063291139240507,0.9267840593141798,0.42759116877489955,0.5178408051235133,0.9399727148703957,0.8850653819683414,0.949468085106383,0.914651493598862,0.9299719887955182,0.8573333333333333,0.054907332902054296,0.03481659150752103,0.10745524696970599
0.6482159194876487,0.6758730663630884,0.6822742474916388,0.5583941605839416,0.6454522311908409,0.6482159194876487,0.4200848656294201,0.4056795131845842,0.5846153846153846,0.5439093484419264,0.21766561514195584,0.2794307891332471,0.014405352444835928,0.04070603617345825,0.1024712101647495
0.6655992680695334,0.6746744691265313,0.6854190585533869,0.5664136622390892,0.6607632988180597,0.6655992680695334,0.3955119214586255,0.3998642226748133,0.583554376657825,0.5568685376661743,0.18452380952380953,0.2663316582914573,0.004352301216187793,0.026685838991650668,0.10849368775929841
0.6601097895699909,0.6786951464895512,0.6751592356687898,0.5927306616961789,0.6580171412749731,0.6601097895699909,0.4035812672176309,0.44452054794520546,0.596100278551532,0.5910364145658263,0.21525885558583105,0.3042895442359249,0.04093928072757458,0.0050638639857056855,0.09409455263579955
0.6742909423604758,0.6959793162113802,0.7063778580024067,0.5563981042654028,0.6680387902903129,0.6742909423604757,0.3735632183908046,0.3832214765100671,0.5612535612535613,0.5539772727272727,0.1826086956521739,0.23027989821882952,0.00965825811926252,0.007276288526288588,0.054947491092944195
