acc,auc,precision,recall,maf1,mif1,yp1.a1,yp1.a0,yp1.y1a1,yp1.y1a0,yp1.y0a1,yp1.y0a0,parity,equality,eq_odds
0.6333333333333334,0.7086222222222223,0.625,0.6666666666666666,0.6329254727474972,0.6333333333333333,0.2553191489361702,0.6601941747572816,0.38095238095238093,0.7777777777777778,0.15384615384615385,0.5306122448979592,0.4048750258211114,0.39682539682539686,0.7735914878772022
0.5,0.5381333333333334,0.0,0.0,0.3333333333333333,0.5,0.0,0.0,0.0,0.0,0.0,0.0,0.0,0.0,0.0
0.5466666666666667,0.5539555555555555,0.5304347826086957,0.8133333333333334,0.5119617224880383,0.5466666666666666,0.5319148936170213,0.8737864077669902,0.6086956521739131,0.9038461538461539,0.4583333333333333,0.8431372549019608,0.34187151414996897,0.2951505016722408,0.6799544232408683
0.5533333333333333,0.5953777777777778,0.5952380952380952,0.3333333333333333,0.5306151043855962,0.5533333333333333,0.37735849056603776,0.2268041237113402,0.44,0.28,0.32142857142857145,0.1702127659574468,0.15055436685469756,0.15999999999999998,0.3112158054711246
0.5333333333333333,0.5061333333333333,0.5510204081632653,0.36,0.5188782991202346,0.5333333333333333,0.358974358974359,0.3153153153153153,0.47058823529411764,0.3275862068965517,0.2727272727272727,0.3018867924528302,0.04365904365904366,0.14300202839756593,0.1721615481231234
