acc,auc,precision,recall,maf1,mif1,yp1.a1,yp1.a0,yp1.y1a1,yp1.y1a0,yp1.y0a1,yp1.y0a0,parity,equality,eq_odds
0.651875571820677,0.6752936281293612,0.7142857142857143,0.4911955514365153,0.6418916809873743,0.651875571820677,0.4488403819918145,0.2842395044735031,0.5957446808510638,0.4352773826458037,0.29411764705882354,0.14266666666666666,0.16460087751831137,0.16046729820526012,0.311918278597417
0.5997255260750229,0.6354048081430389,0.7170923379174853,0.333029197080292,0.5693008499144906,0.5997255260750228,0.26025459688826025,0.21974306964164977,0.34615384615384615,0.32577903682719545,0.15457413249211358,0.12289780077619664,0.040511527246610474,0.0203748093266507,0.05205114104256764
0.6614821591948765,0.6783023279983371,0.7071240105540897,0.50853889943074,0.6512744895143487,0.6614821591948765,0.4684431977559607,0.2878479293957909,0.596816976127321,0.45937961595273263,0.3244047619047619,0.14195979899497488,0.18059526836016981,0.13743736017458835,0.31988232308437536
0.5393412625800549,0.5609131763978868,0.6085526315789473,0.1724137931034483,0.46623651377325803,0.5393412625800549,0.13085399449035812,0.14315068493150684,0.19220055710306408,0.16246498599439776,0.07084468664850137,0.12466487935656836,0.012296690441148728,0.029735571108666314,0.08355576381673331
0.6505032021957914,0.6589102459342695,0.6892067620286085,0.5023696682464455,0.6406486683742323,0.6505032021957914,0.40229885057471265,0.32818791946308723,0.5185185185185185,0.4943181818181818,0.28405797101449276,0.17938931297709923,0.07411093111162542,0.024200336700336667,0.1288689947377302
