acc,auc,precision,recall,maf1,mif1,yp1.a1,yp1.a0,yp1.y1a1,yp1.y1a0,yp1.y0a1,yp1.y0a0,parity,equality,eq_odds
0.7869333333333334,0.7050681529858908,0.7941952506596306,0.9801199657240789,0.531885382106515,0.7869333333333334,0.9350453172205438,0.9625621526762211,0.9670781893004116,0.9813049168068798,0.8465909090909091,0.8952316991269308,0.02751683545567729,0.01422672750646825,0.06286751754248998
0.782,0.6936856441490393,0.7951773447357353,0.9702360588436538,0.5325109159892475,0.782,0.9105113636363636,0.9552678045909359,0.9359223300970874,0.9735509285312324,0.8412698412698413,0.8887372013651877,0.04475644095457221,0.03762859843414501,0.08509595852949148
0.7881333333333334,0.66767024733136,0.8093530339979916,0.9559471365638766,0.5647508802769642,0.7881333333333334,0.8515950069348127,0.9377489305207257,0.9023941068139963,0.9613733905579399,0.6966292134831461,0.8485915492957746,0.086153923585913,0.05897928374394357,0.2109416195565721
0.7924,0.6995743588651206,0.80038921323325,0.9794182684129954,0.5364539335242986,0.7924,0.9338709677419355,0.9614825581395349,0.9692307692307692,0.9802728613569321,0.8363636363636363,0.8914835164835165,0.027611590397599417,0.011042092126162917,0.06616197224604314
0.7892,0.7038310278122492,0.7998876562280579,0.9733424470266575,0.5490805521436861,0.7892,0.9154518950437318,0.9528911065453478,0.9573170731707317,0.9748134328358209,0.8092783505154639,0.8720770288858322,0.037439211501616,0.017496359665089223,0.08029503803545746
