acc,auc,precision,recall,maf1,mif1,yp1.a1,yp1.a0,yp1.y1a1,yp1.y1a0,yp1.y0a1,yp1.y0a0,parity,equality,eq_odds
0.6797180892717306,0.726035148837916,0.7631840796019901,0.5694135115070527,0.6777019588677271,0.6797180892717306,0.4915254237288136,0.341521869382864,0.6798336798336798,0.5080831408775982,0.26732673267326734,0.16189290161892902,0.15000355434594959,0.1717505389560816,0.27718437001041996
0.6836335160532498,0.7484743307537411,0.8249427917620137,0.5239825581395349,0.679086851722261,0.6836335160532498,0.42744656917885265,0.2966966966966967,0.609375,0.47337962962962965,0.18037135278514588,0.10611735330836454,0.13074987248215597,0.13599537037037035,0.2102493698471517
0.7012529365700861,0.7609964651689822,0.7751152073732719,0.6183823529411765,0.7007077983761415,0.7012529365700861,0.522051282051282,0.3647878404053198,0.7230483271375465,0.5498783454987834,0.2745995423340961,0.16380449141347425,0.15726344164596223,0.17316998163876307,0.28396503255938493
0.6895066562255285,0.7513127806194282,0.8427601809954751,0.5325232308791994,0.6859710286496188,0.6895066562255285,0.4357066950053135,0.2938623682579045,0.6114180478821363,0.4824766355140187,0.19597989949748743,0.08058124174372523,0.141844326747409,0.12894141236811757,0.24434007012187975
0.7028191072826938,0.7567463594977533,0.7928934010152284,0.5845808383233533,0.7003249684979518,0.7028191072826938,0.49079089924160346,0.3261802575107296,0.6903353057199211,0.5199034981905911,0.24759615384615385,0.1259351620947631,0.16461064173087386,0.17043180752932996,0.29209279928072074
