acc,auc,precision,recall,maf1,mif1,yp1.a1,yp1.a0,yp1.y1a1,yp1.y1a0,yp1.y0a1,yp1.y0a0,parity,equality,eq_odds
0.7833333333333333,0.6930136305971781,0.7948179271708683,0.9725792630676949,0.5361450082066652,0.7833333333333333,0.9229607250755287,0.9548113483474701,0.9567901234567902,0.9740138343615629,0.8295454545454546,0.8858294157152451,0.031850623271941325,0.017223710904772704,0.07350767207456321
0.7812,0.6861045508839329,0.7894371091035441,0.9782983120909404,0.5264342424269591,0.7812000000000001,0.9179856115107914,0.9635562086700955,0.958904109589041,0.9801699716713881,0.8043478260869565,0.9052980132450331,0.045570597159304116,0.021265862082347042,0.12221604924042362
0.7917333333333334,0.6834366831803055,0.8059785673998872,0.968485259234158,0.5505633323210297,0.7917333333333333,0.9001386962552012,0.9504351674288243,0.9429097605893186,0.9710766934129502,0.7696629213483146,0.8725352112676056,0.050296471173623125,0.028166932823631585,0.13103922274292257
0.7902666666666667,0.6847194171498235,0.7993604004449388,0.9778873958156149,0.5321044188260955,0.7902666666666667,0.917741935483871,0.9626453488372093,0.9516483516483516,0.9800884955752213,0.8242424242424242,0.8976648351648352,0.04490341335333836,0.028440143926869665,0.10186255484928064
0.7882666666666667,0.6917151177259124,0.8003663003663004,0.9707792207792207,0.5513701855165271,0.7882666666666667,0.9037900874635568,0.9506897563839155,0.943089430894309,0.9733208955223881,0.8041237113402062,0.8672627235213205,0.046899668920358684,0.03023146462807913,0.09337047680919341
