acc,auc,precision,recall,maf1,mif1,yp1.a1,yp1.a0,yp1.y1a1,yp1.y1a0,yp1.y0a1,yp1.y0a0,parity,equality,eq_odds
0.7435897435897436,0.8068783068783069,0.6481481481481481,0.9722222222222222,0.7373737373737375,0.7435897435897437,0.6842105263157895,0.6949152542372882,1.0,0.9642857142857143,0.45454545454545453,0.45161290322580644,0.01070472792149868,0.0357142857142857,0.03864683703393379
0.6666666666666666,0.7402768622280816,0.7142857142857143,0.6097560975609756,0.6664473684210526,0.6666666666666666,0.47368421052631576,0.4406779661016949,0.5555555555555556,0.625,0.4,0.2222222222222222,0.033006244424620856,0.06944444444444442,0.24722222222222223
0.6538461538461539,0.7533068783068783,0.5882352941176471,0.8333333333333334,0.6491754122938531,0.6538461538461539,0.7142857142857143,0.631578947368421,0.8,0.8461538461538461,0.6363636363636364,0.45161290322580644,0.08270676691729328,0.0461538461538461,0.23090457929167602
0.6666666666666666,0.7723684210526316,0.6842105263157895,0.65,0.6666666666666667,0.6666666666666666,0.5,0.4838709677419355,0.7142857142857143,0.6363636363636364,0.3333333333333333,0.3103448275862069,0.016129032258064502,0.07792207792207795,0.10091058366920436
0.7692307692307692,0.8228956228956229,0.7647058823529411,0.8666666666666667,0.7562500000000001,0.7692307692307693,0.5789473684210527,0.6779661016949152,0.7272727272727273,0.9117647058823529,0.375,0.36,0.09901873327386257,0.18449197860962563,0.19949197860962564
