acc,auc,precision,recall,maf1,mif1,yp1.a1,yp1.a0,yp1.y1a1,yp1.y1a0,yp1.y0a1,yp1.y0a0,parity,equality,eq_odds
0.8883237974147066,0.941839290472384,0.8950962135319678,0.8011111111111111,0.879029999712522,0.8883237974147066,0.2714404662781016,0.41389728096676737,0.7577937649880095,0.8385093167701864,0.012755102040816327,0.11028867505551443,0.14245681468866578,0.08071555178217682,0.17824912479687494
0.8898071625344353,0.9410065293744186,0.8871595330739299,0.7981330221703618,0.8780898336058478,0.8898071625344353,0.24118895966029724,0.4120135363790186,0.7381275440976933,0.8433981576253838,0.014833127317676144,0.10814708002883922,0.17082457671872137,0.10527061352769052,0.1985845662388536
0.8908667090485273,0.9436344967224999,0.8884012539184953,0.8078677309007982,0.8808220022488165,0.8908667090485273,0.25095703955763504,0.42440878378378377,0.751004016064257,0.8500496524329693,0.01807980049875312,0.10947832476120499,0.17345174422614873,0.09904563636871222,0.1904441606311641
0.8978597160415343,0.9440279284396988,0.921455938697318,0.8007769145394007,0.8887407208850036,0.8978597160415343,0.26672240802675584,0.39879673399226473,0.7518072289156627,0.8425925925925926,0.008962868117797696,0.08044280442804429,0.1320743259655089,0.09078536367692991,0.16226529998717648
0.8908667090485273,0.9400447239164171,0.8996088657105606,0.7926479035037335,0.8795924459313337,0.8908667090485273,0.26547569588699627,0.38711072664359863,0.7284688995215312,0.8519337016574585,0.019096117122851686,0.08813077469793888,0.12163503075660237,0.12346480213592737,0.19249945971101456
