acc,auc,precision,recall,maf1,mif1,yp1.a1,yp1.a0,yp1.y1a1,yp1.y1a0,yp1.y0a1,yp1.y0a0,parity,equality,eq_odds
0.700352526439483,0.775113543886605,0.7381342062193126,0.6696362286562731,0.7003407567226534,0.700352526439483,0.5107344632768361,0.4616306954436451,0.7006237006237006,0.6524249422632794,0.28465346534653463,0.25561097256857856,0.04910376783319104,0.0481987583604212,0.07724125113837726
0.7156286721504113,0.7799790091063437,0.7541111981205951,0.7003636363636364,0.7152004115545034,0.7156286721504113,0.5191441441441441,0.4900900900900901,0.7084148727984344,0.6956018518518519,0.2625994694960212,0.26841448189762795,0.029054054054054035,0.012813020946582543,0.0186280333481893
0.7144535840188014,0.7891277550416647,0.7440061871616396,0.7073529411764706,0.7140148089779526,0.7144535840188013,0.5538461538461539,0.47718631178707227,0.7434944237918215,0.683698296836983,0.32036613272311215,0.2526455026455027,0.0766598420590816,0.05979612695483849,0.12751675703244797
0.7128867998433216,0.7800260894449241,0.7585403726708074,0.6983559685489635,0.712093642733151,0.7128867998433216,0.5260361317747078,0.49193548387096775,0.6961325966850829,0.6997663551401869,0.29396984924623115,0.2566137566137566,0.03410064790374001,0.0036337584551040525,0.04098985108757858
0.7156286721504113,0.7916754303426136,0.7473598700243704,0.6891385767790262,0.7156212985068214,0.7156286721504113,0.5303687635574837,0.45493562231759654,0.7292490118577075,0.6646562123039808,0.28846153846153844,0.23815461346633415,0.0754331412398872,0.06459279955372677,0.11489972454893105
