acc,auc,precision,recall,maf1,mif1,yp1.a1,yp1.a0,yp1.y1a1,yp1.y1a0,yp1.y0a1,yp1.y0a0,parity,equality,eq_odds
0.7872,0.7081911217129725,0.7947434292866082,0.9794344473007712,0.5344825896488529,0.7872,0.9350453172205438,0.961099736765136,0.9691358024691358,0.9803701626472238,0.8409090909090909,0.8918737407656145,0.0260544195445922,0.011234360178087988,0.06219901003461159
0.7804,0.6874288536753699,0.7904735298226009,0.9746813641060972,0.5318145337428022,0.7803999999999999,0.9366906474820144,0.9563556208670095,0.9667318982387475,0.9754485363550519,0.8532608695652174,0.8894039735099337,0.019664973384995177,0.00871663811630441,0.044859742061020724
0.7908000000000001,0.6827008960285412,0.8075230660042584,0.9639105388004067,0.557283091005629,0.7908,0.9001386962552012,0.9435019914441658,0.9429097605893186,0.9660384400074641,0.7696629213483146,0.8584507042253521,0.043363295188964646,0.023128679418145448,0.11191646229518293
0.7925333333333334,0.7022876204149505,0.7990040116198645,0.9824800136077564,0.5294418591748111,0.7925333333333334,0.9435483870967742,0.9656976744186047,0.9714285714285714,0.9834070796460177,0.8666666666666667,0.8997252747252747,0.022149287321830413,0.011978508217446282,0.045037116276054334
0.7865333333333334,0.6688519587527955,0.8013611229264143,0.9658236500341764,0.5558695404918816,0.7865333333333333,0.9110787172011662,0.9433519225124744,0.9512195121951219,0.9671641791044776,0.8092783505154639,0.8555708390646493,0.03227320531130817,0.015944666909355698,0.06223715545854103
