acc,auc,precision,recall,maf1,mif1,yp1.a1,yp1.a0,yp1.y1a1,yp1.y1a0,yp1.y0a1,yp1.y0a0,parity,equality,eq_odds
0.6956521739130435,0.7674858816533516,0.7567567567567568,0.623608017817372,0.6952212252325503,0.6956521739130435,0.5446327683615819,0.3764988009592326,0.7193347193347194,0.5704387990762124,0.33663366336633666,0.16708229426433915,0.16813396740234932,0.14889592025850695,0.3184472893605045
0.7054445750097924,0.7782793640993981,0.7865685372585096,0.6218181818181818,0.7050698606719257,0.7054445750097924,0.5619369369369369,0.35315315315315315,0.735812133072407,0.5543981481481481,0.32625994694960214,0.13607990012484394,0.20878378378378376,0.18141398492425886,0.37159403174901706
0.7070113591852722,0.7861126177210197,0.7520593080724877,0.6713235294117647,0.706991534005752,0.7070113591852722,0.5866666666666667,0.4068441064638783,0.7639405204460966,0.610705596107056,0.3684210526315789,0.18518518518518517,0.17982256020278836,0.15323492433904062,0.3364707917854344
0.7132784958871915,0.7811744709950039,0.7767634854771784,0.6690493209435311,0.7131640309871918,0.7132784958871915,0.5600425079702445,0.4205955334987593,0.7255985267034991,0.633177570093458,0.3341708542713568,0.17989417989417988,0.13944697447148519,0.09242095661004113,0.24669763098721803
0.7226792009400704,0.7826897412716862,0.7614678899082569,0.6838951310861423,0.7226638402024842,0.7226792009400705,0.5639913232104121,0.41630901287553645,0.7608695652173914,0.6369119420989143,0.3245192307692308,0.1882793017456359,0.14768231033487567,0.12395762311847702,0.2601975521420719
