acc,auc,precision,recall,maf1,mif1,yp1.a1,yp1.a0,yp1.y1a1,yp1.y1a0,yp1.y0a1,yp1.y0a0,parity,equality,eq_odds
0.9065479974570885,0.9533982337939172,0.924953095684803,0.8216666666666667,0.8986153111570906,0.9065479974570884,0.287676935886761,0.39188605955977557,0.7949640287769785,0.84472049689441,0.017857142857142856,0.06809770540340489,0.10420912367301455,0.04975646811743151,0.09999703066369353
0.9001907183725366,0.9502651162881003,0.8986529826812059,0.8173862310385064,0.8898481493127803,0.9001907183725365,0.24883227176220807,0.411590524534687,0.7666214382632293,0.8556806550665302,0.012978986402966625,0.09877433309300648,0.1627582527724789,0.08905921680330098,0.17485456349334083
0.9084551811824539,0.9532977862212317,0.9226342710997443,0.822690992018244,0.8996064248484203,0.9084551811824539,0.25521054870267973,0.40709459459459457,0.7737617135207496,0.858987090367428,0.01371571072319202,0.07274063188831742,0.15188404589191484,0.08522537684667841,0.1442502980118038
0.9105742742106379,0.9527410598135542,0.9307116104868914,0.8274139844617092,0.9030455892909237,0.9105742742106379,0.2834448160535117,0.39707778255264287,0.791566265060241,0.8580246913580247,0.013444302176696543,0.06642066420664207,0.11363296649913118,0.06645842629778376,0.11943478832772927
0.9031574486119941,0.9499849364418138,0.900749063670412,0.8288340034462952,0.8941584744683404,0.9031574486119941,0.2870793518903199,0.3940311418685121,0.7822966507177034,0.8718232044198895,0.023551877784850413,0.0867093105899076,0.10695178997819221,0.0895265537021861,0.1526839865072433
