acc,auc,precision,recall,maf1,mif1,yp1.a1,yp1.a0,yp1.y1a1,yp1.y1a0,yp1.y0a1,yp1.y0a0,parity,equality,eq_odds
0.5004574565416285,0.5368264804056753,0.49375600384245916,0.4763670064874884,0.5000016756593719,0.5004574565416285,0.47203274215552526,0.4783207157604955,0.5186170212765957,0.45376955903271693,0.42296918767507,0.5013333333333333,0.006287973604970243,0.06484746224387877,0.14321160790214205
0.4990850869167429,0.524902062546039,0.5004016064257029,0.5684306569343066,0.49655394776942025,0.4990850869167429,0.5898161244695899,0.5598377281947262,0.5820512820512821,0.5609065155807366,0.5993690851735016,0.5588615782664942,0.02997839627486365,0.02114476647054553,0.06165227337755297
0.8449222323879232,0.933311430123172,0.7947238252267106,0.9146110056925996,0.8447090182699832,0.8449222323879232,0.5932678821879382,0.5363204344874406,0.9018567639257294,0.9217134416543574,0.24702380952380953,0.20854271356783918,0.056947447700497644,0.01985667772862798,0.05833777368459833
0.5237877401646844,0.5497396271631795,0.5131795716639209,0.5806150978564771,0.5227689820159613,0.5237877401646843,0.5578512396694215,0.5541095890410959,0.5905292479108635,0.5756302521008403,0.5258855585831063,0.5335120643431636,0.0037416506283256545,0.014898995810023186,0.022525501570080486
0.8591033851784081,0.9349189787169849,0.864390243902439,0.8398104265402844,0.8587713115854476,0.859103385178408,0.4956896551724138,0.4563758389261745,0.8632478632478633,0.828125,0.12173913043478261,0.12340966921119594,0.03931381624623931,0.03512286324786329,0.03679340202427661
