acc,auc,precision,recall,maf1,mif1,yp1.a1,yp1.a0,yp1.y1a1,yp1.y1a0,yp1.y0a1,yp1.y0a0,parity,equality,eq_odds
0.6921269095182139,0.766006640886141,0.7543064369900272,0.6176688938381588,0.6916249692648143,0.6921269095182139,0.488135593220339,0.40227817745803357,0.6756756756756757,0.5854503464203233,0.26485148514851486,0.20448877805486285,0.08585741576230543,0.09022532925535232,0.15058803634900433
0.6995691343517431,0.7738021299583269,0.7799263351749539,0.616,0.69917848877268,0.6995691343517431,0.49324324324324326,0.3891891891891892,0.6868884540117417,0.5740740740740741,0.23076923076923078,0.18976279650436953,0.10405405405405405,0.11281437993766763,0.15382081420252888
0.7058362710536623,0.7796071446181155,0.7745716862037872,0.6316176470588235,0.7055174724029616,0.7058362710536623,0.5107692307692308,0.38719898605830166,0.7063197026022305,0.5827250608272506,0.2700228832951945,0.1746031746031746,0.12357024471092909,0.12359464177497992,0.21901435046699985
0.6976106541323932,0.7650494349145156,0.7742782152230971,0.6325947105075054,0.6976050403149092,0.6976106541323933,0.4973432518597237,0.41873449131513646,0.6721915285451197,0.6074766355140186,0.25879396984924624,0.20502645502645503,0.07860876054458726,0.064714893031101,0.11848240785389222
0.7105366235801018,0.7738042963536959,0.7744014732965009,0.6299625468164795,0.7097607295567878,0.7105366235801018,0.4924078091106291,0.38749233599019006,0.7015810276679841,0.586248492159228,0.23798076923076922,0.18204488778054864,0.10491547312043903,0.1153325355087561,0.17126841695897668
