acc,auc,precision,recall,maf1,mif1,yp1.a1,yp1.a0,yp1.y1a1,yp1.y1a0,yp1.y0a1,yp1.y0a0,parity,equality,eq_odds
0.9700214132762314,0.9927068488557297,0.9659863945578231,0.9403973509933775,0.9655037778059178,0.9700214132762313,0.3026315789473684,0.3171355498721228,0.9583333333333334,0.937007874015748,0.0,0.01893939393939394,0.014503970924754361,0.021325459317585338,0.040264853256979274
0.9443254817987152,0.9844794952681388,0.8924050632911392,0.94,0.9370254346292686,0.9443254817987152,0.2727272727272727,0.35356200527704484,0.8461538461538461,0.9596774193548387,0.03225806451612903,0.058823529411764705,0.08083473254977214,0.1135235732009926,0.14008903809662826
0.9599109131403117,0.9896196868008948,0.9645390070921985,0.912751677852349,0.954162885662432,0.9599109131403119,0.2682926829268293,0.3242506811989101,0.9565217391304348,0.9047619047619048,0.0,0.02074688796680498,0.05595799827208081,0.051759834368530044,0.07250672233533502
0.9473684210526315,0.986058329650906,0.9178082191780822,0.9178082191780822,0.9395492708793637,0.9473684210526315,0.3291139240506329,0.3183023872679045,0.9615384615384616,0.9083333333333333,0.018867924528301886,0.042801556420233464,0.010811536782728393,0.05320512820512824,0.07713876009705982
0.9434782608695652,0.9804118314283221,0.9054054054054054,0.9178082191780822,0.9350155397622308,0.9434782608695652,0.275,0.33157894736842103,0.8148148148148148,0.9411764705882353,0.0,0.05363984674329502,0.056578947368421006,0.1263616557734205,0.18000150251671554
