acc,auc,precision,recall,maf1,mif1,yp1.a1,yp1.a0,yp1.y1a1,yp1.y1a0,yp1.y0a1,yp1.y0a0,parity,equality,eq_odds
0.6482159194876487,0.6981396505345963,0.7849264705882353,0.3957367933271548,0.6232239942962512,0.6482159194876487,0.27967257844474763,0.23331039229181005,0.44680851063829785,0.3684210526315789,0.10364145658263306,0.10666666666666667,0.04636218615293758,0.07838745800671892,0.08141266809075254
0.6225983531564502,0.6456681510748008,0.7254575707154742,0.3978102189781022,0.6027183760236592,0.6225983531564502,0.28995756718529,0.26774847870182555,0.3923076923076923,0.40084985835694054,0.1640378548895899,0.1461836998706339,0.022209088483464423,0.008542166049248234,0.026396321068204248
0.48215919487648673,0.5793301305476026,0.48215919487648673,1.0,0.3253086419753086,0.48215919487648673,1.0,1.0,1.0,1.0,1.0,1.0,0.0,0.0,0.0
0.6139066788655078,0.6516538845751598,0.720616570327553,0.34855545200372784,0.5831260619644987,0.6139066788655078,0.1763085399449036,0.2678082191780822,0.28690807799442897,0.3795518207282913,0.0681198910081744,0.16085790884718498,0.09149967923317859,0.09264374273386233,0.18538176057287292
0.6280878316559927,0.6361949539266094,0.6800595238095238,0.43317535545023694,0.6109345292108106,0.6280878316559927,0.24281609195402298,0.33758389261744964,0.36182336182336183,0.46875,0.12173913043478261,0.22010178117048346,0.09476780066342666,0.10692663817663817,0.205289288912339
