acc,auc,precision,recall,maf1,mif1,yp1.a1,yp1.a0,yp1.y1a1,yp1.y1a0,yp1.y0a1,yp1.y0a0,parity,equality,eq_odds
0.6884720951509606,0.7361428201863112,0.7810734463276836,0.5125115848007414,0.6777357208032654,0.6884720951509606,0.32605729877216916,0.32278045423262214,0.5186170212765957,0.5092460881934566,0.12324929971988796,0.148,0.003276844539547019,0.009370933083139077,0.03412163336325111
0.6838975297346752,0.7489930020759392,0.7725437415881561,0.5237226277372263,0.6757266292658495,0.6838975297346752,0.39038189533239037,0.31575388776200136,0.5666666666666667,0.5,0.17350157728706625,0.14747736093143596,0.07462800757038901,0.06666666666666665,0.09269088302229694
0.6797804208600183,0.732219845649419,0.7431318681318682,0.5132827324478179,0.6684563351230018,0.6797804208600183,0.364656381486676,0.31771894093686354,0.519893899204244,0.5096011816838996,0.19047619047619047,0.15452261306532664,0.04693744054981247,0.010292717520344441,0.04624629493120827
0.6893870082342178,0.7444795850781537,0.7525641025641026,0.5470643056849953,0.6820078895269133,0.6893870082342177,0.39807162534435264,0.3363013698630137,0.5793871866295265,0.530812324929972,0.22070844686648503,0.15013404825737264,0.061770255481338965,0.048574861699554495,0.11914926030866688
0.7008234217749314,0.7541101487171106,0.7662682602921647,0.5469194312796208,0.6916020667375368,0.7008234217749314,0.35201149425287354,0.3409395973154362,0.5413105413105413,0.5497159090909091,0.15942028985507245,0.15394402035623408,0.01107189693743732,0.008405367780367712,0.013881637279206077
