acc,auc,precision,recall,maf1,mif1,yp1.a1,yp1.a0,yp1.y1a1,yp1.y1a0,yp1.y0a1,yp1.y0a0,parity,equality,eq_odds
0.9148936170212766,0.9562856424018785,0.9176954732510288,0.8228782287822878,0.9024868264246846,0.9148936170212766,0.08270676691729323,0.3483483483483483,0.21951219512195122,0.9304347826086956,0.021739130434782608,0.04128440366972477,0.2656415814310551,0.7109225874867444,0.7304678607216866
0.8973717146433041,0.9426234124637437,0.8744939271255061,0.8089887640449438,0.8824105848062371,0.8973717146433042,0.09271523178807947,0.3595679012345679,0.2,0.9493087557603687,0.039603960396039604,0.06264501160092807,0.26685266944648844,0.7493087557603686,0.772349806965257
0.9111389236545683,0.9464229000676617,0.9367088607594937,0.7985611510791367,0.8982886444522138,0.9111389236545682,0.10666666666666667,0.3405238828967643,0.2857142857142857,0.9082969432314411,0.019801980198019802,0.030952380952380953,0.2338572162300976,0.6225826575171554,0.6337330582715165
0.9111389236545683,0.9454703114560679,0.8774703557312253,0.8473282442748091,0.8982886444522138,0.9111389236545682,0.13138686131386862,0.3549848942598187,0.3333333333333333,0.9454545454545454,0.042105263157894736,0.06108597285067873,0.2235980329459501,0.6121212121212121,0.631101921813996
0.8873591989987485,0.9133734445507998,0.907563025210084,0.7605633802816901,0.8719715421099858,0.8873591989987485,0.0547945205479452,0.35222052067381315,0.11320754716981132,0.9090909090909091,0.021505376344086023,0.04739336492890995,0.29742600012586795,0.7958833619210978,0.8217713505059216
