acc,auc,precision,recall,maf1,mif1,yp1.a1,yp1.a0,yp1.y1a1,yp1.y1a0,yp1.y0a1,yp1.y0a0,parity,equality,eq_odds
0.9143468950749465,0.9643725375136222,0.937007874015748,0.7880794701986755,0.8975697490787857,0.9143468950749465,0.3026315789473684,0.2659846547314578,0.9166666666666666,0.7637795275590551,0.019230769230769232,0.026515151515151516,0.03664692421591059,0.15288713910761154,0.1601715213919938
0.9143468950749465,0.9652365930599369,0.8928571428571429,0.8333333333333334,0.8999785821375026,0.9143468950749465,0.3181818181818182,0.2955145118733509,0.9615384615384616,0.8064516129032258,0.04838709677419355,0.047058823529411764,0.02266730630846725,0.1550868486352358,0.1564151218800176
0.9287305122494431,0.9815436241610738,0.9333333333333333,0.8456375838926175,0.9176033399091618,0.9287305122494433,0.2926829268292683,0.3024523160762943,1.0,0.8174603174603174,0.01694915254237288,0.03319502074688797,0.009769389247026028,0.18253968253968256,0.19878555074419765
0.8969298245614035,0.966570923552806,0.8561151079136691,0.815068493150685,0.8800637958532695,0.8969298245614035,0.3291139240506329,0.29973474801061006,0.9230769230769231,0.7916666666666666,0.03773584905660377,0.07003891050583658,0.029379176040022825,0.1314102564102565,0.1637133178594893
0.8956521739130435,0.9608672890672716,0.8402777777777778,0.8287671232876712,0.8791461412151067,0.8956521739130435,0.3375,0.3078947368421053,0.9259259259259259,0.8067226890756303,0.03773584905660377,0.08045977011494253,0.029605263157894746,0.11920323685029566,0.1619271579086344
