acc,auc,precision,recall,maf1,mif1,yp1.a1,yp1.a0,yp1.y1a1,yp1.y1a0,yp1.y0a1,yp1.y0a0,parity,equality,eq_odds
0.6976212259835316,0.7479699912847136,0.7779255319148937,0.5421686746987951,0.6894306395324219,0.6976212259835316,0.35743519781718963,0.3372333103922918,0.5638297872340425,0.5305832147937412,0.1400560224089636,0.156,0.020201887424897813,0.03324657244030138,0.04919055003133779
0.691216834400732,0.7557423156766893,0.7336293007769146,0.6031021897810219,0.6888912315842185,0.6912168344007319,0.4243281471004243,0.40635564570655847,0.6205128205128205,0.5934844192634561,0.1829652996845426,0.23544631306597671,0.01797250139386586,0.027028401249364453,0.07950941463079858
0.7035681610247027,0.7487444767032538,0.7457627118644068,0.5844402277039848,0.6976435231037192,0.7035681610247027,0.40813464235624125,0.36320434487440595,0.5994694960212201,0.5760709010339734,0.19345238095238096,0.18216080402010051,0.0449302974818353,0.023398594987246724,0.03469017191952717
0.6935041171088747,0.7473617310962789,0.7448359659781288,0.5712954333643989,0.6880133671431394,0.6935041171088746,0.38292011019283745,0.3732876712328767,0.5766016713091922,0.5686274509803921,0.19346049046321526,0.1863270777479893,0.009632438959960743,0.007974220328800019,0.015107633044025987
0.7127172918572736,0.75477977380249,0.7685534591194969,0.5791469194312796,0.7057659086525065,0.7127172918572735,0.3577586206896552,0.36644295302013424,0.5555555555555556,0.5909090909090909,0.1565217391304348,0.16539440203562342,0.00868433233047905,0.03535353535353536,0.04422619825872398
