acc,auc,precision,recall,maf1,mif1,yp1.a1,yp1.a0,yp1.y1a1,yp1.y1a0,yp1.y0a1,yp1.y0a0,parity,equality,eq_odds
0.6995691343517431,0.7735862878135923,0.7923387096774194,0.5835189309576837,0.6974432838747389,0.6995691343517431,0.41468926553672314,0.3747002398081535,0.5945945945945946,0.5773672055427251,0.2004950495049505,0.15586034912718205,0.03998902572856966,0.01722738905186949,0.061862089429637945
0.7015276145710928,0.785642846118228,0.7773755656108597,0.6247272727272727,0.7012833820602904,0.7015276145710928,0.5180180180180181,0.38738738738738737,0.6829745596868885,0.5902777777777778,0.29442970822281167,0.16853932584269662,0.13063063063063068,0.09269678190911068,0.21858716428922573
0.7085781433607521,0.7870420590700657,0.7815356489945156,0.6286764705882353,0.7081392647335406,0.7085781433607521,0.47897435897435897,0.3973384030418251,0.654275092936803,0.6119221411192214,0.2631578947368421,0.164021164021164,0.08163595593253387,0.042352951817581586,0.14148968253325966
0.7152369761065414,0.7884487929605575,0.7736156351791531,0.6790564689063617,0.7149975285354726,0.7152369761065415,0.5409139213602551,0.446029776674938,0.6869244935543278,0.6740654205607477,0.3417085427135678,0.18783068783068782,0.09488414468531708,0.012859072993580134,0.16673692787646013
0.7242459851155503,0.791898058461406,0.7731601731601732,0.6689138576779026,0.724077963229063,0.7242459851155503,0.5303687635574837,0.4083384426732066,0.7252964426877471,0.6344993968636912,0.2932692307692308,0.1745635910224439,0.12203032088427712,0.0907970458240559,0.20950268557084278
