acc,auc,precision,recall,maf1,mif1,yp1.a1,yp1.a0,yp1.y1a1,yp1.y1a0,yp1.y0a1,yp1.y0a0,parity,equality,eq_odds
0.6715462031107046,0.7172564708521794,0.7095292766934558,0.5706371191135734,0.6678044993493866,0.6715462031107045,0.40083798882681565,0.39727891156462586,0.5893333333333334,0.5607344632768362,0.1935483870967742,0.24540682414698162,0.0035590772621897915,0.028598870056497194,0.08045730710670462
0.687099725526075,0.7311499078152078,0.7398160315374507,0.5367016205910391,0.6775602623985922,0.687099725526075,0.41051136363636365,0.3184885290148448,0.6260623229461756,0.49137931034482757,0.19373219373219372,0.16539440203562342,0.09202283462151883,0.13468301260134802,0.16302080429791832
0.6880146386093321,0.7365983474729605,0.753315649867374,0.5338345864661654,0.6789151898745083,0.6880146386093321,0.3767123287671233,0.3289835164835165,0.5603217158176944,0.5195369030390738,0.18487394957983194,0.1568627450980392,0.047728812283606814,0.04078481277862056,0.06879601726041329
0.6738334858188473,0.728745854687971,0.7351778656126482,0.5214953271028038,0.6648959923218939,0.6738334858188472,0.3704697986577181,0.33518390006939625,0.5573333333333333,0.5021582733812949,0.1810810810810811,0.17962466487935658,0.03528589858832187,0.05517505995203842,0.05663147615376293
0.691216834400732,0.7246725631119167,0.7728494623655914,0.5319148936170213,0.6825596592284235,0.6912168344007319,0.32666666666666666,0.3474930362116992,0.5254691689008043,0.5353107344632768,0.129973474801061,0.16483516483516483,0.02082636954503253,0.00984156556247251,0.04470325559657634
