acc,auc,precision,recall,maf1,mif1,yp1.a1,yp1.a0,yp1.y1a1,yp1.y1a0,yp1.y0a1,yp1.y0a0,parity,equality,eq_odds
0.6914643696162882,0.7529075936030173,0.7399141630901288,0.6399406087602079,0.6913809093853356,0.6914643696162882,0.3672316384180791,0.5032953864589574,0.5550935550935551,0.687066974595843,0.14356435643564355,0.30510585305105853,0.13606374804087834,0.13197341950228791,0.29351491611770286
0.6985121378230227,0.7664584731709243,0.7598627787307033,0.6438953488372093,0.6985054820251267,0.6985121378230227,0.43532058492688414,0.4678678678678679,0.623046875,0.65625,0.18037135278514588,0.264669163545568,0.032547282940983746,0.033203125,0.11750093576042214
0.6996867658574785,0.7764176273524486,0.7640249332146037,0.6308823529411764,0.6994545001246572,0.6996867658574785,0.38051282051282054,0.47625079164027867,0.550185873605948,0.683698296836983,0.17162471395881007,0.2509907529722589,0.09573797112745813,0.13351242323103507,0.21287846224448392
0.6973375097885669,0.7574717872073127,0.7630252100840336,0.6490350250178699,0.6972806592645987,0.6973375097885669,0.3900106269925611,0.5102293862368258,0.5543278084714549,0.7091121495327103,0.1658291457286432,0.285336856010568,0.12021875924426467,0.15478434106125538,0.2742920513431802
0.7071260767423649,0.7732085090901939,0.7504258943781942,0.6594311377245509,0.7070391260209354,0.7071260767423649,0.37919826652221017,0.5052115266707541,0.5700197238658777,0.7141133896260555,0.1466346153846154,0.2892768079800499,0.12601326014854392,0.1440936657601778,0.2867358583556123
