acc,auc,precision,recall,maf1,mif1,yp1.a1,yp1.a0,yp1.y1a1,yp1.y1a0,yp1.y0a1,yp1.y0a0,parity,equality,eq_odds
0.56,0.5857777777777778,0.5529411764705883,0.6266666666666667,0.5580357142857142,0.56,0.6808510638297872,0.5145631067961165,0.7619047619047619,0.5740740740740741,0.6153846153846154,0.4489795918367347,0.16628795703367072,0.1878306878306878,0.3542357113785685
0.49333333333333335,0.45351111111111114,0.4943820224719101,0.5866666666666667,0.48888091822094687,0.4933333333333334,0.7291666666666666,0.5294117647058824,0.68,0.54,0.782608695652174,0.5192307692307693,0.19975490196078427,0.14,0.4033779264214047
0.5666666666666667,0.6588444444444445,0.5396825396825397,0.9066666666666666,0.5100256294286145,0.5666666666666667,0.9787234042553191,0.7766990291262136,0.9565217391304348,0.8846153846153846,1.0,0.6666666666666666,0.20202437512910554,0.07190635451505023,0.4052396878483836
0.5866666666666667,0.6092444444444445,0.5822784810126582,0.6133333333333333,0.5863725315780111,0.5866666666666667,0.8490566037735849,0.35051546391752575,0.96,0.44,0.75,0.2553191489361702,0.4985411398560592,0.52,1.0146808510638299
0.54,0.610311111111111,0.6363636363636364,0.18666666666666668,0.4743791579909603,0.54,0.3076923076923077,0.09009009009009009,0.4117647058823529,0.1206896551724138,0.22727272727272727,0.05660377358490566,0.21760221760221762,0.2910750507099391,0.4617440043977607
