acc,auc,precision,recall,maf1,mif1,yp1.a1,yp1.a0,yp1.y1a1,yp1.y1a0,yp1.y0a1,yp1.y0a0,parity,equality,eq_odds
0.5850869167429095,0.6634568291929444,0.7847682119205298,0.2196478220574606,0.5199932406439691,0.5850869167429095,0.04365620736698499,0.1858224363386098,0.03723404255319149,0.31721194879089615,0.05042016806722689,0.06266666666666666,0.1421662289716248,0.2799779062377047,0.29222440483714446
0.5132662397072278,0.5406842228621174,0.7857142857142857,0.040145985401459854,0.37297705314009655,0.5132662397072278,0.007072135785007072,0.034482758620689655,0.005128205128205128,0.059490084985835696,0.00946372239747634,0.01164294954721863,0.02741062283568258,0.054361879857630566,0.05654110700737285
0.5416285452881976,0.5637530088976204,0.5769230769230769,0.18500948766603414,0.47196540152742417,0.5416285452881976,0.14726507713884993,0.1581805838424983,0.11936339522546419,0.22156573116691286,0.17857142857142858,0.10427135678391959,0.010915506703648381,0.10220233594144867,0.17650240772895764
0.5393412625800549,0.575252732051691,0.6398305084745762,0.1407269338303821,0.4509739075044139,0.5393412625800549,0.045454545454545456,0.13904109589041097,0.07520891364902507,0.17366946778711484,0.01634877384196185,0.10589812332439678,0.09358655043586551,0.09846055413808977,0.1880099036205247
0.5727355901189387,0.578920219073839,0.6067019400352733,0.32606635071090045,0.542265665284161,0.5727355901189387,0.14942528735632185,0.31073825503355706,0.2222222222222222,0.3778409090909091,0.07536231884057971,0.2506361323155216,0.16131296767723521,0.1556186868686869,0.3308925003436288
