acc,auc,precision,recall,maf1,mif1,yp1.a1,yp1.a0,yp1.y1a1,yp1.y1a0,yp1.y0a1,yp1.y0a0,parity,equality,eq_odds
0.9571734475374732,0.9908835610696622,0.9337748344370861,0.9337748344370861,0.9510646324084164,0.9571734475374732,0.35526315789473684,0.3171355498721228,0.9583333333333334,0.9291338582677166,0.07692307692307693,0.022727272727272728,0.03812760802261406,0.02919947506561682,0.08339527926142101
0.9486081370449679,0.9832386961093587,0.8987341772151899,0.9466666666666667,0.9418696319654787,0.9486081370449678,0.32954545454545453,0.3403693931398417,0.9230769230769231,0.9516129032258065,0.08064516129032258,0.043137254901960784,0.010823938594387184,0.028535980148883366,0.06604388653724516
0.9554565701559019,0.9918791946308725,0.9640287769784173,0.8993288590604027,0.948884335154827,0.955456570155902,0.3048780487804878,0.3106267029972752,1.0,0.8809523809523809,0.03389830508474576,0.012448132780082987,0.0057486542167873855,0.11904761904761907,0.14049779135228185
0.956140350877193,0.9861688024745914,0.9375,0.9246575342465754,0.949440070961304,0.956140350877193,0.3291139240506329,0.3129973474801061,0.9615384615384616,0.9166666666666666,0.018867924528301886,0.0311284046692607,0.016116576570526786,0.044871794871794934,0.05713227501275375
0.9543478260869566,0.9874356513393248,0.9139072847682119,0.9452054794520548,0.9477925320621949,0.9543478260869566,0.3375,0.3263157894736842,0.9259259259259259,0.9495798319327731,0.03773584905660377,0.0421455938697318,0.011184210526315796,0.023653906006847136,0.028063650819975167
