acc,auc,precision,recall,maf1,mif1,yp1.a1,yp1.a0,yp1.y1a1,yp1.y1a0,yp1.y0a1,yp1.y0a0,parity,equality,eq_odds
0.961456102783726,0.9875513454606422,0.9182389937106918,0.9668874172185431,0.9565446650124069,0.9614561027837258,0.39473684210526316,0.329923273657289,0.9583333333333334,0.968503937007874,0.1346153846153846,0.022727272727272728,0.06481356844797415,0.01017060367454059,0.12205871556265246
0.9229122055674519,0.9681808622502628,0.8518518518518519,0.92,0.9133687855552808,0.9229122055674518,0.4090909090909091,0.3324538258575198,0.9615384615384616,0.9112903225806451,0.1774193548387097,0.050980392156862744,0.0766370832333893,0.050248138957816435,0.1766871016396634
0.9398663697104677,0.9875391498881432,0.8961038961038961,0.9261744966442953,0.9327564689242034,0.9398663697104677,0.4146341463414634,0.32697547683923706,1.0,0.9126984126984127,0.1864406779661017,0.02074688796680498,0.08765866950222634,0.08730158730158732,0.25299537730088406
0.9298245614035088,0.9783031374281926,0.8701298701298701,0.9178082191780822,0.9205228758169934,0.9298245614035088,0.45569620253164556,0.3129973474801061,1.0,0.9,0.18867924528301888,0.038910505836575876,0.14269885505153945,0.09999999999999998,0.24976873944644298
0.9217391304347826,0.9754820696274321,0.8481012658227848,0.9178082191780822,0.9115686944634314,0.9217391304347826,0.4625,0.31842105263157894,0.9629629629629629,0.907563025210084,0.20754716981132076,0.04980842911877394,0.14407894736842108,0.05539993775287888,0.2131386784454257
