acc,auc,precision,recall,maf1,mif1,yp1.a1,yp1.a0,yp1.y1a1,yp1.y1a0,yp1.y0a1,yp1.y0a0,parity,equality,eq_odds
0.955032119914347,0.9925182328778606,0.9513888888888888,0.9072847682119205,0.9479748547783877,0.9550321199143469,0.35526315789473684,0.29923273657289,0.9583333333333334,0.8976377952755905,0.07692307692307693,0.011363636363636364,0.056030421321846824,0.06069553805774286,0.12625497861718343
0.9443254817987152,0.9787381703470032,0.8827160493827161,0.9533333333333334,0.937433011789925,0.9443254817987152,0.3522727272727273,0.34564643799472294,0.9615384615384616,0.9516129032258065,0.0967741935483871,0.050980392156862744,0.006626289278004349,0.00992555831265507,0.05571935970417942
0.9576837416481069,0.9925279642058166,0.9452054794520548,0.9261744966442953,0.9520420496388117,0.9576837416481069,0.3170731707317073,0.32697547683923706,1.0,0.9126984126984127,0.05084745762711865,0.02074688796680498,0.009902306107529735,0.08730158730158732,0.117402156961901
0.9473684210526315,0.9790322580645161,0.9066666666666666,0.9315068493150684,0.93997893997894,0.9473684210526315,0.379746835443038,0.3183023872679045,0.9615384615384616,0.925,0.09433962264150944,0.03501945525291829,0.061444448175133504,0.03653846153846152,0.09585862892705267
0.9369565217391305,0.9842291248582149,0.8926174496644296,0.910958904109589,0.9276474576271188,0.9369565217391305,0.375,0.3131578947368421,0.9259259259259259,0.907563025210084,0.09433962264150944,0.0421455938697318,0.06184210526315792,0.0183629007158419,0.07055692948761955
