acc,auc,precision,recall,maf1,mif1,yp1.a1,yp1.a0,yp1.y1a1,yp1.y1a0,yp1.y0a1,yp1.y0a0,parity,equality,eq_odds
0.9073842302878599,0.9660727257189249,0.8945147679324894,0.8122605363984674,0.8920664476086162,0.9073842302878599,0.33098591549295775,0.289193302891933,0.9565217391304348,0.7813953488372093,0.03125,0.049773755656108594,0.04179261260102474,0.17512639029322552,0.1936501459493341
0.8948685857321652,0.9573645073645073,0.8571428571428571,0.8108108108108109,0.8782754418037781,0.8948685857321652,0.33112582781456956,0.30092592592592593,0.9387755102040817,0.780952380952381,0.0392156862745098,0.07077625570776255,0.030199901888643632,0.15782312925170072,0.18938369868495347
0.8936170212765958,0.9530778262328077,0.8604651162790697,0.8191881918819188,0.8799029533104274,0.8936170212765957,0.32919254658385094,0.3213166144200627,0.9423076923076923,0.7899543378995434,0.03669724770642202,0.07637231503579953,0.007875932163788235,0.1523533544081489,0.1920284217375264
0.8936170212765958,0.9531286043829297,0.8483606557377049,0.8117647058823529,0.8761581397553979,0.8936170212765957,0.2922077922077922,0.3085271317829457,0.9545454545454546,0.7819905213270142,0.02727272727272727,0.07834101382488479,0.016319339575153524,0.1725549332184404,0.2236232197705979
0.8660826032540676,0.9488610804400278,0.8455598455598455,0.7657342657342657,0.8510276449114369,0.8660826032540676,0.35714285714285715,0.31627906976744186,0.9444444444444444,0.7241379310344828,0.04,0.08716707021791767,0.040863787375415295,0.22030651340996166,0.2674735836278793
