acc,auc,precision,recall,maf1,mif1,yp1.a1,yp1.a0,yp1.y1a1,yp1.y1a0,yp1.y0a1,yp1.y0a0,parity,equality,eq_odds
0.6903019213174749,0.7568644392035516,0.7570332480818415,0.5486561631139945,0.6833016939330461,0.6903019213174748,0.43519781718963163,0.31865106675843086,0.625,0.5078236130867709,0.23529411764705882,0.14133333333333334,0.11654675043120077,0.11717638691322907,0.21113717122695455
0.6907593778591035,0.749543795620438,0.7567237163814181,0.5647810218978102,0.6858963077082658,0.6907593778591034,0.4752475247524752,0.325895875591616,0.6615384615384615,0.5113314447592068,0.24605678233438485,0.15653298835705046,0.14935164916085925,0.15020701677925474,0.23973081075658914
0.6939615736505033,0.7524565679457694,0.72,0.5977229601518027,0.6896722727646006,0.6939615736505031,0.4992987377279102,0.35234215885947046,0.6737400530503979,0.5553914327917282,0.30357142857142855,0.17964824120603015,0.14695657886843977,0.11834862025866966,0.24227180762406805
0.6907593778591035,0.7575656332975786,0.7294797687861272,0.5880708294501398,0.6867273311608084,0.6907593778591034,0.4669421487603306,0.36027397260273974,0.6573816155988857,0.5532212885154062,0.28065395095367845,0.17560321715817695,0.10666817615759083,0.10416032708347955,0.20921106087898106
0.7044830741079597,0.7579087415825445,0.775235531628533,0.5459715639810426,0.6948703255711042,0.7044830741079597,0.41810344827586204,0.30335570469798656,0.6096866096866097,0.5142045454545454,0.22318840579710145,0.11450381679389313,0.11474774357787548,0.09548206423206429,0.2041666532352726
