acc,auc,precision,recall,maf1,mif1,yp1.a1,yp1.a0,yp1.y1a1,yp1.y1a0,yp1.y0a1,yp1.y0a0,parity,equality,eq_odds
0.6981205951448708,0.7680309552849653,0.7666666666666667,0.6146993318485523,0.6973722975717508,0.6981205951448708,0.4610169491525424,0.402636309167166,0.6694386694386695,0.5842956120092379,0.21287128712871287,0.20672478206724781,0.058380639985376404,0.08514305742943162,0.09128956249089668
0.7126076742364917,0.7778963655387532,0.8489130434782609,0.5675872093023255,0.7096447033866803,0.7126076742364916,0.42069741282339707,0.3279279279279279,0.62890625,0.53125,0.13793103448275862,0.10861423220973783,0.09276948489546916,0.09765625,0.1269730522730208
0.7173061863743148,0.7963734111735147,0.8049713193116634,0.6191176470588236,0.7163537000085525,0.7173061863743148,0.4676923076923077,0.3736542115262825,0.6747211895910781,0.5827250608272506,0.2128146453089245,0.14663143989431968,0.09403809616602521,0.09199612876382746,0.15817933417843227
0.7036021926389977,0.7874690951174154,0.8481561822125814,0.5589706933523946,0.7011146260249663,0.7036021926389977,0.3793836344314559,0.3502789832610043,0.572744014732965,0.5502336448598131,0.11557788944723618,0.12417437252311757,0.02910465117045158,0.022510369873151914,0.0311068529490333
0.7149569303054033,0.7883205264348151,0.7911877394636015,0.6182634730538922,0.7136277384854235,0.7149569303054033,0.4734561213434453,0.37216431637032493,0.6903353057199211,0.5741857659831122,0.2091346153846154,0.1633416458852868,0.10129180497312035,0.11614953973680886,0.16194250923613746
