acc,auc,precision,recall,maf1,mif1,yp1.a1,yp1.a0,yp1.y1a1,yp1.y1a0,yp1.y0a1,yp1.y0a0,parity,equality,eq_odds
0.717948717948718,0.7685185185185185,0.675,0.75,0.7177631578947369,0.717948717948718,0.47368421052631576,0.5254237288135594,0.75,0.75,0.2727272727272727,0.3225806451612903,0.0517395182872436,0.0,0.04985337243401761
0.7435897435897436,0.8029004614370469,0.7333333333333333,0.8048780487804879,0.7408637873754153,0.7435897435897437,0.42105263157894735,0.6271186440677966,0.5555555555555556,0.875,0.3,0.3333333333333333,0.20606601248884926,0.3194444444444444,0.35277777777777775
0.717948717948718,0.7466931216931217,0.675,0.75,0.7177631578947369,0.717948717948718,0.47619047619047616,0.5263157894736842,0.6,0.8076923076923077,0.36363636363636365,0.2903225806451613,0.05012531328320802,0.20769230769230773,0.28100609068351007
0.6282051282051282,0.7000000000000001,0.6571428571428571,0.575,0.6276543209876543,0.6282051282051282,0.125,0.532258064516129,0.14285714285714285,0.6666666666666666,0.1111111111111111,0.3793103448275862,0.407258064516129,0.5238095238095237,0.7920087575259989
0.6794871794871795,0.7636363636363637,0.7,0.7777777777777778,0.6635030198446936,0.6794871794871795,0.47368421052631576,0.6949152542372882,0.6363636363636364,0.8235294117647058,0.25,0.52,0.2212310437109724,0.1871657754010695,0.4571657754010695
