acc,auc,precision,recall,maf1,mif1,yp1.a1,yp1.a0,yp1.y1a1,yp1.y1a0,yp1.y0a1,yp1.y0a0,parity,equality,eq_odds
0.967880085653105,0.9940062033699388,0.9594594594594594,0.9403973509933775,0.963105364337819,0.9678800856531049,0.3157894736842105,0.3171355498721228,1.0,0.9291338582677166,0.0,0.022727272727272728,0.0013460761879122707,0.07086614173228345,0.09359341445955618
0.9421841541755889,0.9842060988433228,0.8819875776397516,0.9466666666666667,0.9349222979773216,0.9421841541755889,0.3068181818181818,0.35356200527704484,0.8846153846153846,0.9596774193548387,0.06451612903225806,0.058823529411764705,0.04674382345886302,0.07506203473945416,0.08075463435994752
0.9599109131403117,0.9946532438478747,0.958041958041958,0.9194630872483222,0.954326597043266,0.9599109131403119,0.2804878048780488,0.32697547683923706,0.9565217391304348,0.9126984126984127,0.01694915254237288,0.02074688796680498,0.04648767196118825,0.043823326432022136,0.04762106185645423
0.9517543859649122,0.9856827220503755,0.9366197183098591,0.910958904109589,0.9441773504273504,0.9517543859649122,0.3037974683544304,0.3129973474801061,0.9230769230769231,0.9083333333333333,0.0,0.03501945525291829,0.009199879125675714,0.014743589743589802,0.04976304499650809
0.9478260869565217,0.985407032545153,0.9013157894736842,0.9383561643835616,0.9404389391225534,0.9478260869565217,0.3375,0.32894736842105265,0.9259259259259259,0.9411764705882353,0.03773584905660377,0.04980842911877394,0.008552631578947367,0.015250544662309351,0.027323124724479522
