acc,auc,precision,recall,maf1,mif1,yp1.a1,yp1.a0,yp1.y1a1,yp1.y1a0,yp1.y0a1,yp1.y0a0,parity,equality,eq_odds
0.6930305403288959,0.7586382085692899,0.7923156801661475,0.5664439495174461,0.690202958823402,0.6930305403288959,0.5084745762711864,0.3073696824445776,0.6943866943866944,0.4953810623556582,0.2871287128712871,0.10460772104607721,0.20110489382660884,0.19900563203103622,0.38152662385624614
0.7176977290524668,0.7777871688316815,0.8265204386839482,0.6024709302325582,0.7163660716994972,0.7176977290524668,0.5208098987626547,0.32432432432432434,0.71484375,0.5358796296296297,0.2572944297082228,0.09612983770287141,0.19648557443833037,0.17896412037037035,0.34012871237572173
0.7180892717306187,0.7893850379347719,0.8013182674199624,0.6257352941176471,0.7173342154597993,0.7180892717306187,0.5302564102564102,0.34515516149461684,0.7304832713754646,0.5571776155717761,0.2837528604118993,0.11492734478203434,0.1851012487617934,0.1733056558036885,0.3421311714335534
0.7090837901331245,0.780792712172269,0.8147792706333973,0.6068620443173696,0.7085131871830237,0.7090837901331245,0.5281615302869288,0.337879727216367,0.7053406998158379,0.544392523364486,0.2864321608040201,0.10435931307793923,0.1902818030705618,0.16094817645135195,0.34302102417743285
0.706734534064213,0.7738482394816278,0.7835748792270532,0.6070359281437125,0.7052211235290882,0.706734534064213,0.5243770314192849,0.3378295524218271,0.7080867850098619,0.5452352231604343,0.3004807692307692,0.12344139650872818,0.18654747899745783,0.16285156184942762,0.3398909345714687
