acc,auc,precision,recall,maf1,mif1,yp1.a1,yp1.a0,yp1.y1a1,yp1.y1a0,yp1.y0a1,yp1.y0a0,parity,equality,eq_odds
0.6802378774016469,0.7334378163058739,0.7844311377245509,0.4856348470806302,0.6667999018725979,0.6802378774016469,0.3165075034106412,0.30006882312456984,0.5159574468085106,0.4694167852062589,0.10644257703081232,0.14133333333333334,0.016438680286071372,0.04654066160225173,0.08143141790477275
0.6619396157365051,0.6995781155829371,0.7652303120356612,0.4698905109489051,0.6491733350243566,0.6619396157365051,0.31117397454031115,0.30628803245436104,0.4717948717948718,0.4688385269121813,0.11356466876971609,0.15782664941785252,0.004885942085950112,0.002956344882690476,0.0472183255308269
0.6793229643183898,0.7266563185173761,0.750354609929078,0.5018975332068312,0.6666020490106428,0.6793229643183898,0.3267882187938289,0.32043448744059744,0.4986737400530504,0.5036927621861153,0.13392857142857142,0.16457286432160803,0.006353731353231473,0.0050190221330648765,0.03566331502610148
0.6779505946935042,0.7170673787459735,0.7469879518072289,0.5200372786579683,0.6686623721106479,0.6779505946935042,0.3415977961432507,0.34178082191780823,0.5292479108635098,0.5154061624649859,0.15803814713896458,0.17560321715817695,0.00018302577455753255,0.013841748398523812,0.03140681841773618
0.6651418115279049,0.718517773559447,0.6581782566111655,0.6369668246445498,0.6642917564600914,0.6651418115279049,0.514367816091954,0.4449664429530201,0.6609686609686609,0.625,0.3652173913043478,0.2837150127226463,0.06940137313893391,0.035968660968660915,0.11747103955036242
