acc,auc,precision,recall,maf1,mif1,yp1.a1,yp1.a0,yp1.y1a1,yp1.y1a0,yp1.y0a1,yp1.y0a0,parity,equality,eq_odds
0.9271948608137045,0.9788540531477911,0.8823529411764706,0.8940397350993378,0.9170948203842941,0.9271948608137046,0.4605263157894737,0.30179028132992325,0.9583333333333334,0.8818897637795275,0.23076923076923078,0.022727272727272728,0.15873603445955042,0.07644356955380582,0.28448552759576384
0.8865096359743041,0.9665194532071504,0.793939393939394,0.8733333333333333,0.8730620304125958,0.8865096359743041,0.5227272727272727,0.31398416886543534,0.9615384615384616,0.8548387096774194,0.3387096774193548,0.050980392156862744,0.20874310386183736,0.10669975186104219,0.3944290371235343
0.9309576837416481,0.9824161073825504,0.9214285714285714,0.8657718120805369,0.9209152220726018,0.9309576837416481,0.3902439024390244,0.29427792915531337,1.0,0.8412698412698413,0.15254237288135594,0.008298755186721992,0.09596597328371104,0.15873015873015872,0.3029737764247927
0.9188596491228069,0.9708130799823244,0.8657718120805369,0.8835616438356164,0.9073043430486498,0.918859649122807,0.4430379746835443,0.30238726790450926,0.9230769230769231,0.875,0.20754716981132076,0.03501945525291829,0.14065070677903502,0.04807692307692313,0.22060463763532562
0.9195652173913044,0.9790594188988745,0.8657718120805369,0.8835616438356164,0.9076881355932203,0.9195652173913044,0.5,0.2868421052631579,1.0,0.8571428571428571,0.24528301886792453,0.02681992337164751,0.2131578947368421,0.1428571428571429,0.3613202383534199
