acc,auc,precision,recall,maf1,mif1,yp1.a1,yp1.a0,yp1.y1a1,yp1.y1a0,yp1.y0a1,yp1.y0a0,parity,equality,eq_odds
0.967880085653105,0.9905482437756727,0.930379746835443,0.9735099337748344,0.9637281553398058,0.9678800856531049,0.3157894736842105,0.34271099744245526,0.9583333333333334,0.9763779527559056,0.019230769230769232,0.03787878787878788,0.026921523758244748,0.018044619422572183,0.03669263807059083
0.9379014989293363,0.9832597266035751,0.8757763975155279,0.94,0.9301017274571233,0.9379014989293362,0.3181818181818182,0.35092348284960423,0.9230769230769231,0.9435483870967742,0.06451612903225806,0.06274509803921569,0.03274166466778605,0.020471464019851116,0.022242495012893493
0.9465478841870824,0.9901118568232663,0.9194630872483222,0.9194630872483222,0.9397315436241611,0.9465478841870824,0.2926829268292683,0.3405994550408719,1.0,0.9047619047619048,0.01694915254237288,0.04564315352697095,0.04791652821160364,0.09523809523809523,0.1239320962226933
0.9473684210526315,0.9815068493150685,0.9178082191780822,0.9178082191780822,0.9395492708793637,0.9473684210526315,0.31645569620253167,0.3209549071618037,0.9615384615384616,0.9083333333333333,0.0,0.04669260700389105,0.004499210959272026,0.05320512820512824,0.09989773520901929
0.9478260869565217,0.9815679260099468,0.8910256410256411,0.952054794520548,0.9408474249340963,0.9478260869565217,0.3375,0.3394736842105263,0.9259259259259259,0.957983193277311,0.03773584905660377,0.05747126436781609,0.001973684210526294,0.03205726735138503,0.05179268266259735
