acc,auc,precision,recall,maf1,mif1,yp1.a1,yp1.a0,yp1.y1a1,yp1.y1a0,yp1.y0a1,yp1.y0a0,parity,equality,eq_odds
0.8707353252807799,0.9100433938563435,0.913769123783032,0.73,0.8566125047321126,0.8707353252807798,0.25645295587010825,0.3547690979715149,0.6762589928057554,0.7763975155279503,0.03316326530612245,0.053293856402664694,0.09831614210140666,0.10013852272219492,0.12026911381873717
0.8961644416189871,0.9193161145271299,0.9267782426778243,0.7753792298716453,0.8832220927108438,0.8961644416189871,0.2454352441613588,0.36209813874788493,0.7164179104477612,0.81985670419652,0.030902348578491966,0.03965392934390771,0.11666289458652612,0.10343879374875886,0.1121903745141746
0.8836617927527018,0.9100563203162706,0.9270021261516654,0.7457240592930444,0.8695111751786601,0.8836617927527018,0.2437260740110591,0.35388513513513514,0.6934404283801874,0.7845084409136047,0.03428927680798005,0.03526818515797208,0.11015906112407603,0.09106801253341734,0.09204692088340938
0.8648018648018648,0.910059557487072,0.9041666666666667,0.7225305216426193,0.8501191192582507,0.8648018648018648,0.26421404682274247,0.3472281908036098,0.6734939759036145,0.76440329218107,0.04673495518565941,0.04797047970479705,0.08301414398086732,0.09090931627745547,0.0921448407965931
0.880483153210426,0.9200775049964338,0.9286234522942461,0.7323377369327972,0.8648492027801238,0.8804831532104259,0.26215205650186957,0.3209342560553633,0.6818181818181818,0.7790055248618785,0.03882877148313176,0.026297085998578537,0.05878219955349373,0.0971873430436967,0.10971902852824991
