acc,auc,precision,recall,maf1,mif1,yp1.a1,yp1.a0,yp1.y1a1,yp1.y1a0,yp1.y0a1,yp1.y0a0,parity,equality,eq_odds
0.49496797804208603,0.46874636339814124,0.4878993223620523,0.46709916589434664,0.49438857602574426,0.494967978042086,0.4679399727148704,0.4748795595320027,0.5079787234042553,0.44523470839260315,0.4257703081232493,0.5026666666666667,0.006939586817132304,0.06274401501165217,0.13964037355506959
0.4734675205855444,0.4203416928949307,0.4679113185530922,0.3658759124087591,0.46741691426911924,0.47346752058554437,0.4045261669024045,0.3860716700473293,0.37435897435897436,0.3611898016997167,0.4416403785488959,0.4087968952134541,0.01845449685507522,0.013169172659257655,0.04601265599469945
0.48215919487648673,0.7226416612467396,0.48215919487648673,1.0,0.3253086419753086,0.48215919487648673,1.0,1.0,1.0,1.0,1.0,1.0,0.0,0.0,0.0
0.44967978042086004,0.2779545974080782,0.30538922155688625,0.09506057781919851,0.3696278904202189,0.44967978042086004,0.12258953168044077,0.1678082191780822,0.09192200557103064,0.09663865546218488,0.15258855585831063,0.2359249329758713,0.04521868749764142,0.004716649891154237,0.08805302700871491
0.8700823421774931,0.9371516210542196,0.8042620363062352,0.9658767772511848,0.869577529883826,0.8700823421774931,0.5574712643678161,0.5899328859060403,0.9715099715099715,0.9630681818181818,0.13623188405797101,0.25572519083969464,0.032461621538224184,0.00844178969178977,0.1279350964735134
