acc,auc,precision,recall,maf1,mif1,yp1.a1,yp1.a0,yp1.y1a1,yp1.y1a0,yp1.y0a1,yp1.y0a0,parity,equality,eq_odds
0.7028191072826938,0.7620795298890597,0.7993890020366599,0.5827765404602822,0.7004946162031342,0.7028191072826938,0.35480225988700564,0.40023966446974235,0.5613305613305614,0.5946882217090069,0.10891089108910891,0.19053549190535493,0.04543740458273671,0.033357660378445564,0.11498226119469158
0.7079091620986687,0.7815806747739567,0.7768014059753954,0.6424418604651163,0.7078374978301925,0.7079091620986687,0.4431946006749156,0.44684684684684683,0.654296875,0.6354166666666666,0.15649867374005305,0.24344569288389514,0.003652246171931217,0.01888020833333337,0.10582722747717546
0.7106499608457322,0.7876878263868361,0.7825295723384895,0.6323529411764706,0.7102490661879359,0.7106499608457322,0.40512820512820513,0.44585180493983534,0.6115241635687733,0.6459854014598541,0.15102974828375287,0.2285336856010568,0.04072359981163021,0.0344612378910808,0.11196517520838473
0.7047768206734534,0.7764315265387459,0.81648675171737,0.5947105075053609,0.703937322620618,0.7047768206734534,0.3655685441020191,0.4184748915065096,0.5488029465930019,0.6238317757009346,0.11557788944723618,0.18626155878467635,0.05290634740449052,0.07502882910793274,0.1457124984453729
0.711824588880188,0.7843782877594565,0.7664298401420959,0.6459580838323353,0.7114501726315583,0.711824588880188,0.4160346695557963,0.45493562231759654,0.6370808678500987,0.6513872135102533,0.1466346153846154,0.2518703241895262,0.03890095276180022,0.014306345660154651,0.11954205446506547
