acc,auc,precision,recall,maf1,mif1,yp1.a1,yp1.a0,yp1.y1a1,yp1.y1a0,yp1.y0a1,yp1.y0a0,parity,equality,eq_odds
0.6999085086916743,0.7482881285408468,0.7771952817824378,0.5495829471733086,0.6922884130928317,0.6999085086916743,0.3656207366984993,0.3406744666207846,0.5771276595744681,0.534850640113798,0.14285714285714285,0.15866666666666668,0.024946270077714716,0.042277019460670084,0.05808654327019391
0.6875571820677036,0.7548642268800643,0.7266739846322722,0.6040145985401459,0.6854480776057583,0.6875571820677036,0.4328147100424328,0.4090601757944557,0.6256410256410256,0.5920679886685553,0.19558359621451105,0.24191461836998707,0.023754534247977133,0.03357303697247038,0.0799040591279464
0.6971637694419031,0.7465468918674274,0.725287356321839,0.5986717267552182,0.6927501596619244,0.6971637694419031,0.426367461430575,0.38424983027834353,0.6127320954907162,0.5908419497784343,0.21726190476190477,0.20854271356783918,0.042117631152231494,0.021890145712281872,0.030609336906347456
0.6907593778591035,0.7388651780323869,0.7394451145958987,0.5712954333643989,0.685450218606453,0.6907593778591034,0.38292011019283745,0.3773972602739726,0.5682451253481894,0.572829131652661,0.2016348773841962,0.1903485254691689,0.005522849918864869,0.004584006304471644,0.015870358219498948
0.7053979871912168,0.7462959005367895,0.7617834394904459,0.566824644549763,0.6978278041074251,0.7053979871912168,0.3635057471264368,0.35704697986577183,0.5498575498575499,0.5752840909090909,0.17391304347826086,0.16157760814249364,0.006458767260664966,0.025426541051541074,0.0377619763873083
