acc,auc,precision,recall,maf1,mif1,yp1.a1,yp1.a0,yp1.y1a1,yp1.y1a0,yp1.y0a1,yp1.y0a0,parity,equality,eq_odds
0.7833333333333333,0.703941833864713,0.7906655619994477,0.9813196229648672,0.5153511118650757,0.7833333333333333,0.9879154078549849,0.9634396022228722,0.9917695473251029,0.9803701626472238,0.9772727272727273,0.9026192075218268,0.024475805632112713,0.011399384677879154,0.08605290442877966
0.7794666666666668,0.7012130918591319,0.7832196452933151,0.9888046848088184,0.49337371205428315,0.7794666666666666,0.9942446043165467,0.9756061719324026,0.9941291585127201,0.9882908404154863,0.9945652173913043,0.9311258278145695,0.018638432384144088,0.005838318097233786,0.06927770767396857
0.7862666666666667,0.6878747324362163,0.7934470989761092,0.9847509318874957,0.48734559124244275,0.7862666666666667,0.9833564493758669,0.9759551556276737,0.992633517495396,0.9839522298936368,0.9550561797752809,0.9457746478873239,0.007401293748193205,0.008681287601759125,0.01796281948971612
0.7890666666666667,0.6990493773307663,0.7972879479728795,0.9800986562340535,0.5220113279890991,0.7890666666666667,0.9596774193548387,0.963953488372093,0.9758241758241758,0.980457227138643,0.9151515151515152,0.9024725274725275,0.0042760690172543026,0.004633051314467229,0.017312038993454903
0.7836000000000001,0.7010394234980655,0.7933139131641004,0.9772727272727273,0.5193537650661222,0.7836,0.967930029154519,0.9605224537716466,0.9796747967479674,0.9770522388059701,0.9381443298969072,0.8995873452544704,0.0074075753828724,0.0026225579419972833,0.041179542584434126
