acc,auc,precision,recall,maf1,mif1,yp1.a1,yp1.a0,yp1.y1a1,yp1.y1a0,yp1.y0a1,yp1.y0a0,parity,equality,eq_odds
0.6889295516925893,0.7596246985021595,0.7574193548387097,0.5440222428174235,0.6815849293929447,0.6889295516925892,0.39154160982264663,0.3358568479008947,0.5904255319148937,0.519203413940256,0.18207282913165265,0.164,0.055684761921751924,0.07122211797463762,0.08929494710629027
0.6857273559011894,0.7561960088394831,0.7631917631917632,0.541058394160584,0.6791493960104062,0.6857273559011894,0.37057991513437055,0.3482082488167681,0.5564102564102564,0.5325779036827195,0.14195583596214512,0.17981888745148772,0.022371666317602457,0.02383235272753692,0.061695404216879524
0.7003659652333029,0.7617782836376316,0.7560975609756098,0.5588235294117647,0.6923433606496967,0.7003659652333029,0.38429172510518933,0.3428377460964019,0.5729442970822282,0.55096011816839,0.17261904761904762,0.1658291457286432,0.041453979008787445,0.021984178913838193,0.028774080804242597
0.6999085086916743,0.7642870121725034,0.7711313394018205,0.5526561043802423,0.6922884130928317,0.6999085086916743,0.3512396694214876,0.35205479452054794,0.5543175487465181,0.5518207282913166,0.15258855585831063,0.16085790884718498,0.0008151250990603431,0.0024968204552014983,0.01076617344407585
0.7076852698993596,0.7693321767843749,0.7464454976303317,0.5971563981042654,0.7025582451614882,0.7076852698993595,0.3764367816091954,0.3906040268456376,0.5783475783475783,0.6065340909090909,0.17101449275362318,0.19720101781170485,0.014167245236442194,0.02818651256151261,0.05437303761959428
