acc,auc,precision,recall,maf1,mif1,yp1.a1,yp1.a0,yp1.y1a1,yp1.y1a0,yp1.y0a1,yp1.y0a0,parity,equality,eq_odds
0.7008613938919342,0.7631909628872409,0.7706592386258124,0.6161841128433556,0.7000843526975649,0.7008613938919342,0.5435028248587571,0.35710005991611743,0.7276507276507277,0.5542725173210161,0.32425742574257427,0.1444582814445828,0.1864027649426397,0.17337821032971157,0.35317735462770306
0.7047768206734534,0.7686183470209658,0.7791741472172352,0.6308139534883721,0.7045913217422786,0.7047768206734534,0.5489313835770528,0.375975975975976,0.73046875,0.5717592592592593,0.30238726790450926,0.1647940074906367,0.17295540760107686,0.1587094907407407,0.29630275115461324
0.706734534064213,0.7790065523696916,0.7565071368597817,0.6625,0.7067341294303291,0.706734534064213,0.5753846153846154,0.3989867004433186,0.7565055762081785,0.6009732360097324,0.3524027459954233,0.17965653896961692,0.1763979149412968,0.15553234019844608,0.3282785472242525
0.7137823022709475,0.7728866320717643,0.7693548387096775,0.681915654038599,0.7134649264368123,0.7137823022709475,0.5526036131774708,0.4463732176069436,0.7219152854511971,0.6565420560747663,0.32160804020100503,0.20871862615587847,0.10623039557052716,0.06537322937643075,0.17826264342155732
0.7137823022709475,0.7756101098296019,0.7457351746547523,0.687125748502994,0.713774886562364,0.7137823022709475,0.5861321776814734,0.4230533415082771,0.777120315581854,0.632086851628468,0.35336538461538464,0.20698254364089774,0.1630788361731963,0.145033463953386,0.2914163049278729
