acc,auc,precision,recall,maf1,mif1,yp1.a1,yp1.a0,yp1.y1a1,yp1.y1a0,yp1.y0a1,yp1.y0a0,parity,equality,eq_odds
0.8821784276329732,0.9352656922081384,0.8839506172839506,0.7955555555555556,0.8725187012063225,0.882178427632973,0.27477102414654453,0.41432887354337505,0.7673860911270983,0.8198757763975155,0.012755102040816327,0.12435233160621761,0.13955784939683052,0.0524896852704172,0.1640869148358185
0.8849332485696123,0.9341843718268075,0.8824297844546048,0.7882147024504084,0.8724930005719963,0.8849332485696121,0.24033970276008493,0.40820642978003385,0.728629579375848,0.8331627430910952,0.01792336217552534,0.10886806056236481,0.16786672701994892,0.10453316371524712,0.1954778621020866
0.8862047043865227,0.9388704401983614,0.8843967150979154,0.798175598631699,0.8755293288184506,0.8862047043865225,0.25223309230114843,0.41807432432432434,0.749665327978581,0.8341608738828202,0.02057356608478803,0.11021307861866275,0.1658412320231759,0.08449554590423924,0.17413505843811397
0.8830260648442467,0.9369259653978343,0.9032258064516129,0.7769145394006659,0.8723111142831821,0.8830260648442466,0.25877926421404684,0.40008594757198107,0.727710843373494,0.8189300411522634,0.009603072983354673,0.0996309963099631,0.14130668335793423,0.09121919777876941,0.18124712110537783
0.8853570671752491,0.9336615170256782,0.8973509933774835,0.7782883400344629,0.8730741276558638,0.885357067175249,0.26547569588699627,0.3767301038062284,0.7248803827751196,0.8276243093922652,0.021005728835136857,0.0867093105899076,0.11125440791923213,0.1027439266171456,0.16844750837191635
