acc,auc,precision,recall,maf1,mif1,yp1.a1,yp1.a0,yp1.y1a1,yp1.y1a0,yp1.y0a1,yp1.y0a0,parity,equality,eq_odds
0.6981205951448708,0.7596112506296788,0.7420168067226891,0.6555308092056422,0.6981072196831123,0.6981205951448708,0.4350282485875706,0.4823247453565009,0.6424116424116424,0.6628175519630485,0.18811881188118812,0.2876712328767123,0.047296496768930274,0.020405909551406087,0.11995833054693028
0.7012529365700861,0.7667533659730723,0.7604078164825828,0.6504360465116279,0.7012528907704607,0.7012529365700861,0.4870641169853768,0.44684684684684683,0.671875,0.6377314814814815,0.23607427055702918,0.24094881398252185,0.04021727013852999,0.03414351851851849,0.03901806194401117
0.7145653876272514,0.7798274460537984,0.7626977518734388,0.6735294117647059,0.7145632434326807,0.7145653876272514,0.48923076923076925,0.4585180493983534,0.6765799256505576,0.6715328467153284,0.2585812356979405,0.22721268163804492,0.030712719832415858,0.0050470789352291545,0.036415632995124736
0.7106499608457322,0.7740835290513632,0.7736318407960199,0.6669049320943531,0.7105345370584091,0.7106499608457322,0.463336875664187,0.4773713577185369,0.6353591160220995,0.6869158878504673,0.228643216080402,0.2404227212681638,0.014034482054349873,0.05155677182836782,0.06333627701612962
0.7036021926389977,0.7704756742672291,0.7252918287937743,0.6976047904191617,0.7033980744127379,0.7036021926389977,0.48429035752979416,0.5137952176578786,0.6844181459566075,0.7056694813027744,0.2403846153846154,0.31546134663341646,0.029504860128084454,0.021251335346166855,0.09632806659496793
