acc,auc,precision,recall,maf1,mif1,yp1.a1,yp1.a0,yp1.y1a1,yp1.y1a0,yp1.y0a1,yp1.y0a0,parity,equality,eq_odds
0.8948685857321652,0.9561947892206195,0.84,0.8523985239852399,0.8831529687042995,0.8948685857321652,0.3308270676691729,0.34684684684684686,0.926829268292683,0.8391304347826087,0.06521739130434782,0.0871559633027523,0.016019779177673943,0.08769883351007424,0.10963740550847871
0.8823529411764706,0.9497338852749851,0.841897233201581,0.797752808988764,0.8660161267304125,0.8823529411764706,0.3509933774834437,0.30864197530864196,0.92,0.7695852534562212,0.06930693069306931,0.0765661252900232,0.04235140217480177,0.15041474654377884,0.15767394114073274
0.8923654568210263,0.9588367693561083,0.8779527559055118,0.802158273381295,0.8788352212614087,0.8923654568210263,0.32666666666666666,0.31587057010785824,0.9183673469387755,0.777292576419214,0.039603960396039604,0.06428571428571428,0.010796096558808421,0.14107477051956152,0.1657565244092362
0.8836045056320401,0.9483844371472842,0.8535564853556485,0.7786259541984732,0.8647972969284767,0.8836045056320401,0.29927007299270075,0.2990936555891239,0.9047619047619048,0.7545454545454545,0.031578947368421054,0.07239819004524888,0.0001764174035768784,0.15021645021645025,0.19103569289327807
0.8823529411764706,0.9515725420484069,0.8467153284671532,0.8169014084507042,0.8705783016266887,0.8823529411764706,0.3767123287671233,0.33537519142419603,0.9622641509433962,0.7835497835497836,0.043010752688172046,0.09004739336492891,0.041337137342927266,0.17871436739361268,0.22575100807036955
