acc,auc,precision,recall,maf1,mif1,yp1.a1,yp1.a0,yp1.y1a1,yp1.y1a0,yp1.y0a1,yp1.y0a0,parity,equality,eq_odds
0.7011359185272229,0.7835494637675272,0.7453781512605042,0.6585003711952487,0.7011241795808948,0.7011359185272229,0.4971751412429379,0.44964028776978415,0.6902286902286903,0.640877598152425,0.26732673267326734,0.243142144638404,0.047534853473153726,0.04935109207626531,0.07353568011112865
0.7140618879749314,0.7860620466121315,0.7792207792207793,0.6545454545454545,0.7140386787125919,0.7140618879749313,0.5,0.42702702702702705,0.6927592954990215,0.6319444444444444,0.23872679045092837,0.20599250936329588,0.07297297297297295,0.06081485105457707,0.09354913214220956
0.7144535840188014,0.7950020955574183,0.7530072173215717,0.6904411764705882,0.7143257763404556,0.7144535840188013,0.5384615384615384,0.45754119138149557,0.7267657992565055,0.6666666666666666,0.30663615560640733,0.23015873015873015,0.08092034708004286,0.0600991325898389,0.1365765580375161
0.7242459851155503,0.787143701306826,0.7836734693877551,0.686204431736955,0.7240325465301389,0.7242459851155503,0.5079702444208289,0.4633995037220844,0.6850828729281768,0.6869158878504673,0.2663316582914573,0.21031746031746032,0.04457074069874456,0.001833014922290488,0.05784721289628744
0.7285546415981199,0.7970080502819752,0.7871198568872988,0.6591760299625468,0.7281375344605228,0.7285546415981199,0.4891540130151844,0.4089515634580012,0.6956521739130435,0.6369119420989143,0.23798076923076922,0.17331670822942644,0.0802024495571832,0.05874023181412913,0.12340429281547191
