acc,auc,precision,recall,maf1,mif1,yp1.a1,yp1.a0,yp1.y1a1,yp1.y1a0,yp1.y0a1,yp1.y0a0,parity,equality,eq_odds
0.6637694419030192,0.7110945344856598,0.7559523809523809,0.47080630213160335,0.6499062725589193,0.6637694419030192,0.34106412005457026,0.2904335856847901,0.5292553191489362,0.4395448079658606,0.14285714285714285,0.15066666666666667,0.050630534369780156,0.0897105111830756,0.09752003499259942
0.4986276303751144,0.545930991763209,0.0,0.0,0.33272283272283276,0.4986276303751144,0.0,0.0,0.0,0.0,0.0,0.0,0.0,0.0,0.0
0.6225983531564502,0.6335196223707766,0.6657018813314037,0.4364326375711575,0.6065870947827443,0.6225983531564502,0.33099579242636745,0.3088934147997284,0.4535809018567639,0.42688330871491875,0.19345238095238096,0.20854271356783918,0.022102377626639025,0.026697593141845166,0.04178792575730339
0.6230558096980787,0.6530338313031872,0.6214634146341463,0.5936626281453867,0.6224439575991877,0.6230558096980787,0.41735537190082644,0.4945205479452055,0.5626740947075209,0.6092436974789915,0.27520435967302453,0.3847184986595174,0.07716517604437906,0.0465696027714706,0.15608374175796347
0.6326623970722781,0.6444718216903214,0.6340425531914894,0.5649289099526066,0.6298364759184456,0.6326623970722781,0.36637931034482757,0.4597315436241611,0.5071225071225072,0.59375,0.22318840579710145,0.33969465648854963,0.09335223327933351,0.08662749287749283,0.203133743568941
