acc,auc,precision,recall,maf1,mif1,yp1.a1,yp1.a0,yp1.y1a1,yp1.y1a0,yp1.y0a1,yp1.y0a0,parity,equality,eq_odds
0.6953797963978073,0.75847890522312,0.8023379383634431,0.5605048255382331,0.6920392550711699,0.6953797963978073,0.41694915254237286,0.3427201917315758,0.6216216216216216,0.5265588914549654,0.17326732673267325,0.1444582814445828,0.07422896081079705,0.09506273016665623,0.12387177545474667
0.7239624119028975,0.7917692827812216,0.8204393505253104,0.6242732558139535,0.723234274884314,0.7239624119028975,0.4735658042744657,0.375975975975976,0.693359375,0.5833333333333334,0.17506631299734748,0.1523096129837703,0.09758982829848972,0.11002604166666663,0.13278274168024382
0.7149569303054033,0.7873244900975466,0.7931354359925789,0.6286764705882353,0.7143677048480213,0.7149569303054033,0.4666666666666667,0.39455351488283724,0.6802973977695167,0.5948905109489051,0.2036613272311213,0.17701453104359313,0.07211315178382943,0.0854068868206116,0.11205368300813975
0.7039937353171496,0.7842491080518241,0.7798085291557877,0.640457469621158,0.7039921016483517,0.7039937353171496,0.4729011689691817,0.43645381277123374,0.6500920810313076,0.6343457943925234,0.23115577889447236,0.21268163804491413,0.03644735619794798,0.01574628663878419,0.03422042748834242
0.7110415035238841,0.7813560071974278,0.7820754716981132,0.6205089820359282,0.7099313753010179,0.7110415035238841,0.4637053087757313,0.38749233599019006,0.6863905325443787,0.5802171290711701,0.19230769230769232,0.1882793017456359,0.07621297278554123,0.10617340347320858,0.110201794035265
