acc,auc,precision,recall,maf1,mif1,yp1.a1,yp1.a0,yp1.y1a1,yp1.y1a0,yp1.y0a1,yp1.y0a0,parity,equality,eq_odds
0.9148936170212766,0.9490081347224204,0.8966942148760331,0.8346153846153846,0.9012490185244424,0.9148936170212766,0.11347517730496454,0.3434650455927052,0.34782608695652173,0.9392523364485982,0.0,0.05630630630630631,0.22998986828774065,0.5914262494920765,0.6477325557983827
0.9011264080100125,0.9516934277163904,0.8641975308641975,0.8203125,0.8848999181256052,0.9011264080100125,0.09523809523809523,0.3512269938650307,0.2826086956521739,0.9380952380952381,0.009900990099009901,0.07239819004524888,0.25598889862693547,0.6554865424430643,0.7179837423893032
0.9161451814768461,0.9553805222992369,0.9109311740890689,0.8333333333333334,0.9042132705407452,0.9161451814768461,0.13245033112582782,0.35030864197530864,0.3673469387755102,0.9366515837104072,0.0196078431372549,0.0468384074941452,0.21785831084948082,0.5693046449348971,0.5965352092917874
0.9123904881101377,0.9364937650020491,0.8869565217391304,0.8225806451612904,0.8955282426778242,0.9123904881101377,0.12987012987012986,0.32558139534883723,0.3541666666666667,0.935,0.02830188679245283,0.051685393258426963,0.19571126547870737,0.5808333333333333,0.6042168397993074
0.902377972465582,0.9392650724518585,0.9183673469387755,0.7950530035335689,0.8896877655055225,0.9023779724655819,0.06802721088435375,0.3604294478527607,0.16666666666666666,0.9432314410480349,0.010752688172043012,0.04491725768321513,0.29240223696840695,0.7765647743813683,0.8107293438925404
