acc,auc,precision,recall,maf1,mif1,yp1.a1,yp1.a0,yp1.y1a1,yp1.y1a0,yp1.y0a1,yp1.y0a0,parity,equality,eq_odds
0.9109980928162746,0.9332073388907921,0.9334170854271356,0.8255555555555556,0.9033559144046586,0.9109980928162746,0.29059117402164863,0.385843763487268,0.7985611510791367,0.8488612836438924,0.02040816326530612,0.05477424130273871,0.09525258946561938,0.05030013256475563,0.08466621060218822
0.8908667090485273,0.9369392125531737,0.8321329639889197,0.8763127187864644,0.8833218325196346,0.8908667090485273,0.3159235668789809,0.4488155668358714,0.835820895522388,0.9068577277379734,0.07911001236093942,0.12617159336697908,0.13289199995689055,0.07103683221558532,0.11809841322162498
0.901462174189447,0.9388417897131298,0.8740568775391758,0.8586088939566705,0.8941284874549108,0.901462174189447,0.30157379838366655,0.4282094594594595,0.8393574297188755,0.8728897715988083,0.05112219451371571,0.09919177075679647,0.12663566107579294,0.033532341879932814,0.08160191812301357
0.9037931765204493,0.9414483278968213,0.8707370737073707,0.8784683684794673,0.8982759734031743,0.9037931765204492,0.33988294314381273,0.431886549204985,0.8530120481927711,0.9002057613168725,0.06722151088348272,0.0959409594095941,0.09200360606117225,0.047193713124101366,0.07591316165021275
0.8923500741682561,0.9265891668135733,0.901628664495114,0.7949454336588168,0.8812460394738875,0.892350074168256,0.281678437889489,0.37067474048442905,0.7464114832535885,0.8397790055248618,0.03437301082113304,0.0689410092395167,0.08899630259494007,0.09336752227127332,0.12793552068965697
