acc,auc,precision,recall,maf1,mif1,yp1.a1,yp1.a0,yp1.y1a1,yp1.y1a0,yp1.y0a1,yp1.y0a0,parity,equality,eq_odds
0.9635974304068523,0.9895003772319557,0.91875,0.9735099337748344,0.9590251505783136,0.9635974304068522,0.3157894736842105,0.34782608695652173,0.9583333333333334,0.9763779527559056,0.019230769230769232,0.045454545454545456,0.03203661327231122,0.018044619422572183,0.04426839564634841
0.9357601713062099,0.9806098843322818,0.8658536585365854,0.9466666666666667,0.9280357509759605,0.9357601713062098,0.3181818181818182,0.35883905013192613,0.9230769230769231,0.9516129032258065,0.06451612903225806,0.07058823529411765,0.04065723195010795,0.028535980148883366,0.03460808641074295
0.9510022271714922,0.9878970917225951,0.9205298013245033,0.9328859060402684,0.944938684503902,0.9510022271714922,0.2926829268292683,0.3460490463215259,1.0,0.9206349206349206,0.01694915254237288,0.04564315352697095,0.05336611949225761,0.07936507936507942,0.10805908034967748
0.9539473684210525,0.982258064516129,0.9251700680272109,0.9315068493150684,0.9472009792299592,0.9539473684210527,0.31645569620253167,0.32360742705570295,0.9615384615384616,0.925,0.0,0.042801556420233464,0.007151730853171279,0.03653846153846152,0.07934001795869498
0.9478260869565217,0.9803463921123812,0.8910256410256411,0.952054794520548,0.9408474249340963,0.9478260869565217,0.3375,0.3394736842105263,0.9259259259259259,0.957983193277311,0.03773584905660377,0.05747126436781609,0.001973684210526294,0.03205726735138503,0.05179268266259735
