acc,auc,precision,recall,maf1,mif1,yp1.a1,yp1.a0,yp1.y1a1,yp1.y1a0,yp1.y0a1,yp1.y0a0,parity,equality,eq_odds
0.7822666666666667,0.7317045580284656,0.790594744121715,0.9796058269065981,0.5155409594840349,0.7822666666666667,0.972809667673716,0.9631471190406552,0.9876543209876543,0.9788745559917742,0.9318181818181818,0.9066487575554063,0.009662548633060819,0.008779764995880068,0.03394918925865553
0.7786666666666667,0.7274212728679894,0.7831967213114754,0.9874267998622115,0.49386384099860625,0.7786666666666666,0.9726618705035971,0.9763409257898604,0.9882583170254403,0.9873465533522191,0.9293478260869565,0.937748344370861,0.003679055286263333,0.0009117636732212109,0.009312281957125634
0.7901333333333334,0.7207595248889984,0.8025727069351231,0.9725516773974924,0.5352926439955086,0.7901333333333334,0.9583911234396671,0.9530904263165658,0.9779005524861878,0.972009703302855,0.898876404494382,0.8816901408450705,0.005300697123101328,0.005890849183332825,0.023077112832644353
0.7866666666666667,0.7319524874397407,0.7908114720674188,0.9896240857288654,0.48604403985831257,0.7866666666666666,0.9790322580645161,0.9811046511627907,0.989010989010989,0.9896755162241888,0.9515151515151515,0.9491758241758241,0.002072393098274561,0.0006645272131997615,0.003003854552527163
0.786,0.7331885228019299,0.7932605993647286,0.9815447710184553,0.5178896676035994,0.786,0.978134110787172,0.9641913707073672,0.9857723577235772,0.9811567164179105,0.9587628865979382,0.9016506189821183,0.013942740079804894,0.004615641305666718,0.06172790892148661
