acc,auc,precision,recall,maf1,mif1,yp1.a1,yp1.a0,yp1.y1a1,yp1.y1a0,yp1.y0a1,yp1.y0a0,parity,equality,eq_odds
0.6889295516925893,0.7553273339344453,0.7649402390438247,0.5338276181649676,0.6805522126328096,0.6889295516925892,0.3178717598908595,0.35788024776324845,0.5159574468085106,0.5433854907539118,0.1092436974789916,0.184,0.040008487872388976,0.027428043945401215,0.10218434646640961
0.6921317474839891,0.7505390745329137,0.7539015606242497,0.572992700729927,0.6878168005539256,0.692131747483989,0.38048090523338046,0.3813387423935091,0.5692307692307692,0.5750708215297451,0.14826498422712933,0.20439844760672704,0.0008578371601286605,0.005840052298975884,0.06197351567857359
0.6948764867337603,0.7442043100153546,0.7328519855595668,0.5777988614800759,0.6889796170857689,0.6948764867337603,0.36746143057503505,0.3862864901561439,0.5437665782493368,0.5967503692762186,0.16964285714285715,0.20728643216080403,0.01882505958110886,0.05298379102688178,0.09062736604482866
0.6861848124428179,0.7519382473839207,0.7380073800738007,0.5591798695246971,0.6801609692965656,0.6861848124428179,0.33884297520661155,0.38835616438356163,0.5236768802228412,0.5770308123249299,0.15803814713896458,0.20777479892761394,0.04951318917695008,0.05335393210208872,0.10309058389073808
0.7044830741079597,0.7611701258375551,0.7659297789336801,0.5582938388625592,0.6961505756148614,0.7044830741079597,0.3089080459770115,0.3718120805369127,0.4928774928774929,0.5909090909090909,0.12173913043478261,0.17557251908396945,0.06290403455990123,0.09803159803159806,0.1518649866807849
