acc,auc,precision,recall,maf1,mif1,yp1.a1,yp1.a0,yp1.y1a1,yp1.y1a0,yp1.y0a1,yp1.y0a0,parity,equality,eq_odds
0.7854666666666668,0.702829410387251,0.7933092726263187,0.9794344473007712,0.5280506106518634,0.7854666666666666,0.9350453172205438,0.9630008774495467,0.9670781893004116,0.980557113479155,0.8465909090909091,0.8999328408327737,0.027955560229002807,0.013478924178743412,0.06682085592060805
0.7816000000000001,0.6946011204138798,0.7944304506017352,0.971091344509066,0.5290926810001373,0.7816,0.9133522727272727,0.9568864037669217,0.9378640776699029,0.9743012567998499,0.8465608465608465,0.8935153583617748,0.04353413103964898,0.03643717912994704,0.08339169093087528
0.7909333333333334,0.6658808515727682,0.8101918121958203,0.9589969501863775,0.5679560972857063,0.7909333333333334,0.8599167822468793,0.9390765599645966,0.9116022099447514,0.9637992162716925,0.702247191011236,0.8457746478873239,0.07915977771771732,0.05219700632694113,0.19572446320302905
0.7924,0.6989213061809203,0.7999722376457523,0.9802687531893179,0.5343920128583163,0.7924,0.9290322580645162,0.9633720930232558,0.9714285714285714,0.9810103244837758,0.8121212121212121,0.8976648351648352,0.0343398349587396,0.009581753055204367,0.09512537609882743
0.7892,0.7081159810105582,0.7992153565924057,0.9747095010252905,0.5460527955433658,0.7892,0.9198250728862973,0.9547989433519225,0.9573170731707317,0.9763059701492537,0.8247422680412371,0.875515818431912,0.03497387046562517,0.01898889697852202,0.0697624473691969
