acc,auc,precision,recall,maf1,mif1,yp1.a1,yp1.a0,yp1.y1a1,yp1.y1a0,yp1.y0a1,yp1.y0a0,parity,equality,eq_odds
0.8730663276117822,0.9267370865212592,0.8783868935097668,0.7744444444444445,0.8620777129269822,0.8730663276117822,0.26519567027477103,0.41001294777729824,0.7242206235011991,0.8178053830227743,0.021045918367346938,0.11843079200592153,0.1448172775025272,0.09358475952157519,0.19096963316014978
0.8781521508794237,0.9260938109762609,0.8855788761002031,0.7631271878646441,0.8638807611671151,0.8781521508794236,0.22802547770700637,0.3976311336717428,0.7014925373134329,0.8096212896622313,0.012360939431396786,0.10742609949531362,0.16960565596473642,0.10812875234879848,0.20319391241271534
0.8849332485696123,0.9351147269262645,0.8960104643557881,0.7810718358038768,0.873190769572618,0.8849332485696121,0.24074861760952787,0.4066722972972973,0.7202141900937081,0.8262164846077458,0.017456359102244388,0.09625275532696546,0.16592367968776944,0.10600229451403764,0.1847986907387587
0.8847213392667939,0.9339275447955783,0.9127296587926509,0.7719200887902331,0.8737174663841603,0.8847213392667939,0.2608695652173913,0.3867640739149119,0.7253012048192771,0.8117283950617284,0.014084507042253521,0.08191881918819188,0.1258945086975206,0.08642719024245138,0.15426150238838976
0.8749735113371477,0.9248750843347097,0.8749185667752443,0.7713957495692131,0.8620770930897513,0.8749735113371477,0.26132114665558787,0.39186851211072665,0.7105263157894737,0.8276243093922652,0.022278803309993635,0.11158493248045487,0.1305473654551388,0.1170979936027915,0.20640412277325274
