acc,auc,precision,recall,maf1,mif1,yp1.a1,yp1.a0,yp1.y1a1,yp1.y1a0,yp1.y0a1,yp1.y0a0,parity,equality,eq_odds
0.7012529365700861,0.7753146241086856,0.7579505300353356,0.6369710467706013,0.7009950913654155,0.7012529365700861,0.5491525423728814,0.38705811863391254,0.735966735966736,0.581986143187067,0.32673267326732675,0.17683686176836863,0.16209442373896882,0.15398059277966902,0.30387640427862717
0.7036021926389977,0.7820433726852766,0.7751111111111111,0.6337209302325582,0.7034744981945849,0.7036021926389977,0.5736782902137233,0.36936936936936937,0.75,0.5648148148148148,0.33421750663129973,0.1585518102372035,0.20430892084435393,0.18518518518518523,0.36085088157928147
0.7173061863743148,0.7893382352941176,0.7457627118644068,0.711764705882353,0.7168366579137299,0.7173061863743148,0.6615384615384615,0.4135528815706143,0.828996282527881,0.635036496350365,0.45537757437070936,0.17305151915455746,0.2479855799678472,0.19395978617751608,0.476285841393668
0.7055599060297573,0.7832759330257544,0.7762596071733561,0.6497498213009293,0.7055483499063266,0.7055599060297573,0.5621679064824655,0.39801611903285805,0.7237569060773481,0.602803738317757,0.3417085427135678,0.166446499339498,0.16415178744960746,0.12095316775959108,0.2962152111336609
0.7204385277995301,0.7906238016577682,0.7676419965576592,0.6676646706586826,0.7203040593394255,0.7204385277995301,0.5839653304442037,0.38197424892703863,0.7692307692307693,0.6055488540410132,0.3581730769230769,0.15087281795511223,0.2019910815171651,0.16368191518975606,0.3709821741577207
