acc,auc,precision,recall,maf1,mif1,yp1.a1,yp1.a0,yp1.y1a1,yp1.y1a0,yp1.y0a1,yp1.y0a0,parity,equality,eq_odds
0.6237274862960063,0.6136358743754725,0.6866537717601547,0.5270972531551597,0.6219930826906014,0.6237274862960063,0.4293785310734463,0.39185140802875973,0.58004158004158,0.4976905311778291,0.25,0.2777085927770859,0.03752712304468658,0.08235104886375094,0.11005964164083687
0.610806577916993,0.6417694061673314,0.6532905296950241,0.5915697674418605,0.6105304886617537,0.610806577916993,0.5275590551181102,0.4666666666666667,0.646484375,0.5590277777777778,0.3660477453580902,0.36704119850187267,0.06089238845144351,0.08745659722222221,0.08845005036600467
0.6292090837901331,0.6654553404276283,0.6570342205323194,0.6352941176470588,0.6283749534246785,0.6292090837901331,0.5312820512820513,0.5047498416719443,0.6747211895910781,0.6094890510948905,0.35469107551487417,0.3910171730515192,0.02653220961010705,0.06523213849618759,0.1015582360328326
0.5908379013312451,0.6154037051821184,0.6539130434782608,0.5375268048606148,0.5908363331535053,0.5908379013312451,0.4580233793836344,0.44575325480471173,0.5488029465930019,0.530373831775701,0.3341708542713568,0.35006605019815057,0.012270124578922681,0.018429114817300918,0.0343243107440947
0.5751761942051684,0.5937625979567958,0.6131650135256989,0.5089820359281437,0.5744009976908433,0.5751761942051684,0.4658721560130011,0.41630901287553645,0.571992110453649,0.4704463208685163,0.33653846153846156,0.36034912718204487,0.04956314313746463,0.10154578958513266,0.12535645522871597
