acc,auc,precision,recall,maf1,mif1,yp1.a1,yp1.a0,yp1.y1a1,yp1.y1a0,yp1.y0a1,yp1.y0a0,parity,equality,eq_odds
0.6816102470265325,0.720788511561359,0.7747489239598279,0.5004633920296571,0.6700016657643776,0.6816102470265325,0.2946793997271487,0.3310392291810048,0.4787234042553192,0.5120910384068279,0.10084033613445378,0.16133333333333333,0.03635982945385613,0.03336763415150873,0.09386063135038827
0.6628545288197621,0.7182280854483358,0.682233502538071,0.6131386861313869,0.6620748804789693,0.6628545288197621,0.4229137199434229,0.4638269100743746,0.5897435897435898,0.6260623229461756,0.21766561514195584,0.31565329883570503,0.04091319013095168,0.03631873320258583,0.13430641689633502
0.666971637694419,0.72043820947962,0.6860730593607306,0.5702087286527514,0.662340814672421,0.666971637694419,0.37868162692847124,0.41140529531568226,0.5464190981432361,0.5834564254062038,0.19047619047619047,0.2650753768844221,0.032723668387211025,0.03703732726296771,0.11163651367119937
0.6857273559011894,0.7280851815659883,0.710239651416122,0.6076421248835042,0.6832065166833279,0.6857273559011894,0.3774104683195592,0.4410958904109589,0.5598885793871866,0.6316526610644257,0.1989100817438692,0.2587131367292225,0.06368542209139971,0.07176408167723913,0.13156713666259245
0.6697163769441903,0.7223134331485369,0.6517775752051048,0.6777251184834123,0.6696364580193577,0.6697163769441903,0.4468390804597701,0.5275167785234899,0.6410256410256411,0.6960227272727273,0.2492753623188406,0.37659033078880405,0.08067769806371977,0.05499708624708621,0.18231205471704967
