acc,auc,precision,recall,maf1,mif1,yp1.a1,yp1.a0,yp1.y1a1,yp1.y1a0,yp1.y0a1,yp1.y0a0,parity,equality,eq_odds
0.706342991386061,0.7874345949051222,0.7741046831955923,0.6258351893095768,0.7057148019232471,0.706342991386061,0.4576271186440678,0.4098262432594368,0.6548856548856549,0.6096997690531177,0.22277227722772278,0.19427148194271482,0.047800875384631014,0.04518588583253713,0.07368668111754509
0.7086922474549726,0.7888684753425198,0.7877959927140255,0.6286337209302325,0.7084061483160633,0.7086922474549726,0.49268841394825647,0.3963963963963964,0.685546875,0.5949074074074074,0.23076923076923078,0.1822721598002497,0.09629201755186007,0.09063946759259256,0.13913653856157365
0.7126076742364917,0.793978470785299,0.7992351816443595,0.6147058823529412,0.7116393570724067,0.7126076742364916,0.4553846153846154,0.3812539582013933,0.6468401486988847,0.5936739659367397,0.21967963386727687,0.15059445178335534,0.07413065718322209,0.05316618276214502,0.12225136484606655
0.7083007047768207,0.788794717315089,0.8027777777777778,0.6197283774124375,0.7080489424210151,0.7083007047768207,0.463336875664187,0.3992560446373218,0.6335174953959485,0.610981308411215,0.23115577889447236,0.15984147952443858,0.06408083102686524,0.022536186984733475,0.09385048635476725
0.7274862960062647,0.7995367024571547,0.811284046692607,0.624251497005988,0.7259697207381863,0.7274862960062647,0.46045503791982667,0.36971183323114654,0.6686390532544378,0.5971049457177322,0.20673076923076922,0.13466334164588528,0.09074320468868013,0.07153410753670564,0.14360153512158957
