acc,auc,precision,recall,maf1,mif1,yp1.a1,yp1.a0,yp1.y1a1,yp1.y1a0,yp1.y0a1,yp1.y0a0,parity,equality,eq_odds
0.9250535331905783,0.9597200100595189,0.9202898550724637,0.8410596026490066,0.9123145838362705,0.9250535331905781,0.11842105263157894,0.329923273657289,0.3333333333333333,0.937007874015748,0.019230769230769232,0.03787878787878788,0.2115022210257101,0.6036745406824147,0.6223225593304333
0.9057815845824412,0.9479915878023133,0.8581081081081081,0.8466666666666667,0.8915833016757418,0.9057815845824411,0.07954545454545454,0.3720316622691293,0.23076923076923078,0.9758064516129032,0.016129032258064516,0.0784313725490196,0.2924862077236748,0.7450372208436724,0.8073395611346275
0.9354120267260578,0.9691051454138703,0.9411764705882353,0.8590604026845637,0.9254686471480496,0.9354120267260579,0.17073170731707318,0.33242506811989103,0.5652173913043478,0.9126984126984127,0.01694915254237288,0.029045643153526972,0.16169336080281785,0.3474810213940649,0.359577512005219
0.9078947368421052,0.9519664162615996,0.8768115942028986,0.8287671232876712,0.8926168475823092,0.9078947368421053,0.13924050632911392,0.33687002652519893,0.34615384615384615,0.9333333333333333,0.03773584905660377,0.058365758754863814,0.197629520196085,0.5871794871794872,0.6078093968777473
0.9043478260869565,0.9376581450135241,0.8923076923076924,0.7945205479452054,0.8861283643892339,0.9043478260869565,0.05,0.33157894736842103,0.1111111111111111,0.9495798319327731,0.018867924528301886,0.04980842911877394,0.28157894736842104,0.8384687208216619,0.869409225412134
