acc,auc,precision,recall,maf1,mif1,yp1.a1,yp1.a0,yp1.y1a1,yp1.y1a0,yp1.y0a1,yp1.y0a0,parity,equality,eq_odds
0.6992952231793266,0.768346486623132,0.7367130008176614,0.6688938381588716,0.6992834211809293,0.6992952231793266,0.4632768361581921,0.48711803475134813,0.6694386694386695,0.6685912240184757,0.21782178217821782,0.29140722291407223,0.023841198593156032,0.0008474454201937709,0.07443288615604818
0.7028191072826938,0.7746981975757098,0.7551695616211745,0.6635174418604651,0.7027753181369697,0.7028191072826938,0.49943757030371205,0.4594594594594595,0.6875,0.6493055555555556,0.2440318302387268,0.2546816479400749,0.03997811084425257,0.03819444444444442,0.048844262145792544
0.7149569303054033,0.7841456054783723,0.7615894039735099,0.6764705882352942,0.7149483650992223,0.7149569303054033,0.4841025641025641,0.4661177960734642,0.6840148698884758,0.6715328467153284,0.2379862700228833,0.2430647291941876,0.017984768029099873,0.012482023173147394,0.017560482344451678
0.7126076742364917,0.779337127014039,0.7587548638132295,0.6969263759828449,0.7118611451309065,0.7126076742364916,0.4973432518597237,0.5065096094234346,0.6703499079189686,0.7137850467289719,0.2613065326633166,0.27212681638044917,0.00916635756371087,0.04343513881000327,0.05425542252713583
0.7090837901331245,0.778221266825954,0.7540702656383891,0.6586826347305389,0.7089677415891718,0.7090837901331245,0.4496208017334778,0.4610668301655426,0.6469428007889546,0.6658624849215923,0.2091346153846154,0.24937655860349128,0.011446028432064825,0.01891968413263767,0.05916162735151356
