acc,auc,precision,recall,maf1,mif1,yp1.a1,yp1.a0,yp1.y1a1,yp1.y1a0,yp1.y0a1,yp1.y0a0,parity,equality,eq_odds
0.48000000000000004,0.4394666666666666,0.47692307692307695,0.41333333333333333,0.4776785714285714,0.48,0.48936170212765956,0.4077669902912621,0.5238095238095238,0.37037037037037035,0.46153846153846156,0.4489795918367347,0.08159471183639744,0.1534391534391535,0.16599802314088036
0.56,0.5873777777777778,0.5569620253164557,0.5866666666666667,0.5596868884540116,0.56,0.625,0.4803921568627451,0.72,0.52,0.5217391304347826,0.4423076923076923,0.1446078431372549,0.19999999999999996,0.27943143812709026
0.5666666666666667,0.5958222222222223,0.5378787878787878,0.9466666666666667,0.4935328034907278,0.5666666666666667,0.8936170212765957,0.8737864077669902,0.9130434782608695,0.9615384615384616,0.875,0.7843137254901961,0.019830613509605466,0.04849498327759205,0.13918125778739598
0.4733333333333334,0.5128888888888888,0.46,0.30666666666666664,0.4582857142857143,0.47333333333333333,0.32075471698113206,0.3402061855670103,0.36,0.28,0.2857142857142857,0.40425531914893614,0.019451468585878262,0.07999999999999996,0.1985410334346504
0.49333333333333335,0.49511111111111117,0.4961832061068702,0.8666666666666667,0.41127866143358804,0.4933333333333334,0.8717948717948718,0.8738738738738738,0.8823529411764706,0.8620689655172413,0.8636363636363636,0.8867924528301887,0.0020790020790020236,0.020283975659229236,0.043440064853054294
