acc,auc,precision,recall,maf1,mif1,yp1.a1,yp1.a0,yp1.y1a1,yp1.y1a0,yp1.y0a1,yp1.y0a0,parity,equality,eq_odds
0.8908667090485273,0.9371234441018613,0.8973407544836116,0.8061111111111111,0.8818745161615351,0.8908667090485273,0.2885095753538718,0.3987915407854985,0.7913669064748201,0.8188405797101449,0.021045918367346938,0.09844559585492228,0.11028196543162672,0.02747367323532479,0.10487335072290013
0.886416613689341,0.9339560049197485,0.9010282776349614,0.7858744394618834,0.8758116433580854,0.8864166136893411,0.27726894254787676,0.38411739318083726,0.7601431980906921,0.8086680761099366,0.01854219948849105,0.09117432530999271,0.1068484506329605,0.048524878019244544,0.12115700384074621
0.8845094299639755,0.9406665756517024,0.8963934426229508,0.7793614595210946,0.8726511994512007,0.8845094299639754,0.2535091450446618,0.3923141891891892,0.7563587684069611,0.7964250248262165,0.019326683291770574,0.09331373989713446,0.13880504414452738,0.04006625641925532,0.1140533130246192
0.8895952532316169,0.942094964000309,0.906150919467343,0.7930077691453941,0.8799122918801656,0.8895952532316169,0.2755016722408027,0.3944993553932101,0.7746987951807229,0.808641975308642,0.010243277848911651,0.0974169741697417,0.11899768315240744,0.03394318012791908,0.12111687644874913
0.8849332485696123,0.9332984293395681,0.8945981554677207,0.7800114876507754,0.8727530881529115,0.8849332485696121,0.27212297465724966,0.3732698961937716,0.7464114832535885,0.8110497237569061,0.019732654360280075,0.09168443496801706,0.10114692153652194,0.06463824050331757,0.13659002111105456
