acc,auc,precision,recall,maf1,mif1,yp1.a1,yp1.a0,yp1.y1a1,yp1.y1a0,yp1.y0a1,yp1.y0a0,parity,equality,eq_odds
0.6734534064212999,0.7369994015360779,0.7459252157238735,0.5775798069784707,0.6721013789982173,0.6734534064212999,0.4406779661016949,0.39125224685440385,0.6299376299376299,0.5484988452655889,0.21534653465346534,0.22166874221668742,0.049425719247291056,0.08143878467204102,0.0877609922352631
0.644087705559906,0.6679574910174912,0.6963835155592936,0.6017441860465116,0.6440811032693807,0.644087705559906,0.5140607424071991,0.43963963963963965,0.6640625,0.5648148148148148,0.3103448275862069,0.3046192259675406,0.07442110276755948,0.09924768518518523,0.10497328680385154
0.5951448707909162,0.6202516873583604,0.5813373253493014,0.8566176470588235,0.549868957881072,0.5951448707909162,0.8358974358974359,0.7530082330588981,0.8866171003717472,0.8369829683698297,0.7734553775743707,0.6618229854689565,0.08288920283853785,0.049634132001917575,0.16126652410733178
0.6714956930305404,0.7467139484294594,0.7409638554216867,0.6154395997140815,0.6714932252949508,0.6714956930305404,0.5143464399574921,0.4203347799132052,0.6666666666666666,0.5829439252336449,0.3065326633165829,0.23645970937912814,0.09401166004428685,0.08372274143302172,0.1537956953704765
0.682850430696946,0.755683214851086,0.7074132492113565,0.6714071856287425,0.6827288320254412,0.682850430696946,0.5612134344528711,0.4598405885959534,0.7416173570019724,0.6284680337756333,0.34134615384615385,0.2855361596009975,0.10137284585691769,0.11314932322633908,0.16895931747149545
