acc,auc,precision,recall,maf1,mif1,yp1.a1,yp1.a0,yp1.y1a1,yp1.y1a0,yp1.y0a1,yp1.y0a0,parity,equality,eq_odds
0.6930466605672462,0.7358616843279421,0.7391304347826086,0.55311004784689,0.6845385147261713,0.6930466605672461,0.22948539638386647,0.42058623040218135,0.38997214484679665,0.6384839650145773,0.06944444444444445,0.22919334186939821,0.19110083401831487,0.24851182016778062,0.4082607175927344
0.6779505946935042,0.7391667950254819,0.7144469525959368,0.5839483394833949,0.6747752507428244,0.6779505946935042,0.2943854324734446,0.4531761624099542,0.4797687861271676,0.6327913279132791,0.08945686900958466,0.28517110266159695,0.15879072993650956,0.15302254178611147,0.34873677543812376
0.6779505946935042,0.7146620430283156,0.7538677918424754,0.5032863849765258,0.6662085814628188,0.6779505946935042,0.23088023088023088,0.36905559276624245,0.3712737127371274,0.5732758620689655,0.07098765432098765,0.19071518193224593,0.13817536188601157,0.20200214933183813,0.3217296769430964
0.691216834400732,0.7353735697633913,0.7737931034482759,0.523320895522388,0.6811190171321133,0.6912168344007319,0.2375,0.37789904502046384,0.4010989010989011,0.5861581920903954,0.0702247191011236,0.18337730870712401,0.14039904502046385,0.18505929099149432,0.2982118805974947
0.6921317474839891,0.7529985895391518,0.7281659388646288,0.611365719523373,0.6900535230288071,0.692131747483989,0.2695035460992908,0.4902093180283592,0.43175487465181056,0.6994535519125683,0.10115606936416185,0.2857142857142857,0.22070577192906843,0.26769867726075774,0.4522568936108816
