acc,auc,precision,recall,maf1,mif1,yp1.a1,yp1.a0,yp1.y1a1,yp1.y1a0,yp1.y0a1,yp1.y0a0,parity,equality,eq_odds
0.6989935956084172,0.7337760464413416,0.7450523864959255,0.593141797961075,0.6950689111003134,0.6989935956084172,0.451568894952251,0.3633860977288369,0.6542553191489362,0.5604551920341394,0.23809523809523808,0.17866666666666667,0.0881827972234141,0.0938001271147968,0.1532286985433682
0.6893870082342178,0.7371492667247037,0.7206349206349206,0.6213503649635036,0.6880143249570001,0.6893870082342177,0.48514851485148514,0.4070317782285328,0.6692307692307692,0.5949008498583569,0.2586750788643533,0.23544631306597671,0.07811673662295232,0.07432991937241229,0.09755868517078889
0.7017383348581885,0.7418365841720251,0.7228381374722838,0.618595825426945,0.6983995584988962,0.7017383348581885,0.47545582047685836,0.3822131704005431,0.6551724137931034,0.5982274741506647,0.27380952380952384,0.1984924623115578,0.09324265007631527,0.05694493964243874,0.1322620011404048
0.6967063129002745,0.7425645740544895,0.7257709251101322,0.614165890027959,0.6940153541454356,0.6967063129002745,0.45454545454545453,0.3958904109589041,0.6406685236768802,0.6008403361344538,0.2724795640326976,0.19973190348525469,0.05865504358655044,0.03982818754242645,0.11257584808986934
0.7095150960658738,0.7417124467296063,0.7375565610859729,0.6180094786729858,0.7057584735586222,0.7095150960658738,0.44971264367816094,0.3832214765100671,0.6552706552706553,0.5994318181818182,0.24057971014492754,0.1895674300254453,0.06649116716809383,0.05583883708883708,0.10685111720831933
