acc,auc,precision,recall,maf1,mif1,yp1.a1,yp1.a0,yp1.y1a1,yp1.y1a0,yp1.y0a1,yp1.y0a0,parity,equality,eq_odds
0.9571734475374732,0.9897099505406992,0.9517241379310345,0.9139072847682119,0.9505422350249937,0.9571734475374732,0.3157894736842105,0.309462915601023,0.9583333333333334,0.905511811023622,0.019230769230769232,0.022727272727272728,0.006326558083187495,0.05282152230971138,0.05631802580621487
0.9400428265524626,0.9786119873817034,0.8961038961038961,0.92,0.9317251461988305,0.9400428265524625,0.3181818181818182,0.3324538258575198,0.9615384615384616,0.9112903225806451,0.04838709677419355,0.050980392156862744,0.014272007675701637,0.050248138957816435,0.05284143434048563
0.9487750556792872,0.9903803131991051,0.95,0.8926174496644296,0.9413241970216079,0.9487750556792873,0.3048780487804878,0.3133514986376022,1.0,0.873015873015873,0.03389830508474576,0.02074688796680498,0.008473449857114401,0.12698412698412698,0.14013554410206777
0.9473684210526315,0.9858594785682722,0.9236111111111112,0.910958904109589,0.9393280851535647,0.9473684210526315,0.3291139240506329,0.3129973474801061,0.9615384615384616,0.9,0.018867924528301886,0.038910505836575876,0.016116576570526786,0.06153846153846154,0.08158104284673554
0.9456521739130435,0.9839019282785098,0.9115646258503401,0.9178082191780822,0.9374016798123139,0.9456521739130435,0.3625,0.3105263157894737,0.9629629629629629,0.907563025210084,0.05660377358490566,0.038314176245210725,0.05197368421052628,0.05539993775287888,0.07368953509257381
