acc,auc,precision,recall,maf1,mif1,yp1.a1,yp1.a0,yp1.y1a1,yp1.y1a0,yp1.y0a1,yp1.y0a0,parity,equality,eq_odds
0.6819428123775949,0.7491763159487717,0.7192575406032483,0.6744017403915881,0.6812502767677464,0.681942812377595,0.5738831615120275,0.4714285714285714,0.7389558232931727,0.637911464245176,0.3546666666666667,0.2878598247809762,0.10245459008345603,0.10104435904799669,0.16785120093368716
0.690168429298864,0.7655157562360289,0.75,0.6591070163004961,0.6897112183774174,0.6901684292988641,0.5494761350407451,0.45336481700118064,0.7237903225806451,0.6240437158469946,0.31129476584022037,0.25288831835686776,0.09611131803956446,0.09974660673365054,0.15815305421700315
0.7211124167645907,0.7843861344098264,0.7505957108816521,0.7036485480268057,0.7210096436017513,0.7211124167645907,0.5796045785639958,0.44095477386934673,0.7727272727272727,0.6588957055214724,0.3441108545034642,0.21235521235521235,0.1386498046946491,0.11383156720580034,0.24558720935405218
0.7085781433607521,0.7801113718478787,0.7635933806146572,0.6857749469214437,0.7078321926152347,0.7085781433607521,0.5794701986754967,0.4517304189435337,0.7572254335260116,0.6442953020134228,0.34108527131782945,0.22310756972111553,0.12773977973196293,0.1129301315125888,0.2309078331093027
0.7117117117117117,0.7784408922217169,0.7390636991557943,0.7086092715231788,0.7111852452102144,0.7117117117117117,0.5558011049723757,0.4854368932038835,0.7525150905432596,0.6832946635730859,0.3161764705882353,0.2684478371501272,0.07036421176849217,0.06922042697017372,0.11694906040828179
