acc,auc,precision,recall,maf1,mif1,yp1.a1,yp1.a0,yp1.y1a1,yp1.y1a0,yp1.y0a1,yp1.y0a0,parity,equality,eq_odds
0.49333333333333335,0.4935111111111111,0.4965034965034965,0.9466666666666667,0.3622734392481539,0.4933333333333334,0.9148936170212766,0.970873786407767,0.9047619047619048,0.9629629629629629,0.9230769230769231,0.9795918367346939,0.05598016938649042,0.05820105820105814,0.11471597185882887
0.48000000000000004,0.4706666666666667,0.4854368932038835,0.6666666666666666,0.4612267452569534,0.48,0.875,0.5980392156862745,0.84,0.58,0.9130434782608695,0.6153846153846154,0.2769607843137255,0.26,0.5576588628762541
0.5666666666666667,0.6051555555555556,0.543859649122807,0.8266666666666667,0.5352495352495352,0.5666666666666667,0.8297872340425532,0.7281553398058253,0.9130434782608695,0.7884615384615384,0.75,0.6666666666666666,0.10163189423672792,0.12458193979933108,0.20791527313266445
0.5,0.4961777777777778,0.5,1.0,0.3333333333333333,0.5,1.0,1.0,1.0,1.0,1.0,1.0,0.0,0.0,0.0
0.4866666666666667,0.44480000000000003,0.49206349206349204,0.8266666666666667,0.41956882255389716,0.4866666666666667,0.9230769230769231,0.8108108108108109,0.8823529411764706,0.8103448275862069,0.9545454545454546,0.8113207547169812,0.11226611226611227,0.07200811359026371,0.21523281341873712
