acc,auc,precision,recall,maf1,mif1,yp1.a1,yp1.a0,yp1.y1a1,yp1.y1a0,yp1.y0a1,yp1.y0a0,parity,equality,eq_odds
0.7030943987465726,0.7722363190235411,0.7631814119749777,0.6340014847809948,0.7027492074024921,0.7030943987465726,0.44519774011299434,0.43465227817745805,0.6465696465696466,0.6270207852193995,0.20544554455445543,0.22693266832917705,0.010545461935536293,0.019548861350247027,0.041035985124968644
0.7066196631414022,0.7663256675412873,0.7814748201438849,0.632,0.7064234592619307,0.7066196631414022,0.4572072072072072,0.424024024024024,0.649706457925636,0.6215277777777778,0.1962864721485411,0.21098626716604243,0.033183183183183196,0.02817868014785818,0.0428784751653595
0.7085781433607521,0.7867197130319018,0.7562396006655574,0.6683823529411764,0.7085745216738102,0.7085781433607521,0.47692307692307695,0.4670468948035488,0.6672862453531598,0.6690997566909975,0.2425629290617849,0.24735449735449735,0.009876182119528176,0.0018135113378376921,0.006605079630550154
0.7113200156678418,0.7783797042452953,0.7908611599297012,0.6433166547533953,0.7113086767380334,0.7113200156678418,0.4250797024442083,0.45781637717121587,0.6003683241252302,0.6705607476635514,0.18592964824120603,0.21693121693121692,0.032736674727007586,0.07019242353832122,0.10119399222833211
0.7203290246768508,0.7877357736327127,0.7697654213727194,0.6636704119850187,0.7201362745880748,0.7203290246768508,0.4566160520607375,0.4475781729000613,0.658102766798419,0.6670687575392038,0.21153846153846154,0.22069825436408977,0.009037879160676221,0.008965990740784857,0.01812578356641309
