acc,auc,precision,recall,maf1,mif1,yp1.a1,yp1.a0,yp1.y1a1,yp1.y1a0,yp1.y0a1,yp1.y0a0,parity,equality,eq_odds
0.681152790484904,0.7332700458499399,0.7347931873479319,0.5577100646352724,0.6757956734937925,0.681152790484904,0.4259776536312849,0.3517006802721088,0.5706666666666667,0.5508474576271186,0.2668621700879765,0.16666666666666666,0.0742769733591761,0.019819209039548036,0.1200147124608579
0.681152790484904,0.7369501296623748,0.7262210796915167,0.5386081982840801,0.6723149698422377,0.681152790484904,0.3849431818181818,0.34210526315789475,0.5410764872521246,0.5373563218390804,0.22792022792022792,0.1692111959287532,0.04283791866028708,0.0037201654130442074,0.06242919740451894
0.6825251601097896,0.7422148285151381,0.7041942604856513,0.599624060150376,0.679394920476591,0.6825251601097896,0.42191780821917807,0.4107142857142857,0.5924932975871313,0.6034732272069464,0.24369747899159663,0.23660130718954248,0.011203522504892371,0.010979929619815088,0.018076101421869245
0.6980786825251601,0.7390865239674405,0.7434679334916865,0.5850467289719626,0.6932595162771712,0.6980786825251601,0.4590604026845638,0.3469812630117974,0.64,0.5553956834532374,0.2756756756756757,0.15281501340482573,0.11207913967276639,0.08460431654676259,0.20746497881761256
0.6884720951509606,0.7073356746099849,0.7624671916010499,0.5374653098982424,0.6806086831710378,0.6884720951509606,0.36,0.3426183844011142,0.5415549597855228,0.5353107344632768,0.18037135278514588,0.15521978021978022,0.01738161559888579,0.006244225322246,0.031395797887611654
