acc,auc,precision,recall,maf1,mif1,yp1.a1,yp1.a0,yp1.y1a1,yp1.y1a0,yp1.y0a1,yp1.y0a0,parity,equality,eq_odds
0.9635974304068523,0.9919942996060023,0.9240506329113924,0.9668874172185431,0.9588919093851134,0.9635974304068522,0.32894736842105265,0.340153452685422,1.0,0.9606299212598425,0.019230769230769232,0.041666666666666664,0.011206084264369365,0.03937007874015752,0.061805976176054954
0.9357601713062099,0.9749947423764459,0.8658536585365854,0.9466666666666667,0.9280357509759605,0.9357601713062098,0.32954545454545453,0.3562005277044855,0.9230769230769231,0.9516129032258065,0.08064516129032258,0.06666666666666667,0.026655073159030984,0.028535980148883366,0.04251447477253928
0.9510022271714922,0.9888814317673378,0.9150326797385621,0.9395973154362416,0.9451197831014712,0.9510022271714922,0.3170731707317073,0.3460490463215259,1.0,0.9285714285714286,0.05084745762711865,0.04149377593360996,0.028975875589818567,0.0714285714285714,0.0807822531220801
0.9539473684210525,0.9842244807777287,0.9251700680272109,0.9315068493150684,0.9472009792299592,0.9539473684210527,0.34177215189873417,0.3183023872679045,0.9615384615384616,0.925,0.03773584905660377,0.03501945525291829,0.02346976463082967,0.03653846153846152,0.039254855342147
0.9478260869565217,0.9829203385393945,0.8910256410256411,0.952054794520548,0.9408474249340963,0.9478260869565217,0.35,0.3368421052631579,0.9629629629629629,0.9495798319327731,0.03773584905660377,0.05747126436781609,0.01315789473684209,0.013383131030189843,0.03311854634140216
