acc,auc,precision,recall,maf1,mif1,yp1.a1,yp1.a0,yp1.y1a1,yp1.y1a0,yp1.y0a1,yp1.y0a0,parity,equality,eq_odds
0.7782666666666667,0.6727171901979099,0.7782075220058682,1.0,0.4388357009465128,0.7782666666666667,0.9984894259818731,0.9998537584088915,1.0,1.0,0.9943181818181818,0.9993284083277367,0.0013643324270183887,0.0,0.00501022650955496
0.774,0.6928285013142371,0.780997949419002,0.9839820874956942,0.48437110046138293,0.774,0.9870503597122302,0.9741366642174871,0.9921722113502935,0.9831916902738432,0.9728260869565217,0.9423841059602649,0.012913695494743083,0.00898052107645031,0.039422502072707144
0.7862666666666667,0.6826142704643088,0.7934470989761092,0.9847509318874957,0.48734559124244275,0.7862666666666667,0.9750346740638003,0.9768402419235875,0.9852670349907919,0.9846986378055608,0.9438202247191011,0.9471830985915493,0.0018055678597872493,0.000568397185231162,0.00393127105767932
0.7838666666666667,0.6728111087477789,0.7840939418201228,0.9994897091342065,0.44123669085086503,0.7838666666666667,0.9951612903225806,0.9995639534883721,0.9978021978021978,0.9996312684365781,0.9878787878787879,0.9993131868131868,0.0044026631657915205,0.0018290706343803143,0.013263469568779218
0.7809333333333334,0.6755335077543816,0.7812374716022985,0.9989747095010253,0.4450018072065316,0.7809333333333334,0.9956268221574344,0.9979454065159965,0.9959349593495935,0.9992537313432835,0.9948453608247423,0.9931224209078404,0.002318584358562137,0.0033187719936900173,0.005041711910591884
