acc,auc,precision,recall,maf1,mif1,yp1.a1,yp1.a0,yp1.y1a1,yp1.y1a0,yp1.y0a1,yp1.y0a0,parity,equality,eq_odds
0.7872,0.7057141974879764,0.7944977073780742,0.979948586118252,0.5332783093024301,0.7872,0.9758308157099698,0.9580286633518573,0.9876543209876543,0.9792484576556366,0.9431818181818182,0.8817998656816656,0.017802152358112444,0.008405863332017649,0.06978781583217031
0.7842666666666667,0.7054454212370788,0.7903494176372712,0.9817430244574578,0.5296817152498156,0.7842666666666668,0.9568345323741008,0.96208670095518,0.974559686888454,0.9824362606232294,0.907608695652174,0.890728476821192,0.005252168581079242,0.00787657373477546,0.024756792565757357
0.7942666666666667,0.6943410604326231,0.8055516612925838,0.973568281938326,0.5481923301036259,0.7942666666666667,0.9486823855755895,0.9513202537247382,0.9779005524861878,0.9731293151707409,0.8595505617977528,0.8690140845070422,0.002637868149148681,0.00477123731544693,0.014234760024736337
0.7934666666666667,0.7034673335670549,0.8011964385086255,0.9795883653682599,0.5400560230965317,0.7934666666666668,0.964516129032258,0.9578488372093024,0.9824175824175824,0.9793510324483776,0.9151515151515152,0.8777472527472527,0.006667291822955668,0.003066549969204746,0.04047081237346717
0.7888000000000001,0.7082523857083132,0.8006480698788391,0.971120984278879,0.5525002354270647,0.7888,0.9416909620991254,0.9468740827707661,0.9715447154471545,0.9710820895522388,0.865979381443299,0.8576341127922971,0.0051831206716407285,0.0004626258949156359,0.008807894545917572
