acc,auc,precision,recall,maf1,mif1,yp1.a1,yp1.a0,yp1.y1a1,yp1.y1a0,yp1.y0a1,yp1.y0a0,parity,equality,eq_odds
0.6866431649040344,0.7559031174480126,0.7220046985121378,0.6744696415508412,0.6862445326297083,0.6866431649040344,0.6486486486486487,0.42596944770857814,0.7927565392354124,0.6068965517241379,0.4463276836158192,0.23677884615384615,0.22267920094007054,0.18585998751127453,0.3954088249732476
0.7085781433607521,0.7776414019680078,0.7550854353132628,0.6768781911013858,0.7084793418871631,0.7085781433607521,0.7200460829493087,0.3584569732937685,0.8560311284046692,0.5694282380396732,0.5225988700564972,0.14009661835748793,0.3615891096555402,0.286602890364996,0.6691051420640053
0.6897767332549941,0.7698826613206489,0.694141689373297,0.7481644640234949,0.6860812161935577,0.6897767332549941,0.8218714768883878,0.44357743097238894,0.9156862745098039,0.647887323943662,0.6949602122015915,0.22972972972972974,0.37829404591599886,0.2677989505661419,0.7330294330380037
0.6850763807285546,0.7480033133870729,0.7314741035856573,0.6628158844765343,0.6847102410971024,0.6850763807285546,0.7435294117647059,0.3658250146799765,0.8712273641851107,0.5461711711711712,0.5637393767705382,0.16932515337423312,0.37770439708472936,0.3250561930139395,0.7194704164102446
0.7074030552291422,0.7664492135858755,0.758789860997547,0.672463768115942,0.7072907823711814,0.7074030552291422,0.6651270207852193,0.38352104327208064,0.8326612903225806,0.582579185520362,0.44054054054054054,0.1643835616438356,0.2816059775131387,0.2500821048022186,0.5262390836989235
