acc,auc,precision,recall,maf1,mif1,yp1.a1,yp1.a0,yp1.y1a1,yp1.y1a0,yp1.y0a1,yp1.y0a0,parity,equality,eq_odds
0.9721627408993576,0.9940271607008132,0.96,0.9536423841059603,0.9681367532133541,0.9721627408993576,0.3157894736842105,0.32225063938618925,1.0,0.9448818897637795,0.0,0.022727272727272728,0.006461165701978744,0.055118110236220486,0.07784538296349322
0.9400428265524626,0.9784227129337539,0.8961038961038961,0.92,0.9317251461988305,0.9400428265524625,0.29545454545454547,0.33773087071240104,0.8461538461538461,0.9354838709677419,0.06451612903225806,0.047058823529411764,0.042276325257855574,0.08933002481389574,0.10678733031674204
0.9510022271714922,0.9932662192393735,0.950354609929078,0.8993288590604027,0.9439768602540836,0.9510022271714922,0.2804878048780488,0.3215258855585831,0.9565217391304348,0.8888888888888888,0.01694915254237288,0.024896265560165973,0.04103808068053427,0.06763285024154597,0.07557996325933906
0.9517543859649122,0.9823022536456032,0.9428571428571428,0.9041095890410958,0.9439665765544359,0.9517543859649122,0.3037974683544304,0.3076923076923077,0.9230769230769231,0.9,0.0,0.0311284046692607,0.0038948393378773205,0.023076923076923106,0.05420532774618381
0.9434782608695652,0.983749236541314,0.9,0.9246575342465754,0.9352477477477477,0.9434782608695652,0.3375,0.3236842105263158,0.9629629629629629,0.9159663865546218,0.018867924528301886,0.05363984674329502,0.013815789473684226,0.046996576408341095,0.08176849862333423
