acc,auc,precision,recall,maf1,mif1,yp1.a1,yp1.a0,yp1.y1a1,yp1.y1a0,yp1.y0a1,yp1.y0a0,parity,equality,eq_odds
0.6957913998170174,0.7540439012669397,0.7357630979498861,0.5987025023169601,0.6924159279583509,0.6957913998170174,0.44474761255115963,0.3799036476256022,0.6436170212765957,0.5746799431009957,0.23529411764705882,0.19733333333333333,0.06484396492555744,0.06893707817560002,0.10689786248932551
0.6980786825251601,0.7527665238063349,0.7552693208430913,0.5885036496350365,0.6945181985644413,0.6980786825251601,0.45685997171145687,0.359026369168357,0.6487179487179487,0.5552407932011332,0.22082018927444794,0.17981888745148772,0.09783360254309986,0.09347715551681557,0.1344784573397758
0.6939615736505033,0.7470321708986797,0.7225433526011561,0.5929791271347249,0.6893268274195841,0.6939615736505031,0.4670406732117812,0.36116768499660556,0.6525198938992043,0.5598227474150664,0.25892857142857145,0.1922110552763819,0.10587298821517566,0.09269714648413785,0.1594146626363274
0.6944190301921318,0.7586014306899147,0.7385159010600707,0.5843429636533085,0.689896154091189,0.6944190301921317,0.44214876033057854,0.36164383561643837,0.6323119777158774,0.5602240896358543,0.2561307901907357,0.17158176943699732,0.08050492471414017,0.07208788808002309,0.15663690883376147
0.7044830741079597,0.7550873487791285,0.7437425506555423,0.5914691943127962,0.6991144031575008,0.7044830741079597,0.4267241379310345,0.363758389261745,0.6296296296296297,0.5724431818181818,0.22028985507246376,0.17684478371501272,0.0629657486692895,0.05718644781144788,0.10063151916889893
