acc,auc,precision,recall,maf1,mif1,yp1.a1,yp1.a0,yp1.y1a1,yp1.y1a0,yp1.y0a1,yp1.y0a0,parity,equality,eq_odds
0.8609874973511338,0.9110266072856001,0.9156976744186046,0.7,0.8443460093145091,0.8609874973511337,0.2760199833472107,0.3077255071212775,0.7146282973621103,0.6873706004140787,0.04272959183673469,0.03626943005181347,0.031705523774066824,0.027257696948031596,0.03371785873295282
0.867556685738504,0.9035087378678476,0.8810356892932121,0.7345390898483081,0.850930127769844,0.867556685738504,0.2653927813163482,0.3401015228426396,0.7150610583446404,0.7492323439099283,0.06056860321384425,0.05191059841384282,0.07470874152629142,0.03417128556528792,0.04282929036528935
0.8639542275905913,0.9042656534521911,0.9186746987951807,0.6955530216647663,0.8453433913966436,0.8639542275905912,0.24968098681412165,0.3129222972972973,0.6921017402945113,0.6981132075471698,0.043640897755610975,0.027920646583394562,0.06324131048317566,0.006011467252658442,0.021731718424874855
0.8597160415342234,0.9126782529753061,0.9460093896713615,0.6709211986681465,0.8404720711814138,0.8597160415342233,0.2591973244147157,0.28276751181779114,0.6927710843373494,0.6522633744855967,0.02880921895006402,0.017712177121771217,0.023570187403075427,0.04050770985175267,0.051604751680045476
0.8700995973723247,0.905249061758274,0.9104803493449781,0.7185525560022975,0.8531313107209557,0.8700995973723247,0.2829248026589115,0.29974048442906576,0.7165071770334929,0.7204419889502762,0.052196053469127944,0.02914001421464108,0.016815681770154245,0.003934811916783354,0.026990851171270216
