acc,auc,precision,recall,maf1,mif1,yp1.a1,yp1.a0,yp1.y1a1,yp1.y1a0,yp1.y0a1,yp1.y0a0,parity,equality,eq_odds
0.6944190301921318,0.7449811754836733,0.7216828478964401,0.6200185356811863,0.692332975713603,0.6944190301921317,0.47066848567530695,0.4005505849965588,0.6702127659574468,0.5931721194879089,0.2605042016806723,0.22,0.07011790067874812,0.0770406464695379,0.11754484815021018
0.6861848124428179,0.7102800843768834,0.7411764705882353,0.5748175182481752,0.6823560113162561,0.6861848124428179,0.4611032531824611,0.35429344151453684,0.6435897435897436,0.5368271954674221,0.23659305993690852,0.18758085381630013,0.10680981166792425,0.10676254812232155,0.15577475424292994
0.6953339432753889,0.7464588878980294,0.6955645161290323,0.6546489563567363,0.6940791713210097,0.6953339432753889,0.5035063113604488,0.42973523421588594,0.6843501326259946,0.638109305760709,0.3005952380952381,0.25251256281407036,0.07377107714456282,0.046240826865285634,0.09432350214645335
0.7026532479414456,0.7551825456835215,0.723336853220697,0.6383970177073626,0.7009286387822455,0.7026532479414456,0.4476584022038568,0.426027397260274,0.637883008356546,0.6386554621848739,0.2615803814713896,0.2225201072386059,0.021631004943582777,0.0007724538283279125,0.03983272806111163
0.7049405306495883,0.7477206347610008,0.7223427331887202,0.6312796208530805,0.7022185192342417,0.7049405306495883,0.4511494252873563,0.4080536912751678,0.6524216524216524,0.6207386363636364,0.2463768115942029,0.21755725190839695,0.043095734012188525,0.031683016058016045,0.06050257574382201
