acc,auc,precision,recall,maf1,mif1,yp1.a1,yp1.a0,yp1.y1a1,yp1.y1a0,yp1.y0a1,yp1.y0a0,parity,equality,eq_odds
0.8234795507522781,0.8790636062578508,0.8269100743745774,0.6794444444444444,0.8053549525556883,0.8234795507522781,0.2614487926727727,0.3672852826931377,0.684652278177458,0.6749482401656315,0.03635204081632653,0.14729829755736493,0.10583649002036499,0.00970403801182651,0.1206502947528649
0.8370417461326553,0.8827154081975392,0.8156312625250501,0.7123687281213535,0.8185081423525213,0.8370417461326554,0.23524416135881104,0.39890016920473775,0.6824966078697422,0.7349027635619243,0.0315203955500618,0.16222062004325882,0.1636560078459267,0.0524061556921821,0.18310638018537911
0.840644204280568,0.885915498374229,0.8431506849315068,0.701824401368301,0.8226005122191953,0.8406442042805679,0.23989791578051892,0.3783783783783784,0.6854082998661312,0.7140019860973188,0.032418952618453865,0.13005143277002204,0.13848046259785948,0.02859368623118763,0.1262261663827558
0.8347107438016529,0.8878483017193786,0.8127294981640147,0.7369589345172031,0.8215175849416124,0.8347107438016529,0.286371237458194,0.40782122905027934,0.7289156626506024,0.7438271604938271,0.05121638924455826,0.16678966789667896,0.12144999159208536,0.014911497843224764,0.13048477649534546
0.8207247298156389,0.8775583457319982,0.7567412507171544,0.7576105686387133,0.8075431542321981,0.8207247298156388,0.29995845450768593,0.4416089965397924,0.7308612440191388,0.7823204419889502,0.07065563335455124,0.2224591329068941,0.14165054203210647,0.051459197969811465,0.2032626975221543
