acc,auc,precision,recall,maf1,mif1,yp1.a1,yp1.a0,yp1.y1a1,yp1.y1a0,yp1.y0a1,yp1.y0a0,parity,equality,eq_odds
0.6973375097885669,0.7349973459693486,0.7657407407407407,0.6139569413511508,0.6965872711063079,0.6973375097885669,0.5514124293785311,0.3547034152186938,0.7318087318087318,0.5484988452655889,0.33663366336633666,0.14570361145703611,0.19670901415983727,0.18330988654314295,0.3742399384524435
0.7028191072826938,0.7829502605914638,0.7880485527544351,0.6133720930232558,0.7022965792501137,0.7028191072826938,0.5556805399325084,0.34654654654654654,0.732421875,0.5428240740740741,0.3156498673740053,0.1348314606741573,0.2091339933859619,0.18959780092592593,0.37041620762577393
0.7110415035238841,0.7794302394324564,0.7801801801801802,0.6367647058823529,0.7107285914675883,0.7110415035238841,0.5774358974358974,0.34642178594046863,0.7695167286245354,0.5498783454987834,0.34096109839816935,0.12549537648612946,0.23101411149542878,0.2196383831257519,0.4351041050377918
0.7110415035238841,0.7680959497971649,0.7906772207563765,0.6426018584703359,0.7110271499428448,0.7110415035238841,0.565356004250797,0.375077495350279,0.7403314917127072,0.580607476635514,0.32663316582914576,0.142668428005284,0.190278508900518,0.15972401507719314,0.3436887529010549
0.7141738449490994,0.7791989911802012,0.7719928186714542,0.6437125748502994,0.7136991139570953,0.7141738449490993,0.5926327193932828,0.34763948497854075,0.7790927021696252,0.5609167671893848,0.36538461538461536,0.12718204488778054,0.24499323441474202,0.21817593498024046,0.45637850547707526
