acc,auc,precision,recall,maf1,mif1,yp1.a1,yp1.a0,yp1.y1a1,yp1.y1a0,yp1.y0a1,yp1.y0a0,parity,equality,eq_odds
0.6793229643183898,0.7303493733114655,0.696875,0.6200185356811863,0.6778662628256079,0.6793229643183898,0.660300136425648,0.32759807295251203,0.8138297872340425,0.5163584637268848,0.49859943977591037,0.15066666666666667,0.33270206347313597,0.29747132350715777,0.6454040966164014
0.6642268984446478,0.6965504252327062,0.7527932960893855,0.49178832116788324,0.6541019936534216,0.6642268984446478,0.46534653465346537,0.2616632860040568,0.6051282051282051,0.42917847025495753,0.29337539432176657,0.10866752910737387,0.20368324864940857,0.17594973487324755,0.36065760008764025
0.6720036596523331,0.7284633333556836,0.6939010356731876,0.5721062618595826,0.6671862627873837,0.672003659652333,0.5287517531556802,0.3340122199592668,0.6710875331564987,0.51698670605613,0.36904761904761907,0.17839195979899497,0.19473953319641346,0.15410082710036876,0.34475648634899286
0.6678865507776761,0.7289836541625742,0.6978335233751425,0.570363466915191,0.6639700184208854,0.6678865507776761,0.5399449035812672,0.3321917808219178,0.6852367688022284,0.5126050420168067,0.3978201634877384,0.15951742627345844,0.20775312275934943,0.1726317267854217,0.4109344639997017
0.6875571820677036,0.742414756894247,0.7048458149779736,0.6066350710900474,0.6842715178921294,0.6875571820677036,0.5905172413793104,0.33355704697986577,0.7236467236467237,0.5482954545454546,0.45507246376811594,0.14122137404580154,0.2569601943994446,0.17535126910126908,0.4892023588235835
