acc,auc,precision,recall,maf1,mif1,yp1.a1,yp1.a0,yp1.y1a1,yp1.y1a0,yp1.y0a1,yp1.y0a0,parity,equality,eq_odds
0.967880085653105,0.9907997317461648,0.9358974358974359,0.9668874172185431,0.9636083100852517,0.9678800856531049,0.32894736842105265,0.3350383631713555,1.0,0.9606299212598425,0.019230769230769232,0.03409090909090909,0.006090994750302836,0.03937007874015752,0.05423021860029738
0.9443254817987152,0.9782754994742376,0.8780487804878049,0.96,0.9376309841791659,0.9443254817987152,0.3409090909090909,0.35356200527704484,0.9615384615384616,0.9596774193548387,0.08064516129032258,0.058823529411764705,0.01265291436795396,0.0018610421836228186,0.023682674062180692
0.9576837416481069,0.9899776286353468,0.9333333333333333,0.9395973154362416,0.9523676584720353,0.9576837416481069,0.3048780487804878,0.3405994550408719,1.0,0.9285714285714286,0.03389830508474576,0.03319502074688797,0.035721406260384114,0.0714285714285714,0.07213185576642919
0.9429824561403508,0.9834290764471939,0.910958904109589,0.910958904109589,0.9345117101193106,0.9429824561403509,0.3291139240506329,0.3183023872679045,0.9230769230769231,0.9083333333333333,0.03773584905660377,0.042801556420233464,0.010811536782728393,0.014743589743589802,0.019809297107219494
0.9478260869565217,0.9841636855422738,0.8910256410256411,0.952054794520548,0.9408474249340963,0.9478260869565217,0.35,0.3368421052631579,0.9629629629629629,0.9495798319327731,0.03773584905660377,0.05747126436781609,0.01315789473684209,0.013383131030189843,0.03311854634140216
