acc,auc,precision,recall,maf1,mif1,yp1.a1,yp1.a0,yp1.y1a1,yp1.y1a0,yp1.y0a1,yp1.y0a0,parity,equality,eq_odds
0.967880085653105,0.9946139659652946,0.930379746835443,0.9735099337748344,0.9637281553398058,0.9678800856531049,0.32894736842105265,0.340153452685422,1.0,0.968503937007874,0.019230769230769232,0.03787878787878788,0.011206084264369365,0.03149606299212604,0.05014408164014469
0.9400428265524626,0.9738170347003154,0.8765432098765432,0.9466666666666667,0.9326201665429961,0.9400428265524625,0.3181818181818182,0.35356200527704484,0.8846153846153846,0.9596774193548387,0.08064516129032258,0.058823529411764705,0.03538018709522667,0.07506203473945416,0.09688366661801204
0.9443207126948775,0.9860850111856823,0.9133333333333333,0.9194630872483222,0.9373258664105728,0.9443207126948775,0.3048780487804878,0.3405994550408719,0.9565217391304348,0.9126984126984127,0.05084745762711865,0.04149377593360996,0.035721406260384114,0.043823326432022136,0.05317700812553083
0.9473684210526315,0.9853513035793195,0.9066666666666666,0.9315068493150684,0.93997893997894,0.9473684210526315,0.35443037974683544,0.32360742705570295,0.9615384615384616,0.925,0.05660377358490566,0.042801556420233464,0.0308229526911325,0.03653846153846152,0.05034067870313372
0.9434782608695652,0.9869339499171103,0.8846153846153846,0.9452054794520548,0.9359180436786044,0.9434782608695652,0.3625,0.33421052631578946,0.9629629629629629,0.9411764705882353,0.05660377358490566,0.05747126436781609,0.02828947368421053,0.02178649237472763,0.022653983157638058
