acc,auc,precision,recall,maf1,mif1,yp1.a1,yp1.a0,yp1.y1a1,yp1.y1a0,yp1.y0a1,yp1.y0a0,parity,equality,eq_odds
0.9721627408993576,0.9963115097661162,0.93125,0.9867549668874173,0.9686662916187104,0.9721627408993576,0.32894736842105265,0.3452685421994885,1.0,0.984251968503937,0.019230769230769232,0.03787878787878788,0.016321173778435838,0.015748031496062964,0.03439605014408161
0.9464668094218416,0.9813459516298633,0.8834355828220859,0.96,0.9399350732869277,0.9464668094218416,0.3068181818181818,0.35883905013192613,0.8846153846153846,0.9758064516129032,0.06451612903225806,0.058823529411764705,0.052020868313744306,0.09119106699751867,0.09688366661801202
0.9688195991091314,0.9948322147651008,0.9530201342281879,0.9530201342281879,0.9648434004474273,0.9688195991091314,0.2926829268292683,0.3405994550408719,1.0,0.9444444444444444,0.01694915254237288,0.024896265560165973,0.04791652821160364,0.05555555555555558,0.06350266857334867
0.9495614035087718,0.9852629253203712,0.912751677852349,0.9315068493150684,0.9423783754086201,0.9495614035087719,0.3291139240506329,0.32625994694960214,0.9615384615384616,0.925,0.018867924528301886,0.04669260700389105,0.002853977101030747,0.03653846153846152,0.06436314401405069
0.9500000000000001,0.9877846610243435,0.896774193548387,0.952054794520548,0.9432156677526178,0.9500000000000001,0.35,0.33421052631578946,0.9629629629629629,0.9495798319327731,0.03773584905660377,0.05363984674329502,0.01578947368421052,0.013383131030189843,0.029287128716881092
