acc,auc,precision,recall,maf1,mif1,yp1.a1,yp1.a0,yp1.y1a1,yp1.y1a0,yp1.y0a1,yp1.y0a0,parity,equality,eq_odds
0.9464668094218416,0.9849945510939726,0.9090909090909091,0.9271523178807947,0.9391435794521619,0.9464668094218416,0.4473684210526316,0.3069053708439898,1.0,0.9133858267716536,0.19230769230769232,0.015151515151515152,0.1404630502086418,0.08661417322834641,0.26377035038452357
0.9314775160599572,0.9832176656151419,0.86875,0.9266666666666666,0.9227460711331679,0.9314775160599571,0.38636363636363635,0.3324538258575198,0.9230769230769231,0.9274193548387096,0.16129032258064516,0.043137254901960784,0.05390981050611654,0.004342431761786503,0.12249549944047088
0.9465478841870824,0.9862192393736018,0.9194630872483222,0.9194630872483222,0.9397315436241611,0.9465478841870824,0.3902439024390244,0.3188010899182561,1.0,0.9047619047619048,0.15254237288135594,0.012448132780082987,0.07144281252076828,0.09523809523809523,0.23533233533936818
0.9320175438596491,0.9787229341581971,0.896551724137931,0.8904109589041096,0.9217756528379567,0.9320175438596491,0.4050632911392405,0.29973474801061006,0.9615384615384616,0.875,0.1320754716981132,0.0311284046692607,0.10532854312863044,0.08653846153846156,0.18748552856731407
0.932608695652174,0.981895122589652,0.8859060402684564,0.9041095890410958,0.9226576271186441,0.9326086956521739,0.425,0.3026315789473684,0.9259259259259259,0.8991596638655462,0.16981132075471697,0.03065134099616858,0.12236842105263157,0.026766262060379686,0.16592624181892807
