acc,auc,precision,recall,maf1,mif1,yp1.a1,yp1.a0,yp1.y1a1,yp1.y1a0,yp1.y0a1,yp1.y0a0,parity,equality,eq_odds
0.9018859927950837,0.9519765140268737,0.955071477195371,0.7794444444444445,0.8916568950794093,0.9018859927950839,0.2710241465445462,0.35304272766508416,0.7529976019184652,0.8022774327122153,0.014668367346938776,0.03182827535159141,0.08201858112053795,0.04927983079375009,0.06643973879840273
0.9099385463021827,0.9526440762867022,0.9503843466107617,0.793465577596266,0.8986647540596372,0.9099385463021826,0.24713375796178344,0.35913705583756345,0.7584803256445047,0.81985670419652,0.014215080346106305,0.03460706560922855,0.11200329787578,0.061376378552015276,0.08176836381513752
0.90633608815427,0.9557344234618631,0.963276836158192,0.7776510832383124,0.8950254560241898,0.90633608815427,0.2437260740110591,0.3559966216216216,0.7469879518072289,0.8003972194637538,0.009351620947630923,0.02718589272593681,0.11227054761056249,0.05340926765652487,0.07124353943483076
0.9114219114219114,0.9575003700227188,0.9707482993197278,0.7918978912319645,0.9022291381001739,0.9114219114219113,0.2721571906354515,0.35195530726256985,0.7686746987951807,0.8117283950617284,0.008322663252240717,0.02214022140221402,0.07979811662711833,0.04305369626654776,0.056871254416521064
0.9050646323373597,0.9613805857158894,0.9594882729211087,0.7754164273406089,0.8932316276213428,0.9050646323373596,0.26755297050270044,0.33001730103806226,0.7404306220095693,0.8077348066298342,0.015913430935709738,0.022743425728500355,0.06246433053536182,0.06730418462026488,0.0741341794130555
