acc,auc,precision,recall,maf1,mif1,yp1.a1,yp1.a0,yp1.y1a1,yp1.y1a0,yp1.y0a1,yp1.y0a0,parity,equality,eq_odds
0.6111981205951449,0.6363904199027081,0.6479933110367893,0.5753526354862658,0.6111909081919638,0.6111981205951449,0.4610169491525424,0.4721390053924506,0.5758835758835759,0.5750577367205543,0.32425742574257427,0.36114570361145704,0.011122056239908196,0.0008258391630215911,0.03771411703190436
0.6123727486296007,0.6436572136455166,0.6827651515151515,0.5239825581395349,0.6114862373141374,0.6123727486296007,0.4364454443194601,0.4012012012012012,0.556640625,0.5046296296296297,0.27320954907161804,0.28963795255930086,0.03524424311825891,0.05201099537037035,0.06843939885805317
0.5763508222396241,0.60534597004631,0.5834333733493398,0.7147058823529412,0.5613698252671531,0.5763508222396241,0.7066666666666667,0.6187460417986067,0.758364312267658,0.6861313868613139,0.6430205949656751,0.5455746367239102,0.08792062486805996,0.07223292540634407,0.169678883648109
0.6480031323414253,0.6937534231315503,0.712947189097104,0.5982844889206577,0.6479836505786458,0.6480031323414253,0.4537725823591923,0.463112213267204,0.576427255985267,0.6121495327102804,0.2864321608040201,0.29458388375165123,0.009339630908011654,0.03572227672501338,0.04387399967264449
0.5309318715740016,0.6546568193661937,0.5290159798149706,0.9416167664670658,0.4090196541992029,0.5309318715740016,0.9479956663055255,0.9215205395462907,0.9644970414201184,0.9276236429433052,0.9278846153846154,0.9152119700748129,0.0264751267592348,0.036873398476813146,0.049546043786615646
