acc,auc,precision,recall,maf1,mif1,yp1.a1,yp1.a0,yp1.y1a1,yp1.y1a0,yp1.y0a1,yp1.y0a0,parity,equality,eq_odds
0.6976212259835316,0.7742891516032863,0.7839673913043478,0.5347544022242817,0.6886533051925736,0.6976212259835316,0.3369713506139154,0.33654507914659326,0.5558510638297872,0.5234708392603129,0.10644257703081232,0.16133333333333333,0.00042627146732215904,0.032380224569474314,0.08727098087199532
0.6861848124428179,0.7591224134467287,0.8264331210191083,0.47354014598540145,0.6715123614723015,0.6861848124428179,0.314002828854314,0.27450980392156865,0.4897435897435897,0.46458923512747874,0.09779179810725552,0.10090556274256145,0.03949302493274537,0.025154354616110985,0.02826811925141691
0.6665141811527905,0.7488961787838355,0.8540305010893247,0.3719165085388994,0.6315957747094263,0.6665141811527905,0.2300140252454418,0.20027155465037338,0.38992042440318303,0.361890694239291,0.050595238095238096,0.06281407035175879,0.029742470595068404,0.02802973016389204,0.040248562420412734
0.6866422689844465,0.7569292500977601,0.8265993265993266,0.4575955265610438,0.66792371655059,0.6866422689844465,0.256198347107438,0.27945205479452057,0.4428969359331476,0.4649859943977591,0.07356948228882834,0.10187667560321716,0.02325370768708257,0.02208905846461151,0.050396251779000326
0.7053979871912168,0.7648530638071414,0.7651612903225806,0.5620853080568721,0.6973718039665855,0.7053979871912168,0.33764367816091956,0.3624161073825503,0.5470085470085471,0.5696022727272727,0.1246376811594203,0.17684478371501272,0.024772429221630754,0.022593725718725644,0.07480082827431807
