acc,auc,precision,recall,maf1,mif1,yp1.a1,yp1.a0,yp1.y1a1,yp1.y1a0,yp1.y0a1,yp1.y0a0,parity,equality,eq_odds
0.9122055674518201,0.9633037136390309,0.8716216216216216,0.8543046357615894,0.899154662523372,0.9122055674518201,0.14473684210526316,0.35038363171355497,0.375,0.9448818897637795,0.038461538461538464,0.06439393939393939,0.2056467896082918,0.5698818897637795,0.5958142906961804
0.9314775160599572,0.9634279705573081,0.8986486486486487,0.8866666666666667,0.9211514921278122,0.9314775160599571,0.13636363636363635,0.35883905013192613,0.4230769230769231,0.9838709677419355,0.016129032258064516,0.054901960784313725,0.22247541376828978,0.5607940446650124,0.5995669731912616
0.9376391982182628,0.9659955257270693,0.9290780141843972,0.8791946308724832,0.9286978221415607,0.9376391982182628,0.15853658536585366,0.34877384196185285,0.5217391304347826,0.9444444444444444,0.01694915254237288,0.03734439834024896,0.1902372565959992,0.4227053140096618,0.44310055980753793
0.9013157894736842,0.9521431727794963,0.8686131386861314,0.815068493150685,0.8847236344638133,0.9013157894736842,0.13924050632911392,0.33421750663129973,0.34615384615384615,0.9166666666666666,0.03773584905660377,0.0622568093385214,0.19497700030218582,0.5705128205128205,0.5950337807947381
0.908695652173913,0.9539961608934647,0.8823529411764706,0.821917808219178,0.8926165543920496,0.908695652173913,0.1125,0.33421052631578946,0.2962962962962963,0.9411764705882353,0.018867924528301886,0.05747126436781609,0.22171052631578947,0.644880174291939,0.6834835141314533
