acc,auc,precision,recall,maf1,mif1,yp1.a1,yp1.a0,yp1.y1a1,yp1.y1a0,yp1.y0a1,yp1.y0a0,parity,equality,eq_odds
0.7824,0.7247085131403899,0.7850264478502644,0.9919451585261354,0.48286211819676383,0.7824,0.9924471299093656,0.9821585258847616,0.9938271604938271,0.9917741633950271,0.9886363636363636,0.9476158495634655,0.010288604024603965,0.0020529970988000246,0.04307351117169822
0.7809333333333334,0.731938645077091,0.7842414311074696,0.9891491560454702,0.49835857715644033,0.7809333333333334,0.9798561151079137,0.9760470242468773,0.9902152641878669,0.9890462700661001,0.9510869565217391,0.9304635761589404,0.003809090861036424,0.0011689941217667421,0.021792374484565502
0.788,0.7251128040854184,0.7961538461538461,0.9820399864452728,0.5023967576548278,0.788,0.9930651872399445,0.9682844077297537,0.996316758747698,0.9805933942899795,0.9831460674157303,0.921830985915493,0.024780779510190865,0.01572336445771849,0.07703844595795584
0.7865333333333334,0.7285761520710852,0.79141689373297,0.9880932131314849,0.4899766338576766,0.7865333333333333,0.9854838709677419,0.9780523255813953,0.989010989010989,0.9880162241887905,0.9757575757575757,0.9409340659340659,0.007431545386346605,0.0009947648221985128,0.0358182746457083
0.7841333333333333,0.7257133794603455,0.7864393016646366,0.9929938482570062,0.4786594723892175,0.7841333333333333,0.9970845481049563,0.9840035221602583,0.9979674796747967,0.9925373134328358,0.9948453608247423,0.952544704264099,0.013081025944697955,0.00543016624196091,0.04773082280260421
