acc,auc,precision,recall,maf1,mif1,yp1.a1,yp1.a0,yp1.y1a1,yp1.y1a0,yp1.y0a1,yp1.y0a0,parity,equality,eq_odds
0.9031574486119941,0.9383477979521144,0.902336728579988,0.8366666666666667,0.8958497543351325,0.9031574486119941,0.3234804329725229,0.38498057833405264,0.8405275779376499,0.8333333333333334,0.04846938775510204,0.06439674315321983,0.06150014536152976,0.007194244604316502,0.023121600002434295
0.898283534647171,0.922748258930565,0.9107856191744341,0.7981330221703618,0.8868003281567092,0.898283534647171,0.27685774946921443,0.3595600676818951,0.7910447761194029,0.8034800409416581,0.04264524103831891,0.04686373467916366,0.08270231821268065,0.01243526482225521,0.01665375846309996
0.8968001695274423,0.9203212700048649,0.9336071184120466,0.7776510832383124,0.8851322378304134,0.8968001695274422,0.2794555508294343,0.33952702702702703,0.8045515394912985,0.7576961271102284,0.034912718204488775,0.030124908155767818,0.06007147619759273,0.04685541238107016,0.05164322242979112
0.9076075439711804,0.9416163125038763,0.9017647058823529,0.8507214206437292,0.9010247898389985,0.9076075439711804,0.33277591973244147,0.3884830253545337,0.8542168674698796,0.8477366255144033,0.05569782330345711,0.05904059040590406,0.055707105622092246,0.006480241955476251,0.009823009057923202
0.8921381648654376,0.9207521826729348,0.9219178082191781,0.7731188971855255,0.8796887216131202,0.8921381648654375,0.30120481927710846,0.3179065743944637,0.7918660287081339,0.7558011049723757,0.04010184595798854,0.03624733475479744,0.01670175511735522,0.0360649237357582,0.039919434938949304
