acc,auc,precision,recall,maf1,mif1,yp1.a1,yp1.a0,yp1.y1a1,yp1.y1a0,yp1.y0a1,yp1.y0a0,parity,equality,eq_odds
0.871371053189235,0.9217414639716799,0.9071672354948805,0.7383333333333333,0.8578786887222403,0.871371053189235,0.2585345545378851,0.3642641346568839,0.6954436450839329,0.7753623188405797,0.02614795918367347,0.07031828275351591,0.1057295801189988,0.07991867375664685,0.12408899732648929
0.8737020555202374,0.9156592377154373,0.886049723756906,0.748541423570595,0.8582733778147045,0.8737020555202374,0.23906581740976646,0.3743654822335025,0.694708276797829,0.789150460593654,0.0315203955500618,0.0821917808219178,0.13529966482373607,0.09444218379582503,0.14511356906768103
0.8792116973935157,0.9271145115669123,0.9240687679083095,0.7354618015963512,0.8641993820428935,0.8792116973935156,0.2377711612079966,0.35346283783783783,0.6854082998661312,0.7725918570009931,0.029301745635910224,0.04335047759000735,0.11569167662984123,0.08718355713486192,0.10123228908895904
0.8842975206611571,0.9272690382871733,0.9203480589022758,0.7630410654827969,0.8727242675767357,0.8842975206611571,0.2717391304347826,0.36269875376020627,0.7289156626506024,0.7921810699588477,0.02880921895006402,0.05461254612546126,0.09095962332542368,0.06326540730824537,0.08906873448364261
0.8751854206399662,0.917396153064267,0.9062059238363893,0.7380815623205055,0.859871922673855,0.8751854206399661,0.2592438720398837,0.34342560553633217,0.6854066985645934,0.7867403314917127,0.032463399108847865,0.05828002842928216,0.08418173349644847,0.10133363292711939,0.12715026224755369
