acc,auc,precision,recall,maf1,mif1,yp1.a1,yp1.a0,yp1.y1a1,yp1.y1a0,yp1.y0a1,yp1.y0a0,parity,equality,eq_odds
0.6938136256851997,0.7578693700259991,0.764265668849392,0.6065330363771344,0.6929170807789575,0.6938136256851997,0.5439814814814815,0.3544378698224852,0.7204081632653061,0.5414235705950992,0.31283422459893045,0.16206482593037214,0.1895436116589963,0.17898459267020694,0.32975399133876526
0.6949882537196554,0.7671846004264224,0.7643932683790965,0.6271802325581395,0.6948759415475618,0.6949882537196554,0.5649717514124294,0.3768723786698622,0.7595190380761523,0.5518814139110604,0.3134715025906736,0.1830808080808081,0.18809937274256722,0.2076376241650919,0.3380283186749574
0.7039937353171496,0.7687466810243097,0.7420965058236273,0.6666666666666666,0.7039848406799618,0.7039937353171496,0.5856531049250535,0.404320987654321,0.7819253438113949,0.5958986731001207,0.35058823529411764,0.20353982300884957,0.1813321172707325,0.1860266707112742,0.3330750829965423
0.7094753328112764,0.773204096579915,0.7804459691252144,0.6518624641833811,0.70947248228229,0.7094753328112764,0.6065759637188208,0.37739234449760767,0.7881188118811882,0.574635241301908,0.363395225464191,0.1523687580025608,0.22918361922121316,0.21348357057928014,0.42451003804091036
0.7086922474549726,0.775569878505058,0.7570332480818415,0.6592427616926503,0.7086406123500404,0.7086922474549726,0.5573033707865168,0.40685096153846156,0.7556935817805382,0.6053240740740741,0.32186732186732187,0.1925,0.15045240924805525,0.15036950770646418,0.27973682957378604
