acc,auc,precision,recall,maf1,mif1,yp1.a1,yp1.a0,yp1.y1a1,yp1.y1a0,yp1.y0a1,yp1.y0a0,parity,equality,eq_odds
0.48433829287392327,0.4804207576565555,0.5109809663250366,0.51818856718634,0.48233195616558955,0.4843382928739233,0.5570621468926553,0.5230677052127022,0.58004158004158,0.4838337182448037,0.5297029702970297,0.5653798256537983,0.033994441679953136,0.09620786179677632,0.13188471715354488
0.5595144870790916,0.5611853210013029,0.5984313725490196,0.5545058139534884,0.5588781895835838,0.5595144870790916,0.5264341957255343,0.4846846846846847,0.603515625,0.5254629629629629,0.4217506631299735,0.44069912609238454,0.04174951104084962,0.07805266203703709,0.09700112499944813
0.677760375880971,0.7884539117154399,0.9890710382513661,0.39926470588235297,0.655808168182468,0.677760375880971,0.20717948717948717,0.21975934135528816,0.3736059479553903,0.41605839416058393,0.002288329519450801,0.0066050198150594455,0.012579854175800986,0.04245244620519362,0.046769136500802264
0.418167580266249,0.4262243593909069,0.4753541076487252,0.5997140814867763,0.38296902394739174,0.418167580266249,0.6588735387885228,0.7098574085554866,0.567219152854512,0.6203271028037384,0.7839195979899497,0.8110964332892999,0.050983869766963785,0.05310794994922641,0.08028478524857663
0.6119812059514487,0.6603873533720737,0.632183908045977,0.6175149700598802,0.6115304372890653,0.6119812059514487,0.5612134344528711,0.48252605763335377,0.6804733727810651,0.5790108564535585,0.41586538461538464,0.3827930174563591,0.07868737681951732,0.10146251632750658,0.13453488348653214
