acc,auc,precision,recall,maf1,mif1,yp1.a1,yp1.a0,yp1.y1a1,yp1.y1a0,yp1.y0a1,yp1.y0a0,parity,equality,eq_odds
0.49295223179326547,0.49307891543329585,0.5191176470588236,0.5241276911655531,0.4911260192503832,0.49295223179326547,0.5480225988700564,0.524266027561414,0.5634095634095634,0.5023094688221709,0.5297029702970297,0.547945205479452,0.023756571308642394,0.06110009458739252,0.07934232976981481
0.5485512920908379,0.5705367542543531,0.5766323024054982,0.6097383720930233,0.5431776955896563,0.5485512920908379,0.595050618672666,0.5561561561561561,0.6484375,0.5868055555555556,0.5225464190981433,0.5230961298377028,0.03889446251650985,0.06163194444444442,0.06218165518400398
0.6711041503523885,0.7912885505961178,0.661090458488228,0.7845588235294118,0.6619625633969881,0.6711041503523885,0.6625641025641026,0.6130462317922736,0.8085501858736059,0.7688564476885644,0.482837528604119,0.4438573315719947,0.04951787077182901,0.039693738185041516,0.07867393521716581
0.6296006264682851,0.6888717667845616,0.6485245901639344,0.7069335239456754,0.6216602025425555,0.6296006264682851,0.6439957492029755,0.5697458152510849,0.7697974217311234,0.6670560747663551,0.4723618090452261,0.45970937912813736,0.07424993395189061,0.10274134696476833,0.11539377688185709
0.6664056382145653,0.7462802228056202,0.6579634464751958,0.7544910179640718,0.661285863717872,0.6664056382145653,0.6522210184182016,0.5702023298589822,0.8086785009861933,0.721351025331725,0.46153846153846156,0.4139650872817955,0.08201868855921934,0.0873274756544683,0.13490084991113438
