acc,auc,precision,recall,maf1,mif1,yp1.a1,yp1.a0,yp1.y1a1,yp1.y1a0,yp1.y0a1,yp1.y0a0,parity,equality,eq_odds
0.7003659652333029,0.7786836317544515,0.8509933774834437,0.4763670064874884,0.6836145233756417,0.7003659652333029,0.2742155525238745,0.27735719201651754,0.48404255319148937,0.4722617354196302,0.05322128851540616,0.09466666666666666,0.003141639492643067,0.011780817771859187,0.05322619592311969
0.6889295516925893,0.7588729659144178,0.8333333333333334,0.4744525547445255,0.6741204531902207,0.6889295516925892,0.3041018387553041,0.27653820148749153,0.48205128205128206,0.4702549575070821,0.08517350157728706,0.09961190168175937,0.02756363726781258,0.011796324544199932,0.026234724648672242
0.6779505946935042,0.7621529291073548,0.854251012145749,0.40037950664136623,0.6479639267701722,0.6779505946935042,0.23562412342215988,0.22131704005431094,0.3978779840848806,0.4017725258493353,0.05357142857142857,0.0678391959798995,0.014307083367848944,0.0038945417644546954,0.018162309172925627
0.7044830741079597,0.7647986307713048,0.7726692209450831,0.5638397017707363,0.6975914492078286,0.7044830741079597,0.37052341597796146,0.35205479452054794,0.5793871866295265,0.5560224089635855,0.16621253405994552,0.15683646112600536,0.018468621457413514,0.023364777665941028,0.03274085059988119
0.7095150960658738,0.7691762940986671,0.8034682080924855,0.5270142180094787,0.697307493117453,0.7095150960658738,0.2959770114942529,0.3261744966442953,0.4843304843304843,0.5482954545454546,0.10434782608695652,0.1272264631043257,0.030197485150042447,0.06396497021497027,0.08684360723233946
