acc,auc,precision,recall,maf1,mif1,yp1.a1,yp1.a0,yp1.y1a1,yp1.y1a0,yp1.y0a1,yp1.y0a0,parity,equality,eq_odds
0.7814666666666668,0.6839538252905862,0.7912270960577457,0.9768637532133676,0.5192510570903693,0.7814666666666665,0.9622356495468278,0.9603685288095934,0.9650205761316872,0.9779398018321181,0.9545454545454546,0.8972464741437206,0.0018671207372343845,0.012919225700430914,0.07021820610216489
0.7788,0.6627812656450742,0.7872281479429284,0.978815018945918,0.5163147792706334,0.7788,0.9539568345323741,0.963409257898604,0.974559686888454,0.9792256846081209,0.8967391304347826,0.9079470198675497,0.009452423366229867,0.0046659977196669145,0.015873887152433985
0.7906666666666667,0.6796708037707249,0.7999169205206315,0.978820738732633,0.5217424221254506,0.7906666666666666,0.957004160887656,0.9635639474848797,0.9686924493554327,0.9798469863780556,0.9213483146067416,0.902112676056338,0.006559786597223671,0.011154537022622812,0.030390175573026368
0.7868,0.6855208455864877,0.7896589063345967,0.9923456370130974,0.47839897604836806,0.7868,0.9967741935483871,0.9840116279069767,0.9978021978021978,0.9918879056047197,0.9939393939393939,0.9546703296703297,0.012762565641410428,0.005914292197478077,0.04518335646654226
0.7833333333333333,0.6674084849424975,0.7962158374211633,0.9707792207792207,0.5338110092208452,0.7833333333333333,0.9577259475218659,0.9506897563839155,0.9695121951219512,0.9708955223880597,0.9278350515463918,0.8762035763411279,0.007036191137950398,0.0013833272661084584,0.05301480247137236
