acc,auc,precision,recall,maf1,mif1,yp1.a1,yp1.a0,yp1.y1a1,yp1.y1a0,yp1.y0a1,yp1.y0a0,parity,equality,eq_odds
0.64,0.6951111111111111,0.6235294117647059,0.7066666666666667,0.6383928571428572,0.64,0.40425531914893614,0.6407766990291263,0.6190476190476191,0.7407407407407407,0.23076923076923078,0.5306122448979592,0.23652137988019012,0.12169312169312163,0.42153613582185007
0.54,0.5475555555555556,0.5258620689655172,0.8133333333333334,0.5028579662808011,0.54,0.6875,0.8137254901960784,0.72,0.86,0.6521739130434783,0.7692307692307693,0.12622549019607843,0.14,0.257056856187291
0.6066666666666667,0.6072888888888889,0.7857142857142857,0.29333333333333333,0.5638460401163077,0.6066666666666667,0.06382978723404255,0.24271844660194175,0.13043478260869565,0.36538461538461536,0.0,0.11764705882352941,0.17888865936789922,0.23494983277591971,0.3525968915994491
0.5866666666666667,0.5895111111111111,0.5970149253731343,0.5333333333333333,0.5854876091995008,0.5866666666666667,0.37735849056603776,0.4845360824742268,0.48,0.56,0.2857142857142857,0.40425531914893614,0.10717759190818904,0.08000000000000007,0.19854103343465052
0.4866666666666667,0.41493333333333327,0.4772727272727273,0.28,0.4637634059148522,0.4866666666666667,0.3333333333333333,0.27927927927927926,0.47058823529411764,0.22413793103448276,0.22727272727272727,0.33962264150943394,0.05405405405405406,0.24645030425963488,0.3588002184963416
