acc,auc,precision,recall,maf1,mif1,yp1.a1,yp1.a0,yp1.y1a1,yp1.y1a0,yp1.y0a1,yp1.y0a0,parity,equality,eq_odds
0.9721627408993576,0.9936289714142006,0.96,0.9536423841059603,0.9681367532133541,0.9721627408993576,0.3157894736842105,0.32225063938618925,1.0,0.9448818897637795,0.0,0.022727272727272728,0.006461165701978744,0.055118110236220486,0.07784538296349322
0.9400428265524626,0.9781703470031546,0.8961038961038961,0.92,0.9317251461988305,0.9400428265524625,0.29545454545454547,0.33773087071240104,0.8461538461538461,0.9354838709677419,0.06451612903225806,0.047058823529411764,0.042276325257855574,0.08933002481389574,0.10678733031674204
0.9576837416481069,0.9920805369127517,0.9513888888888888,0.9194630872483222,0.9518743124700308,0.9576837416481069,0.2804878048780488,0.329700272479564,0.9565217391304348,0.9126984126984127,0.01694915254237288,0.024896265560165973,0.04921246760151521,0.043823326432022136,0.05177043944981523
0.9539473684210525,0.984047724259832,0.9370629370629371,0.9178082191780822,0.9468138874849346,0.9539473684210527,0.3037974683544304,0.3156498673740053,0.9230769230769231,0.9166666666666666,0.0,0.03501945525291829,0.01185239901957491,0.0064102564102564985,0.04142971166317479
0.9500000000000001,0.9872393333915017,0.9183673469387755,0.9246575342465754,0.9424095454273288,0.9500000000000001,0.3375,0.3157894736842105,0.9629629629629629,0.9159663865546218,0.018867924528301886,0.0421455938697318,0.021710526315789513,0.046996576408341095,0.07027424574977101
