acc,auc,precision,recall,maf1,mif1,yp1.a1,yp1.a0,yp1.y1a1,yp1.y1a0,yp1.y0a1,yp1.y0a0,parity,equality,eq_odds
0.6399817017383349,0.6879383282556952,0.62784588441331,0.6645041705282669,0.6398893868615186,0.6399817017383349,0.6507503410641201,0.4576737783895389,0.7952127659574468,0.5945945945945946,0.49859943977591037,0.3293333333333333,0.19307656267458123,0.2006181713628522,0.36988427780542926
0.5878316559926807,0.5997070247103731,0.6530612244897959,0.3795620437956204,0.5693375609805162,0.5878316559926807,0.20933521923620935,0.3306288032454361,0.2641025641025641,0.443342776203966,0.14195583596214512,0.2276843467011643,0.12129358400922674,0.1792402121014019,0.26496872284042106
0.6765782250686185,0.678221448159795,0.7454031117397454,0.5,0.6638730431314159,0.6765782250686185,0.332398316970547,0.31907671418873046,0.4907161803713528,0.5051698670605613,0.15476190476190477,0.16080402010050251,0.013321602781816544,0.014453686689208545,0.020495802027806292
0.5667886550777677,0.5802374546681639,0.5621301775147929,0.5312208760484622,0.5658983034498233,0.5667886550777677,0.46831955922865015,0.46164383561643835,0.5821727019498607,0.5056022408963585,0.3569482288828338,0.4195710455764075,0.0066757236122118035,0.07657046105350218,0.1391932777470759
0.5809698078682526,0.595175598493134,0.5867665418227216,0.44549763033175355,0.5711977824680663,0.5809698078682525,0.3204022988505747,0.38791946308724834,0.4045584045584046,0.4659090909090909,0.23478260869565218,0.31806615776081426,0.06751716423667364,0.0613506863506863,0.14463423541584838
