acc,auc,precision,recall,maf1,mif1,yp1.a1,yp1.a0,yp1.y1a1,yp1.y1a0,yp1.y0a1,yp1.y0a0,parity,equality,eq_odds
0.9507494646680943,0.9874675161371448,0.9324324324324325,0.9139072847682119,0.9434282253179891,0.9507494646680942,0.2236842105263158,0.3350383631713555,0.7083333333333334,0.952755905511811,0.0,0.03787878787878788,0.1113541526450397,0.24442257217847763,0.2823013600572655
0.9379014989293363,0.979621451104101,0.8903225806451613,0.92,0.9294065521645078,0.9379014989293362,0.19318181818181818,0.3641160949868074,0.6538461538461539,0.9758064516129032,0.0,0.06666666666666667,0.17093427680498924,0.3219602977667494,0.38862696443341604
0.9443207126948775,0.9826845637583893,0.9492753623188406,0.8791946308724832,0.9359877278922426,0.9443207126948775,0.23170731707317074,0.3242506811989101,0.7391304347826086,0.9047619047619048,0.03389830508474576,0.02074688796680498,0.09254336412573935,0.16563146997929612,0.17878288709723691
0.9232456140350876,0.9770216526734423,0.8881118881118881,0.8698630136986302,0.9113564791415576,0.9232456140350878,0.25316455696202533,0.32625994694960214,0.6923076923076923,0.9083333333333333,0.03773584905660377,0.054474708171206226,0.07309538998757681,0.21602564102564104,0.2327645001402435
0.9391304347826087,0.9849925835441934,0.8933333333333333,0.9178082191780822,0.9302668052668053,0.9391304347826087,0.275,0.3368421052631579,0.7407407407407407,0.957983193277311,0.03773584905660377,0.05363984674329502,0.061842105263157865,0.21724245253657026,0.23314645022326153
