acc,auc,precision,recall,maf1,mif1,yp1.a1,yp1.a0,yp1.y1a1,yp1.y1a0,yp1.y0a1,yp1.y0a0,parity,equality,eq_odds
0.6662749706227967,0.7520516434766817,0.7565725413826679,0.5634517766497462,0.6651648656137434,0.6662749706227967,0.2898052691867125,0.4607142857142857,0.4578313253012048,0.623155505107832,0.06666666666666667,0.2816020025031289,0.17090901652757318,0.16532417980662723,0.38025951564308946
0.681551116333725,0.7568411070882892,0.8228941684665226,0.5400425230333097,0.6792551497391578,0.681551116333725,0.29452852153667053,0.39728453364817,0.47580645161290325,0.5748633879781421,0.046831955922865015,0.18870346598202825,0.10275601211149948,0.09905693636523882,0.24092844642440206
0.6944770857814336,0.764928032097869,0.7547511312217194,0.6209977661950856,0.6939594122073209,0.6944770857814336,0.37356919875130074,0.4685929648241206,0.5625,0.6588957055214724,0.14318706697459585,0.26898326898326896,0.09502376607281987,0.09639570552147236,0.22219190753014548
0.6976106541323932,0.7725158614866963,0.773231031543052,0.6418966737438075,0.6975601222700991,0.6976106541323933,0.38079470198675497,0.5027322404371585,0.5606936416184971,0.6890380313199105,0.13953488372093023,0.2815405046480744,0.1219375384504035,0.12834438970141337,0.27035001062855757
0.6980023501762632,0.7743518919098805,0.8147751605995718,0.5599705665930832,0.6948373300772115,0.6980023501762632,0.2773480662983425,0.41444174757281554,0.448692152917505,0.6241299303944315,0.06862745098039216,0.18447837150127228,0.13709368127447302,0.17543777747692652,0.29128869799780666
