acc,auc,precision,recall,maf1,mif1,yp1.a1,yp1.a0,yp1.y1a1,yp1.y1a0,yp1.y0a1,yp1.y0a0,parity,equality,eq_odds
0.7842666666666667,0.6905683575606454,0.7969300098577665,0.9698371893744644,0.5455039838345486,0.7842666666666668,0.9154078549848943,0.9498391342497806,0.9506172839506173,0.9715834735464572,0.8181818181818182,0.8717259905977166,0.034431279264886316,0.020966189595839957,0.07451036201173833
0.7818666666666667,0.6809398208342874,0.7903091060985797,0.9776093696176369,0.5304581503893179,0.7818666666666667,0.9611510791366906,0.9572373254959589,0.9804305283757339,0.9773371104815864,0.907608695652174,0.8867549668874172,0.003913753640731765,0.00309341789414741,0.023947146658904184
0.7882666666666667,0.6861798083761939,0.8053510758776897,0.9639105388004067,0.5483991032593982,0.7882666666666667,0.9056865464632455,0.9457147071839505,0.9484346224677717,0.9654786340735212,0.7752808988764045,0.8711267605633802,0.04002816072070492,0.01704401160574953,0.11288987329272526
0.7910666666666667,0.6898046445388122,0.8052959501557633,0.9673413845892158,0.5589314661125573,0.7910666666666667,0.9064516129032258,0.9447674418604651,0.9428571428571428,0.9693952802359882,0.806060606060606,0.853021978021978,0.038315828957239284,0.02653813737884536,0.07349950934021732
0.7858666666666667,0.6921410259707079,0.7992669861855088,0.9688995215311005,0.5470286205707147,0.7858666666666668,0.9300291545189504,0.9474611094804813,0.9634146341463414,0.9694029850746269,0.845360824742268,0.8665749656121046,0.017431954961530938,0.005988350928285424,0.027202491798121953
