acc,auc,precision,recall,maf1,mif1,yp1.a1,yp1.a0,yp1.y1a1,yp1.y1a0,yp1.y0a1,yp1.y0a0,parity,equality,eq_odds
0.6902897415818324,0.7710884724039245,0.7527272727272727,0.6146993318485523,0.6897451833818707,0.6902897415818324,0.4711864406779661,0.4092270820850809,0.6611226611226612,0.5889145496535797,0.24504950495049505,0.21544209215442092,0.061959358592885205,0.07220811146908146,0.10181552426515558
0.7047768206734534,0.7819693410194654,0.7984644913627639,0.6046511627906976,0.703937322620618,0.7047768206734534,0.46794150731158607,0.375975975975976,0.666015625,0.5682870370370371,0.1989389920424403,0.16853932584269662,0.09196553133561008,0.09772858796296291,0.1281282541627066
0.7004698512137822,0.7783223716622327,0.7936821322803553,0.5911764705882353,0.698957883132221,0.7004698512137824,0.4482051282051282,0.3647878404053198,0.6449814126394052,0.5559610705596107,0.20594965675057209,0.1571994715984148,0.08341728779980839,0.08902034207979448,0.13777052723195177
0.6977290524667189,0.7727560502399673,0.7821782178217822,0.6211579699785561,0.6976393118825699,0.6977290524667189,0.47396386822529224,0.41227526348419097,0.6464088397790055,0.6051401869158879,0.23869346733668342,0.19418758256274768,0.06168860474110127,0.04126865286311765,0.0857745376370534
0.7204385277995301,0.7910287798786664,0.7922932330827067,0.6309880239520959,0.719418389955687,0.7204385277995301,0.47562296858071507,0.38320049049662785,0.6804733727810651,0.6007237635705669,0.22596153846153846,0.15835411471321695,0.09242247808408721,0.07974960921049823,0.14735703295881974
