acc,auc,precision,recall,maf1,mif1,yp1.a1,yp1.a0,yp1.y1a1,yp1.y1a0,yp1.y0a1,yp1.y0a0,parity,equality,eq_odds
0.6989935956084172,0.7620475648686051,0.7520958083832335,0.5820203892493049,0.6942600154911818,0.6989935956084172,0.4461118690313779,0.3496214728148658,0.651595744680851,0.5448079658605974,0.22969187675070027,0.16666666666666666,0.09649039621651212,0.10678777882025359,0.1698129889042872
0.6939615736505033,0.7549454228889039,0.7865771812080536,0.5346715328467153,0.6861440677693289,0.6939615736505031,0.4073550212164074,0.30899256254225826,0.6025641025641025,0.4971671388101983,0.167192429022082,0.1371280724450194,0.09836245867414911,0.10539696375390423,0.13546132033096683
0.6989935956084172,0.7541412153599613,0.7727272727272727,0.532258064516129,0.6882395269801638,0.6989935956084172,0.36746143057503505,0.3150033944331297,0.5570291777188329,0.518463810930576,0.15476190476190477,0.14195979899497488,0.05245803614190536,0.03856536678825684,0.05136747255518673
0.7035681610247027,0.7602769606673314,0.7633209417596035,0.5740913327120224,0.6976435231037191,0.7035681610247027,0.42424242424242425,0.34178082191780823,0.6239554317548747,0.5490196078431373,0.22888283378746593,0.14343163538873996,0.08246160232461602,0.07493582391173736,0.16038702231046334
0.691216834400732,0.7587128783402683,0.7423469387755102,0.5516587677725119,0.6832351298906635,0.6912168344007319,0.38362068965517243,0.34697986577181206,0.5669515669515669,0.5440340909090909,0.19710144927536233,0.17048346055979643,0.036640823883360374,0.02291747604247596,0.04953546475804185
