acc,auc,precision,recall,maf1,mif1,yp1.a1,yp1.a0,yp1.y1a1,yp1.y1a0,yp1.y0a1,yp1.y0a0,parity,equality,eq_odds
0.7877333333333334,0.7061095028190145,0.7967547908798434,0.9761782347900599,0.543852507114984,0.7877333333333333,0.9380664652567976,0.9546651067563615,0.9711934156378601,0.9766311460085998,0.8465909090909091,0.8757555406312961,0.016598641499563915,0.005437730370739691,0.034602361911126756
0.7845333333333334,0.7043401749035418,0.7911339633129516,0.9805373751291767,0.5334513101010563,0.7845333333333334,0.939568345323741,0.9614988978692138,0.9686888454011742,0.9816808309726157,0.8586956521739131,0.890728476821192,0.021930552545472826,0.012991985571441544,0.04502481021872051
0.794,0.6926532403050407,0.8050693180226859,0.9740765842087428,0.5460359862317758,0.7940000000000002,0.9237170596393898,0.9551556276736982,0.9576427255985267,0.9757417428624744,0.8202247191011236,0.8774647887323944,0.031438568034308445,0.018099017263947692,0.07533908689521851
0.7918666666666667,0.7042484049344276,0.8013679508654383,0.9765266201734989,0.5413347407817489,0.7918666666666667,0.9354838709677419,0.9569767441860465,0.9626373626373627,0.9776917404129793,0.8606060606060606,0.8798076923076923,0.02149287321830462,0.01505437777561669,0.034256009477248384
0.7886666666666667,0.7080397167344664,0.8012992515181472,0.969583048530417,0.555316745217088,0.7886666666666666,0.9198250728862973,0.9465805694159084,0.9654471544715447,0.9699626865671642,0.8041237113402062,0.8603851444291609,0.026755496529611067,0.004515532095619501,0.060776965184574205
