acc,auc,precision,recall,maf1,mif1,yp1.a1,yp1.a0,yp1.y1a1,yp1.y1a0,yp1.y0a1,yp1.y0a0,parity,equality,eq_odds
0.5759592795614722,0.6550258360504088,0.5695468914646997,0.8025241276911655,0.5424676636172583,0.5759592795614722,0.9322033898305084,0.6428999400838825,0.9272349272349273,0.733256351039261,0.9381188118811881,0.5454545454545454,0.2893034497466259,0.19397857619566627,0.5866428426223089
0.6135473766640563,0.6536046018083468,0.6525490196078432,0.6046511627906976,0.6129891316613307,0.6135473766640563,0.6479190101237345,0.4198198198198198,0.67578125,0.5625,0.610079575596817,0.26591760299625467,0.22809919030391473,0.11328125,0.45744322260056236
0.6280344557556774,0.6694126268597891,0.675513698630137,0.5801470588235295,0.6279959032479638,0.6280344557556774,0.5446153846153846,0.40341988600379985,0.6096654275092936,0.5608272506082725,0.4645308924485126,0.23249669749009247,0.14119549861158476,0.0488381769010211,0.28087237185944125
0.6722787783868441,0.7344479204379133,0.7821285140562249,0.5568263045032166,0.6710036805699304,0.6722787783868441,0.5111583421891605,0.319280843149411,0.6500920810313076,0.4976635514018692,0.32160804020100503,0.11756935270805813,0.19187749903974943,0.15242852962943837,0.35646721712238527
0.5231010180109632,0.5262934721689626,0.5231554160125589,0.9977544910179641,0.3456538640172856,0.5231010180109632,0.9967497291440953,0.9981606376456161,0.9940828402366864,1.0,1.0,0.9962593516209476,0.0014109085015208134,0.00591715976331364,0.009657808142366053
