acc,auc,precision,recall,maf1,mif1,yp1.a1,yp1.a0,yp1.y1a1,yp1.y1a0,yp1.y0a1,yp1.y0a0,parity,equality,eq_odds
0.9657387580299787,0.9917428116355101,0.9470198675496688,0.9470198675496688,0.9608517059267332,0.9657387580299786,0.3157894736842105,0.3248081841432225,1.0,0.937007874015748,0.0,0.030303030303030304,0.00901871045901198,0.06299212598425197,0.09329515628728227
0.9379014989293363,0.9789274447949525,0.8805031446540881,0.9333333333333333,0.929874433656958,0.9379014989293362,0.32954545454545453,0.34300791556728233,0.9615384615384616,0.9274193548387096,0.06451612903225806,0.058823529411764705,0.013462461021827798,0.03411910669975193,0.03981170632024529
0.9465478841870824,0.9848322147651006,0.9370629370629371,0.8993288590604027,0.9391021293910213,0.9465478841870824,0.3170731707317073,0.3188010899182561,0.9565217391304348,0.8888888888888888,0.06779661016949153,0.02074688796680498,0.0017279191865487986,0.06763285024154597,0.11468257244423252
0.9385964912280701,0.9841361025187804,0.9154929577464789,0.8904109589041096,0.9289529914529915,0.9385964912280702,0.31645569620253167,0.3103448275862069,0.9615384615384616,0.875,0.0,0.04669260700389105,0.0061108686163247605,0.08653846153846156,0.13323106854235262
0.9456521739130435,0.9892243259750458,0.9006622516556292,0.9315068493150684,0.937848252454994,0.9456521739130435,0.3375,0.3263157894736842,0.9629629629629629,0.9243697478991597,0.018867924528301886,0.05363984674329502,0.011184210526315796,0.0385932150638032,0.07336513727879633
