acc,auc,precision,recall,maf1,mif1,yp1.a1,yp1.a0,yp1.y1a1,yp1.y1a0,yp1.y0a1,yp1.y0a0,parity,equality,eq_odds
0.7844,0.704219746739027,0.7943064471113592,0.9754927163667524,0.5333602498503309,0.7844,0.9259818731117825,0.9583211465340743,0.9588477366255144,0.9770050476724621,0.8352272727272727,0.8912021490933513,0.032339273422291814,0.018157311046947733,0.0741321874130263
0.7842666666666667,0.6959444463519739,0.7974950745848579,0.9693807731782416,0.5425190728265905,0.7842666666666668,0.90625,0.951736315479694,0.9359223300970874,0.9726130181954605,0.8253968253968254,0.8757679180887372,0.04548631547969395,0.03669068809837317,0.08706178079028504
0.7892,0.6859796259217618,0.8059764905820705,0.9642494069806845,0.5509480534663231,0.7892,0.897364771151179,0.9461572503319073,0.9429097605893186,0.966411643963426,0.7584269662921348,0.8697183098591549,0.048792479180728376,0.023501883374107413,0.1347932269411275
0.7936000000000001,0.6989427650503539,0.8010565827888224,0.9800986562340535,0.5393371915265343,0.7936,0.9258064516129032,0.9620639534883721,0.967032967032967,0.9811946902654868,0.8121212121212121,0.8907967032967034,0.036257501875468945,0.01416172323251974,0.09283721440801096
0.7908000000000001,0.709106276005548,0.8010684661886687,0.9736842105263158,0.5539872516347643,0.7908,0.9212827988338192,0.9511300264162019,0.959349593495935,0.975,0.8247422680412371,0.8631361760660248,0.029847227582382674,0.015650406504065018,0.05404431452885272
