acc,auc,precision,recall,maf1,mif1,yp1.a1,yp1.a0,yp1.y1a1,yp1.y1a0,yp1.y0a1,yp1.y0a0,parity,equality,eq_odds
0.7830666666666667,0.6867278589643628,0.7929546087440824,0.976006855184233,0.5272677867892295,0.7830666666666667,0.9335347432024169,0.9599298040362679,0.9691358024691358,0.9766311460085998,0.8352272727272727,0.8999328408327737,0.026395060833851014,0.007495343539464017,0.072200911644965
0.7796000000000001,0.680503538049024,0.7916023030473248,0.970892180502928,0.5373665121868241,0.7796,0.939568345323741,0.9504775900073476,0.9686888454011742,0.9711048158640226,0.8586956521739131,0.8781456953642384,0.010909244683606545,0.0024159704628484713,0.021866013653173755
0.7917333333333334,0.6810151434633855,0.8017241379310345,0.9769569637411047,0.5305957039028953,0.7917333333333333,0.9237170596393898,0.962678861188966,0.9613259668508287,0.9785407725321889,0.8089887640449438,0.9028169014084507,0.03896180154957618,0.017214805681360135,0.11104294304486706
0.7873333333333333,0.6903158798047275,0.7906377204884668,0.991154958326246,0.4843527515993255,0.7873333333333333,0.9693548387096774,0.9838662790697674,0.9802197802197802,0.9920722713864307,0.9393939393939394,0.9532967032967034,0.01451144036009,0.011852491166650547,0.02575525506941445
0.7858666666666667,0.6933923615028303,0.7930701270016566,0.9817156527682843,0.5169398700225356,0.7858666666666668,0.9329446064139941,0.9691810977399472,0.9654471544715447,0.9832089552238806,0.8505154639175257,0.9174690508940853,0.03623649132595308,0.01776180075233591,0.08471538772889542
