acc,auc,precision,recall,maf1,mif1,yp1.a1,yp1.a0,yp1.y1a1,yp1.y1a0,yp1.y0a1,yp1.y0a0,parity,equality,eq_odds
0.6985361390667887,0.7570569959638428,0.7599009900990099,0.5690454124189064,0.6927886342965051,0.6985361390667887,0.4229195088676671,0.34273916035788027,0.6196808510638298,0.5419630156472262,0.21568627450980393,0.156,0.08018034850978684,0.0777178354166036,0.13740410992640753
0.7044830741079597,0.7565668318489251,0.7750611246943765,0.5784671532846716,0.6998358206797926,0.7044830741079597,0.4667609618104668,0.3299526707234618,0.6615384615384615,0.5325779036827195,0.22712933753943218,0.1448900388098318,0.13680829108700499,0.128960557855742,0.21119985658534238
0.7063129002744739,0.7572741566705333,0.7481927710843373,0.5891840607210627,0.7005985417904028,0.7063129002744739,0.47124824684431976,0.33536999321113375,0.6604774535809018,0.5494830132939439,0.25892857142857145,0.15326633165829145,0.135878253633186,0.11099444028695793,0.21665668005723793
0.6925892040256176,0.7565390467147136,0.7418576598311218,0.5731593662628145,0.687311459916474,0.6925892040256175,0.44077134986225897,0.34863013698630135,0.6267409470752089,0.5462184873949579,0.25885558583106266,0.15951742627345844,0.09214121287595761,0.08052245968025096,0.17986061923785518
0.7053979871912168,0.7645207655013179,0.7426210153482881,0.5962085308056873,0.7003401490866209,0.7053979871912168,0.4224137931034483,0.3711409395973154,0.6267806267806267,0.5809659090909091,0.2144927536231884,0.183206106870229,0.051272853506132865,0.04581471768971768,0.07710136444267707
