acc,auc,precision,recall,maf1,mif1,yp1.a1,yp1.a0,yp1.y1a1,yp1.y1a0,yp1.y0a1,yp1.y0a0,parity,equality,eq_odds
0.9635974304068523,0.9898566518568195,0.935064935064935,0.9536423841059603,0.9586176340274701,0.9635974304068522,0.3026315789473684,0.3350383631713555,0.9583333333333334,0.952755905511811,0.0,0.03787878787878788,0.03240678422398707,0.005577427821522374,0.043456215700310254
0.9443254817987152,0.9822712933753943,0.8827160493827161,0.9533333333333334,0.937433011789925,0.9443254817987152,0.3181818181818182,0.35356200527704484,0.9230769230769231,0.9596774193548387,0.06451612903225806,0.058823529411764705,0.03538018709522667,0.03660049627791562,0.042293095898408975
0.9510022271714922,0.991006711409396,0.9319727891156463,0.9194630872483222,0.9445654125886684,0.9510022271714922,0.2926829268292683,0.335149863760218,1.0,0.9047619047619048,0.01694915254237288,0.03734439834024896,0.04246693693094972,0.09523809523809523,0.11563334103597131
0.9407894736842105,0.9852850198851083,0.8940397350993378,0.9246575342465754,0.9325942350332594,0.9407894736842105,0.3291139240506329,0.33156498673740054,0.9615384615384616,0.9166666666666666,0.018867924528301886,0.058365758754863814,0.0024510626867676466,0.044871794871794934,0.08436962909835687
0.9391304347826087,0.9849053311229387,0.8831168831168831,0.9315068493150684,0.9307526881720429,0.9391304347826087,0.35,0.33157894736842103,0.9629629629629629,0.9243697478991597,0.03773584905660377,0.06130268199233716,0.01842105263157895,0.0385932150638032,0.06216004799953659
