acc,auc,precision,recall,maf1,mif1,yp1.a1,yp1.a0,yp1.y1a1,yp1.y1a0,yp1.y0a1,yp1.y0a0,parity,equality,eq_odds
0.9065479974570885,0.9556463400708005,0.9233644859813084,0.8233333333333334,0.8986933101422353,0.9065479974570884,0.2935054121565362,0.38843331894691413,0.8117505995203836,0.8333333333333334,0.017857142857142856,0.07031828275351591,0.09492790679037794,0.021582733812949728,0.07404387370932278
0.902521720703539,0.9555671508202005,0.908203125,0.8138856476079347,0.8920620555914673,0.9025217207035389,0.25307855626326964,0.3976311336717428,0.7761194029850746,0.842374616171955,0.014833127317676144,0.08435472242249459,0.14455257740847316,0.06625521318688032,0.13577680829169878
0.9112100021190931,0.9585269804888272,0.9314802844214609,0.8215507411630558,0.9023971829335395,0.911210002119093,0.2620161633347512,0.39315878378378377,0.7911646586345381,0.8440913604766633,0.015586034912718205,0.05951506245407789,0.13114262044903258,0.05292670184212522,0.09685572938348491
0.9090909090909092,0.9580482699868391,0.9386581469648563,0.8152053274139844,0.9009615305118517,0.9090909090909091,0.2830267558528428,0.38160721959604643,0.791566265060241,0.8353909465020576,0.012804097311139564,0.05608856088560885,0.09858046374320362,0.043824681441816615,0.0871091450162859
0.9067599067599068,0.9537778285254029,0.9161868202175304,0.8225157955198162,0.8975483768081846,0.9067599067599067,0.2933111757374325,0.37067474048442905,0.7966507177033493,0.8464088397790055,0.025461489497135583,0.06467661691542288,0.07736356474699657,0.04975812207565622,0.08897324949394352
