acc,auc,precision,recall,maf1,mif1,yp1.a1,yp1.a0,yp1.y1a1,yp1.y1a0,yp1.y0a1,yp1.y0a0,parity,equality,eq_odds
0.904881101376721,0.9633009847295562,0.8709677419354839,0.8307692307692308,0.8903344650726,0.904881101376721,0.1276595744680851,0.3495440729483283,0.3695652173913043,0.9299065420560748,0.010526315789473684,0.06981981981981981,0.2218844984802432,0.5603413246647705,0.6196348286951167
0.8973717146433041,0.9640668162983426,0.8198529411764706,0.87109375,0.884030727839139,0.8973717146433042,0.19727891156462585,0.3726993865030675,0.5217391304347826,0.9476190476190476,0.04950495049504951,0.09954751131221719,0.17542047493844165,0.425879917184265,0.47592247800143267
0.9236545682102628,0.9702373450955681,0.9003831417624522,0.8703703703703703,0.9139763880284586,0.9236545682102628,0.15894039735099338,0.36574074074074076,0.4897959183673469,0.9547511312217195,0.0,0.06088992974238876,0.20680034338974737,0.4649552128543726,0.5258451425967613
0.9073842302878599,0.955001170891634,0.8536585365853658,0.8467741935483871,0.8915867218212756,0.9073842302878599,0.17532467532467533,0.3395348837209302,0.5,0.93,0.02830188679245283,0.07415730337078652,0.1642102083962549,0.43000000000000005,0.47585541657833375
0.8986232790988736,0.9594940696304819,0.8854961832061069,0.8197879858657244,0.8872265349329569,0.8986232790988736,0.12244897959183673,0.37423312883435583,0.3148148148148148,0.9388646288209607,0.010752688172043012,0.06855791962174941,0.25178414924251913,0.6240498140061459,0.6818550454558523
