acc,auc,precision,recall,maf1,mif1,yp1.a1,yp1.a0,yp1.y1a1,yp1.y1a0,yp1.y0a1,yp1.y0a0,parity,equality,eq_odds
0.6898981989036805,0.7589033040990166,0.7386070507308684,0.637713437268003,0.6898061334339317,0.6898981989036805,0.47005649717514125,0.4475733972438586,0.6694386694386695,0.6200923787528868,0.23267326732673269,0.261519302615193,0.02248309993128267,0.04934629068578267,0.078192325974243
0.6996867658574785,0.7717202738184546,0.7645525629887054,0.6395348837209303,0.6996531991493038,0.6996867658574785,0.48931383577052867,0.43003003003003004,0.67578125,0.6180555555555556,0.23607427055702918,0.2272159800249688,0.05928380574049863,0.05772569444444442,0.0665839849765048
0.711824588880188,0.7850410138929944,0.776595744680851,0.6441176470588236,0.7116320168871653,0.711824588880188,0.4584615384615385,0.4312856238125396,0.6579925650557621,0.635036496350365,0.2128146453089245,0.21003963011889035,0.027175914648998878,0.022956068705397126,0.025731083895431273
0.7098668754894284,0.7736868325860463,0.7705592105263158,0.6697641172265905,0.7097012744671697,0.7098668754894284,0.4527098831030818,0.4897706137631742,0.6335174953959485,0.6927570093457944,0.20603015075376885,0.26023778071334214,0.03706073066009241,0.059239513949845946,0.11344714390941923
0.6981205951448708,0.7700952774254448,0.7222659323367427,0.687125748502994,0.6979905391123182,0.6981205951448708,0.5059588299024919,0.49294911097486205,0.6962524654832347,0.6815440289505428,0.27403846153846156,0.29800498753117205,0.01300971892762981,0.014708436532691938,0.03867496252540242
