acc,auc,precision,recall,maf1,mif1,yp1.a1,yp1.a0,yp1.y1a1,yp1.y1a0,yp1.y0a1,yp1.y0a0,parity,equality,eq_odds
0.6944190301921318,0.7490583555820113,0.7693315858453473,0.5440222428174235,0.6866595426006273,0.6944190301921317,0.35607094133697137,0.3454920853406745,0.5398936170212766,0.5462304409672831,0.16246498599439776,0.15733333333333333,0.010578855996296876,0.006336823946006542,0.011468476607070982
0.6898444647758464,0.7522207526953727,0.7561274509803921,0.5629562043795621,0.6848938667210939,0.6898444647758463,0.4186704384724187,0.3515889114266396,0.5794871794871795,0.5538243626062322,0.22082018927444794,0.16688227684346701,0.06708152704577908,0.025662816880947292,0.07960072931192821
0.6953339432753889,0.7479205919230795,0.7235023041474654,0.5958254269449715,0.6908246087196586,0.6953339432753889,0.49368863955119213,0.35030549898167007,0.6525198938992043,0.5642540620384048,0.31547619047619047,0.16834170854271358,0.14338314056952206,0.0882658318607995,0.2354003137942764
0.6976212259835316,0.7501057149723384,0.734624145785877,0.6011183597390494,0.6940858552080706,0.6976212259835316,0.44077134986225897,0.3821917808219178,0.6295264623955432,0.5868347338935574,0.2561307901907357,0.1863270777479893,0.05857956904034117,0.04269172850198577,0.11249544094473218
0.6944190301921318,0.7536584241601401,0.7091891891891892,0.6218009478672986,0.6916810242897199,0.6944190301921317,0.47844827586206895,0.39731543624161075,0.6410256410256411,0.6122159090909091,0.3130434782608696,0.20483460559796438,0.0811328396204582,0.02880973193473202,0.13701860459763723
