acc,auc,precision,recall,maf1,mif1,yp1.a1,yp1.a0,yp1.y1a1,yp1.y1a0,yp1.y0a1,yp1.y0a0,parity,equality,eq_odds
0.6953339432753889,0.7644938729276078,0.7786774628879892,0.5347544022242817,0.6865470736160391,0.6953339432753889,0.3601637107776262,0.3282863041982106,0.5691489361702128,0.5163584637268848,0.1400560224089636,0.152,0.031877406579415624,0.05279047244332802,0.06473445003436443
0.6935041171088747,0.757800676354383,0.7802631578947369,0.541058394160584,0.6863564566087386,0.6935041171088746,0.3620933521923621,0.3407707910750507,0.5461538461538461,0.5382436260623229,0.13564668769716087,0.16041397153945666,0.0213225611173114,0.007910220091523201,0.03267750393381899
0.6921317474839891,0.7571685519072555,0.7243816254416962,0.5834914611005693,0.6868839399409217,0.692131747483989,0.4123422159887798,0.37678207739307534,0.5941644562334217,0.5775480059084195,0.20833333333333334,0.20603015075376885,0.03556013859570445,0.016616450325002252,0.018919632904566747
0.6898444647758464,0.7558767057791129,0.7503168567807351,0.5517241379310345,0.6828779404401728,0.6898444647758463,0.3746556473829201,0.3541095890410959,0.5515320334261838,0.5518207282913166,0.2016348773841962,0.1648793565683646,0.020546058341824214,0.00028869486513272147,0.037044215680964304
0.6999085086916743,0.7582536110726992,0.7798036465638148,0.5270142180094787,0.6885195765651173,0.6999085086916743,0.3175287356321839,0.3302013422818792,0.4985754985754986,0.5411931818181818,0.13333333333333333,0.14122137404580154,0.012672606649695273,0.04261768324268317,0.05050572395515138
