acc,auc,precision,recall,maf1,mif1,yp1.a1,yp1.a0,yp1.y1a1,yp1.y1a0,yp1.y0a1,yp1.y0a0,parity,equality,eq_odds
0.9700214132762314,0.9940900326934361,0.959731543624161,0.9470198675496688,0.9656256572029442,0.9700214132762313,0.3157894736842105,0.319693094629156,0.9583333333333334,0.9448818897637795,0.019230769230769232,0.01893939393939394,0.0039036209449455073,0.013451443569553856,0.013742818860929148
0.9528907922912206,0.9781703470031544,0.8950617283950617,0.9666666666666667,0.9470587022837826,0.9528907922912205,0.3409090909090909,0.3482849604221636,0.9615384615384616,0.967741935483871,0.08064516129032258,0.047058823529411764,0.00737586951307273,0.006203473945409432,0.03978981170632025
0.9599109131403117,0.9946308724832215,0.9645390070921985,0.912751677852349,0.954162885662432,0.9599109131403119,0.2926829268292683,0.3188010899182561,1.0,0.8968253968253969,0.01694915254237288,0.016597510373443983,0.026118163088987845,0.10317460317460314,0.10352624534353204
0.9539473684210525,0.9842686699072029,0.9370629370629371,0.9178082191780822,0.9468138874849346,0.9539473684210527,0.31645569620253167,0.3129973474801061,0.9230769230769231,0.9166666666666666,0.018867924528301886,0.0311284046692607,0.003458348722425564,0.0064102564102564985,0.018670736551215313
0.9434782608695652,0.983683797225373,0.8947368421052632,0.9315068493150684,0.9354755173827661,0.9434782608695652,0.3625,0.3236842105263158,0.9629629629629629,0.9243697478991597,0.05660377358490566,0.04980842911877394,0.03881578947368419,0.0385932150638032,0.04538855952993492
