acc,auc,precision,recall,maf1,mif1,yp1.a1,yp1.a0,yp1.y1a1,yp1.y1a0,yp1.y0a1,yp1.y0a0,parity,equality,eq_odds
0.6948764867337603,0.7503987180742984,0.75,0.5727525486561631,0.6896754649934543,0.6948764867337603,0.42155525238744884,0.35443909153475567,0.5877659574468085,0.5647226173541963,0.24649859943977592,0.15733333333333333,0.06711616085269317,0.02304334009261222,0.11220860619905482
0.6738334858188473,0.7078400187504186,0.761969904240766,0.5082116788321168,0.6647927883752015,0.6738334858188472,0.3734087694483734,0.31575388776200136,0.517948717948718,0.5028328611898017,0.19558359621451105,0.1448900388098318,0.05765488168637206,0.015115856758916246,0.06580941416359548
0.6916742909423605,0.7474202264970732,0.7317073170731707,0.5692599620493358,0.6852628313963871,0.6916742909423604,0.4123422159887798,0.35709436524100474,0.5570291777188329,0.5760709010339734,0.25,0.1708542713567839,0.05524785074777505,0.019041723315140535,0.09818745195835663
0.6944190301921318,0.7513717826014508,0.7277840269966255,0.6029822926374651,0.6911763337436184,0.6944190301921317,0.45041322314049587,0.38493150684931504,0.6128133704735376,0.5980392156862745,0.29155313351498635,0.18096514745308312,0.06548171629118082,0.014774154787263072,0.1253621408491663
0.6834400731930467,0.748093579896162,0.7323943661971831,0.5421800947867299,0.6751115097283218,0.6834400731930467,0.3620689655172414,0.35503355704697986,0.48717948717948717,0.5696022727272727,0.23478260869565218,0.1628498727735369,0.007035408470261517,0.08242278554778554,0.1543555214699008
