acc,auc,precision,recall,maf1,mif1,yp1.a1,yp1.a0,yp1.y1a1,yp1.y1a0,yp1.y0a1,yp1.y0a0,parity,equality,eq_odds
0.8987073532528078,0.9432585360283202,0.8991545893719807,0.8272222222222222,0.8908917144953378,0.8987073532528078,0.27643630308076605,0.4281398359948209,0.7733812949640287,0.8737060041407867,0.01211734693877551,0.10954848260547742,0.15170353291405486,0.10032470917675795,0.19775584484345987
0.8978597160415343,0.9440516115232123,0.9282894736842106,0.7909192825112108,0.8877689036853296,0.8978597160415343,0.2585345545378851,0.38800172637030644,0.7243436754176611,0.8498942917547568,0.008951406649616368,0.06929248723559446,0.12946717183242135,0.12555061633709574,0.18589169692307383
0.898283534647171,0.9494629476157604,0.9093830334190232,0.80672748004561,0.8883279562682906,0.898283534647171,0.24712888132709485,0.41173986486486486,0.749665327978581,0.8490566037735849,0.013092269326683292,0.0881704628949302,0.16461098353777,0.09939127579500395,0.17446946936325086
0.8976478067387159,0.9455086851656466,0.9160883280757098,0.8057713651498335,0.8887872042466317,0.8976478067387158,0.26672240802675584,0.4069617533304684,0.7506024096385542,0.852880658436214,0.009603072983354673,0.08708487084870849,0.14023934530371257,0.10227824879765979,0.1797600466630136
0.8965882602246239,0.9435859137793562,0.9378057302585604,0.7708213670304422,0.8841366102776891,0.8965882602246239,0.2501038637307852,0.3585640138408305,0.6997607655502392,0.8364640883977901,0.010821133036282623,0.0511727078891258,0.10846015011004528,0.13670332284755082,0.177054897700394
