acc,auc,precision,recall,maf1,mif1,yp1.a1,yp1.a0,yp1.y1a1,yp1.y1a0,yp1.y0a1,yp1.y0a0,parity,equality,eq_odds
0.782051282051282,0.8115079365079365,0.7317073170731707,0.8333333333333334,0.7820154529015289,0.782051282051282,0.47368421052631576,0.5423728813559322,0.625,0.8928571428571429,0.36363636363636365,0.22580645161290322,0.06868867082961644,0.2678571428571429,0.4056870548806033
0.717948717948718,0.7593935398813447,0.7435897435897436,0.7073170731707317,0.7177631578947368,0.717948717948718,0.42105263157894735,0.5254237288135594,0.5555555555555556,0.75,0.3,0.25925925925925924,0.10437109723461202,0.19444444444444442,0.23518518518518516
0.6666666666666666,0.753968253968254,0.6190476190476191,0.7222222222222222,0.6666666666666666,0.6666666666666666,0.47619047619047616,0.5614035087719298,0.6,0.7692307692307693,0.36363636363636365,0.3870967741935484,0.08521303258145363,0.1692307692307693,0.19269117978795403
0.6282051282051282,0.7585526315789474,0.6222222222222222,0.7,0.6251864125932063,0.6282051282051282,0.5,0.5967741935483871,0.7142857142857143,0.696969696969697,0.3333333333333333,0.4827586206896552,0.09677419354838712,0.017316017316017285,0.16674130467233916
0.7051282051282051,0.8148148148148148,0.75,0.7333333333333333,0.6991447258091564,0.7051282051282052,0.47368421052631576,0.5932203389830508,0.5454545454545454,0.7941176470588235,0.375,0.32,0.11953612845673506,0.24866310160427807,0.30366310160427806
