acc,auc,precision,recall,maf1,mif1,yp1.a1,yp1.a0,yp1.y1a1,yp1.y1a0,yp1.y0a1,yp1.y0a0,parity,equality,eq_odds
0.7011359185272229,0.7691300980866518,0.7517241379310344,0.6473645137342242,0.7010388611004232,0.7011359185272229,0.45649717514124294,0.45323741007194246,0.6548856548856549,0.6431870669745958,0.2202970297029703,0.24812967581047382,0.00325976506930048,0.011698587911059044,0.03953123401856257
0.7121034077555817,0.7887599938262078,0.7618657937806874,0.6770909090909091,0.7120178677515661,0.7121034077555817,0.48536036036036034,0.47507507507507507,0.6790606653620352,0.6759259259259259,0.22281167108753316,0.25842696629213485,0.010285285285285273,0.003134739436109313,0.038750034640711
0.7187622405013709,0.7894063409102117,0.7551669316375199,0.6985294117647058,0.7185798171943434,0.7187622405013709,0.5015384615384615,0.4873257287705957,0.7118959107806692,0.6897810218978102,0.2425629290617849,0.2671957671957672,0.014212732767865777,0.022114888882858952,0.04674772701684127
0.6983940462201331,0.781036962524606,0.760132340777502,0.6568977841315226,0.6982540019745859,0.6983940462201331,0.44739638682252925,0.48883374689826303,0.6224677716390423,0.6787383177570093,0.20854271356783918,0.27380952380952384,0.04143736007573379,0.056270546117967,0.12153735635965165
0.7105366235801018,0.7913783878526227,0.7609457092819615,0.650936329588015,0.7102798772672068,0.7105366235801018,0.43926247288503256,0.45187001839362356,0.6462450592885376,0.6537997587454765,0.1875,0.243142144638404,0.012607545508591,0.007554699456938874,0.06319684409534287
