acc,auc,precision,recall,maf1,mif1,yp1.a1,yp1.a0,yp1.y1a1,yp1.y1a0,yp1.y0a1,yp1.y0a0,parity,equality,eq_odds
0.8394004282655246,0.9884734680191131,0.975,0.5165562913907285,0.7843195211616264,0.8394004282655246,0.14473684210526316,0.17647058823529413,0.4583333333333333,0.5275590551181102,0.0,0.007575757575757576,0.031733746130030965,0.06922572178477687,0.07680147936053444
0.84796573875803,0.9885173501577287,0.9759036144578314,0.54,0.7969975448929487,0.8479657387580299,0.17045454545454544,0.17941952506596306,0.5769230769230769,0.532258064516129,0.0,0.00784313725490196,0.008964979611417623,0.04466501240694787,0.05250814966184983
0.9576837416481069,0.9940044742729306,0.9710144927536232,0.8993288590604027,0.9513506731981045,0.9576837416481069,0.2804878048780488,0.3133514986376022,0.9130434782608695,0.8968253968253969,0.03389830508474576,0.008298755186721992,0.03286369375955339,0.016218081435472653,0.041817631333496426
0.7763157894736842,0.7637207247017235,0.8666666666666667,0.3561643835616438,0.6801892241260761,0.7763157894736842,0.1518987341772152,0.1273209549071618,0.4230769230769231,0.3416666666666667,0.018867924528301886,0.027237354085603113,0.02457777927005339,0.0814102564102564,0.08977968596755763
0.7978260869565218,0.8541575778727859,0.7676767676767676,0.5205479452054794,0.7413151927437642,0.7978260869565217,0.1875,0.22105263157894736,0.37037037037037035,0.5546218487394958,0.09433962264150944,0.06896551724137931,0.03355263157894736,0.18425147836912548,0.2096255837692556
