acc,auc,precision,recall,maf1,mif1,yp1.a1,yp1.a0,yp1.y1a1,yp1.y1a0,yp1.y0a1,yp1.y0a0,parity,equality,eq_odds
0.9071837253655436,0.9542857142857144,0.9588948787061995,0.7905555555555556,0.897726422551982,0.9071837253655436,0.27643630308076605,0.35390591281829953,0.7757793764988009,0.8033126293995859,0.010841836734693877,0.03256846780162842,0.07746960973753347,0.02753325290078501,0.049259883967719555
0.9105742742106379,0.9554193031062581,0.9479889042995839,0.7975495915985997,0.8995551899748573,0.9105742742106379,0.24925690021231423,0.3616751269035533,0.762550881953867,0.8239508700102354,0.015451174289245983,0.03604902667627974,0.11241822669123908,0.06139998805636837,0.08199784044340212
0.9065479974570885,0.956478759222476,0.9619985925404645,0.7793614595210946,0.8953444111837928,0.9065479974570884,0.2437260740110591,0.3581081081081081,0.7429718875502008,0.8063555114200596,0.011221945137157107,0.02645113886847906,0.114382034097049,0.06338362386985874,0.07861281760118069
0.9150243695698241,0.9583655002612038,0.9654485049833887,0.8063263041065483,0.9066683725259266,0.9150243695698241,0.2817725752508361,0.35711216158143533,0.7903614457831325,0.8199588477366255,0.011523687580025609,0.025092250922509225,0.07533958633059923,0.02959740195349303,0.04316596529597665
0.9076075439711804,0.9626065973370098,0.9585382993675334,0.7834577828834004,0.8963533004186804,0.9076075439711804,0.271292064810968,0.33304498269896193,0.75,0.8143646408839779,0.016549968173138127,0.023454157782515993,0.06175291788799392,0.06436464088397786,0.07126883049335572
