acc,auc,precision,recall,maf1,mif1,yp1.a1,yp1.a0,yp1.y1a1,yp1.y1a0,yp1.y0a1,yp1.y0a0,parity,equality,eq_odds
0.5133333333333334,0.5532444444444444,0.5083333333333333,0.8133333333333334,0.4652014652014652,0.5133333333333333,0.7872340425531915,0.8058252427184466,0.8095238095238095,0.8148148148148148,0.7692307692307693,0.7959183673469388,0.018591200165255062,0.005291005291005235,0.03197860340717473
0.49333333333333335,0.5717333333333334,0.49523809523809526,0.6933333333333334,0.4722222222222222,0.4933333333333334,0.625,0.7352941176470589,0.64,0.72,0.6086956521739131,0.75,0.11029411764705888,0.07999999999999996,0.22130434782608688
0.5133333333333334,0.5857777777777777,0.6666666666666666,0.05333333333333334,0.38271604938271603,0.5133333333333333,0.0,0.05825242718446602,0.0,0.07692307692307693,0.0,0.0392156862745098,0.05825242718446602,0.07692307692307693,0.11613876319758673
0.5133333333333334,0.5227555555555556,0.5185185185185185,0.37333333333333335,0.5036039711682306,0.5133333333333333,0.22641509433962265,0.4329896907216495,0.28,0.42,0.17857142857142858,0.44680851063829785,0.20657459638202685,0.13999999999999996,0.4082370820668692
0.5333333333333333,0.4576,0.518796992481203,0.92,0.45129598662207365,0.5333333333333333,1.0,0.8468468468468469,1.0,0.896551724137931,1.0,0.7924528301886793,0.15315315315315314,0.10344827586206895,0.31099544567338966
