acc,auc,precision,recall,maf1,mif1,yp1.a1,yp1.a0,yp1.y1a1,yp1.y1a0,yp1.y0a1,yp1.y0a0,parity,equality,eq_odds
0.90633608815427,0.9319028586654488,0.8980070339976554,0.8511111111111112,0.899709639462107,0.90633608815427,0.3139050791007494,0.4108761329305136,0.8309352517985612,0.8685300207039337,0.0389030612244898,0.08364174685418209,0.09697105382976423,0.0375947689053725,0.0823334545350648
0.9042169951260861,0.9404952267418945,0.8643187066974596,0.8733955659276547,0.896699759090666,0.904216995126086,0.2989384288747346,0.43485617597292725,0.8344640434192673,0.9027635619242579,0.0550061804697157,0.10526315789473684,0.13591774709819265,0.06829951850499061,0.11855649593001175
0.9152362788726426,0.9367285760708841,0.919454770755886,0.8460661345496009,0.9076686480373473,0.9152362788726424,0.2807316035729477,0.4028716216216216,0.8179384203480589,0.8669314796425025,0.03054862842892768,0.05951506245407789,0.12214001804867392,0.04899305929444364,0.07795949331959384
0.9160839160839161,0.9433764411386123,0.9149940968122786,0.8601553829078802,0.9100417306271841,0.916083916083916,0.31145484949832775,0.40782122905027934,0.8325301204819278,0.8837448559670782,0.034571062740076826,0.06642066420664207,0.0963663795519516,0.05121473548515043,0.08306433695171567
0.9103623649078195,0.9479582031586025,0.8913301662707839,0.8621481906950029,0.9030743850610782,0.9103623649078194,0.317823016202742,0.39749134948096887,0.8229665071770335,0.8983425414364641,0.049013367281986,0.07533759772565743,0.07966833327822687,0.07537603425943062,0.10170026470310206
