acc,auc,precision,recall,maf1,mif1,yp1.a1,yp1.a0,yp1.y1a1,yp1.y1a0,yp1.y0a1,yp1.y0a0,parity,equality,eq_odds
0.6880146386093321,0.7333490727554788,0.7188533627342889,0.6042632066728453,0.6853810706800074,0.6880146386093321,0.4638472032742155,0.39022711631108054,0.6675531914893617,0.5704125177809388,0.24929971988795518,0.22133333333333333,0.07362008696313499,0.09714067370842283,0.1251070602630447
0.6646843549862763,0.7109765284939397,0.7366362451108214,0.5155109489051095,0.6572001556607701,0.6646843549862763,0.38330975954738333,0.33536173089925625,0.5307692307692308,0.5070821529745042,0.20189274447949526,0.17852522639068563,0.04794802864812708,0.023687077794726563,0.04705459588353619
0.6678865507776761,0.7194886047431626,0.6889400921658986,0.5673624288425048,0.6629709698655737,0.6678865507776761,0.4628330995792426,0.3652410047522064,0.6047745358090185,0.5465288035450517,0.30357142857142855,0.21105527638190955,0.09759209482703624,0.05824573226396679,0.1507618844534858
0.682067703568161,0.7387521362797875,0.7138009049773756,0.5880708294501398,0.6785399547835396,0.682067703568161,0.44077134986225897,0.3863013698630137,0.6211699164345403,0.5714285714285714,0.26430517711171664,0.20911528150134048,0.054469979999245244,0.04974134500596894,0.1049312406163451
0.681152790484904,0.7240189238228133,0.7663690476190477,0.4881516587677725,0.6664469457071771,0.681152790484904,0.33189655172413796,0.2959731543624161,0.49002849002849,0.4872159090909091,0.17101449275362318,0.12468193384223919,0.03592339736172184,0.0028125809375809108,0.0491451398489649
