acc,auc,precision,recall,maf1,mif1,yp1.a1,yp1.a0,yp1.y1a1,yp1.y1a0,yp1.y0a1,yp1.y0a0,parity,equality,eq_odds
0.7850666666666667,0.7324311972641021,0.7901607805414319,0.9854327335047129,0.511622811553138,0.7850666666666667,0.986404833836858,0.9687042995027786,0.9917695473251029,0.9848569826135727,0.9715909090909091,0.9106783075889859,0.017700534334079365,0.0069125647115302336,0.06782516621345336
0.7796000000000001,0.729155067367105,0.7842573579739904,0.9867378573889081,0.49942824389172247,0.7796,0.9769784172661871,0.9736958119030125,0.9882583170254403,0.9865911237016053,0.9456521739130435,0.928476821192053,0.0032826053631745955,0.0016671933238350256,0.018842546044825492
0.7928000000000001,0.7265986922826695,0.8013584696423621,0.9794984750931888,0.5283389956934983,0.7928,0.9902912621359223,0.9588434872400059,0.996316758747698,0.9777943646202649,0.9719101123595506,0.8873239436619719,0.031447774895916436,0.01852239412743306,0.1031085628250118
0.7865333333333334,0.7283162846375796,0.7920535226652102,0.9867324374893689,0.4939051768600676,0.7865333333333333,0.9870967741935484,0.9755813953488373,0.989010989010989,0.9865412979351033,0.9818181818181818,0.9347527472527473,0.0115153788447111,0.0024696910758857937,0.04953512564132034
0.7836000000000001,0.727973311339912,0.78531912022669,0.9945317840054683,0.4716299464129241,0.7836,0.9985422740524781,0.9870854123862636,0.9979674796747967,0.9942164179104478,1.0,0.9607977991746905,0.011456861666214513,0.0037510617643489175,0.04295326258965837
