acc,auc,precision,recall,maf1,mif1,yp1.a1,yp1.a0,yp1.y1a1,yp1.y1a0,yp1.y0a1,yp1.y0a0,parity,equality,eq_odds
0.6857273559011894,0.7572914128894146,0.7333333333333333,0.5708989805375347,0.6809679079779585,0.6857273559011894,0.29740791268758526,0.428079834824501,0.47606382978723405,0.6216216216216216,0.1092436974789916,0.24666666666666667,0.13067192213691575,0.14555779183438755,0.2829807610220626
0.6834400731930467,0.7454948771177928,0.7525,0.5492700729927007,0.6777690299448546,0.6834400731930467,0.26308345120226306,0.4151453684922245,0.4282051282051282,0.6161473087818697,0.05993690851735016,0.2315653298835705,0.15206191728996143,0.18794218057674156,0.3595706019429619
0.6770356816102471,0.73337982177939,0.7096385542168675,0.5588235294117647,0.6707516674517514,0.6770356816102471,0.26928471248246844,0.4331296673455533,0.41909814323607425,0.6366322008862629,0.10119047619047619,0.2600502512562814,0.16384495486308487,0.21753405765018868,0.3763938327159939
0.6802378774016469,0.7381936262873152,0.7480106100795756,0.5256290773532153,0.6713746971588581,0.6802378774016469,0.23140495867768596,0.40136986301369865,0.38440111420612816,0.5966386554621849,0.08174386920980926,0.21447721179624665,0.1699649043360127,0.2122375412560567,0.3449708838424941
0.6802378774016469,0.741947946916079,0.7342105263157894,0.5289099526066351,0.6707544029192267,0.6802378774016469,0.19827586206896552,0.4174496644295302,0.32763532763532766,0.6292613636363636,0.06666666666666667,0.227735368956743,0.21917380236056466,0.301626036001036,0.46269473829111235
