acc,auc,precision,recall,maf1,mif1,yp1.a1,yp1.a0,yp1.y1a1,yp1.y1a0,yp1.y0a1,yp1.y0a0,parity,equality,eq_odds
0.6952604778691734,0.7563173984076156,0.7882472137791287,0.5775798069784707,0.6930014430014431,0.6952604778691736,0.4610169491525424,0.3471223021582734,0.656964656964657,0.5334872979214781,0.22772277227722773,0.14588528678304238,0.11389464699426899,0.12347735904317891,0.20531484453736426
0.7164120642381512,0.7791436950146629,0.7784431137724551,0.6618181818181819,0.7164085399083853,0.7164120642381512,0.5326576576576577,0.418018018018018,0.7181996086105675,0.6284722222222222,0.28116710875331563,0.19101123595505617,0.11463963963963969,0.08972738638834532,0.17988325918660478
0.7191539365452408,0.7941361372713376,0.7590652699435939,0.6926470588235294,0.7190546243153831,0.7191539365452408,0.5805128205128205,0.42775665399239543,0.7732342007434945,0.6399026763990268,0.34324942791762014,0.1970899470899471,0.15275616652042506,0.1333315243444677,0.27949100517214076
0.7062279670975323,0.7786150791045349,0.797979797979798,0.6211579699785561,0.7060374135038405,0.7062279670975323,0.47927736450584485,0.3957816377171216,0.6482504604051565,0.6039719626168224,0.24874371859296482,0.16005291005291006,0.08349572678872325,0.04427849778833415,0.1329693063283889
0.7187622405013709,0.7907578580960991,0.7639007698887939,0.6689138576779026,0.7186586012725528,0.7187622405013709,0.5216919739696312,0.42182709993868794,0.7252964426877471,0.6344993968636912,0.27403846153846156,0.20199501246882792,0.09986487403094324,0.0907970458240559,0.16284049489368954
