acc,auc,precision,recall,maf1,mif1,yp1.a1,yp1.a0,yp1.y1a1,yp1.y1a0,yp1.y0a1,yp1.y0a0,parity,equality,eq_odds
0.6846846846846847,0.7604181187247959,0.7353433835845896,0.6422823701536211,0.6846815884941801,0.6846846846846847,0.37602820211515864,0.5135135135135135,0.5372233400402414,0.7022988505747126,0.1497175141242938,0.3161057692307692,0.13748531139835485,0.16507551053447123,0.33146376564094665
0.6854680767724246,0.7375543189169911,0.7751937984496124,0.5835156819839533,0.6843785261024533,0.6854680767724246,0.3951612903225806,0.4089020771513353,0.5817120622568094,0.5845974329054843,0.12429378531073447,0.22705314009661837,0.01374078682875468,0.00288537064867489,0.10564472543455879
0.6944770857814336,0.7725877265985346,0.7760910815939279,0.6005873715124816,0.6935947463009922,0.6944770857814336,0.3314543404735062,0.4561824729891957,0.5215686274509804,0.647887323943662,0.07427055702917772,0.25552825552825553,0.12472813251568948,0.12631869649268157,0.30757639499175937
0.6799843321582452,0.7504135552148757,0.7275641025641025,0.6555956678700361,0.6796697918991113,0.6799843321582452,0.43411764705882355,0.5161479741632413,0.6257545271629779,0.6722972972972973,0.1643059490084986,0.3460122699386503,0.08203032710441777,0.0465427701343194,0.2282490910644711
0.7015276145710928,0.7622922767090453,0.7965451055662188,0.6014492753623188,0.7007396801057371,0.7015276145710928,0.3672055427251732,0.42916419679905154,0.5645161290322581,0.6221719457013575,0.10270270270270271,0.21668742216687423,0.06195865407387835,0.05765581666909936,0.17164053613327088
