acc,auc,precision,recall,maf1,mif1,yp1.a1,yp1.a0,yp1.y1a1,yp1.y1a0,yp1.y0a1,yp1.y0a0,parity,equality,eq_odds
0.5933333333333334,0.6426666666666666,0.7692307692307693,0.26666666666666666,0.5447534703219066,0.5933333333333334,0.14893617021276595,0.18446601941747573,0.23809523809523808,0.2777777777777778,0.07692307692307693,0.08163265306122448,0.03552984920470978,0.03968253968253971,0.044392115820687264
0.5466666666666667,0.5424,0.5259259259259259,0.9466666666666667,0.46031746031746035,0.5466666666666666,0.8958333333333334,0.9019607843137255,0.96,0.94,0.8260869565217391,0.8653846153846154,0.006127450980392135,0.020000000000000018,0.0592976588628763
0.5733333333333334,0.5794666666666667,0.5873015873015873,0.49333333333333335,0.5705850778314547,0.5733333333333334,0.40425531914893614,0.42718446601941745,0.43478260869565216,0.5192307692307693,0.375,0.3333333333333333,0.02292914687048131,0.08444816053511711,0.1261148272017838
0.5666666666666667,0.6039111111111111,0.6,0.4,0.5542857142857143,0.5666666666666667,0.2830188679245283,0.36082474226804123,0.36,0.42,0.21428571428571427,0.2978723404255319,0.07780587434351294,0.06,0.14358662613981762
0.4733333333333334,0.4028444444444445,0.4473684210526316,0.22666666666666666,0.43921253135204197,0.47333333333333333,0.23076923076923078,0.26126126126126126,0.23529411764705882,0.22413793103448276,0.22727272727272727,0.3018867924528302,0.030492030492030475,0.011156186612576058,0.08577025179267897
