acc,auc,precision,recall,maf1,mif1,yp1.a1,yp1.a0,yp1.y1a1,yp1.y1a0,yp1.y0a1,yp1.y0a0,parity,equality,eq_odds
0.7853333333333333,0.6787541783428673,0.7953306305046833,0.9749785775492716,0.5379203069234729,0.7853333333333333,0.93202416918429,0.9558350394852296,0.9691358024691358,0.9755094410170125,0.8295454545454546,0.8851578240429818,0.023810870300939646,0.006373638547876759,0.061986008045403995
0.7806666666666667,0.6873156397668658,0.7903698534542917,0.9753703065794006,0.5312172101399646,0.7806666666666666,0.9366906474820144,0.9572373254959589,0.9667318982387475,0.9762039660056657,0.8532608695652174,0.890728476821192,0.020546678013944497,0.009472067766918224,0.04693967502289287
0.7902666666666667,0.6794871618157058,0.806282722513089,0.9654354456116571,0.552107724669656,0.7902666666666667,0.9015256588072122,0.9465997934798643,0.9429097605893186,0.9677178578092928,0.7752808988764045,0.8669014084507042,0.04507413467265209,0.024808097219974123,0.1164286067942738
0.7890666666666667,0.6849733558492312,0.7993590636756305,0.975846232352441,0.5325218243161463,0.7890666666666667,0.9338709677419355,0.9590116279069767,0.9604395604395605,0.9771386430678466,0.8606060606060606,0.8914835164835165,0.02514066016504124,0.01669908262828612,0.04757653850574206
0.7873333333333333,0.6865495739569577,0.8021291696238467,0.9656527682843472,0.5589437524147484,0.7873333333333333,0.9067055393586005,0.9426181391253302,0.9471544715447154,0.9673507462686567,0.8041237113402062,0.8514442916093535,0.03591259976672967,0.020196274723941254,0.06751685499308857
