acc,auc,precision,recall,maf1,mif1,yp1.a1,yp1.a0,yp1.y1a1,yp1.y1a0,yp1.y0a1,yp1.y0a0,parity,equality,eq_odds
0.7042694868781825,0.7766334129894945,0.7995951417004049,0.5864884929472903,0.7020973573807027,0.7042694868781826,0.4406779661016949,0.35851318944844124,0.6444906444906445,0.5542725173210161,0.19801980198019803,0.14713216957605985,0.08216477665325367,0.0902181271696284,0.1411057595737666
0.7117117117117117,0.7868819262231825,0.7966573816155988,0.624,0.7112598054461792,0.7117117117117117,0.46959459459459457,0.3963963963963964,0.6673189823874756,0.5983796296296297,0.20159151193633953,0.17852684144818975,0.07319819819819817,0.0689393527578459,0.09200402324599569
0.7293380336858597,0.7983192396824614,0.8134957825679475,0.638235294117647,0.7286771487802166,0.7293380336858598,0.4646153846153846,0.38910012674271227,0.6802973977695167,0.610705596107056,0.19908466819221968,0.14814814814814814,0.07551525787267233,0.0695918016624607,0.12052832170653224
0.7121034077555817,0.778902484195817,0.8097014925373134,0.6204431736954967,0.7118060968333235,0.7121034077555817,0.44314558979808716,0.4063275434243176,0.6243093922651933,0.6179906542056075,0.19597989949748743,0.16666666666666666,0.036818046373769564,0.006318738059585827,0.035631970890406595
0.7168037602820211,0.7813527425693253,0.8097165991902834,0.599250936329588,0.7144864684096869,0.7168037602820213,0.4360086767895879,0.35928877988963825,0.6462450592885376,0.5705669481302774,0.18028846153846154,0.14089775561097256,0.07671989689994962,0.07567811115826018,0.11506881708574915
