acc,auc,precision,recall,maf1,mif1,yp1.a1,yp1.a0,yp1.y1a1,yp1.y1a0,yp1.y0a1,yp1.y0a0,parity,equality,eq_odds
0.6895066562255285,0.7388901292817388,0.7678916827852998,0.5894580549368968,0.6880754574127439,0.6895066562255285,0.4406779661016949,0.38585979628520073,0.6382536382536382,0.5623556581986143,0.20544554455445543,0.19551681195516812,0.05481816981649418,0.0758979800550239,0.08582671265431122
0.6425215348472983,0.6894143354917677,0.6323613493424814,0.8037790697674418,0.6237132425617752,0.6425215348472983,0.7547806524184477,0.6474474474474474,0.84765625,0.7777777777777778,0.6286472148541115,0.5068664169787765,0.1073332049710003,0.06987847222222221,0.19165927009755712
0.6989036805011746,0.7730207409597005,0.8257993384785005,0.5507352941176471,0.6950529201945115,0.6989036805011746,0.41846153846153844,0.31602279924002535,0.6096654275092936,0.5121654501216545,0.18306636155606407,0.10303830911492734,0.10243873922151309,0.09749997738763916,0.17752802982877589
0.6867658574784652,0.743635064006758,0.7405622489959839,0.6590421729807004,0.6863764072538656,0.6867658574784652,0.5164718384697131,0.47055176689398637,0.6777163904235728,0.647196261682243,0.2964824120603015,0.27080581241743723,0.04592007157572675,0.03052012874132981,0.056196728384194095
0.7114330462020361,0.7773547732121963,0.7855100095328885,0.6167664670658682,0.7101639808726194,0.7114330462020361,0.4550379198266522,0.38565297363580625,0.6607495069033531,0.5898673100120627,0.20432692307692307,0.1745635910224439,0.06938494619084595,0.07088219689129038,0.10064552894576956
