acc,auc,precision,recall,maf1,mif1,yp1.a1,yp1.a0,yp1.y1a1,yp1.y1a0,yp1.y0a1,yp1.y0a0,parity,equality,eq_odds
0.8951048951048951,0.9346656008526512,0.9142857142857143,0.8,0.8858452911100115,0.8951048951048951,0.2743547044129892,0.395338800172637,0.7601918465227818,0.8343685300207039,0.01594387755102041,0.08142116950407106,0.1209840957596478,0.07417668349792206,0.13965397545097272
0.898283534647171,0.9339912864013109,0.9185888738127544,0.7899649941656943,0.8863176913425346,0.898283534647171,0.23736730360934183,0.3870558375634518,0.7313432835820896,0.834186284544524,0.012360939431396786,0.07209805335255948,0.14968853395410997,0.10284300096243448,0.16258011488359717
0.8959525323161688,0.9373686932879027,0.9140983606557377,0.7947548460661346,0.8852692457441094,0.8959525323161687,0.24797958315610377,0.39780405405405406,0.7469879518072289,0.8301886792452831,0.015586034912718205,0.07788390889052167,0.14982447089795028,0.08320072743805418,0.14549860141585763
0.8980716253443527,0.9381494184079929,0.9325474787164375,0.7902330743618202,0.8883879375484742,0.8980716253443526,0.26714046822742477,0.38160721959604643,0.7506024096385542,0.8240740740740741,0.010243277848911651,0.06420664206642067,0.11446675136862167,0.07347166443551989,0.12743502865302891
0.899343081161263,0.9322560349706002,0.9148099606815203,0.8018380241240666,0.8888168674264931,0.8993430811612629,0.2704611549646863,0.37846020761245674,0.75,0.8497237569060774,0.015276893698281349,0.07533759772565743,0.10799905264777043,0.09972375690607738,0.15978446093345344
