acc,auc,precision,recall,maf1,mif1,yp1.a1,yp1.a0,yp1.y1a1,yp1.y1a0,yp1.y0a1,yp1.y0a0,parity,equality,eq_odds
0.786,0.7079633360867295,0.7949790794979079,0.9768637532133676,0.5360373251467769,0.786,0.9274924471299094,0.9587598713073998,0.9650205761316872,0.9779398018321181,0.8238636363636364,0.8898589657488247,0.0312674241774904,0.012919225700430914,0.07891455508561929
0.7828,0.6986894789727967,0.7951840963180736,0.9716045159083134,0.532270717229692,0.7828,0.9105113636363636,0.9567392583872867,0.9398058252427185,0.9746764209341587,0.8306878306878307,0.8914675767918089,0.04622789475092304,0.03487059569144024,0.09565034179541843
0.7912,0.6914247371226911,0.8060417843026538,0.9674686546933243,0.5509257467862037,0.7912,0.8959778085991679,0.9496975955155628,0.9410681399631676,0.9701436835230454,0.7584269662921348,0.8725352112676056,0.053719786916394896,0.029075543559877737,0.14318378853534852
0.7934666666666667,0.7064736739546724,0.8003607103218646,0.9812893349209049,0.535957659366839,0.7934666666666668,0.932258064516129,0.9636627906976745,0.967032967032967,0.9824852507374632,0.8363636363636363,0.8935439560439561,0.03140472618154544,0.01545228370449614,0.07263260338481592
0.7896000000000001,0.7073552046765192,0.798964745383324,0.9759056732740943,0.5448076923076923,0.7896,0.9300291545189504,0.9553859700616378,0.9634146341463414,0.9770522388059701,0.845360824742268,0.875515818431912,0.025356815542687428,0.01363760465962871,0.04379259834927263
