acc,auc,precision,recall,maf1,mif1,yp1.a1,yp1.a0,yp1.y1a1,yp1.y1a0,yp1.y0a1,yp1.y0a0,parity,equality,eq_odds
0.6266666666666667,0.6892444444444443,0.6043956043956044,0.7333333333333333,0.6223700773242222,0.6266666666666667,0.425531914893617,0.6893203883495146,0.6666666666666666,0.7592592592592593,0.23076923076923078,0.6122448979591837,0.26378847345589757,0.09259259259259267,0.4740682597825456
0.56,0.5560888888888889,0.5391304347826087,0.8266666666666667,0.5263157894736842,0.56,0.7291666666666666,0.7843137254901961,0.76,0.86,0.6956521739130435,0.7115384615384616,0.05514705882352944,0.09999999999999998,0.11588628762541808
0.6000000000000001,0.5948444444444444,0.6829268292682927,0.37333333333333335,0.578335832083958,0.6,0.14893617021276595,0.3300970873786408,0.17391304347826086,0.46153846153846156,0.125,0.19607843137254902,0.18116091716587485,0.2876254180602007,0.3587038494327497
0.5866666666666667,0.5964444444444444,0.5802469135802469,0.6266666666666667,0.5860042735042734,0.5866666666666667,0.4339622641509434,0.5979381443298969,0.52,0.68,0.35714285714285715,0.5106382978723404,0.16397588017895348,0.16000000000000003,0.31349544072948327
0.48000000000000004,0.4172444444444445,0.0,0.0,0.3243243243243243,0.48,0.0,0.02702702702702703,0.0,0.0,0.0,0.05660377358490566,0.02702702702702703,0.0,0.05660377358490566
