acc,auc,precision,recall,maf1,mif1,yp1.a1,yp1.a0,yp1.y1a1,yp1.y1a0,yp1.y0a1,yp1.y0a0,parity,equality,eq_odds
0.700352526439483,0.7731523033188425,0.7534843205574913,0.6421677802524127,0.7001977912162893,0.700352526439483,0.5480225988700564,0.39748201438848924,0.7255717255717256,0.5958429561200924,0.33663366336633666,0.18329177057356608,0.1505405844815672,0.12972876945163314,0.2830706622444037
0.7042694868781825,0.7725556413026702,0.7705061082024433,0.6421818181818182,0.7042230179451985,0.7042694868781826,0.5619369369369369,0.3885885885885886,0.7299412915851272,0.5902777777777778,0.33421750663129973,0.17103620474406991,0.17334834834834834,0.13966351380734943,0.3028448156945792
0.7132784958871915,0.7924424338050391,0.7599337748344371,0.675,0.7132685976889597,0.7132784958871915,0.5753846153846154,0.4100126742712294,0.758364312267658,0.6204379562043796,0.3501144164759725,0.18121693121693122,0.165371941113386,0.1379263560632784,0.3068238413223197
0.7113200156678418,0.7857549896373122,0.7868284228769498,0.6490350250178699,0.7113200156678416,0.7113200156678418,0.5185972369819342,0.413151364764268,0.6795580110497238,0.6296728971962616,0.2989949748743719,0.167989417989418,0.10544587221766616,0.04988511385346217,0.18089067073841605
0.7226792009400704,0.7842616679889055,0.7623430962343096,0.6823970037453183,0.7226566911349519,0.7226792009400705,0.5574837310195228,0.4175352544451257,0.7490118577075099,0.6417370325693607,0.3245192307692308,0.185785536159601,0.13994847657439707,0.10727482513814923,0.24600851974777901
