acc,auc,precision,recall,maf1,mif1,yp1.a1,yp1.a0,yp1.y1a1,yp1.y1a0,yp1.y0a1,yp1.y0a0,parity,equality,eq_odds
0.918960244648318,0.9803919454984479,0.8444444444444444,0.9134615384615384,0.9085133619267568,0.918960244648318,0.5,0.3118081180811808,0.9411764705882353,0.9080459770114943,0.3076923076923077,0.029891304347826088,0.1881918819188192,0.03313049357674103,0.3109314969212226
0.9015151515151515,0.9693837673289727,0.8458149779735683,0.8648648648648649,0.8903034936675198,0.9015151515151515,0.4796747967479675,0.3128491620111732,0.925,0.8516483516483516,0.26506024096385544,0.036619718309859155,0.1668256347367943,0.07335164835164842,0.3017921710056447
0.9213836477987422,0.9706349206349206,0.8705357142857143,0.9027777777777778,0.9131337412587414,0.9213836477987422,0.42735042735042733,0.3352601156069364,1.0,0.8846153846153846,0.1927710843373494,0.03857566765578635,0.09209031174349092,0.11538461538461542,0.2695800320661785
0.8996865203761755,0.9564177101967799,0.8529411764705882,0.8365384615384616,0.8852930600503417,0.8996865203761756,0.44642857142857145,0.29277566539923955,0.9117647058823529,0.8218390804597702,0.24358974358974358,0.03125,0.1536529060293319,0.08992562542258276,0.30226536901232637
0.9301242236024844,0.9769477330858308,0.864406779661017,0.9400921658986175,0.9233850180433835,0.9301242236024845,0.4642857142857143,0.3458646616541353,0.9743589743589743,0.9325842696629213,0.1917808219178082,0.05084745762711865,0.11842105263157898,0.041774704696053044,0.1827080689867426
