acc,auc,precision,recall,maf1,mif1,yp1.a1,yp1.a0,yp1.y1a1,yp1.y1a0,yp1.y0a1,yp1.y0a0,parity,equality,eq_odds
0.6863743148003132,0.7550222071324844,0.7282608695652174,0.6466221232368226,0.6863684969403454,0.6863743148003132,0.5661016949152542,0.4164170161773517,0.7276507276507277,0.6016166281755196,0.37376237623762376,0.21668742216687423,0.14968467873790248,0.12603409947520805,0.2831090535459576
0.6977290524667189,0.7638618124925969,0.7508305647840532,0.6569767441860465,0.6976977234815033,0.6977290524667189,0.6006749156355455,0.4024024024024024,0.75,0.6018518518518519,0.3978779840848806,0.18726591760299627,0.19827251323314316,0.14814814814814814,0.3587602146300325
0.6985121378230227,0.7548117425362104,0.7356230031948882,0.6772058823529412,0.698356574194055,0.6985121378230227,0.5928205128205128,0.42685243825205826,0.7527881040892194,0.6277372262773723,0.39588100686498856,0.20871862615587847,0.16596807456845458,0.1250508778118471,0.31221325852095716
0.6965544244322631,0.7494951557853631,0.7582781456953642,0.6547533952823446,0.6964236936602421,0.6965544244322631,0.5515409139213603,0.42715437073775575,0.6924493554327809,0.6308411214953271,0.3592964824120603,0.19682959048877147,0.12438654318360454,0.06160823393745374,0.22407512586074257
0.7043852779953015,0.7594355623727913,0.7344632768361582,0.6811377245508982,0.7043652907830233,0.7043852779953015,0.5644637053087758,0.44022072348252606,0.7455621301775148,0.6417370325693607,0.34375,0.23192019950124687,0.12424298182624971,0.10382509760815417,0.2156548981069073
