acc,auc,precision,recall,maf1,mif1,yp1.a1,yp1.a0,yp1.y1a1,yp1.y1a0,yp1.y0a1,yp1.y0a0,parity,equality,eq_odds
0.6893870082342178,0.7461281440123639,0.7506265664160401,0.5551436515291936,0.6830541210284181,0.6893870082342177,0.39972714870395637,0.3475567790777701,0.5904255319148937,0.5362731152204836,0.19887955182072828,0.17066666666666666,0.052170369626186264,0.054152416694410066,0.08236530184847168
0.6829826166514181,0.7381972811893123,0.7528230865746549,0.5474452554744526,0.6771831083158756,0.6829826166514181,0.4115983026874116,0.34212305611899935,0.5948717948717949,0.5212464589235127,0.1861198738170347,0.17852522639068563,0.06947524656841225,0.07362533594828213,0.08121998337463121
0.6989935956084172,0.7421207112732247,0.70625,0.6432637571157496,0.6971184743268706,0.6989935956084172,0.48667601683029454,0.41615750169721655,0.6631299734748011,0.6322008862629247,0.28869047619047616,0.23241206030150754,0.070518515133078,0.03092908721187637,0.08720750310084499
0.6898444647758464,0.7379298621979169,0.7309941520467836,0.5824790307548928,0.6854630868381199,0.6898444647758463,0.4090909090909091,0.3821917808219178,0.596100278551532,0.5756302521008403,0.22615803814713897,0.1970509383378016,0.026899128268991324,0.020470026450691736,0.04957712626002911
0.7012808783165599,0.7437833398284452,0.75125,0.5696682464454976,0.6942713001723053,0.7012808783165599,0.3879310344827586,0.35570469798657717,0.5754985754985755,0.5667613636363636,0.19710144927536233,0.16666666666666666,0.03222633649618145,0.00873721186221188,0.03917199447090755
