acc,auc,precision,recall,maf1,mif1,yp1.a1,yp1.a0,yp1.y1a1,yp1.y1a0,yp1.y0a1,yp1.y0a0,parity,equality,eq_odds
0.9099385463021827,0.9509586616421148,0.9326620516047829,0.8233333333333334,0.902167364282477,0.9099385463021826,0.2951706910907577,0.37980146741476045,0.8057553956834532,0.8385093167701864,0.023596938775510203,0.05181347150259067,0.08463077632400273,0.03275392108673314,0.06097045381381361
0.9059122695486332,0.9512532593479945,0.9337431693989071,0.7975495915985997,0.8946814863367761,0.9059122695486331,0.25307855626326964,0.36717428087986465,0.7598371777476255,0.8259979529170931,0.022249690976514216,0.04397981254506128,0.114095724616595,0.06616077516946761,0.08789089673801467
0.9054884509429965,0.9470988980138868,0.9461118690313779,0.7907639680729761,0.894881719871581,0.9054884509429963,0.25733730327520205,0.36359797297297297,0.7670682730923695,0.8083416087388282,0.0199501246882793,0.034533431300514325,0.10626066969777093,0.04127333564645874,0.055856642258693766
0.9126933672388219,0.9528533983305032,0.9536553524804178,0.8107658157602664,0.9044639957984812,0.9126933672388219,0.2830267558528428,0.3674258702191663,0.7903614457831325,0.8281893004115226,0.013444302176696543,0.03690036900369004,0.08439911436632347,0.03782785462839011,0.061283921455383604
0.9103623649078195,0.9470792705766083,0.9563711911357341,0.7932222860425043,0.8997712118591239,0.9103623649078194,0.27627752388865806,0.3369377162629758,0.7631578947368421,0.8209944751381215,0.01718650541056652,0.0255863539445629,0.060660192374317745,0.05783658040127937,0.06623642893527575
