acc,auc,precision,recall,maf1,mif1,yp1.a1,yp1.a0,yp1.y1a1,yp1.y1a0,yp1.y0a1,yp1.y0a0,parity,equality,eq_odds
0.9120576393303667,0.9541566746602718,0.9287925696594427,0.8333333333333334,0.9047873828703001,0.9120576393303667,0.3218151540383014,0.3634009495036685,0.8393285371702638,0.8281573498964804,0.046556122448979595,0.031088082901554404,0.041585795465367115,0.011171187273783412,0.026639226821208603
0.905276541640178,0.9490145750858643,0.9089735313105229,0.8214702450408401,0.8953104182460443,0.905276541640178,0.29639065817409765,0.3599830795262267,0.8141112618724559,0.827021494370522,0.06056860321384425,0.031002162941600575,0.06359242135212906,0.01291023249806611,0.04247667277030979
0.9093028183937275,0.9524646147278877,0.9294041450777202,0.8181299885974914,0.9002587690101393,0.9093028183937275,0.29604423649510847,0.3581081081081081,0.8192771084337349,0.817279046673287,0.05236907730673317,0.018368846436443792,0.062063871612999644,0.0019980617604479223,0.0359982926307373
0.9120576393303667,0.9561459346773877,0.9420012746972594,0.8201997780244173,0.9042441476096768,0.9120576393303667,0.31145484949832775,0.3541039965620971,0.8204819277108434,0.8199588477366255,0.040973111395646605,0.01992619926199262,0.04264914706376938,0.0005230799742178549,0.02156999210787184
0.9071837253655436,0.9545140334113963,0.9289005924950625,0.8104537622056289,0.8973737207228498,0.9071837253655436,0.3124221022019111,0.33174740484429066,0.8050239234449761,0.8154696132596685,0.05028644175684278,0.02061122956645345,0.019325302642379583,0.010445689814692405,0.040120902005081734
