acc,auc,precision,recall,maf1,mif1,yp1.a1,yp1.a0,yp1.y1a1,yp1.y1a0,yp1.y0a1,yp1.y0a0,parity,equality,eq_odds
0.9635974304068523,0.9904224997904266,0.9466666666666667,0.9403973509933775,0.9583326772790015,0.9635974304068522,0.32894736842105265,0.319693094629156,1.0,0.9291338582677166,0.019230769230769232,0.026515151515151516,0.009254273791896639,0.07086614173228345,0.07815052401666574
0.9443254817987152,0.981198738170347,0.8875,0.9466666666666667,0.937231182795699,0.9443254817987152,0.32954545454545453,0.34564643799472294,0.9230769230769231,0.9516129032258065,0.08064516129032258,0.050980392156862744,0.016100983449268413,0.028535980148883366,0.0582007492823432
0.9554565701559019,0.9906935123042506,0.9448275862068966,0.9194630872483222,0.9494301031670946,0.955456570155902,0.3170731707317073,0.3242506811989101,1.0,0.9047619047619048,0.05084745762711865,0.02074688796680498,0.0071775104672027745,0.09523809523809523,0.1253386648984089
0.9451754385964912,0.9858594785682722,0.9115646258503401,0.9178082191780822,0.9371440228928085,0.9451754385964912,0.3291139240506329,0.3209549071618037,0.9230769230769231,0.9166666666666666,0.03773584905660377,0.042801556420233464,0.008159016888829196,0.0064102564102564985,0.01147596377388619
0.9543478260869566,0.9864758747055231,0.9139072847682119,0.9452054794520548,0.9477925320621949,0.9543478260869566,0.35,0.3236842105263158,0.9629629629629629,0.9411764705882353,0.03773584905660377,0.0421455938697318,0.02631578947368418,0.02178649237472763,0.02619623718785566
