acc,auc,precision,recall,maf1,mif1,yp1.a1,yp1.a0,yp1.y1a1,yp1.y1a0,yp1.y0a1,yp1.y0a0,parity,equality,eq_odds
0.8891714346259801,0.9310355525103727,0.9159609120521173,0.7811111111111111,0.8787414256168655,0.88917143462598,0.28059950041631976,0.3716012084592145,0.7601918465227818,0.7991718426501035,0.025510204081632654,0.06587712805329386,0.09100170804289476,0.038979996127321725,0.07934692009898293
0.8859927950837042,0.9333341746641634,0.8972972972972973,0.7747957992998833,0.87269822862133,0.8859927950837042,0.2394904458598726,0.38747884940778343,0.723202170963365,0.8137154554759468,0.019159456118665017,0.08723864455659697,0.14798840354791082,0.09051328451258178,0.15859247295051374
0.8925619834710744,0.9355735192602407,0.9238613188307274,0.7748004561003421,0.8805938036899374,0.8925619834710744,0.24968098681412165,0.3733108108108108,0.7416331994645248,0.7994041708043694,0.02057356608478803,0.05804555473916238,0.12362982399668915,0.05777097133984466,0.09524295999421901
0.8940453485908032,0.936642408142098,0.9282894736842106,0.7830188679245284,0.8838677402448902,0.8940453485908031,0.2738294314381271,0.3717232488182209,0.7518072289156627,0.8096707818930041,0.019846350832266324,0.057564575645756455,0.09789381738009378,0.05786355297734147,0.0955817777908316
0.8868404322949778,0.9332352626903245,0.9119453924914676,0.7673750717978174,0.8738752635663074,0.8868404322949779,0.2679684254258413,0.3546712802768166,0.7272727272727273,0.8044198895027624,0.023551877784850413,0.06538734896943853,0.08670285485097529,0.07714716223003515,0.11898263341462326
