acc,auc,precision,recall,maf1,mif1,yp1.a1,yp1.a0,yp1.y1a1,yp1.y1a0,yp1.y0a1,yp1.y0a0,parity,equality,eq_odds
0.6720036596523331,0.7047058360605232,0.7144549763033176,0.5588507877664504,0.6671862627873837,0.672003659652333,0.38335607094133695,0.3874741913282863,0.5904255319148937,0.5419630156472262,0.16526610644257703,0.24266666666666667,0.004118120386949364,0.04846251626766751,0.12586307649175715
0.6555352241537055,0.6808059331681511,0.7207207207207207,0.5109489051094891,0.6483253205179562,0.6555352241537054,0.37765205091937765,0.3448275862068966,0.541025641025641,0.4943342776203966,0.17665615141955837,0.20827943078913325,0.03282446471248107,0.04669136340524438,0.07831464277481925
0.6779505946935042,0.731724509021664,0.6902173913043478,0.6024667931688804,0.6748928734093677,0.6779505946935042,0.4165497896213184,0.4229463679565513,0.6127320954907162,0.5967503692762186,0.19642857142857142,0.2751256281407035,0.006396578335232883,0.01598172621449756,0.09467878292662965
0.6747483989021044,0.7191649312664277,0.7273869346733668,0.5396085740913327,0.6677617677406695,0.6747483989021043,0.3677685950413223,0.36232876712328765,0.5459610027855153,0.5364145658263305,0.19346049046321526,0.19571045576407506,0.0054398279180346565,0.009546436959184779,0.01179640226004458
0.6742909423604758,0.7054588272761176,0.7352537722908093,0.5080568720379147,0.662890470678745,0.6742909423604757,0.30603448275862066,0.34630872483221475,0.47863247863247865,0.5227272727272727,0.13043478260869565,0.18829516539440203,0.04027424207359409,0.044094794094794054,0.10195517688050043
