acc,auc,precision,recall,maf1,mif1,yp1.a1,yp1.a0,yp1.y1a1,yp1.y1a0,yp1.y0a1,yp1.y0a0,parity,equality,eq_odds
0.6855912294440094,0.7395974607415663,0.7402826855123675,0.6221232368225686,0.6853198667974163,0.6855912294440094,0.4711864406779661,0.4284002396644697,0.6611226611226612,0.6004618937644342,0.24504950495049505,0.24283935242839352,0.042786201013496394,0.06066076735822701,0.06287091988032853
0.696945967110415,0.752163575433332,0.8022088353413654,0.5806686046511628,0.6953991745806336,0.696945967110415,0.4465691788526434,0.35975975975975977,0.642578125,0.5439814814814815,0.18037135278514588,0.16104868913857678,0.08680941909288364,0.09859664351851849,0.11791930716508758
0.7098668754894284,0.7701577741649426,0.8073485600794439,0.5977941176470588,0.7083031042023,0.7098668754894284,0.4430769230769231,0.3641545281823939,0.654275092936803,0.5608272506082725,0.18306636155606407,0.15059445178335534,0.07892239489452918,0.09344784232853043,0.12591975210123915
0.6902897415818324,0.759005969013117,0.8179916317991632,0.5589706933523946,0.688397987757806,0.6902897415818324,0.40913921360255046,0.3539987600743955,0.5874769797421732,0.5408878504672897,0.1658291457286432,0.142668428005284,0.05514045352815494,0.046589129274883456,0.06974984699824266
0.7051683633516054,0.7592210898400243,0.7681692732290708,0.625,0.7043906510466502,0.7051683633516054,0.4745395449620802,0.39791538933169834,0.6745562130177515,0.594692400482509,0.23076923076923078,0.19451371571072318,0.07662415563038183,0.07986381253524244,0.11611932759375004
