acc,auc,precision,recall,maf1,mif1,yp1.a1,yp1.a0,yp1.y1a1,yp1.y1a0,yp1.y0a1,yp1.y0a0,parity,equality,eq_odds
0.5266666666666667,0.512,0.5181818181818182,0.76,0.4994124559341951,0.5266666666666666,0.46808510638297873,0.8543689320388349,0.5714285714285714,0.8333333333333334,0.38461538461538464,0.8775510204081632,0.3862838256558562,0.261904761904762,0.7548403976975406
0.5333333333333333,0.5443555555555556,0.5531914893617021,0.3466666666666667,0.5164855406152146,0.5333333333333333,0.25,0.3431372549019608,0.36,0.34,0.13043478260869565,0.34615384615384615,0.09313725490196079,0.019999999999999962,0.23571906354515046
0.5,0.44880000000000003,0.5,1.0,0.3333333333333333,0.5,1.0,1.0,1.0,1.0,1.0,1.0,0.0,0.0,0.0
0.5,0.5625777777777777,0.5,1.0,0.3333333333333333,0.5,1.0,1.0,1.0,1.0,1.0,1.0,0.0,0.0,0.0
0.52,0.5083555555555556,0.5106382978723404,0.96,0.40476190476190477,0.52,0.9743589743589743,0.9279279279279279,0.9411764705882353,0.9655172413793104,1.0,0.8867924528301887,0.04643104643104645,0.024340770791075106,0.1375483179608864
