acc,auc,precision,recall,maf1,mif1,yp1.a1,yp1.a0,yp1.y1a1,yp1.y1a0,yp1.y0a1,yp1.y0a0,parity,equality,eq_odds
0.544373284537969,0.6809887036157973,0.7985611510791367,0.10287303058387395,0.4332382680840032,0.5443732845379688,0.05184174624829468,0.06951135581555402,0.09042553191489362,0.10953058321479374,0.011204481792717087,0.032,0.017669609567259346,0.019105051299900117,0.03990056950718303
0.6463860933211345,0.6676638987477399,0.7122207621550591,0.49452554744525545,0.6381906728717623,0.6463860933211345,0.3578500707213578,0.34347532116294793,0.5256410256410257,0.4773371104815864,0.15141955835962145,0.22121604139715395,0.014374749558409894,0.04830391515943927,0.11810039819697177
0.6729185727355902,0.6767270569461113,0.7170294494238156,0.5313092979127134,0.6642626458120094,0.6729185727355901,0.3576437587657784,0.35709436524100474,0.53315649867374,0.5302806499261448,0.16071428571428573,0.20979899497487436,0.0005493935247736781,0.0028758487475952776,0.051960558008183916
0.6440988106129918,0.6708157176602199,0.6522187822497421,0.5890027958993477,0.6425477000163939,0.6440988106129918,0.4049586776859504,0.4623287671232877,0.584958217270195,0.5910364145658263,0.22888283378746593,0.339142091152815,0.05737008943733729,0.006078197295631305,0.11633745466098039
0.67612076852699,0.6992687761113975,0.7005780346820809,0.5744075829383887,0.6712530587275694,0.67612076852699,0.3879310344827586,0.39932885906040266,0.5925925925925926,0.5653409090909091,0.17971014492753623,0.2506361323155216,0.011397824577644045,0.0272516835016835,0.09817767088966889
