acc,auc,precision,recall,maf1,mif1,yp1.a1,yp1.a0,yp1.y1a1,yp1.y1a0,yp1.y0a1,yp1.y0a0,parity,equality,eq_odds
0.8580207671116763,0.9222062350119905,0.959349593495935,0.6555555555555556,0.8371605418968864,0.8580207671116762,0.21565362198168192,0.3072939145446698,0.6079136690647482,0.6966873706004141,0.00701530612244898,0.028867505551443375,0.09164029256298789,0.08877370153566588,0.11062590096466028
0.8764568764568765,0.9141881384002158,0.921072226358898,0.7217036172695449,0.8589625819659967,0.8764568764568764,0.21825902335456476,0.3506768189509306,0.6635006784260515,0.7656090071647902,0.015451174289245983,0.058399423215573176,0.13241779559636585,0.10210832873873865,0.14505657766506586
0.8751854206399662,0.9145790589950025,0.9151817533856023,0.7320410490307868,0.8598277976775264,0.8751854206399661,0.2415993194385368,0.35261824324324326,0.7068273092369478,0.7507447864945382,0.02493765586034913,0.05804555473916238,0.11101892380470646,0.04391747725759043,0.07702537613640369
0.8662852299215936,0.9191436627949672,0.959937156323645,0.6781354051054383,0.8478148442021902,0.8662852299215935,0.22031772575250835,0.3205844434894714,0.6216867469879518,0.7263374485596708,0.007042253521126761,0.02952029520295203,0.10026671773696305,0.10465070157171896,0.12712874325354423
0.8518753973299429,0.9134672839189477,0.9506920415224913,0.6312464101091326,0.8259257595949439,0.8518753973299427,0.20523473203157458,0.28633217993079585,0.5729665071770335,0.6850828729281768,0.009548058561425843,0.029850746268656716,0.08109744789922127,0.11211636575114337,0.13241905345837424
