acc,auc,precision,recall,maf1,mif1,yp1.a1,yp1.a0,yp1.y1a1,yp1.y1a0,yp1.y0a1,yp1.y0a0,parity,equality,eq_odds
0.6952604778691734,0.7735327322801976,0.7533392698130009,0.6280623608017817,0.6949380425500544,0.6952604778691736,0.48135593220338985,0.41786570743405277,0.6507276507276507,0.6154734411085451,0.27970297029702973,0.20448877805486285,0.06349022476933708,0.035254209619105636,0.11046840186127252
0.7034860947904426,0.7887630807223338,0.7632027257240205,0.6516363636363637,0.7034853669025697,0.7034860947904427,0.5518018018018018,0.41081081081081083,0.7221135029354208,0.6099537037037037,0.3209549071618037,0.19600499375780275,0.140990990990991,0.11215979923171704,0.23710971263571798
0.7038777908343126,0.7811578571076376,0.7512479201331115,0.6639705882352941,0.7038741107330653,0.7038777908343126,0.52,0.4404309252217998,0.6895910780669146,0.6472019464720195,0.3112128146453089,0.2156084656084656,0.07956907477820024,0.0423891315948951,0.1379934806317384
0.7152369761065414,0.7856174811669142,0.798932384341637,0.6418870621872766,0.7151976496833083,0.7152369761065415,0.4707757704569607,0.42245657568238215,0.6408839779005525,0.6425233644859814,0.23869346733668342,0.17328042328042328,0.04831919477457852,0.001639386585428837,0.06705243064168898
0.7117117117117117,0.7885549467107003,0.7460969597370584,0.6801498127340824,0.7117116674808464,0.7117117117117117,0.5607375271149675,0.4291845493562232,0.7371541501976284,0.6453558504221955,0.34615384615384615,0.2057356608478803,0.1315529777587443,0.09179829977543297,0.2322164850813988
