acc,auc,precision,recall,maf1,mif1,yp1.a1,yp1.a0,yp1.y1a1,yp1.y1a0,yp1.y0a1,yp1.y0a0,parity,equality,eq_odds
0.9635974304068523,0.995745661832509,0.9240506329113924,0.9668874172185431,0.9588919093851134,0.9635974304068522,0.32894736842105265,0.340153452685422,1.0,0.9606299212598425,0.019230769230769232,0.041666666666666664,0.011206084264369365,0.03937007874015752,0.061805976176054954
0.9507494646680943,0.9815562565720294,0.8848484848484849,0.9733333333333334,0.9449137113111266,0.9507494646680942,0.3409090909090909,0.3562005277044855,0.9615384615384616,0.9758064516129032,0.08064516129032258,0.054901960784313725,0.01529143679539463,0.014267990074441683,0.04001119058045054
0.9643652561247216,0.9942281879194631,0.934640522875817,0.959731543624161,0.9600871149828881,0.9643652561247216,0.2926829268292683,0.35149863760217986,1.0,0.9523809523809523,0.01694915254237288,0.03734439834024896,0.05881571077291159,0.04761904761904767,0.06801429341692375
0.9473684210526315,0.9832523199292974,0.9066666666666666,0.9315068493150684,0.93997893997894,0.9473684210526315,0.3291139240506329,0.32891246684350134,0.9615384615384616,0.925,0.018867924528301886,0.05058365758754864,0.00020145720713155013,0.03653846153846152,0.06825419459770828
0.9565217391304348,0.9882645493412443,0.9038461538461539,0.9657534246575342,0.9507061874450802,0.9565217391304348,0.35,0.3368421052631579,0.9629629629629629,0.9663865546218487,0.03773584905660377,0.04980842911877394,0.01315789473684209,0.0034235916588858384,0.01549617172105601
