acc,auc,precision,recall,maf1,mif1,yp1.a1,yp1.a0,yp1.y1a1,yp1.y1a0,yp1.y0a1,yp1.y0a0,parity,equality,eq_odds
0.9080313625768172,0.9532018194967835,0.9339263024142312,0.8166666666666667,0.899899686880741,0.9080313625768172,0.29475437135720234,0.3737591713422529,0.8105515587529976,0.8219461697722568,0.02040816326530612,0.053293856402664694,0.07900479998505056,0.011394611019259204,0.04428030415661778
0.9078194532739988,0.9568721782110144,0.9332048811817598,0.8144618834080718,0.8992264486776363,0.9078194532739987,0.28642797668609493,0.37505394907207595,0.7971360381861575,0.8298097251585623,0.01278772378516624,0.061269146608315096,0.08862597238598102,0.0326736869724048,0.08115510979555365
0.9057003602458148,0.9542121020418758,0.9331568497683653,0.8038768529076397,0.8958089233630921,0.9057003602458148,0.2628668651637601,0.3771114864864865,0.7884872824631861,0.8152929493545183,0.01807980049875312,0.05290227773695812,0.11424462132272639,0.026805666891332236,0.06162814412953724
0.9129052765416402,0.9552263949285771,0.944977607165707,0.8196448390677026,0.9050918627721317,0.9129052765416402,0.29180602006688966,0.3717232488182209,0.8096385542168675,0.8281893004115226,0.016645326504481434,0.04428044280442804,0.07991722875133123,0.018550746194655132,0.04618586249460174
0.9084551811824539,0.9541547067929512,0.9286182056319581,0.8144744399770247,0.8988964250360552,0.9084551811824539,0.2912339011217283,0.35726643598615915,0.7942583732057417,0.8331491712707182,0.023551877784850413,0.0511727078891258,0.06603253486443084,0.03889079806497653,0.06651162816925191
