acc,auc,precision,recall,maf1,mif1,yp1.a1,yp1.a0,yp1.y1a1,yp1.y1a0,yp1.y0a1,yp1.y0a0,parity,equality,eq_odds
0.6844166014095536,0.7407488733439986,0.7826541274817137,0.5560504825538233,0.6813635530591218,0.6844166014095536,0.48926553672316386,0.3139604553624925,0.6715176715176715,0.49191685912240185,0.2722772277227723,0.12204234122042341,0.17530508136067136,0.17960081239526965,0.32983569889761855
0.7102584181675803,0.7722310923125518,0.8057692307692308,0.6090116279069767,0.7094100252895505,0.7102584181675803,0.5601799775028121,0.32552552552552555,0.732421875,0.5358796296296297,0.32625994694960214,0.0986267166042447,0.23465445197728657,0.19654224537037035,0.4241754757157278
0.7176977290524668,0.778994851709528,0.8135426889106968,0.6095588235294118,0.7163660716994973,0.7176977290524668,0.521025641025641,0.3236225459151362,0.7230483271375465,0.5352798053527981,0.2723112128146453,0.09379128137384413,0.1974030951105048,0.18776852178474845,0.36628845322554965
0.7036021926389977,0.7646909202305914,0.8295687885010267,0.5775553967119371,0.7021060359883546,0.7036021926389977,0.4824654622741764,0.32238065716057035,0.6519337016574586,0.530373831775701,0.25125628140703515,0.08718626155878467,0.16008480511360607,0.1215598698817576,0.2856298897300081
0.7039937353171496,0.7698814194271556,0.7929292929292929,0.5875748502994012,0.7016157796125813,0.7039937353171496,0.5081256771397616,0.31943592887798894,0.6962524654832347,0.5211097708082026,0.27884615384615385,0.11097256857855362,0.1886897482617727,0.17514269467503207,0.3430162799426323
