acc,auc,precision,recall,maf1,mif1,yp1.a1,yp1.a0,yp1.y1a1,yp1.y1a0,yp1.y0a1,yp1.y0a0,parity,equality,eq_odds
0.7830666666666667,0.6803227906569809,0.7915742793791575,0.9789203084832905,0.5202740765310373,0.7830666666666667,0.9697885196374623,0.961392219947353,0.9732510288065843,0.9794354084875677,0.9602272727272727,0.8965748824714573,0.008396299690109243,0.006184379680983398,0.06983676993679877
0.7806666666666667,0.6784670094568945,0.7876399834093737,0.9812263176024802,0.5174911463780705,0.7806666666666666,0.962589928057554,0.9645848640705363,0.9784735812133072,0.9814919735599622,0.9184782608695652,0.9052980132450331,0.0019949360129823956,0.003018392346655019,0.01619863997118709
0.7906666666666667,0.6841040817287282,0.8,0.9786513046424941,0.5221789322421726,0.7906666666666666,0.9764216366158114,0.9612037173624428,0.9834254143646409,0.9781675685762269,0.9550561797752809,0.8971830985915493,0.015217919253368573,0.0052578457884140395,0.06313092697214562
0.7866666666666667,0.6851182688012487,0.7893171061528059,0.992855927878891,0.4762323859133748,0.7866666666666666,0.9951612903225806,0.9851744186046512,0.9956043956043956,0.9926253687315634,0.9939393939393939,0.9574175824175825,0.009986871717929446,0.0029790268728322467,0.03950083839464369
0.7838666666666667,0.6737692677468163,0.7958327506642427,0.972488038277512,0.5318094422260938,0.7838666666666667,0.9620991253644315,0.9525975931904902,0.9735772357723578,0.9723880597014926,0.9329896907216495,0.8796423658872077,0.00950153217394134,0.0011891760708652166,0.05453650090530704
