acc,auc,precision,recall,maf1,mif1,yp1.a1,yp1.a0,yp1.y1a1,yp1.y1a0,yp1.y0a1,yp1.y0a0,parity,equality,eq_odds
0.9657387580299787,0.995871405817755,0.9245283018867925,0.9735099337748344,0.9613730355665839,0.9657387580299786,0.32894736842105265,0.34271099744245526,1.0,0.968503937007874,0.019230769230769232,0.041666666666666664,0.013763629021402601,0.03149606299212604,0.05393196042802347
0.9421841541755889,0.980378548895899,0.8819875776397516,0.9466666666666667,0.9349222979773216,0.9421841541755889,0.2840909090909091,0.35883905013192613,0.8846153846153846,0.9596774193548387,0.03225806451612903,0.06666666666666667,0.07474814104101701,0.07506203473945416,0.1094706368899918
0.9643652561247216,0.9917673378076062,0.9235668789808917,0.9731543624161074,0.9603426956368133,0.9643652561247216,0.2926829268292683,0.36239782016348776,1.0,0.9682539682539683,0.01694915254237288,0.04564315352697095,0.06971489333421949,0.031746031746031744,0.06044003273062981
0.9517543859649122,0.9811975254087495,0.9133333333333333,0.9383561643835616,0.9449806949806949,0.9517543859649122,0.3291139240506329,0.32891246684350134,0.9615384615384616,0.9333333333333333,0.018867924528301886,0.04669260700389105,0.00020145720713155013,0.028205128205128216,0.056029810680717385
0.9521739130434783,0.9880027920774801,0.8924050632911392,0.9657534246575342,0.9459586466165413,0.9521739130434783,0.35,0.34210526315789475,0.9629629629629629,0.9663865546218487,0.03773584905660377,0.05747126436781609,0.007894736842105232,0.0034235916588858384,0.023159006970098157
