acc,auc,precision,recall,maf1,mif1,yp1.a1,yp1.a0,yp1.y1a1,yp1.y1a0,yp1.y0a1,yp1.y0a0,parity,equality,eq_odds
0.9700214132762314,0.994572051303546,0.9659863945578231,0.9403973509933775,0.9655037778059178,0.9700214132762313,0.3157894736842105,0.3145780051150895,1.0,0.9291338582677166,0.0,0.01893939393939394,0.0012114685691210214,0.07086614173228345,0.08980553567167739
0.9400428265524626,0.982397476340694,0.88125,0.94,0.932402812241522,0.9400428265524625,0.29545454545454547,0.35356200527704484,0.8461538461538461,0.9596774193548387,0.06451612903225806,0.058823529411764705,0.058107459822499374,0.1135235732009926,0.11921617282148596
0.9599109131403117,0.993109619686801,0.958041958041958,0.9194630872483222,0.954326597043266,0.9599109131403119,0.2804878048780488,0.32697547683923706,0.9565217391304348,0.9126984126984127,0.01694915254237288,0.02074688796680498,0.04648767196118825,0.043823326432022136,0.04762106185645423
0.9517543859649122,0.9840256296950951,0.9366197183098591,0.910958904109589,0.9441773504273504,0.9517543859649122,0.3037974683544304,0.3129973474801061,0.9230769230769231,0.9083333333333333,0.0,0.03501945525291829,0.009199879125675714,0.014743589743589802,0.04976304499650809
0.9521739130434783,0.985079835965448,0.9078947368421053,0.9452054794520548,0.9454023608623405,0.9521739130434783,0.3375,0.32894736842105265,0.9629629629629629,0.9411764705882353,0.018867924528301886,0.04980842911877394,0.008552631578947367,0.02178649237472763,0.05272699696519968
