acc,auc,precision,recall,maf1,mif1,yp1.a1,yp1.a0,yp1.y1a1,yp1.y1a0,yp1.y0a1,yp1.y0a0,parity,equality,eq_odds
0.6921317474839891,0.7651820540448222,0.7338709677419355,0.5903614457831325,0.6884071185381686,0.692131747483989,0.44474761255115963,0.37302133516861663,0.651595744680851,0.5576102418207681,0.226890756302521,0.2,0.071726277382543,0.09398550286008289,0.12087625916260389
0.6816102470265325,0.751421348690819,0.7145922746781116,0.6076642335766423,0.6799382030413798,0.6816102470265325,0.4497878359264498,0.4151453684922245,0.6487179487179487,0.5849858356940509,0.20504731861198738,0.26002587322121606,0.03464246743422528,0.06373211302389781,0.11871066763312649
0.6806953339432754,0.7389383201131814,0.6986607142857143,0.5939278937381404,0.6769298524211819,0.6806953339432754,0.42075736325385693,0.4046164290563476,0.610079575596817,0.5849335302806499,0.20833333333333334,0.25125628140703515,0.016140934197509338,0.025146045316167154,0.06806899338986896
0.6939615736505033,0.7573529473334287,0.734338747099768,0.5899347623485555,0.6898728580380631,0.6939615736505031,0.4132231404958678,0.38493150684931504,0.6183844011142061,0.5756302521008403,0.2125340599455041,0.20241286863270777,0.02829163364655274,0.04275414901336583,0.052875340326162146
0.6838975297346752,0.7481991778445447,0.726932668329177,0.5526066350710901,0.6765714811829079,0.6838975297346752,0.37787356321839083,0.361744966442953,0.5669515669515669,0.5454545454545454,0.1855072463768116,0.19720101781170485,0.01612859677543782,0.021497021497021485,0.03319079293191474
