acc,auc,precision,recall,maf1,mif1,yp1.a1,yp1.a0,yp1.y1a1,yp1.y1a0,yp1.y0a1,yp1.y0a0,parity,equality,eq_odds
0.7856000000000001,0.7214020189855666,0.7923640890856274,0.981662382176521,0.523167571725719,0.7856,0.9290030211480362,0.9672418835916935,0.9650205761316872,0.9831744251261918,0.8295454545454546,0.9100067159167227,0.03823886244365726,0.018153848994504562,0.09861511036577264
0.7825333333333334,0.7326669861939019,0.7894080133093027,0.9807096107475026,0.525700003012721,0.7825333333333334,0.9107913669064748,0.9669360764144012,0.9569471624266145,0.9830028328611898,0.782608695652174,0.9105960264900662,0.05614470950792638,0.02605567043457535,0.15404300127246762
0.7916000000000001,0.7182567670788078,0.8052624173350218,0.9696712978651305,0.547409881479495,0.7916,0.883495145631068,0.9544180557604366,0.9318600368324125,0.9735025191267027,0.7359550561797753,0.8823943661971831,0.07092291012936858,0.04164248229429024,0.18808179231169808
0.7914666666666667,0.727941462722586,0.7976272589322665,0.9835005953393434,0.5226976202753167,0.7914666666666667,0.9258064516129032,0.970203488372093,0.9582417582417583,0.9856194690265486,0.8363636363636363,0.9127747252747253,0.04439703675918982,0.027377710784790343,0.10378879969587929
0.7854666666666668,0.7223373761522076,0.7916151202749141,0.984107997265892,0.5091892742268831,0.7854666666666666,0.9329446064139941,0.9737305547402407,0.9613821138211383,0.9861940298507462,0.8608247422680413,0.9277854195323246,0.0407859483262466,0.024811916029607972,0.09177259329389131
