acc,auc,precision,recall,maf1,mif1,yp1.a1,yp1.a0,yp1.y1a1,yp1.y1a0,yp1.y0a1,yp1.y0a0,parity,equality,eq_odds
0.42268984446477587,0.40363748092222973,0.42225998300764656,0.4606116774791474,0.42209725964954614,0.42268984446477587,0.5702592087312415,0.522367515485203,0.5159574468085106,0.4310099573257468,0.6274509803921569,0.608,0.04789169324603848,0.08494748948276382,0.10439846987492069
0.4368709972552608,0.44671951382843367,0.44552058111380144,0.5036496350364964,0.4342425303197064,0.43687099725526074,0.6308345120226309,0.5361730899256254,0.5461538461538461,0.4801699716713881,0.7350157728706624,0.5873221216041398,0.09466142209700545,0.06598387448245802,0.2136775257489807
0.8170173833485819,0.8928446905948063,0.8316430020283976,0.777988614800759,0.8161974910032624,0.817017383348582,0.5133239831697055,0.42090970807875083,0.7877984084880637,0.7725258493353028,0.20535714285714285,0.12185929648241206,0.09241427509095468,0.015272559152760934,0.09877040552749172
0.47118023787740165,0.42664553204566213,0.4564533053515215,0.40540540540540543,0.4683319741905947,0.47118023787740165,0.46143250688705234,0.4232876712328767,0.4401114206128134,0.38795518207282914,0.4822888283378747,0.4571045576407507,0.038144835654175646,0.052156238539984245,0.07734050923710822
0.8604757548032937,0.9336551556522139,0.9166666666666666,0.7819905213270142,0.8589001393581484,0.8604757548032936,0.47126436781609193,0.3838926174496644,0.8518518518518519,0.7471590909090909,0.08405797101449275,0.058524173027989825,0.08737175036642753,0.10469276094276092,0.13022655892926385
