acc,auc,precision,recall,maf1,mif1,yp1.a1,yp1.a0,yp1.y1a1,yp1.y1a0,yp1.y0a1,yp1.y0a0,parity,equality,eq_odds
0.6985361390667887,0.7453512193447545,0.7402745995423341,0.5996292863762743,0.695071890967289,0.6985361390667887,0.4433833560709413,0.3778389538885065,0.6462765957446809,0.5746799431009957,0.22969187675070027,0.19333333333333333,0.06554440218243479,0.0715966526436852,0.10795519606105214
0.6957913998170174,0.7448386124690283,0.7266035751840169,0.6304744525547445,0.6945564187822726,0.6957913998170174,0.4681753889674682,0.4192021636240703,0.6615384615384615,0.613314447592068,0.2302839116719243,0.24191461836998707,0.048973225343397875,0.04822401394639353,0.059854720644456294
0.7040256175663312,0.7464639166962806,0.7238723872387238,0.6242884250474383,0.7009131362755603,0.7040256175663312,0.46143057503506313,0.3937542430414121,0.6472148541114059,0.6115214180206795,0.25297619047619047,0.20854271356783918,0.06767633199365103,0.035693436090726394,0.08012691299907768
0.6976212259835316,0.7461576270945172,0.7182203389830508,0.6318732525629077,0.6958030835562264,0.6976212259835316,0.45041322314049587,0.4226027397260274,0.6406685236768802,0.6274509803921569,0.26430517711171664,0.22654155495978553,0.027810483414468457,0.013217543284723354,0.05098116543665446
0.707227813357731,0.741926156863238,0.7172774869109948,0.6492890995260664,0.7053176117717931,0.7072278133577311,0.46551724137931033,0.42348993288590603,0.6695156695156695,0.6392045454545454,0.2579710144927536,0.23027989821882952,0.0420273084934043,0.03031112406112413,0.05800224033504822
