acc,auc,precision,recall,maf1,mif1,yp1.a1,yp1.a0,yp1.y1a1,yp1.y1a0,yp1.y0a1,yp1.y0a0,parity,equality,eq_odds
0.6533333333333333,0.6798222222222221,0.6885245901639344,0.56,0.650286944045911,0.6533333333333333,0.2978723404255319,0.4563106796116505,0.5714285714285714,0.5555555555555556,0.07692307692307693,0.3469387755102041,0.1584383391861186,0.015873015873015817,0.28588871446014297
0.6733333333333333,0.7370666666666668,0.7096774193548387,0.5866666666666667,0.6708611347454212,0.6733333333333333,0.3333333333333333,0.45098039215686275,0.44,0.66,0.21739130434782608,0.25,0.11764705882352944,0.22000000000000003,0.2526086956521739
0.62,0.6817777777777778,0.625,0.6,0.6198479391756702,0.62,0.23404255319148937,0.5922330097087378,0.34782608695652173,0.7115384615384616,0.125,0.47058823529411764,0.35819045651724846,0.36371237458193983,0.7093006098760575
0.6000000000000001,0.6448,0.6190476190476191,0.52,0.5974235104669887,0.6,0.2830188679245283,0.4948453608247423,0.36,0.6,0.21428571428571427,0.3829787234042553,0.211826492900214,0.24,0.408693009118541
0.5733333333333334,0.6376888888888889,0.5662650602409639,0.6266666666666667,0.5721162417543234,0.5733333333333334,0.5128205128205128,0.5675675675675675,0.6470588235294118,0.6206896551724138,0.4090909090909091,0.5094339622641509,0.05474705474705477,0.026369168356997985,0.1267122215302398
