acc,auc,precision,recall,maf1,mif1,yp1.a1,yp1.a0,yp1.y1a1,yp1.y1a0,yp1.y0a1,yp1.y0a0,parity,equality,eq_odds
0.5830070477682068,0.6099921947511086,0.6358381502890174,0.48997772828507796,0.581173188099511,0.5830070477682068,0.19322033898305085,0.5194727381665668,0.22661122661122662,0.6362586605080831,0.15346534653465346,0.39352428393524286,0.32625239918351595,0.4096474338968565,0.6497063712974459
0.62451057165231,0.6549896108895645,0.6756529064869419,0.5828488372093024,0.624505908857115,0.62451057165231,0.3172103487064117,0.5435435435435435,0.416015625,0.6817129629629629,0.1830238726790451,0.3945068664169788,0.22633319483713182,0.2656973379629629,0.4771803317008966
0.6088488645262333,0.6719855404473346,0.6047591410330818,0.7661764705882353,0.5913158179262623,0.6088488645262333,0.6051282051282051,0.7175427485750475,0.6970260223048327,0.8114355231143552,0.4919908466819222,0.6155878467635403,0.11241454344684243,0.1144095008095225,0.23800650089114056
0.639389193422083,0.6884695004780781,0.6486318407960199,0.7455325232308792,0.627675990671932,0.639389193422083,0.5356004250797024,0.6844389336639801,0.6390423572744015,0.8130841121495327,0.3944723618090452,0.5389696169088507,0.14883850858427772,0.17404175487513118,0.31853900997493667
0.5352388410336727,0.5476629868342133,0.5313948588284871,0.9438622754491018,0.41575222913720866,0.5352388410336727,0.9068255687973997,0.9417535254445125,0.9211045364891519,0.9577804583835947,0.8894230769230769,0.9251870324189526,0.03492795664711279,0.0366759218944428,0.07243987739031854
