acc,auc,precision,recall,maf1,mif1,yp1.a1,yp1.a0,yp1.y1a1,yp1.y1a0,yp1.y0a1,yp1.y0a0,parity,equality,eq_odds
0.9593147751605996,0.99174281163551,0.9459459459459459,0.9271523178807947,0.953266794827904,0.9593147751605996,0.32894736842105265,0.3145780051150895,0.9583333333333334,0.9212598425196851,0.038461538461538464,0.022727272727272728,0.014369363305963168,0.0370734908136483,0.05280775654791404
0.9507494646680943,0.9743427970557308,0.9150326797385621,0.9333333333333333,0.9438211650008107,0.9507494646680942,0.32954545454545453,0.32717678100263853,0.9615384615384616,0.9274193548387096,0.06451612903225806,0.03529411764705882,0.002368673542816002,0.03411910669975193,0.06334111808495117
0.9398663697104677,0.9868232662192393,0.9552238805970149,0.8590604026845637,0.9303456002757907,0.9398663697104677,0.2804878048780488,0.3024523160762943,0.9565217391304348,0.8412698412698413,0.01694915254237288,0.02074688796680498,0.021964511198245495,0.11525189786059353,0.11904963328502563
0.9539473684210525,0.9791206363234645,0.9496402877697842,0.9041095890410958,0.9464114832535886,0.9539473684210527,0.3037974683544304,0.3050397877984085,0.9230769230769231,0.9,0.0,0.027237354085603113,0.0012423194439781238,0.023076923076923106,0.05031427716252622
0.9434782608695652,0.9821132536427886,0.8947368421052632,0.9315068493150684,0.9354755173827661,0.9434782608695652,0.35,0.3263157894736842,0.9629629629629629,0.9243697478991597,0.03773584905660377,0.05363984674329502,0.023684210526315752,0.0385932150638032,0.05449721275049445
