acc,auc,precision,recall,maf1,mif1,yp1.a1,yp1.a0,yp1.y1a1,yp1.y1a0,yp1.y0a1,yp1.y0a0,parity,equality,eq_odds
0.9207708779443255,0.9749979042669126,0.8904109589041096,0.8609271523178808,0.9086680515251944,0.9207708779443254,0.14473684210526316,0.3452685421994885,0.4166666666666667,0.9448818897637795,0.019230769230769232,0.056818181818181816,0.20053170009422533,0.5282152230971129,0.5658026356845255
0.9229122055674519,0.9561724500525762,0.88,0.88,0.911608832807571,0.9229122055674518,0.13636363636363635,0.3641160949868074,0.46153846153846156,0.967741935483871,0.0,0.07058823529411765,0.22775245862317106,0.5062034739454094,0.576791709239527
0.9376391982182628,0.9769351230425056,0.9548872180451128,0.8523489932885906,0.9276273372018052,0.9376391982182628,0.17073170731707318,0.3242506811989101,0.5652173913043478,0.9047619047619048,0.01694915254237288,0.02074688796680498,0.1535189738818369,0.339544513457557,0.34334224888198905
0.9035087719298245,0.9583738400353513,0.8695652173913043,0.821917808219178,0.8875033641338477,0.9035087719298246,0.1518987341772152,0.33421750663129973,0.38461538461538464,0.9166666666666666,0.03773584905660377,0.0622568093385214,0.18231877245408454,0.5320512820512819,0.5565722423331996
0.9065217391304348,0.9551740685804031,0.8652482269503546,0.8356164383561644,0.8911218631482185,0.9065217391304348,0.1,0.35,0.25925925925925924,0.9663865546218487,0.018867924528301886,0.06896551724137931,0.24999999999999997,0.7071272953625896,0.757224888075667
