acc,auc,precision,recall,maf1,mif1,yp1.a1,yp1.a0,yp1.y1a1,yp1.y1a0,yp1.y0a1,yp1.y0a0,parity,equality,eq_odds
0.682850430696946,0.7356936061541528,0.7847295864262991,0.5493689680772086,0.6794251551938413,0.682850430696946,0.4011299435028249,0.35230677052127024,0.5925155925155925,0.5254041570438799,0.17326732673267325,0.1656288916562889,0.04882317298155464,0.06711143547171261,0.07474987054809695
0.7059514487079092,0.7735726077901054,0.838569880823402,0.5625,0.702990651282284,0.7059514487079092,0.41732283464566927,0.33153153153153153,0.62109375,0.5277777777777778,0.14058355437665782,0.1198501872659176,0.08579130311413774,0.09331597222222221,0.11404933933296242
0.7106499608457322,0.780998743718593,0.8133198789101918,0.5926470588235294,0.7088103488787754,0.7106499608457322,0.42256410256410254,0.36668777707409755,0.6263940520446096,0.5705596107055961,0.17162471395881007,0.1453104359313078,0.055876325490004985,0.055834441339013496,0.08214871936651577
0.6938136256851997,0.770192066689565,0.8210197710718002,0.5639742673338098,0.6920367354994695,0.6938136256851997,0.40063761955366634,0.36205827650340977,0.583793738489871,0.5514018691588785,0.1507537688442211,0.14795244385733158,0.038579343050256565,0.032391869330992584,0.03519319431788209
0.7039937353171496,0.768628383626835,0.8138528138528138,0.562874251497006,0.7000186437307347,0.7039937353171496,0.4008667388949079,0.3396689147762109,0.6094674556213018,0.53437876960193,0.1466346153846154,0.13840399002493767,0.06119782411869701,0.0750886860193718,0.08331931137904952
