acc,auc,precision,recall,maf1,mif1,yp1.a1,yp1.a0,yp1.y1a1,yp1.y1a0,yp1.y0a1,yp1.y0a0,parity,equality,eq_odds
0.6985361390667887,0.7551063122617634,0.7699228791773779,0.5551436515291936,0.6915493575970135,0.6985361390667887,0.30559345156889495,0.3812801101169993,0.5079787234042553,0.5803698435277382,0.09243697478991597,0.19466666666666665,0.07568665854810436,0.07239112012348292,0.1746208120002336
0.6724611161939616,0.717676454831581,0.7540106951871658,0.5145985401459854,0.6642429089211674,0.6724611161939615,0.2942008486562942,0.36511156186612576,0.44871794871794873,0.5509915014164306,0.10410094637223975,0.19534282018111254,0.07091071320983156,0.10227355269848187,0.19351542650735465
0.696248856358646,0.7390070470226162,0.7147577092511013,0.6157495256166983,0.6930255772541356,0.696248856358646,0.3632538569424965,0.44059742023082143,0.5437665782493368,0.6558345642540621,0.16071428571428573,0.25753768844221103,0.07734356328832492,0.11206798600472523,0.20889138873265053
0.6880146386093321,0.7451963535242652,0.7239404352806414,0.5890027958993477,0.6842081628537708,0.6880146386093321,0.32920110192837465,0.43424657534246575,0.5181058495821727,0.6246498599439776,0.1444141689373297,0.2520107238605898,0.1050454734140911,0.10654401036180494,0.21414056528506506
0.6948764867337603,0.7433094061791562,0.7512953367875648,0.5497630331753555,0.6864190600929305,0.6948764867337603,0.257183908045977,0.39798657718120806,0.4301994301994302,0.609375,0.08115942028985507,0.20865139949109415,0.14080266913523104,0.1791755698005698,0.3066675490018089
