acc,auc,precision,recall,maf1,mif1,yp1.a1,yp1.a0,yp1.y1a1,yp1.y1a0,yp1.y0a1,yp1.y0a0,parity,equality,eq_odds
0.7844,0.6874763709725149,0.7879574003276898,0.989031705227078,0.49939566293161414,0.7844,0.9607250755287009,0.9780637613337233,0.9835390946502057,0.9895307534118527,0.8977272727272727,0.9368703828072532,0.017338685805022402,0.0059916587616469785,0.04513476884162748
0.7810666666666667,0.675505400715215,0.7886054893263099,0.9798484326558732,0.5222966997160545,0.7810666666666667,0.9410071942446043,0.9639970609845702,0.9686888454011742,0.9809254013220019,0.8641304347826086,0.904635761589404,0.022989866739965836,0.01223655592082773,0.052741882727623035
0.7905333333333334,0.6756841723112887,0.8023174647494067,0.9737377160284649,0.5339343829451431,0.7905333333333333,0.9153952843273232,0.9592860303879628,0.9558011049723757,0.9755551408844934,0.7921348314606742,0.897887323943662,0.043890746060639585,0.019754035912117662,0.12550652839510545
0.788,0.687327902752811,0.7905432868175044,0.992515733968362,0.4831486971446403,0.788,0.9758064516129032,0.9848837209302326,0.9846153846153847,0.9931784660766961,0.9515151515151515,0.9539835164835165,0.009077269317329328,0.008563081461311461,0.011031446429676461
0.7856000000000001,0.6900986365129504,0.7967002237136466,0.9736842105263158,0.535367258663744,0.7856,0.924198250728863,0.9565600234810684,0.959349593495935,0.975,0.8350515463917526,0.8885832187070152,0.03236177275220542,0.015650406504065018,0.06918207881932759
