acc,auc,precision,recall,maf1,mif1,yp1.a1,yp1.a0,yp1.y1a1,yp1.y1a0,yp1.y0a1,yp1.y0a0,parity,equality,eq_odds
0.9657387580299787,0.9926649341939812,0.9354838709677419,0.9602649006622517,0.9611173556471422,0.9657387580299786,0.3157894736842105,0.3350383631713555,1.0,0.952755905511811,0.0,0.03787878787878788,0.019248889487144982,0.047244094488189003,0.08512288236697688
0.9464668094218416,0.9732912723449001,0.8881987577639752,0.9533333333333334,0.9397428684975201,0.9464668094218416,0.3068181818181818,0.35356200527704484,0.9230769230769231,0.9596774193548387,0.04838709677419355,0.058823529411764705,0.04674382345886302,0.03660049627791562,0.047036928915486775
0.9487750556792872,0.9898434004474272,0.92,0.9261744966442953,0.942339797097727,0.9487750556792873,0.2804878048780488,0.3460490463215259,0.9565217391304348,0.9206349206349206,0.01694915254237288,0.04564315352697095,0.06556124144347708,0.03588681849551423,0.0645808194801123
0.9473684210526315,0.9852850198851083,0.9121621621621622,0.9246575342465754,0.9397661977412324,0.9473684210526315,0.34177215189873417,0.3209549071618037,0.9615384615384616,0.9166666666666666,0.03773584905660377,0.042801556420233464,0.020817244736930474,0.044871794871794934,0.049937502235424626
0.9478260869565217,0.9907294302416892,0.8910256410256411,0.952054794520548,0.9408474249340963,0.9478260869565217,0.3375,0.3394736842105263,0.9629629629629629,0.9495798319327731,0.018867924528301886,0.06130268199233716,0.001973684210526294,0.013383131030189843,0.055817888494225115
