acc,auc,precision,recall,maf1,mif1,yp1.a1,yp1.a0,yp1.y1a1,yp1.y1a0,yp1.y0a1,yp1.y0a0,parity,equality,eq_odds
0.907395634668362,0.9575969700430133,0.9272727272727272,0.8216666666666667,0.8994831103649178,0.9073956346683619,0.29142381348875934,0.3862753560638757,0.8057553956834532,0.8354037267080745,0.017857142857142856,0.06513693560325684,0.09485154257511635,0.029648331024621277,0.07692812377073527
0.9059122695486332,0.9580497857159228,0.9235145385587863,0.8189461883408071,0.8974850809889173,0.9059122695486331,0.287676935886761,0.38454898575744495,0.7947494033412887,0.8403805496828752,0.0159846547314578,0.0700218818380744,0.09687204987068393,0.04563114634158649,0.09966837344820309
0.909514727696546,0.9586796548866383,0.927237604636188,0.8209806157354618,0.9006169453081562,0.9095147276965458,0.2620161633347512,0.39569256756756754,0.7884872824631861,0.8450844091360477,0.01683291770573566,0.06318883174136664,0.13367640423281635,0.05659712667286154,0.10295304070849251
0.9135410044500955,0.9589661926697833,0.9350811485642946,0.8312985571587126,0.9062620863286657,0.9135410044500953,0.28929765886287623,0.39106145251396646,0.8072289156626506,0.8518518518518519,0.014084507042253521,0.06051660516605166,0.10176379365109023,0.04462293618920121,0.09105503431299936
0.9093028183937275,0.9568138780696582,0.9184193753983428,0.8276852383687536,0.9004257610058923,0.9093028183937275,0.2937266306605733,0.3728373702422145,0.7978468899521531,0.8552486187845304,0.025461489497135583,0.06254442075337598,0.07911073958164122,0.05740172883237726,0.09448466008861765
