acc,auc,precision,recall,maf1,mif1,yp1.a1,yp1.a0,yp1.y1a1,yp1.y1a0,yp1.y0a1,yp1.y0a0,parity,equality,eq_odds
0.5233059146102624,0.6125226379855239,0.5256511444356748,0.9888641425389755,0.34647581887689366,0.5233059146102624,0.992090395480226,0.9928057553956835,0.9896049896049897,0.9884526558891455,0.995049504950495,0.9975062344139651,0.0007153599154574586,0.0011523337158441116,0.003609063179314198
0.5385820603211907,0.4907828368575397,0.5385820603211907,1.0,0.35005091649694503,0.5385820603211907,1.0,1.0,1.0,1.0,1.0,1.0,0.0,0.0,0.0
0.6799843321582452,0.7268662787830975,0.7544517338331771,0.5919117647058824,0.6792029385722675,0.6799843321582452,0.5497435897435897,0.3365019011406844,0.6895910780669146,0.5279805352798054,0.37757437070938216,0.1283068783068783,0.21324168860290532,0.16161054278710918,0.410878035189613
0.6141793967880924,0.6670789856086856,0.7891061452513967,0.4038598999285204,0.6024788312929332,0.6141793967880924,0.28905419766206164,0.27543424317617865,0.3738489871086556,0.42289719626168226,0.17336683417085427,0.10846560846560846,0.01361995448588299,0.049048209153026656,0.11394943485827247
0.6263219741480611,0.6645775293198772,0.6401766004415012,0.651685393258427,0.6251786723398598,0.6263219741480611,0.7277657266811279,0.42182709993868794,0.7806324110671937,0.5729794933655006,0.6634615384615384,0.2655860349127182,0.30593862674244,0.20765291770169314,0.6055284212505134
