acc,auc,precision,recall,maf1,mif1,yp1.a1,yp1.a0,yp1.y1a1,yp1.y1a0,yp1.y0a1,yp1.y0a0,parity,equality,eq_odds
0.696248856358646,0.7494609254670863,0.7300215982721382,0.6201834862385321,0.6944006521680546,0.696248856358646,0.45170876671619614,0.4111037673496365,0.6278409090909091,0.6165311653116531,0.2585669781931464,0.21548387096774194,0.040604999366559646,0.011309743779255976,0.05439285100466043
0.6889295516925893,0.7445247712444569,0.7379227053140096,0.568901303538175,0.6835889772964321,0.6889295516925892,0.420899854862119,0.3593854375417502,0.6022408963585434,0.5523012552301255,0.22590361445783133,0.18205128205128204,0.06151441732036883,0.049939641128417867,0.09379197353496715
0.6930466605672462,0.7483844289081754,0.7461629279811098,0.5808823529411765,0.6889457215897464,0.6930466605672461,0.4117647058823529,0.3760913364674278,0.5756756756756757,0.5835654596100278,0.22629969418960244,0.1828793774319066,0.035673369414925105,0.007889783934352135,0.05131010069204797
0.6971637694419031,0.7429377253293662,0.759020618556701,0.5535714285714286,0.6893819973899307,0.6971637694419031,0.3888111888111888,0.33854520734194427,0.5596590909090909,0.550561797752809,0.2231404958677686,0.13965744400527008,0.05026598146924455,0.009097293156281938,0.09258034501878046
0.6930466605672462,0.75587516001852,0.783678756476684,0.545536519386835,0.6869525613847277,0.6930466605672461,0.324438202247191,0.36702849389416553,0.47733333333333333,0.5803814713896458,0.1543026706231454,0.1554054054054054,0.04259029164697453,0.10304813805631247,0.10415087283857247
