acc,auc,precision,recall,maf1,mif1,yp1.a1,yp1.a0,yp1.y1a1,yp1.y1a0,yp1.y0a1,yp1.y0a0,parity,equality,eq_odds
0.4666666666666667,0.4541333333333333,0.4603174603174603,0.38666666666666666,0.4632313472893183,0.4666666666666667,0.46808510638297873,0.39805825242718446,0.42857142857142855,0.37037037037037035,0.5,0.42857142857142855,0.07002685395579428,0.0582010582010582,0.12962962962962965
0.5066666666666667,0.5073777777777778,0.5054945054945055,0.6133333333333333,0.5009890307498651,0.5066666666666667,0.75,0.5392156862745098,0.76,0.54,0.7391304347826086,0.5384615384615384,0.21078431372549022,0.21999999999999997,0.4206688963210702
0.5,0.47377777777777774,0.5,1.0,0.3333333333333333,0.5,1.0,1.0,1.0,1.0,1.0,1.0,0.0,0.0,0.0
0.5333333333333333,0.6077333333333333,0.5190839694656488,0.9066666666666666,0.4577566618467258,0.5333333333333333,0.9433962264150944,0.8350515463917526,1.0,0.86,0.8928571428571429,0.8085106382978723,0.10834468002334174,0.14,0.22434650455927063
0.48000000000000004,0.508,0.47619047619047616,0.4,0.47665056360708535,0.48,0.3333333333333333,0.45045045045045046,0.29411764705882354,0.43103448275862066,0.36363636363636365,0.4716981132075472,0.11711711711711714,0.13691683569979712,0.24497858527098065
