acc,auc,precision,recall,maf1,mif1,yp1.a1,yp1.a0,yp1.y1a1,yp1.y1a0,yp1.y0a1,yp1.y0a0,parity,equality,eq_odds
0.7844,0.7309827565354557,0.7938963210702341,0.9763496143958869,0.5313746008859194,0.7844,0.9773413897280967,0.9548113483474701,0.9876543209876543,0.9753224901850813,0.9488636363636364,0.8811282740094023,0.022530041380626642,0.01233183080257294,0.08006719315680699
0.7805333333333334,0.7274555369786009,0.7861860209135938,0.98415432311402,0.5097401467896379,0.7805333333333334,0.981294964028777,0.9678177810433505,0.9921722113502935,0.9833805476864967,0.9510869565217391,0.9132450331125828,0.01347718298542655,0.0087916636637968,0.046633587072953175
0.7912,0.7205700513476477,0.805008441193022,0.9695018637749915,0.546348189834646,0.7912,0.9667128987517337,0.9457147071839505,0.9815837937384899,0.9682776637432357,0.9213483146067416,0.8605633802816901,0.020998191567783264,0.013306129995254268,0.07409106432030577
0.7881333333333334,0.7327357624073977,0.7945619335347432,0.9841809831604015,0.5076039705526723,0.7881333333333334,0.9790322580645161,0.970203488372093,0.9868131868131869,0.9839601769911505,0.9575757575757575,0.9189560439560439,0.008828769692423077,0.002853009822036401,0.041472723441750015
0.7886666666666667,0.7312633553212244,0.7972690539222517,0.9777853725222146,0.537093987619002,0.7886666666666666,0.9839650145772595,0.9542119166422072,0.9898373983739838,0.976679104477612,0.9690721649484536,0.8713892709766162,0.02975309793505232,0.013158293896371798,0.11084118786820918
