acc,auc,precision,recall,maf1,mif1,yp1.a1,yp1.a0,yp1.y1a1,yp1.y1a0,yp1.y0a1,yp1.y0a0,parity,equality,eq_odds
0.8628946810764994,0.9179808534125082,0.9370735405610311,0.6866666666666666,0.8450860499444897,0.8628946810764992,0.2631140716069942,0.29650410012947775,0.7014388489208633,0.6739130434782609,0.029974489795918366,0.026646928201332347,0.03339002852248357,0.027525805442602413,0.030853367037188432
0.8753973299427845,0.9105737811543188,0.8856164383561644,0.7543757292882147,0.8604375348557605,0.8753973299427845,0.2704883227176221,0.34813874788494076,0.7435549525101763,0.7625383828045036,0.0550061804697157,0.05623648161499639,0.07765042516731868,0.018983430294327253,0.020213731439607946
0.8700995973723247,0.9124087366674294,0.9254287844891872,0.7075256556442417,0.8526483215695524,0.8700995973723247,0.2492556358996172,0.3188344594594595,0.7108433734939759,0.70506454816286,0.03428927680798005,0.03306392358559882,0.0695788235598423,0.005778825331115844,0.007004178553497074
0.8747616020343294,0.9207221093235453,0.9535580524344569,0.7064372918978913,0.8589044035038131,0.8747616020343293,0.266304347826087,0.29995702621400944,0.7204819277108434,0.6944444444444444,0.02496798975672215,0.016974169741697416,0.03365267838792246,0.026037483266398986,0.034031303281423717
0.8726425090061454,0.9140464883393402,0.9589371980676329,0.6840896036760482,0.852709427785076,0.8726425090061454,0.25259659326963024,0.2742214532871972,0.6889952153110048,0.6795580110497238,0.020369191597708464,0.013503909026297086,0.02162486001756697,0.00943720426128103,0.016302486832692406
