acc,auc,precision,recall,maf1,mif1,yp1.a1,yp1.a0,yp1.y1a1,yp1.y1a0,yp1.y0a1,yp1.y0a0,parity,equality,eq_odds
0.6805011746280345,0.7337081574999585,0.7196029776674938,0.6458797327394209,0.68050097870399,0.6805011746280345,0.46440677966101696,0.4781306171360096,0.6444906444906445,0.6466512702078522,0.25,0.29638854296388545,0.013723837474992617,0.0021606257172076537,0.0485491686810931
0.6930305403288959,0.7474144440715442,0.7383252818035426,0.6664244186046512,0.6928376608036423,0.6930305403288959,0.5714285714285714,0.44084084084084085,0.732421875,0.6273148148148148,0.35278514588859416,0.2397003745318352,0.13058773058773054,0.10510706018518523,0.2181918315419442
0.692247454972592,0.7542245541432653,0.7055873925501432,0.7242647058823529,0.6903101951956399,0.692247454972592,0.6328205128205128,0.493350221659278,0.7843866171003717,0.6849148418491484,0.4462242562929062,0.285336856010568,0.13947029116123477,0.0994717752512233,0.26035917553356147
0.6953797963978073,0.7493026868294916,0.7581047381546134,0.6518942101501072,0.6952721615701103,0.6953797963978073,0.51009564293305,0.4482331060136392,0.6629834254143646,0.6448598130841121,0.3015075376884422,0.22589167767503301,0.06186253691941079,0.018123612330252503,0.09373947234366167
0.706342991386061,0.7488059595095523,0.7401639344262295,0.6758982035928144,0.7063428113088142,0.706342991386061,0.5287107258938245,0.4488044144696505,0.7238658777120316,0.646562123039807,0.29086538461538464,0.24438902743142144,0.07990631142417398,0.07730375467222461,0.12378011185618781
