acc,auc,precision,recall,maf1,mif1,yp1.a1,yp1.a0,yp1.y1a1,yp1.y1a0,yp1.y0a1,yp1.y0a0,parity,equality,eq_odds
0.7812,0.6835911489896066,0.7826145552560647,0.9952013710368466,0.4678982575640484,0.7812000000000001,1.0,0.988300672711319,1.0,0.9947653767059264,1.0,0.9650772330423103,0.01169932728868095,0.005234623294073648,0.04015739025176335
0.7785333333333334,0.6782437843683264,0.7874081264734434,0.9779538408542887,0.5173889329175847,0.7785333333333334,1.0,0.957531227038942,1.0,0.9758262511803588,1.0,0.8933774834437086,0.042468772961058,0.024173748819641183,0.13079626537593259
0.79,0.6751153275718673,0.7925625422582826,0.9930532023043036,0.47835685478395457,0.79,1.0,0.9845109898215076,1.0,0.9923493189027803,1.0,0.9549295774647887,0.015489010178492357,0.007650681097219669,0.05272110363243099
0.7854666666666668,0.6892833356715979,0.7871167294244217,0.995577479163123,0.46213135048822696,0.7854666666666666,1.0,0.9906976744186047,1.0,0.9952064896755162,1.0,0.9739010989010989,0.009302325581395321,0.0047935103244838295,0.030892411423384947
0.784,0.6906406261405942,0.7868763557483731,0.9917976760082023,0.4816556439210622,0.7840000000000001,1.0,0.9818021719988259,1.0,0.991044776119403,1.0,0.9477303988995873,0.018197828001174088,0.008955223880596996,0.06122482498100967
