acc,auc,precision,recall,maf1,mif1,yp1.a1,yp1.a0,yp1.y1a1,yp1.y1a0,yp1.y0a1,yp1.y0a0,parity,equality,eq_odds
0.6938136256851997,0.7467187508649433,0.7261809447558046,0.6733481811432813,0.693730800938239,0.6938136256851997,0.5389830508474577,0.46255242660275614,0.7234927234927235,0.6454965357967667,0.3193069306930693,0.26525529265255293,0.07643062424470154,0.07799618769595684,0.13204782573647322
0.7047768206734534,0.7547028615706559,0.7587354409317804,0.6627906976744186,0.7047507489643288,0.7047768206734534,0.5365579302587177,0.43543543543543545,0.71484375,0.6319444444444444,0.29442970822281167,0.22347066167290885,0.10112249482328223,0.08289930555555558,0.1538583521054584
0.7157400156617071,0.7718808503300818,0.7540064102564102,0.6919117647058823,0.7156128834355828,0.7157400156617071,0.563076923076923,0.44268524382520585,0.7472118959107806,0.6557177615571776,0.33638443935926776,0.21136063408190225,0.12039167925171718,0.09149413435360298,0.2165179396309685
0.7133907595927956,0.7683063660190179,0.760343481654957,0.6962115796997855,0.7126914849147999,0.7133907595927957,0.5472901168969182,0.47489150650960943,0.7237569060773481,0.6787383177570093,0.3065326633165829,0.24438573315719947,0.07239861038730877,0.04501858832033878,0.10716551847972222
0.7004698512137822,0.7617812404747155,0.7085463842220598,0.7260479041916168,0.699419164122481,0.7004698512137824,0.5872156013001083,0.507050889025138,0.7751479289940828,0.6960193003618818,0.3581730769230769,0.3117206982543641,0.08016471227497035,0.07912862863220105,0.12558100730091387
