acc,auc,precision,recall,maf1,mif1,yp1.a1,yp1.a0,yp1.y1a1,yp1.y1a0,yp1.y0a1,yp1.y0a0,parity,equality,eq_odds
0.6628545288197621,0.6843484004812245,0.7388268156424581,0.4902687673772011,0.6517117894206624,0.6628545288197621,0.23328785811732605,0.3750860289057123,0.3803191489361702,0.5490753911806543,0.0784313725490196,0.212,0.14179817078838625,0.1687562422444841,0.30232486969546446
0.6065873741994511,0.6291359740172772,0.6657303370786517,0.4324817518248175,0.5944614333245897,0.6065873741994511,0.18387553041018387,0.3935091277890467,0.2512820512820513,0.5325779036827195,0.10094637223974763,0.2664941785252264,0.2096335973788628,0.28129585240066823,0.446843658686147
0.6651418115279049,0.6754279507311873,0.7267605633802817,0.48956356736242884,0.6521795834898376,0.6651418115279049,0.2608695652173913,0.3557365919891378,0.40318302387267907,0.5376661742983752,0.10119047619047619,0.20100502512562815,0.09486702677174652,0.13448315042569609,0.23429769936084804
0.6166514181152791,0.6324786539490509,0.6643356643356644,0.4426840633737186,0.603508252470893,0.616651418115279,0.16115702479338842,0.4095890410958904,0.2590529247910863,0.5350140056022409,0.0653950953678474,0.289544235924933,0.24843201630250197,0.27596108081115456,0.5001102213682401
0.6555352241537055,0.6672575123302367,0.7207602339181286,0.46729857819905213,0.6405034783229706,0.6555352241537054,0.17097701149425287,0.37919463087248323,0.2849002849002849,0.5582386363636364,0.05507246376811594,0.21882951653944022,0.20821761937823036,0.27333835146335145,0.43709540423467574
