acc,auc,precision,recall,maf1,mif1,yp1.a1,yp1.a0,yp1.y1a1,yp1.y1a0,yp1.y0a1,yp1.y0a0,parity,equality,eq_odds
0.7031107044830741,0.7515995789809158,0.7519083969465649,0.5655502392344498,0.6950688124909862,0.7031107044830741,0.41863699582753827,0.33060668029993184,0.6128133704735376,0.5408163265306123,0.225,0.14596670934699105,0.08803031552760643,0.07199704394292528,0.15103033459593423
0.6980786825251601,0.7582364503318355,0.7511848341232228,0.584870848708487,0.693813624355692,0.6980786825251601,0.4658573596358118,0.3516699410609037,0.6676300578034682,0.5460704607046071,0.24281150159744408,0.16983523447401774,0.1141874185749081,0.1215595970988611,0.19453586422228744
0.7122598353156451,0.7666344184643993,0.7652068126520681,0.5906103286384976,0.7067739771965122,0.712259835315645,0.4588744588744589,0.3375753516409913,0.6639566395663956,0.5517241379310345,0.22530864197530864,0.15056461731493098,0.1212991072334676,0.11223250163536114,0.1869765262957388
0.6971637694419031,0.7533277285029075,0.75,0.5736940298507462,0.6915851121871377,0.6971637694419031,0.42083333333333334,0.35266030013642563,0.6098901098901099,0.5550847457627118,0.22752808988764045,0.16358839050131926,0.0681730331969077,0.054805364127398115,0.1187450635137193
0.7150045745654163,0.7779758840492365,0.8038961038961039,0.5673693858845096,0.708562710960543,0.7150045745654164,0.3971631205673759,0.33085752869682644,0.6100278551532033,0.546448087431694,0.17630057803468208,0.12016021361815754,0.06630559187054946,0.0635797677215093,0.11972013213803384
