acc,auc,precision,recall,maf1,mif1,yp1.a1,yp1.a0,yp1.y1a1,yp1.y1a0,yp1.y0a1,yp1.y0a0,parity,equality,eq_odds
0.8809069718160628,0.9295894712801188,0.9024707412223667,0.7711111111111111,0.8697522812325039,0.8809069718160626,0.3014154870940883,0.3513163573586534,0.7709832134292566,0.7712215320910973,0.051658163265306124,0.05107327905255366,0.049900870264565134,0.000238318661840764,0.0008232028745932263
0.8908667090485273,0.9355255826054204,0.9131633356305996,0.7730455075845974,0.8775924503042076,0.8908667090485273,0.2615711252653928,0.35321489001692047,0.746268656716418,0.7932446264073695,0.0407911001236094,0.043258832011535686,0.09164376475152769,0.046975969690951525,0.04944370157887781
0.887476160203433,0.9312799844633609,0.9243580846634282,0.7594070695553021,0.8743737775040439,0.8874761602034329,0.2641429179072735,0.34628378378378377,0.7469879518072289,0.7686196623634558,0.03927680798004988,0.03379867744305658,0.08214086587651026,0.021631710556226924,0.027109841093220226
0.8868404322949778,0.9371088840837725,0.9249329758713136,0.7658157602663707,0.875486502447632,0.8868404322949779,0.2830267558528428,0.350236355822948,0.7457831325301205,0.7829218106995884,0.03713188220230474,0.03985239852398524,0.06720959997010517,0.03713867816946792,0.03985919449114842
0.8855689764780674,0.9378197148609234,0.9304659498207886,0.7455485353245261,0.8710595194917066,0.8855689764780674,0.2692147901952638,0.32309688581314877,0.7069377990430622,0.7812154696132597,0.036282622533418206,0.028429282160625444,0.053882095617884984,0.07427767057019752,0.08213101094299027
