acc,auc,precision,recall,maf1,mif1,yp1.a1,yp1.a0,yp1.y1a1,yp1.y1a0,yp1.y0a1,yp1.y0a0,parity,equality,eq_odds
0.696945967110415,0.7716426512259283,0.7342600163532298,0.6666666666666666,0.6969340729089053,0.696945967110415,0.5265536723163842,0.45356500898741764,0.7110187110187111,0.6420323325635104,0.3069306930693069,0.2503113325031133,0.07298866332896653,0.06898637845520061,0.1256057390213942
0.7032106499608457,0.779990227820113,0.7701048951048951,0.6402616279069767,0.703158043227595,0.7032106499608457,0.5275590551181102,0.40540540540540543,0.708984375,0.5995370370370371,0.28116710875331563,0.19600499375780275,0.12215364971270476,0.10944733796296291,0.1946094529584758
0.7149569303054033,0.7901763720563603,0.7696245733788396,0.663235294117647,0.7149357785562194,0.7149569303054033,0.5312820512820513,0.4141861937935402,0.7118959107806692,0.6313868613138686,0.30892448512585813,0.178335535006605,0.11709585748851109,0.0805090494668006,0.21109799958605371
0.7122161315583398,0.7830850112479848,0.7794612794612794,0.6619013581129378,0.7121680780554283,0.7122161315583398,0.5239107332624867,0.43087414755114695,0.6906077348066298,0.6436915887850467,0.2964824120603015,0.190224570673712,0.09303658571133977,0.046916146021583116,0.15317398740817262
0.7180892717306187,0.7909427450517684,0.7592592592592593,0.6751497005988024,0.7180503697016382,0.7180892717306187,0.5341278439869989,0.42611894543225015,0.7396449704142012,0.6357056694813028,0.28365384615384615,0.20947630922693267,0.10800889855474871,0.10393930093289838,0.17811683785981186
