acc,auc,precision,recall,maf1,mif1,yp1.a1,yp1.a0,yp1.y1a1,yp1.y1a0,yp1.y0a1,yp1.y0a0,parity,equality,eq_odds
0.8819665183301547,0.9309980586959006,0.9213559322033898,0.755,0.8697728007451512,0.8819665183301547,0.26602830974188174,0.36081139404402246,0.7422062350119905,0.7660455486542443,0.012755102040816327,0.07105847520355292,0.09478308430214072,0.02383931364225389,0.08214268680499048
0.8817546090273364,0.9293369471728372,0.8884408602150538,0.7712952158693116,0.8681267400626373,0.8817546090273363,0.2394904458598726,0.39086294416243655,0.7381275440976933,0.7963152507676561,0.012360939431396786,0.10526315789473684,0.15137249830256394,0.05818770666996276,0.15108992513330283
0.8840856113583386,0.9379728531845303,0.9125085440874915,0.7611174458380844,0.8710189103988981,0.8840856113583386,0.2437260740110591,0.37584459459459457,0.7336010709504686,0.7815292949354519,0.015586034912718205,0.07567964731814843,0.13211852058353546,0.04792822398498331,0.10802183639041353
0.8868404322949778,0.936728588240621,0.9198675496688742,0.7708102108768036,0.8757993371091144,0.8868404322949779,0.270066889632107,0.3712935109583154,0.7614457831325301,0.7788065843621399,0.008962868117797696,0.07896678966789668,0.10122662132620841,0.017360801229609812,0.08736472277970879
0.8809069718160628,0.930147233262188,0.9189765458422174,0.742676622630672,0.866062890007131,0.8809069718160626,0.258412962193602,0.33953287197231835,0.7212918660287081,0.7624309392265194,0.0120942075111394,0.06751954513148543,0.08111990977871636,0.04113907319781129,0.09656441081815732
