acc,auc,precision,recall,maf1,mif1,yp1.a1,yp1.a0,yp1.y1a1,yp1.y1a0,yp1.y0a1,yp1.y0a0,parity,equality,eq_odds
0.6921317474839891,0.7514895939815128,0.7512376237623762,0.5625579240037072,0.6862621409431684,0.692131747483989,0.37789904502046384,0.36545079146593257,0.5718085106382979,0.5576102418207681,0.17366946778711484,0.18533333333333332,0.012448253554531274,0.014198268817529724,0.025862134363748207
0.6930466605672462,0.7512346815777138,0.74230330672748,0.593978102189781,0.6901044467125705,0.6930466605672461,0.38755304101838756,0.4077079107505071,0.5769230769230769,0.603399433427762,0.15457413249211358,0.22897800776196636,0.02015486973211955,0.02647635650468516,0.10088023177453795
0.6921317474839891,0.7425892276436393,0.7033084311632871,0.6252371916508539,0.689662279079883,0.692131747483989,0.40953716690042075,0.4378818737270876,0.5809018567639257,0.6499261447562777,0.21726190476190477,0.25753768844221103,0.028344706826666843,0.06902428799235205,0.10930007167265832
0.6925892040256176,0.751185054373083,0.7108307045215563,0.630009319664492,0.6908915837884062,0.6925892040256175,0.42424242424242425,0.4404109589041096,0.6155988857938719,0.6372549019607843,0.23705722070844687,0.2520107238605898,0.01616853466168533,0.021656016166912373,0.03660951931905532
0.702195791399817,0.7538017356615165,0.7279909706546276,0.6113744075829384,0.6984074203821453,0.702195791399817,0.38362068965517243,0.4154362416107383,0.5698005698005698,0.6321022727272727,0.19420289855072465,0.22137404580152673,0.031815551955565846,0.062301702926702895,0.08947285017750498
