acc,auc,precision,recall,maf1,mif1,yp1.a1,yp1.a0,yp1.y1a1,yp1.y1a0,yp1.y0a1,yp1.y0a0,parity,equality,eq_odds
0.9700214132762314,0.9971288456702154,0.9659863945578231,0.9403973509933775,0.9655037778059178,0.9700214132762313,0.3026315789473684,0.3171355498721228,0.9583333333333334,0.937007874015748,0.0,0.01893939393939394,0.014503970924754361,0.021325459317585338,0.040264853256979274
0.9379014989293363,0.9807991587802314,0.8805031446540881,0.9333333333333333,0.929874433656958,0.9379014989293362,0.2840909090909091,0.35356200527704484,0.8076923076923077,0.9596774193548387,0.06451612903225806,0.058823529411764705,0.06947109618613573,0.15198511166253104,0.15767771128302438
0.9665924276169264,0.9938255033557046,0.958904109589041,0.9395973154362416,0.9621384602411671,0.9665924276169265,0.2804878048780488,0.335149863760218,0.9565217391304348,0.9365079365079365,0.01694915254237288,0.02074688796680498,0.054662058882169184,0.0200138026224983,0.023811538046930397
0.9539473684210525,0.9841140079540432,0.9251700680272109,0.9315068493150684,0.9472009792299592,0.9539473684210527,0.3037974683544304,0.32625994694960214,0.9230769230769231,0.9333333333333333,0.0,0.042801556420233464,0.022462478595171753,0.01025641025641022,0.053057966676643684
0.9543478260869566,0.9872611464968153,0.9139072847682119,0.9452054794520548,0.9477925320621949,0.9543478260869566,0.325,0.32894736842105265,0.9259259259259259,0.9495798319327731,0.018867924528301886,0.04597701149425287,0.003947368421052644,0.023653906006847136,0.05076299297279813
