acc,auc,precision,recall,maf1,mif1,yp1.a1,yp1.a0,yp1.y1a1,yp1.y1a0,yp1.y0a1,yp1.y0a0,parity,equality,eq_odds
0.682067703568161,0.7356363121864151,0.7689075630252101,0.5088044485634847,0.6714485936541377,0.682067703568161,0.33560709413369716,0.3220922229869236,0.5425531914893617,0.4907539118065434,0.11764705882352941,0.164,0.013514871146773577,0.05179927968281828,0.09815222085928887
0.6774931381518756,0.7379009576106609,0.7477820025348543,0.5383211678832117,0.6712603149107454,0.6774931381518756,0.37765205091937765,0.35294117647058826,0.5666666666666667,0.5226628895184136,0.14511041009463724,0.1979301423027167,0.02471087444878939,0.0440037771482531,0.09682350935633255
0.67612076852699,0.7194366404945656,0.7492795389048992,0.49335863377609107,0.6625743009432382,0.67612076852699,0.34642356241234223,0.3034623217922607,0.519893899204244,0.47858197932053176,0.15178571428571427,0.15452261306532664,0.04296124062008155,0.041311919883712245,0.04404881866332461
0.6770356816102471,0.7265603739253707,0.746971736204576,0.5172413793103449,0.6675103238126754,0.6770356816102471,0.3526170798898072,0.33356164383561643,0.5376044568245125,0.5070028011204482,0.17166212534059946,0.1675603217158177,0.019055436054190744,0.030601655704064368,0.03470345932884614
0.6829826166514181,0.7232219107362104,0.7638483965014577,0.4966824644549763,0.6692774765416801,0.6829826166514181,0.3117816091954023,0.31476510067114094,0.47293447293447294,0.5085227272727273,0.14782608695652175,0.14122137404580154,0.00298349147573862,0.035588254338254355,0.04219296724897456
