acc,auc,precision,recall,maf1,mif1,yp1.a1,yp1.a0,yp1.y1a1,yp1.y1a0,yp1.y0a1,yp1.y0a0,parity,equality,eq_odds
0.5066666666666667,0.5832888888888889,0.6666666666666666,0.02666666666666667,0.358974358974359,0.5066666666666667,0.02127659574468085,0.019417475728155338,0.047619047619047616,0.018518518518518517,0.0,0.02040816326530612,0.0018591200165255124,0.0291005291005291,0.049508692365835216
0.5266666666666667,0.5133333333333333,0.5175438596491229,0.7866666666666666,0.4923494923494924,0.5266666666666666,0.8541666666666666,0.7156862745098039,0.84,0.76,0.8695652173913043,0.6730769230769231,0.1384803921568627,0.07999999999999996,0.27648829431438116
0.5466666666666667,0.5585777777777778,0.5327102803738317,0.76,0.5250512199664742,0.5466666666666666,0.723404255319149,0.7087378640776699,0.6956521739130435,0.7884615384615384,0.75,0.6274509803921569,0.01466639124147906,0.09280936454849498,0.21535838415633812
0.52,0.5031111111111111,0.56,0.18666666666666668,0.46,0.52,0.1509433962264151,0.17525773195876287,0.12,0.22,0.17857142857142858,0.1276595744680851,0.024314335732347786,0.1,0.15091185410334348
0.5133333333333334,0.48844444444444446,0.5357142857142857,0.2,0.46035188014390616,0.5133333333333333,0.23076923076923078,0.17117117117117117,0.29411764705882354,0.1724137931034483,0.18181818181818182,0.16981132075471697,0.05959805959805961,0.12170385395537525,0.1337107150188401
