acc,auc,precision,recall,maf1,mif1,yp1.a1,yp1.a0,yp1.y1a1,yp1.y1a0,yp1.y0a1,yp1.y0a0,parity,equality,eq_odds
0.9700214132762314,0.9940481180316875,0.959731543624161,0.9470198675496688,0.9656256572029442,0.9700214132762313,0.3157894736842105,0.319693094629156,1.0,0.937007874015748,0.0,0.022727272727272728,0.0039036209449455073,0.06299212598425197,0.0857193987115247
0.9421841541755889,0.9774973711882229,0.9019607843137255,0.92,0.9340509328270388,0.9421841541755889,0.2840909090909091,0.33773087071240104,0.8461538461538461,0.9354838709677419,0.04838709677419355,0.047058823529411764,0.05363996162149193,0.08933002481389574,0.09065829805867752
0.953229398663697,0.9936017897091722,0.9507042253521126,0.9060402684563759,0.9466193379642998,0.9532293986636972,0.2804878048780488,0.3242506811989101,0.9565217391304348,0.8968253968253969,0.01694915254237288,0.024896265560165973,0.04376287632086129,0.05969634230503795,0.06764345532283104
0.9473684210526315,0.9800044189129473,0.9357142857142857,0.8972602739726028,0.9388726289684757,0.9473684210526315,0.3037974683544304,0.3076923076923077,0.9230769230769231,0.8916666666666667,0.0,0.03501945525291829,0.0038948393378773205,0.03141025641025641,0.0664297116631747
0.9500000000000001,0.9871957071808742,0.9072847682119205,0.9383561643835616,0.9428203922585945,0.9500000000000001,0.3375,0.3263157894736842,0.9629629629629629,0.9327731092436975,0.018867924528301886,0.04980842911877394,0.011184210526315796,0.030189853719265414,0.06113035830973747
