acc,auc,precision,recall,maf1,mif1,yp1.a1,yp1.a0,yp1.y1a1,yp1.y1a0,yp1.y0a1,yp1.y0a0,parity,equality,eq_odds
0.6985121378230227,0.7344954481682883,0.7734597156398104,0.6057906458797327,0.6974404798169547,0.6985121378230227,0.46214689265536724,0.38705811863391254,0.6632016632016632,0.5739030023094688,0.22277227722772278,0.1855541718555417,0.0750887740214547,0.0892986608921944,0.12651676626437547
0.7043852779953015,0.7604964563509299,0.7726075504828798,0.6395348837209303,0.7043163310917373,0.7043852779953015,0.5174353205849269,0.4078078078078078,0.701171875,0.6030092592592593,0.26790450928381965,0.1972534332084894,0.10962751277711913,0.0981626157407407,0.16881369181607095
0.7137823022709475,0.7642507882550005,0.7713546160483176,0.6573529411764706,0.7137285406499634,0.7137823022709475,0.5076923076923077,0.42051931602279924,0.7100371747211895,0.6228710462287105,0.2585812356979405,0.20079260237780713,0.08717299166950843,0.08716612849247907,0.14495476181261244
0.7106499608457322,0.7681324632003689,0.7691680261011419,0.6740528949249464,0.7104261741748653,0.7106499608457322,0.538788522848034,0.44575325480471173,0.7071823204419889,0.6530373831775701,0.30904522613065327,0.21136063408190225,0.0930352680433223,0.054144937264418824,0.15182952931316984
0.7145653876272514,0.7713987050529483,0.7596236099230111,0.6646706586826348,0.7144602841953435,0.7145653876272514,0.5211267605633803,0.42182709993868794,0.7159763313609467,0.6332931242460796,0.28365384615384615,0.20324189526184538,0.09929966062469231,0.0826832071148671,0.16309515800686786
