acc,auc,precision,recall,maf1,mif1,yp1.a1,yp1.a0,yp1.y1a1,yp1.y1a0,yp1.y0a1,yp1.y0a0,parity,equality,eq_odds
0.9154481881754609,0.9379209013741387,0.9375390381011868,0.8338888888888889,0.9082945671154511,0.9154481881754609,0.3034970857618651,0.376348726801899,0.8237410071942446,0.8426501035196687,0.026785714285714284,0.04293116210214656,0.07285164104003389,0.018909096325424146,0.03505454414185642
0.9122695486331851,0.9403552422353253,0.8997539975399754,0.853558926487748,0.9040783961758345,0.912269548633185,0.2870488322717622,0.40186125211505924,0.8208955223880597,0.8781985670419652,0.04388133498145859,0.06633020908435472,0.11481241984329704,0.057303044653905455,0.07975191875680158
0.9184149184149185,0.9438752377124991,0.9373801916932908,0.8363740022805017,0.9105412138021242,0.9184149184149184,0.2803062526584432,0.38260135135135137,0.8246318607764391,0.8450844091360477,0.02680798004987531,0.04041146216017634,0.10229509869290815,0.020452548359608524,0.03405603046990956
0.9241364695910151,0.9456530796353574,0.9546599496221663,0.8412874583795783,0.9176010792714333,0.924136469591015,0.2972408026755853,0.37688010313708636,0.8265060240963855,0.8539094650205762,0.016005121638924456,0.03468634686346864,0.07963930046150108,0.02740344092419067,0.046084666148734854
0.9173553719008265,0.9495787411340063,0.9383517196625568,0.8305571510626077,0.9089085958854072,0.9173553719008265,0.30037390943082676,0.3538062283737024,0.8074162679425837,0.8519337016574585,0.030553787396562698,0.033404406538734895,0.053432318942875645,0.04451743371487482,0.04736805285704702
