acc,auc,precision,recall,maf1,mif1,yp1.a1,yp1.a0,yp1.y1a1,yp1.y1a0,yp1.y0a1,yp1.y0a0,parity,equality,eq_odds
0.5933333333333334,0.6426666666666666,0.7692307692307693,0.26666666666666666,0.5447534703219066,0.5933333333333334,0.14893617021276595,0.18446601941747573,0.23809523809523808,0.2777777777777778,0.07692307692307693,0.08163265306122448,0.03552984920470978,0.03968253968253971,0.044392115820687264
0.5466666666666667,0.552888888888889,0.5267175572519084,0.92,0.47324932865110514,0.5466666666666666,0.9166666666666666,0.8529411764705882,0.96,0.9,0.8695652173913043,0.8076923076923077,0.06372549019607843,0.05999999999999994,0.12187290969899656
0.62,0.616,0.8,0.32,0.5824175824175825,0.62,0.1276595744680851,0.23300970873786409,0.2608695652173913,0.34615384615384615,0.0,0.11764705882352941,0.10535013426977899,0.08528428093645485,0.20293133975998426
0.56,0.6019555555555555,0.5789473684210527,0.44,0.5535714285714286,0.56,0.33962264150943394,0.4020618556701031,0.44,0.44,0.25,0.3617021276595745,0.062439214160669165,0.0,0.11170212765957449
0.48000000000000004,0.38826666666666665,0.2,0.013333333333333334,0.3352272727272727,0.48,0.0,0.04504504504504504,0.0,0.017241379310344827,0.0,0.07547169811320754,0.04504504504504504,0.017241379310344827,0.09271307742355236
