acc,auc,precision,recall,maf1,mif1,yp1.a1,yp1.a0,yp1.y1a1,yp1.y1a0,yp1.y0a1,yp1.y0a0,parity,equality,eq_odds
0.6929103016059538,0.7704000413670327,0.7221783741120757,0.6792873051224945,0.6927348847605375,0.6929103016059538,0.5231638418079096,0.48201438848920863,0.7130977130977131,0.6605080831408776,0.297029702970297,0.2892768079800499,0.04114945331870101,0.05258962995683547,0.06034252494708259
0.7117117117117117,0.7799882697947214,0.7463377023901311,0.704,0.7110839947057405,0.7117117117117117,0.5236486486486487,0.4996996996996997,0.7084148727984344,0.7013888888888888,0.27320954907161804,0.28214731585518105,0.023948948948949,0.007025983909545563,0.01596375069310857
0.7171954563258911,0.788801710960998,0.7472868217054264,0.7088235294117647,0.7167866142216213,0.7171954563258911,0.5538461538461539,0.4752851711026616,0.7453531598513011,0.6849148418491484,0.3180778032036613,0.24735449735449735,0.07856098274349227,0.06043831800215271,0.13116162385131666
0.7136701919310615,0.7797684159148093,0.7577160493827161,0.7019299499642602,0.7127816308831891,0.7136701919310616,0.5302869287991498,0.4944168734491315,0.6998158379373849,0.7032710280373832,0.2989949748743719,0.25793650793650796,0.03587005535001836,0.0034551900999982843,0.0445136570378622
0.7136701919310615,0.7910100059654496,0.7381703470031545,0.701123595505618,0.7135603238464976,0.7136701919310616,0.544468546637744,0.4696505211526671,0.7391304347826086,0.6779252110977081,0.3076923076923077,0.2543640897755611,0.07481802548507693,0.061205223684900556,0.11453344160164719
