acc,auc,precision,recall,maf1,mif1,yp1.a1,yp1.a0,yp1.y1a1,yp1.y1a0,yp1.y0a1,yp1.y0a0,parity,equality,eq_odds
0.873490146217419,0.9248159567584028,0.8833652007648184,0.77,0.8622136613275031,0.8734901462174189,0.3189009159034138,0.3465688390159689,0.7721822541966427,0.7681159420289855,0.0778061224489796,0.04515173945225759,0.027667923112555115,0.004066312167657182,0.03672069516437919
0.8842975206611571,0.9279786509065987,0.882699868938401,0.7858809801633606,0.871694274138611,0.8842975206611571,0.29044585987261146,0.35617597292724196,0.7774762550881954,0.7922210849539406,0.06860321384425216,0.049026676279740444,0.0657301130546305,0.014744829865745213,0.03432136743025693
0.8796355159991525,0.926564960648847,0.8963903743315508,0.7645381984036488,0.8667201034259857,0.8796355159991524,0.2807316035729477,0.3530405405405405,0.749665327978581,0.7755710029791459,0.06234413965087282,0.04041146216017634,0.07230893696759283,0.025905675000564954,0.047838352491261435
0.8789997880906972,0.9303215830351907,0.8942985265855221,0.7746947835738068,0.8681096757377855,0.8789997880906972,0.3164715719063545,0.345509239363988,0.7795180722891566,0.7705761316872428,0.07042253521126761,0.04059040590405904,0.029037667457633476,0.008941940601913778,0.03877406990912235
0.8789997880906972,0.9301556233362096,0.8995901639344263,0.7564618035611718,0.8651158483368053,0.8789997880906972,0.2937266306605733,0.3274221453287197,0.7260765550239234,0.7845303867403315,0.06365372374283895,0.033404406538734895,0.03369551466814641,0.058453831716408056,0.08870314892051212
