acc,auc,precision,recall,maf1,mif1,yp1.a1,yp1.a0,yp1.y1a1,yp1.y1a0,yp1.y0a1,yp1.y0a0,parity,equality,eq_odds
0.6802378774016469,0.7085038088564388,0.7351485148514851,0.5505097312326228,0.6741415104298285,0.6802378774016469,0.3424283765347885,0.383344803854095,0.5531914893617021,0.5490753911806543,0.12044817927170869,0.228,0.04091642731930645,0.004116098181047856,0.11166791890933918
0.5942360475754803,0.5951257282528628,0.6762225969645869,0.3658759124087591,0.572118553610468,0.5942360475754803,0.21216407355021216,0.299526707234618,0.30512820512820515,0.39943342776203966,0.09779179810725552,0.20827943078913325,0.08736263368440583,0.0943052226338345,0.20479285531571223
0.6788655077767612,0.7008292488316425,0.7543352601156069,0.4952561669829222,0.6653057058283147,0.6788655077767612,0.29453015427769985,0.3272233536999321,0.47745358090185674,0.5051698670605613,0.08928571428571429,0.17587939698492464,0.032693199422232255,0.027716286158704584,0.11430996885791493
0.5841720036596524,0.6010857032327429,0.5944700460829493,0.4808946877912395,0.5788822505796777,0.5841720036596524,0.21763085399449036,0.4863013698630137,0.3732590529247911,0.5350140056022409,0.0653950953678474,0.43967828418230565,0.2686705158685233,0.16175495267744977,0.536038141491908
0.6171088746569077,0.6101767927556455,0.7443946188340808,0.31469194312796206,0.5754178510042417,0.6171088746569076,0.125,0.24093959731543624,0.21652421652421652,0.36363636363636365,0.03188405797101449,0.13104325699745548,0.11593959731543624,0.14711214711214712,0.24627134613858812
