acc,auc,precision,recall,maf1,mif1,yp1.a1,yp1.a0,yp1.y1a1,yp1.y1a0,yp1.y0a1,yp1.y0a0,parity,equality,eq_odds
0.62,0.6540444444444445,0.6363636363636364,0.56,0.618627057406664,0.62,0.2765957446808511,0.5145631067961165,0.5238095238095238,0.5740740740740741,0.07692307692307693,0.4489795918367347,0.23796736211526542,0.050264550264550234,0.422321065178208
0.6333333333333334,0.7343999999999998,0.6136363636363636,0.72,0.630558416550983,0.6333333333333333,0.7083333333333334,0.5294117647058824,0.8,0.68,0.6086956521739131,0.38461538461538464,0.178921568627451,0.12,0.34408026755852844
0.62,0.6954666666666667,0.625,0.6,0.6198479391756702,0.62,0.2553191489361702,0.5825242718446602,0.391304347826087,0.6923076923076923,0.125,0.47058823529411764,0.32720512290848996,0.3010033444816053,0.6465915797757229
0.6066666666666667,0.640888888888889,0.6025641025641025,0.6266666666666667,0.6065092703748167,0.6066666666666667,0.3018867924528302,0.6391752577319587,0.4,0.74,0.21428571428571427,0.5319148936170213,0.33728846527912854,0.33999999999999997,0.6576291793313069
0.6000000000000001,0.6440888888888889,0.5949367088607594,0.6266666666666667,0.5997153531400108,0.6,0.48717948717948717,0.5405405405405406,0.6470588235294118,0.6206896551724138,0.36363636363636365,0.4528301886792453,0.0533610533610534,0.026369168356997985,0.11556299339987963
