acc,auc,precision,recall,maf1,mif1,yp1.a1,yp1.a0,yp1.y1a1,yp1.y1a0,yp1.y0a1,yp1.y0a0,parity,equality,eq_odds
0.6948764867337603,0.7629626280816408,0.8249211356466877,0.484708063021316,0.6798892261837723,0.6948764867337603,0.29058663028649384,0.28974535443909155,0.5,0.47652916073968704,0.0700280112044818,0.11466666666666667,0.0008412758474022897,0.02347083926031296,0.06810949472249783
0.6793229643183898,0.7596413982454964,0.8471001757469244,0.4397810218978102,0.6600103613033055,0.6793229643183898,0.2871287128712871,0.24746450304259635,0.4564102564102564,0.43059490084985835,0.07886435331230283,0.08020698576972833,0.03966420982869076,0.025815355560398046,0.027157988017823542
0.6797804208600183,0.7555534695355401,0.86875,0.3956356736242884,0.6485120450433812,0.6797804208600183,0.23422159887798036,0.21249151391717583,0.3952254641909814,0.39586410635155095,0.05357142857142857,0.056532663316582916,0.02173008496080453,0.0006386421605695247,0.0035998769057238728
0.6903019213174749,0.7460521214587579,0.7551546391752577,0.5461323392357875,0.6827623934438107,0.6903019213174748,0.34297520661157027,0.36095890410958903,0.5376044568245125,0.5504201680672269,0.15258855585831063,0.17962466487935658,0.017983697498018758,0.012815711242714412,0.03985182026376036
0.702195791399817,0.7696707606823638,0.808868501529052,0.5014218009478673,0.6873071743395559,0.702195791399817,0.2801724137931034,0.3080536912751678,0.47293447293447294,0.515625,0.08405797101449275,0.12213740458015267,0.02788127748206437,0.04269052706552706,0.08076996063118698
