acc,auc,precision,recall,maf1,mif1,yp1.a1,yp1.a0,yp1.y1a1,yp1.y1a0,yp1.y0a1,yp1.y0a0,parity,equality,eq_odds
0.9122055674518201,0.9692555956073434,0.9104477611940298,0.8079470198675497,0.8964831184278106,0.9122055674518201,0.34210526315789475,0.27621483375959077,1.0,0.7716535433070866,0.038461538461538464,0.03787878787878788,0.06589042939830397,0.22834645669291342,0.22892920727566402
0.8800856531049251,0.9482439537329127,0.8133333333333334,0.8133333333333334,0.8625026288117771,0.8800856531049249,0.3181818181818182,0.32189973614775724,0.9615384615384616,0.782258064516129,0.04838709677419355,0.09803921568627451,0.003717917965939066,0.17928039702233256,0.22893251593441352
0.9153674832962138,0.97834451901566,0.9051094890510949,0.8322147651006712,0.9025206819324467,0.9153674832962138,0.3048780487804878,0.30517711171662126,1.0,0.8015873015873016,0.03389830508474576,0.04564315352697095,0.00029906293613346513,0.19841269841269837,0.21015754685492355
0.888157894736842,0.9557445868316394,0.8275862068965517,0.821917808219178,0.8713083320882513,0.8881578947368421,0.3291139240506329,0.3156498673740053,0.9230769230769231,0.8,0.03773584905660377,0.08949416342412451,0.01346405667662759,0.12307692307692308,0.17483523744444382
0.9108695652173913,0.9644010121280865,0.8620689655172413,0.8561643835616438,0.8969618496604549,0.9108695652173913,0.3375,0.3105263157894737,0.9629629629629629,0.8319327731092437,0.018867924528301886,0.07279693486590039,0.026973684210526316,0.13103018985371917,0.18495920019131767
