acc,auc,precision,recall,maf1,mif1,yp1.a1,yp1.a0,yp1.y1a1,yp1.y1a0,yp1.y0a1,yp1.y0a0,parity,equality,eq_odds
0.9700214132762314,0.9941319473551848,0.9477124183006536,0.9602649006622517,0.9658625730994153,0.9700214132762313,0.32894736842105265,0.3273657289002558,1.0,0.952755905511811,0.019230769230769232,0.026515151515151516,0.0015816395207968736,0.047244094488189003,0.05452847677257129
0.9443254817987152,0.981198738170347,0.8780487804878049,0.96,0.9376309841791659,0.9443254817987152,0.3409090909090909,0.35356200527704484,0.9615384615384616,0.9596774193548387,0.08064516129032258,0.058823529411764705,0.01265291436795396,0.0018610421836228186,0.023682674062180692
0.9510022271714922,0.984675615212528,0.9319727891156463,0.9194630872483222,0.9445654125886684,0.9510022271714922,0.3170731707317073,0.329700272479564,1.0,0.9047619047619048,0.05084745762711865,0.029045643153526972,0.012627101747856695,0.09523809523809523,0.1170399097116869
0.9429824561403508,0.9866106937693327,0.9,0.9246575342465754,0.934977184977185,0.9429824561403509,0.35443037974683544,0.32360742705570295,0.9615384615384616,0.9166666666666666,0.05660377358490566,0.04669260700389105,0.0308229526911325,0.044871794871794934,0.054782961452809545
0.9565217391304348,0.9922999738242737,0.9144736842105263,0.952054794520548,0.9503657826021278,0.9565217391304348,0.3375,0.32894736842105265,0.9629629629629629,0.9495798319327731,0.018867924528301886,0.04597701149425287,0.008552631578947367,0.013383131030189843,0.040492217996140834
