acc,auc,precision,recall,maf1,mif1,yp1.a1,yp1.a0,yp1.y1a1,yp1.y1a0,yp1.y0a1,yp1.y0a0,parity,equality,eq_odds
0.6870348609479044,0.754645344287467,0.7036247334754797,0.7215743440233237,0.6845629779364633,0.6870348609479044,0.6475409836065574,0.5026486168334314,0.808300395256917,0.6709006928406467,0.41379310344827586,0.3277310924369748,0.144892366773126,0.1373997024162703,0.22346171342757137
0.6823345084214649,0.7690301794503756,0.6929078014184397,0.7210332103321033,0.6801288146748001,0.6823345084214649,0.6428571428571429,0.5067686874632137,0.7845849802371542,0.6831566548881036,0.4367816091954023,0.3305882352941176,0.13608845539392922,0.10142832534905055,0.20762169925033525
0.6893850372111241,0.7616297795410654,0.6945380984490896,0.7518248175182481,0.6850359119258211,0.6893850372111242,0.6381733021077284,0.5520894643908181,0.8012048192771084,0.7236238532110092,0.4101123595505618,0.37122128174123337,0.0860838377169103,0.07758096606609921,0.11647204387542764
0.690168429298864,0.7602220688324316,0.7076388888888889,0.7336213102951764,0.686504493503433,0.6901684292988641,0.6523754345307068,0.5189349112426036,0.8178294573643411,0.6838487972508591,0.40634005763688763,0.3427172582619339,0.13344052328810319,0.13398066011348198,0.19760345948843572
0.7140618879749314,0.7784063710612678,0.7352507374631269,0.7288011695906432,0.7127732960492976,0.7140618879749313,0.6059907834101382,0.49258160237388726,0.7995991983967936,0.6881472957422324,0.34417344173441733,0.28431372549019607,0.11340918103625097,0.11145190265456117,0.17131161889878244
