acc,auc,precision,recall,maf1,mif1,yp1.a1,yp1.a0,yp1.y1a1,yp1.y1a0,yp1.y0a1,yp1.y0a0,parity,equality,eq_odds
0.7833333333333333,0.6395556996585274,0.7997721446881231,0.9624678663239075,0.5576634628132981,0.7833333333333333,0.8867069486404834,0.94106463878327,0.9300411522633745,0.9654140960927277,0.7670454545454546,0.8535930154466085,0.054357690142786574,0.03537294382935319,0.12192050473050708
0.78,0.6674641121569064,0.7945011337868481,0.965552876334826,0.5499829157150549,0.78,0.9294964028776979,0.9419544452608376,0.9647749510763209,0.9656279508970728,0.8315217391304348,0.8589403973509934,0.012458042383139745,0.0008529998207518208,0.028271658041310377
0.7856000000000001,0.6450849905994829,0.8075050128902893,0.955269400203321,0.557634826742508,0.7856,0.8571428571428571,0.938781531199292,0.9079189686924494,0.9600671767120732,0.702247191011236,0.8584507042253521,0.08163867405643488,0.05214820801962383,0.2083517212337399
0.7908000000000001,0.6537257791537104,0.8045505935556811,0.9683619663208028,0.5558256481199261,0.7908,0.8870967741935484,0.9485465116279069,0.9318681318681319,0.9714233038348082,0.7636363636363637,0.8633241758241759,0.06144973743435855,0.03955517196667635,0.13924298415448855
0.7832,0.660179295187439,0.7937986651835373,0.9755639097744361,0.5220283213211349,0.7832,0.978134110787172,0.9570002935133548,0.9817073170731707,0.975,0.9690721649484536,0.890646492434663,0.021133817273817246,0.006707317073170738,0.08513298958696136
