acc,auc,precision,recall,maf1,mif1,yp1.a1,yp1.a0,yp1.y1a1,yp1.y1a0,yp1.y0a1,yp1.y0a0,parity,equality,eq_odds
0.9700214132762314,0.9959133204795036,0.959731543624161,0.9470198675496688,0.9656256572029442,0.9700214132762313,0.3157894736842105,0.319693094629156,0.9583333333333334,0.9448818897637795,0.019230769230769232,0.01893939393939394,0.0039036209449455073,0.013451443569553856,0.013742818860929148
0.9464668094218416,0.9778759200841222,0.9084967320261438,0.9266666666666666,0.9389360489139247,0.9464668094218416,0.29545454545454547,0.33509234828496043,0.9230769230769231,0.9274193548387096,0.03225806451612903,0.047058823529411764,0.03963780283041496,0.004342431761786503,0.019143190775069235
0.9621380846325167,0.9931319910514541,0.9714285714285714,0.912751677852349,0.9566309282333623,0.9621380846325167,0.2926829268292683,0.31607629427792916,1.0,0.8968253968253969,0.01694915254237288,0.012448132780082987,0.023393367448660884,0.10317460317460314,0.10767562293689303
0.9495614035087718,0.984931506849315,0.9241379310344827,0.9178082191780822,0.9419625811378389,0.9495614035087719,0.3291139240506329,0.3156498673740053,0.9230769230769231,0.9166666666666666,0.03773584905660377,0.03501945525291829,0.01346405667662759,0.0064102564102564985,0.009126650213941982
0.9456521739130435,0.9834002268562952,0.8954248366013072,0.9383561643835616,0.9380651554564599,0.9456521739130435,0.3625,0.3263157894736842,0.9629629629629629,0.9327731092436975,0.05660377358490566,0.04980842911877394,0.03618421052631576,0.030189853719265414,0.03698519818539713
