acc,auc,precision,recall,maf1,mif1,yp1.a1,yp1.a0,yp1.y1a1,yp1.y1a0,yp1.y0a1,yp1.y0a0,parity,equality,eq_odds
0.8311985361390668,0.9037810612891423,0.8355387523629489,0.8192771084337349,0.8311136794037932,0.8311985361390668,0.5115961800818554,0.4700619408121129,0.8430851063829787,0.8065433854907539,0.16246498599439776,0.15466666666666667,0.04153423926974248,0.03654172089222485,0.04434004021995594
0.5585544373284538,0.598720116520458,0.5600366636113657,0.5574817518248175,0.5585543449486722,0.5585544373284538,0.5162659123055162,0.4908722109533469,0.5769230769230769,0.546742209631728,0.4416403785488959,0.4398447606727037,0.02539370135216934,0.030180867291348834,0.03197648516754098
0.853156450137237,0.9179459370662661,0.8347031963470319,0.8671726755218216,0.8531143694867336,0.853156450137237,0.5217391304347826,0.4908350305498982,0.8541114058355438,0.8744460856720827,0.1488095238095238,0.16457286432160803,0.030904099884884406,0.020334679836538916,0.03609802034862314
0.5283623055809699,0.5784430215139389,0.5164319248826291,0.6150978564771669,0.5256598569128785,0.5283623055809699,0.5840220385674931,0.584931506849315,0.6128133704735376,0.6162464985994398,0.555858310626703,0.5549597855227882,0.0009094682818219235,0.0034331281259022406,0.00433165322981699
0.8426349496797805,0.9132722373774832,0.8454810495626822,0.8246445497630331,0.8422915855737352,0.8426349496797805,0.47270114942528735,0.4697986577181208,0.8205128205128205,0.8267045454545454,0.11884057971014493,0.15012722646310434,0.0029024917071665546,0.00619172494172493,0.037478371694684334
