acc,auc,precision,recall,maf1,mif1,yp1.a1,yp1.a0,yp1.y1a1,yp1.y1a0,yp1.y0a1,yp1.y0a0,parity,equality,eq_odds
0.967880085653105,0.9950331125827814,0.930379746835443,0.9735099337748344,0.9637281553398058,0.9678800856531049,0.32894736842105265,0.340153452685422,1.0,0.968503937007874,0.019230769230769232,0.03787878787878788,0.011206084264369365,0.03149606299212604,0.05014408164014469
0.9421841541755889,0.976950578338591,0.8773006134969326,0.9533333333333334,0.935129879149882,0.9421841541755889,0.32954545454545453,0.35356200527704484,0.9230769230769231,0.9596774193548387,0.08064516129032258,0.058823529411764705,0.024016550731590314,0.03660049627791562,0.05842212815647349
0.9487750556792872,0.989821029082774,0.9090909090909091,0.9395973154362416,0.9427184735280251,0.9487750556792873,0.32926829268292684,0.3460490463215259,1.0,0.9285714285714286,0.06779661016949153,0.04149377593360996,0.016780753638599044,0.0714285714285714,0.09773140566445296
0.9451754385964912,0.9845338046840477,0.9115646258503401,0.9178082191780822,0.9371440228928085,0.9451754385964912,0.35443037974683544,0.3156498673740053,0.9615384615384616,0.9083333333333333,0.05660377358490566,0.038910505836575876,0.038780512372830145,0.05320512820512824,0.07089839595345802
0.9521739130434783,0.9875229037605794,0.8974358974358975,0.958904109589041,0.9457768061895884,0.9521739130434783,0.35,0.3368421052631579,0.9629629629629629,0.957983193277311,0.03773584905660377,0.05363984674329502,0.01315789473684209,0.004979769685651947,0.020883767372343195
