acc,auc,precision,recall,maf1,mif1,yp1.a1,yp1.a0,yp1.y1a1,yp1.y1a0,yp1.y0a1,yp1.y0a0,parity,equality,eq_odds
0.9700214132762314,0.9935451420907033,0.9536423841059603,0.9536423841059603,0.9657452426858915,0.9700214132762313,0.3157894736842105,0.3248081841432225,1.0,0.9448818897637795,0.0,0.026515151515151516,0.00901871045901198,0.055118110236220486,0.081633261751372
0.9443254817987152,0.9745951629863301,0.8875,0.9466666666666667,0.937231182795699,0.9443254817987152,0.3522727272727273,0.3403693931398417,0.9615384615384616,0.9435483870967742,0.0967741935483871,0.047058823529411764,0.011903334132885579,0.01799007444168732,0.06770544446066265
0.9398663697104677,0.9886577181208055,0.9178082191780822,0.8993288590604027,0.9318492284341007,0.9398663697104677,0.3048780487804878,0.329700272479564,0.9565217391304348,0.8888888888888888,0.05084745762711865,0.03734439834024896,0.024822223699076218,0.06763285024154597,0.08113590952841565
0.9451754385964912,0.9848652231551038,0.9172413793103448,0.910958904109589,0.9369158490628684,0.9451754385964912,0.35443037974683544,0.3103448275862069,0.9615384615384616,0.9,0.05660377358490566,0.03501945525291829,0.04408555216062854,0.06153846153846154,0.08312277987044892
0.9521739130434783,0.9875883430765204,0.9025974025974026,0.952054794520548,0.9455913978494623,0.9521739130434783,0.35,0.33157894736842103,0.9629629629629629,0.9495798319327731,0.03773584905660377,0.04980842911877394,0.01842105263157895,0.013383131030189843,0.025455711092360014
