acc,auc,precision,recall,maf1,mif1,yp1.a1,yp1.a0,yp1.y1a1,yp1.y1a0,yp1.y0a1,yp1.y0a0,parity,equality,eq_odds
0.9657387580299787,0.9909254757314109,0.9354838709677419,0.9602649006622517,0.9611173556471422,0.9657387580299786,0.3157894736842105,0.3350383631713555,1.0,0.952755905511811,0.0,0.03787878787878788,0.019248889487144982,0.047244094488189003,0.08512288236697688
0.9400428265524626,0.975856992639327,0.8860759493670886,0.9333333333333333,0.9321812372930584,0.9400428265524625,0.3181818181818182,0.34300791556728233,0.8846153846153846,0.9435483870967742,0.08064516129032258,0.050980392156862744,0.024826097385464152,0.05893300248138966,0.0885977716148495
0.9510022271714922,0.9891051454138703,0.9568345323741008,0.8926174496644296,0.9437727686703097,0.9510022271714922,0.25609756097560976,0.3215258855585831,0.8695652173913043,0.8968253968253969,0.01694915254237288,0.02074688796680498,0.06542832458297332,0.027260179434092535,0.031057914858524632
0.9407894736842105,0.9791648254529386,0.9047619047619048,0.910958904109589,0.9321155447242333,0.9407894736842105,0.3291139240506329,0.3209549071618037,0.9230769230769231,0.9083333333333333,0.03773584905660377,0.04669260700389105,0.008159016888829196,0.014743589743589802,0.02370034769087708
0.9478260869565217,0.981895122589652,0.8961038961038961,0.9452054794520548,0.9406451612903226,0.9478260869565217,0.3375,0.33421052631578946,0.9629629629629629,0.9411764705882353,0.018867924528301886,0.05747126436781609,0.0032894736842105643,0.02178649237472763,0.06038983221424184
