acc,auc,precision,recall,maf1,mif1,yp1.a1,yp1.a0,yp1.y1a1,yp1.y1a0,yp1.y0a1,yp1.y0a0,parity,equality,eq_odds
0.8904428904428905,0.9369386395645388,0.8967223252937538,0.8055555555555556,0.8814157764184734,0.8904428904428905,0.33139050791007496,0.3543375053949072,0.8201438848920863,0.7929606625258799,0.07142857142857142,0.04071058475203553,0.022946997484832254,0.027183222366206405,0.0579012090427423
0.8908667090485273,0.9377753336038535,0.8910632746249184,0.7969661610268378,0.8791033926325492,0.8908667090485273,0.2951167728237792,0.3544839255499154,0.7964721845318861,0.797338792221085,0.06674907292954264,0.04253785147801009,0.05936715272613624,0.0008666076891988839,0.025077829140731436
0.8895952532316169,0.9362947808045593,0.9021526418786693,0.7884834663625998,0.878397565536671,0.8895952532316169,0.295618885580604,0.35388513513513514,0.7925033467202142,0.785501489572989,0.064214463840399,0.034533431300514325,0.058266249554531135,0.007001857147225121,0.036682889687109796
0.8878999788090698,0.9367894660144119,0.8990595611285267,0.7957824639289678,0.8783530381661921,0.8878999788090697,0.3281772575250836,0.3480876665234207,0.8096385542168675,0.7839506172839507,0.07234314980793854,0.035424354243542434,0.019910408998337126,0.02568793693291682,0.06260673249731294
0.8946810764992583,0.9405105176810683,0.9185733512786003,0.7840321654221711,0.8829838321276611,0.8946810764992583,0.30868300789364356,0.3213667820069204,0.7834928229665071,0.7845303867403315,0.056015276893698285,0.023454157782515993,0.012683774113276869,0.001037563773824357,0.03359868288500665
