acc,auc,precision,recall,maf1,mif1,yp1.a1,yp1.a0,yp1.y1a1,yp1.y1a0,yp1.y0a1,yp1.y0a0,parity,equality,eq_odds
0.7071260767423649,0.7760256459935209,0.7933398628795298,0.6013363028953229,0.7055644604458473,0.7071260767423649,0.43954802259887005,0.3786698621929299,0.6465696465696466,0.5762124711316398,0.19306930693069307,0.1656288916562889,0.06087816040594013,0.07035717543800679,0.09779759071241095
0.7145653876272514,0.7775595214593123,0.8416050686378036,0.5792151162790697,0.7122111180753545,0.7145653876272514,0.43532058492688414,0.33633633633633636,0.638671875,0.5439814814814815,0.15915119363395225,0.11235955056179775,0.09898424859054777,0.09469039351851849,0.141482036590673
0.7235708692247454,0.8053545915853779,0.8378099173553719,0.5963235294117647,0.7213892803283147,0.7235708692247454,0.41846153846153844,0.3546548448385054,0.637546468401487,0.5693430656934306,0.14874141876430205,0.1215323645970938,0.06380669362303304,0.06820340270805636,0.09541245687526462
0.7083007047768207,0.789066711225396,0.847872340425532,0.5696926375982845,0.7062188083390115,0.7083007047768207,0.38575982996811903,0.3577185368877867,0.574585635359116,0.5665887850467289,0.12814070351758794,0.1215323645970938,0.02804129308033232,0.00799685031238706,0.014605189232881205
0.7216131558339859,0.7963764589048504,0.8342245989304813,0.5838323353293413,0.7181526059911278,0.721613155833986,0.42036836403033584,0.33537706928264865,0.6469428007889546,0.5452352231604343,0.14423076923076922,0.11845386533665836,0.08499129474768718,0.10170757762852034,0.1274844815226312
