acc,auc,precision,recall,maf1,mif1,yp1.a1,yp1.a0,yp1.y1a1,yp1.y1a0,yp1.y0a1,yp1.y0a0,parity,equality,eq_odds
0.9080313625768172,0.9527317193863957,0.935031847133758,0.8155555555555556,0.8998469374781164,0.9080313625768172,0.2960033305578684,0.37073802330599914,0.8129496402877698,0.8178053830227743,0.021045918367346938,0.05107327905255366,0.07473469274813072,0.004855742735004442,0.03488310342021117
0.9118457300275482,0.9554699734914173,0.9447334200260078,0.8144618834080718,0.9033779598837486,0.9118457300275482,0.2880932556203164,0.36512731981009927,0.7995226730310262,0.8276955602536998,0.014066496163682864,0.045951859956236324,0.07703406418978287,0.028172887222673637,0.0600582510152271
0.9050646323373597,0.9527911148884456,0.9418132611637348,0.7936145952109465,0.894598966825461,0.9050646323373596,0.25946405784772436,0.36655405405405406,0.7804551539491299,0.8033763654419066,0.01683291770573566,0.04335047759000735,0.1070899962063297,0.022921211492776705,0.04943877137704839
0.914388641661369,0.9544720812626963,0.9457908163265306,0.8229744728079911,0.9067699602330854,0.9143886416613689,0.29347826086956524,0.37215298667812635,0.8120481927710843,0.8323045267489712,0.01792573623559539,0.04206642066420664,0.07867472580856111,0.020256333977886842,0.044397018406498095
0.9078194532739988,0.952907189579798,0.9307387862796834,0.8104537622056289,0.8980322744679399,0.9078194532739987,0.29206481096800996,0.35164359861591693,0.7918660287081339,0.8276243093922652,0.026098026734563972,0.04548685145700071,0.05957878764790697,0.03575828068413123,0.05514710540656796
