acc,auc,precision,recall,maf1,mif1,yp1.a1,yp1.a0,yp1.y1a1,yp1.y1a0,yp1.y0a1,yp1.y0a0,parity,equality,eq_odds
0.6133333333333334,0.6680888888888888,0.5977011494252874,0.6933333333333334,0.6108427267847558,0.6133333333333333,0.3829787234042553,0.6699029126213593,0.5714285714285714,0.7407407407407407,0.23076923076923078,0.5918367346938775,0.28692418921710394,0.1693121693121693,0.530379673236816
0.7333333333333334,0.7834666666666666,0.7333333333333333,0.7333333333333333,0.7333333333333333,0.7333333333333333,0.4583333333333333,0.5196078431372549,0.64,0.78,0.2608695652173913,0.2692307692307692,0.06127450980392163,0.14,0.14836120401337793
0.5866666666666667,0.6497777777777777,0.589041095890411,0.5733333333333334,0.5865931721194879,0.5866666666666667,0.2127659574468085,0.6116504854368932,0.30434782608695654,0.6923076923076923,0.125,0.5294117647058824,0.39888452799008467,0.38795986622073575,0.7923716309266181
0.6266666666666667,0.6737777777777778,0.6938775510204082,0.4533333333333333,0.6151026392961877,0.6266666666666667,0.1509433962264151,0.422680412371134,0.28,0.54,0.03571428571428571,0.2978723404255319,0.2717370161447189,0.26,0.5221580547112462
0.56,0.6440888888888889,0.5542168674698795,0.6133333333333333,0.558744874309146,0.56,0.5384615384615384,0.5585585585585585,0.5882352941176471,0.6206896551724138,0.5,0.49056603773584906,0.02009702009702008,0.032454361054766734,0.041888323318917675
