acc,auc,precision,recall,maf1,mif1,yp1.a1,yp1.a0,yp1.y1a1,yp1.y1a0,yp1.y0a1,yp1.y0a0,parity,equality,eq_odds
0.9507494646680943,0.9897728225333221,0.9383561643835616,0.9072847682119205,0.9432260860832289,0.9507494646680942,0.2894736842105263,0.3171355498721228,0.9166666666666666,0.905511811023622,0.0,0.03409090909090909,0.027661865661596452,0.011154855643044637,0.045245764733953725
0.9421841541755889,0.9769085173501577,0.9019607843137255,0.92,0.9340509328270388,0.9421841541755889,0.3181818181818182,0.32981530343007914,0.9230769230769231,0.9193548387096774,0.06451612903225806,0.043137254901960784,0.011633485248260966,0.003722084367245748,0.025100958497543027
0.9465478841870824,0.9825503355704698,0.9310344827586207,0.9060402684563759,0.9393161238005135,0.9465478841870824,0.3048780487804878,0.32697547683923706,1.0,0.8888888888888888,0.03389830508474576,0.03319502074688797,0.022097428058749258,0.11111111111111116,0.11181439544896896
0.9429824561403508,0.9840035351303579,0.9285714285714286,0.8904109589041096,0.9337786813825152,0.9429824561403509,0.3291139240506329,0.30238726790450926,0.9230769230769231,0.8833333333333333,0.03773584905660377,0.0311284046692607,0.02672665614612363,0.039743589743589824,0.046351034130932896
0.9391304347826087,0.982549515749062,0.8933333333333333,0.9178082191780822,0.9302668052668053,0.9391304347826087,0.35,0.32105263157894737,0.9259259259259259,0.9159663865546218,0.05660377358490566,0.04980842911877394,0.02894736842105261,0.009959539371304116,0.016754883837435834
