acc,auc,precision,recall,maf1,mif1,yp1.a1,yp1.a0,yp1.y1a1,yp1.y1a0,yp1.y0a1,yp1.y0a0,parity,equality,eq_odds
0.9571734475374732,0.9886620839969822,0.9281045751633987,0.9403973509933775,0.9512322472848789,0.9571734475374732,0.32894736842105265,0.3273657289002558,1.0,0.9291338582677166,0.019230769230769232,0.03787878787878788,0.0015816395207968736,0.07086614173228345,0.0895141603803021
0.9400428265524626,0.9760883280757098,0.88125,0.94,0.932402812241522,0.9400428265524625,0.32954545454545453,0.34564643799472294,0.9615384615384616,0.9354838709677419,0.06451612903225806,0.058823529411764705,0.016100983449268413,0.026054590570719682,0.03174719019121304
0.9510022271714922,0.9917673378076062,0.9635036496350365,0.8859060402684564,0.9435646053293112,0.9510022271714922,0.2804878048780488,0.3106267029972752,0.9565217391304348,0.873015873015873,0.01694915254237288,0.016597510373443983,0.030138898119226376,0.08350586611456179,0.08385750828349069
0.9407894736842105,0.9843570481661511,0.916083916083916,0.8972602739726028,0.931617855337773,0.9407894736842105,0.3037974683544304,0.3156498673740053,0.9230769230769231,0.8916666666666667,0.0,0.04669260700389105,0.01185239901957491,0.03141025641025641,0.07810286341414746
0.9434782608695652,0.9844690690166652,0.9225352112676056,0.8972602739726028,0.9342914908579465,0.9434782608695652,0.325,0.30526315789473685,0.9259259259259259,0.8907563025210085,0.018867924528301886,0.038314176245210725,0.019736842105263164,0.03516962340491747,0.05461587512182631
