acc,auc,precision,recall,maf1,mif1,yp1.a1,yp1.a0,yp1.y1a1,yp1.y1a0,yp1.y0a1,yp1.y0a0,parity,equality,eq_odds
0.9314775160599572,0.9834646659401458,0.9343065693430657,0.847682119205298,0.9196766425868592,0.9314775160599571,0.25,0.30179028132992325,0.75,0.8661417322834646,0.019230769230769232,0.030303030303030304,0.05179028132992325,0.11614173228346458,0.12721399335572564
0.9314775160599572,0.9757097791798108,0.9041095890410958,0.88,0.9208675760399898,0.9314775160599571,0.2840909090909091,0.31926121372031663,0.8461538461538461,0.8870967741935484,0.04838709677419355,0.043137254901960784,0.03517030462940751,0.04094292803970223,0.046192769911934994
0.933184855233853,0.9666219239373601,0.9280575539568345,0.8657718120805369,0.9233265027322404,0.933184855233853,0.3048780487804878,0.3106267029972752,0.9565217391304348,0.8492063492063492,0.05084745762711865,0.029045643153526972,0.0057486542167873855,0.10731538992408562,0.1291172043976773
0.9144736842105262,0.9746354396818382,0.8905109489051095,0.8356164383561644,0.9000938165353048,0.9144736842105263,0.2911392405063291,0.30238726790450926,0.8461538461538461,0.8333333333333334,0.018867924528301886,0.054474708171206226,0.01124802739818015,0.012820512820512775,0.04842729646341712
0.9152173913043479,0.9691780821917808,0.8451612903225807,0.8972602739726028,0.9037135235805258,0.9152173913043479,0.4125,0.32105263157894737,1.0,0.8739495798319328,0.11320754716981132,0.06896551724137931,0.09144736842105261,0.12605042016806722,0.17029245009649924
