acc,auc,precision,recall,maf1,mif1,yp1.a1,yp1.a0,yp1.y1a1,yp1.y1a0,yp1.y0a1,yp1.y0a0,parity,equality,eq_odds
0.9443254817987152,0.9850993377483444,0.9310344827586207,0.8940397350993378,0.9357049055324917,0.9443254817987152,0.3157894736842105,0.309462915601023,0.9166666666666666,0.889763779527559,0.038461538461538464,0.030303030303030304,0.006326558083187495,0.0269028871391076,0.03506139529761576
0.9379014989293363,0.9829022082018928,0.8954248366013072,0.9133333333333333,0.9291658167401526,0.9379014989293362,0.2840909090909091,0.33773087071240104,0.8461538461538461,0.9274193548387096,0.04838709677419355,0.050980392156862744,0.05363996162149193,0.08126550868486349,0.08385880406753268
0.9354120267260578,0.9839821029082774,0.9285714285714286,0.87248322147651,0.9260174658098533,0.9354120267260579,0.3048780487804878,0.3133514986376022,1.0,0.8492063492063492,0.03389830508474576,0.03319502074688797,0.008473449857114401,0.1507936507936508,0.1514969351315086
0.9342105263157894,0.9817057003977021,0.881578947368421,0.9178082191780822,0.9252344621034913,0.9342105263157895,0.34177215189873417,0.33156498673740054,0.9615384615384616,0.9083333333333333,0.03773584905660377,0.0622568093385214,0.010207165161333631,0.05320512820512824,0.07772608848704587
0.9369565217391305,0.9801937003751855,0.8874172185430463,0.9178082191780822,0.9279039728477931,0.9369565217391305,0.3125,0.33157894736842103,0.8888888888888888,0.9243697478991597,0.018867924528301886,0.06130268199233716,0.01907894736842103,0.03548085901027087,0.07791561647430614
