acc,auc,precision,recall,maf1,mif1,yp1.a1,yp1.a0,yp1.y1a1,yp1.y1a0,yp1.y0a1,yp1.y0a0,parity,equality,eq_odds
0.9336188436830836,0.9836951965797637,0.9225352112676056,0.8675496688741722,0.9229180088705253,0.9336188436830836,0.32894736842105265,0.29923273657289,0.875,0.8661417322834646,0.07692307692307693,0.026515151515151516,0.029714631848162643,0.008858267716535417,0.059266193124460825
0.9314775160599572,0.9743848580441641,0.8782051282051282,0.9133333333333333,0.9222347112942841,0.9314775160599571,0.2840909090909091,0.34564643799472294,0.8461538461538461,0.9274193548387096,0.04838709677419355,0.06274509803921569,0.06155552890381383,0.08126550868486349,0.09562350994988562
0.9487750556792872,0.9863982102908277,0.9436619718309859,0.8993288590604027,0.9415354653894711,0.9487750556792873,0.2926829268292683,0.3215258855585831,1.0,0.8809523809523809,0.01694915254237288,0.029045643153526972,0.028842958729314805,0.11904761904761907,0.13114410965877316
0.9342105263157894,0.9791869200176757,0.9142857142857143,0.8767123287671232,0.9235907862105945,0.9342105263157895,0.31645569620253167,0.3050397877984085,0.8846153846153846,0.875,0.03773584905660377,0.038910505836575876,0.011415908404123154,0.009615384615384581,0.010790041395356685
0.932608695652174,0.9791466713201291,0.8807947019867549,0.910958904109589,0.9229318330441927,0.9326086956521739,0.3375,0.3263157894736842,0.9259259259259259,0.907563025210084,0.03773584905660377,0.06130268199233716,0.011184210526315796,0.0183629007158419,0.04192973365157529
