acc,auc,precision,recall,maf1,mif1,yp1.a1,yp1.a0,yp1.y1a1,yp1.y1a0,yp1.y0a1,yp1.y0a0,parity,equality,eq_odds
0.9635974304068523,0.9895003772319557,0.9135802469135802,0.9801324503311258,0.9591558498351109,0.9635974304068522,0.32894736842105265,0.35038363171355497,0.9583333333333334,0.984251968503937,0.038461538461538464,0.045454545454545456,0.02143626329250231,0.025918635170603666,0.03291164216361066
0.961456102783726,0.9874027339642482,0.9230769230769231,0.96,0.9562570251030349,0.9614561027837258,0.32954545454545453,0.33509234828496043,1.0,0.9516129032258065,0.04838709677419355,0.03529411764705882,0.005546893739505898,0.048387096774193505,0.06148007590132823
0.9665924276169264,0.9925055928411634,0.91875,0.9865771812080537,0.9629947088202813,0.9665924276169265,0.2926829268292683,0.37057220708446864,1.0,0.9841269841269841,0.01694915254237288,0.04979253112033195,0.07788928025520037,0.015873015873015928,0.04871639445097499
0.9407894736842105,0.9801811754308439,0.8742138364779874,0.952054794520548,0.9334971777351662,0.9407894736842105,0.3291139240506329,0.35278514588859416,0.9230769230769231,0.9583333333333334,0.03773584905660377,0.07003891050583658,0.023671221837961276,0.03525641025641024,0.06755947170564305
0.9391304347826087,0.9747840502573947,0.8734177215189873,0.9452054794520548,0.93122009569378,0.9391304347826087,0.35,0.34210526315789475,0.9259259259259259,0.9495798319327731,0.05660377358490566,0.06513409961685823,0.007894736842105232,0.023653906006847136,0.03218423203879971
