acc,auc,precision,recall,maf1,mif1,yp1.a1,yp1.a0,yp1.y1a1,yp1.y1a0,yp1.y0a1,yp1.y0a0,parity,equality,eq_odds
0.980728051391863,0.9981976695448067,0.9493670886075949,0.9933774834437086,0.9782368932038834,0.9807280513918629,0.32894736842105265,0.340153452685422,1.0,0.9921259842519685,0.019230769230769232,0.026515151515151516,0.011206084264369365,0.007874015748031482,0.015158398032413766
0.974304068522484,0.9968033648790746,0.9423076923076923,0.98,0.9708380167353565,0.974304068522484,0.29545454545454547,0.34300791556728233,0.9615384615384616,0.9838709677419355,0.016129032258064516,0.03137254901960784,0.04755337011273686,0.022332506203473934,0.03757602296501726
0.9710467706013363,0.996331096196868,0.9657534246575342,0.9463087248322147,0.9671866655423447,0.9710467706013363,0.2804878048780488,0.335149863760218,0.9565217391304348,0.9444444444444444,0.01694915254237288,0.016597510373443983,0.054662058882169184,0.012077294685990392,0.01242893685491929
0.9671052631578947,0.9960892620415378,0.9337748344370861,0.9657534246575342,0.9625523527962552,0.9671052631578947,0.35443037974683544,0.32625994694960214,1.0,0.9583333333333334,0.03773584905660377,0.0311284046692607,0.028170432797233302,0.04166666666666663,0.0482741110540097
0.9695652173913044,0.9892243259750457,0.9285714285714286,0.9794520547945206,0.9653763440860215,0.9695652173913043,0.3375,0.33421052631578946,1.0,0.9747899159663865,0.0,0.0421455938697318,0.0032894736842105643,0.025210084033613467,0.06735567790334526
