acc,auc,precision,recall,maf1,mif1,yp1.a1,yp1.a0,yp1.y1a1,yp1.y1a0,yp1.y0a1,yp1.y0a0,parity,equality,eq_odds
0.961456102783726,0.9929373794953474,0.934640522875817,0.9470198675496688,0.9561090225563909,0.9614561027837258,0.3157894736842105,0.329923273657289,1.0,0.937007874015748,0.0,0.03787878787878788,0.014133799973078509,0.06299212598425197,0.10087091386303984
0.9571734475374732,0.9843322818086225,0.9166666666666666,0.9533333333333334,0.9513966945589276,0.9571734475374732,0.29545454545454547,0.34300791556728233,1.0,0.9435483870967742,0.0,0.050980392156862744,0.04755337011273686,0.056451612903225756,0.1074320050600885
0.953229398663697,0.9880984340044743,0.9324324324324325,0.9261744966442953,0.9471755827829038,0.9532293986636972,0.2804878048780488,0.3405994550408719,1.0,0.9126984126984127,0.0,0.04149377593360996,0.060111650162823105,0.08730158730158732,0.12879536323519727
0.9517543859649122,0.9878258948298718,0.9305555555555556,0.9178082191780822,0.9443840780574343,0.9517543859649122,0.3291139240506329,0.3129973474801061,1.0,0.9,0.0,0.038910505836575876,0.016116576570526786,0.09999999999999998,0.13891050583657585
0.9543478260869566,0.9866503795480326,0.9251700680272109,0.9315068493150684,0.9474174110423437,0.9543478260869566,0.3375,0.3157894736842105,1.0,0.9159663865546218,0.0,0.0421455938697318,0.021710526315789513,0.08403361344537819,0.12617920731510998
