acc,auc,precision,recall,maf1,mif1,yp1.a1,yp1.a0,yp1.y1a1,yp1.y1a0,yp1.y0a1,yp1.y0a0,parity,equality,eq_odds
0.974304068522484,0.9927906781792271,0.9483870967741935,0.9735099337748344,0.9708380167353566,0.974304068522484,0.3157894736842105,0.3350383631713555,1.0,0.968503937007874,0.0,0.030303030303030304,0.019248889487144982,0.03149606299212604,0.06179909329515634
0.9571734475374732,0.9837223974763407,0.9166666666666666,0.9533333333333334,0.9513966945589276,0.9571734475374732,0.29545454545454547,0.34300791556728233,1.0,0.9435483870967742,0.0,0.050980392156862744,0.04755337011273686,0.056451612903225756,0.1074320050600885
0.9465478841870824,0.9898881431767337,0.9370629370629371,0.8993288590604027,0.9391021293910213,0.9465478841870824,0.2804878048780488,0.32697547683923706,1.0,0.8809523809523809,0.0,0.03734439834024896,0.04648767196118825,0.11904761904761907,0.15639201738786804
0.9539473684210525,0.9865223155103844,0.9310344827586207,0.9246575342465754,0.9470093132128093,0.9539473684210527,0.3291139240506329,0.3156498673740053,1.0,0.9083333333333333,0.0,0.038910505836575876,0.01346405667662759,0.09166666666666667,0.13057717250324255
0.9543478260869566,0.9879591658668527,0.9139072847682119,0.9452054794520548,0.9477925320621949,0.9543478260869566,0.3375,0.3263157894736842,1.0,0.9327731092436975,0.0,0.04980842911877394,0.011184210526315796,0.0672268907563025,0.11703531987507645
