acc,auc,precision,recall,maf1,mif1,yp1.a1,yp1.a0,yp1.y1a1,yp1.y1a0,yp1.y0a1,yp1.y0a0,parity,equality,eq_odds
0.9486081370449679,0.9851202950792188,0.9261744966442953,0.9139072847682119,0.9410725552050474,0.9486081370449678,0.35526315789473684,0.31202046035805625,1.0,0.8976377952755905,0.057692307692307696,0.030303030303030304,0.043242697536680585,0.10236220472440949,0.12975148211368687
0.9357601713062099,0.9774132492113565,0.879746835443038,0.9266666666666666,0.9273370399568484,0.9357601713062098,0.29545454545454547,0.3482849604221636,0.9230769230769231,0.9274193548387096,0.03225806451612903,0.06666666666666667,0.052830414967618144,0.004342431761786503,0.03875103391232414
0.9420935412026725,0.9858165548098433,0.948905109489051,0.87248322147651,0.9333036244800951,0.9420935412026726,0.3048780487804878,0.30517711171662126,1.0,0.8492063492063492,0.03389830508474576,0.02074688796680498,0.00029906293613346513,0.1507936507936508,0.1639450679115916
0.9276315789473684,0.9826999558108706,0.8843537414965986,0.8904109589041096,0.9170301102185072,0.9276315789473685,0.34177215189873417,0.3183023872679045,0.9615384615384616,0.875,0.03773584905660377,0.058365758754863814,0.02346976463082967,0.08653846153846156,0.1071683712367216
0.9347826086956522,0.9792993630573249,0.8866666666666667,0.910958904109589,0.9252858627858629,0.9347826086956522,0.35,0.32105263157894737,0.9259259259259259,0.907563025210084,0.05660377358490566,0.05363984674329502,0.02894736842105261,0.0183629007158419,0.021326827557452542
