acc,auc,precision,recall,maf1,mif1,yp1.a1,yp1.a0,yp1.y1a1,yp1.y1a0,yp1.y0a1,yp1.y0a0,parity,equality,eq_odds
0.980728051391863,0.9981767122139324,0.961038961038961,0.9801324503311258,0.9780916886027782,0.9807280513918629,0.32894736842105265,0.329923273657289,1.0,0.9763779527559056,0.019230769230769232,0.01893939393939394,0.0009759052362363629,0.023622047244094446,0.023913422535469738
0.9785867237687367,0.9976235541535227,0.9487179487179487,0.9866666666666667,0.9756983472794638,0.9785867237687366,0.3181818181818182,0.33773087071240104,1.0,0.9838709677419355,0.03225806451612903,0.023529411764705882,0.019549052530582867,0.016129032258064502,0.02485768500948765
0.977728285077951,0.998434004474273,0.986013986013986,0.9463087248322147,0.974625887246259,0.977728285077951,0.2682926829268293,0.329700272479564,0.9565217391304348,0.9444444444444444,0.0,0.008298755186721992,0.06140758955273473,0.012077294685990392,0.020376049872712382
0.9912280701754386,0.9980335837384003,0.9863013698630136,0.9863013698630136,0.989924878479894,0.9912280701754386,0.34177215189873417,0.3156498673740053,1.0,0.9833333333333333,0.018867924528301886,0.0038910505836575876,0.026122284524728867,0.01666666666666672,0.031643540611311013
0.9869565217391304,0.9982767646802199,0.9794520547945206,0.9794520547945206,0.984948957333566,0.9869565217391304,0.3375,0.3131578947368421,0.9629629629629629,0.9831932773109243,0.018867924528301886,0.007662835249042145,0.024342105263157943,0.02023031434796141,0.03143540362722115
