acc,auc,precision,recall,maf1,mif1,yp1.a1,yp1.a0,yp1.y1a1,yp1.y1a0,yp1.y0a1,yp1.y0a0,parity,equality,eq_odds
0.8822269807280514,0.9420948947941991,0.8,0.847682119205298,0.867434310694544,0.8822269807280515,0.2894736842105263,0.35294117647058826,0.9166666666666666,0.8346456692913385,0.0,0.12121212121212122,0.06346749226006193,0.08202099737532809,0.2032331185874493
0.8565310492505354,0.9370347003154574,0.7371428571428571,0.86,0.841914866742453,0.8565310492505354,0.29545454545454547,0.39313984168865435,0.8461538461538461,0.8629032258064516,0.06451612903225806,0.16470588235294117,0.09768529623410888,0.01674937965260548,0.11693913297328859
0.8841870824053452,0.9442729306487696,0.8211920529801324,0.8322147651006712,0.8698550724637681,0.8841870824053452,0.2804878048780488,0.34877384196185285,0.9130434782608695,0.8174603174603174,0.03389830508474576,0.1037344398340249,0.06828603708380404,0.09558316080055207,0.1654192955498312
0.8728070175438596,0.9358594785682721,0.8055555555555556,0.7945205479452054,0.8533762057877814,0.8728070175438597,0.22784810126582278,0.33421750663129973,0.6538461538461539,0.825,0.018867924528301886,0.10505836575875487,0.10636940536547695,0.1711538461538461,0.2573442873842991
0.8782608695652174,0.9405811011255563,0.7848101265822784,0.8493150684931506,0.8624401913875598,0.8782608695652175,0.3,0.3526315789473684,0.8148148148148148,0.8571428571428571,0.03773584905660377,0.12260536398467432,0.05263157894736842,0.042328042328042326,0.12719755725611287
