acc,auc,precision,recall,maf1,mif1,yp1.a1,yp1.a0,yp1.y1a1,yp1.y1a0,yp1.y0a1,yp1.y0a0,parity,equality,eq_odds
0.9400428265524626,0.9851622097409674,0.9300699300699301,0.8807947019867549,0.9305059523809522,0.9400428265524625,0.3157894736842105,0.30434782608695654,0.9166666666666666,0.8740157480314961,0.038461538461538464,0.030303030303030304,0.011441647597253968,0.042650918635170565,0.050809426793678725
0.9229122055674519,0.9663091482649843,0.8958333333333334,0.86,0.9106505102040816,0.9229122055674518,0.2840909090909091,0.31398416886543534,0.8846153846153846,0.8548387096774194,0.03225806451612903,0.050980392156862744,0.029893259774526226,0.02977667493796521,0.04849900257869892
0.9220489977728284,0.9819015659955258,0.9071428571428571,0.8523489932885906,0.9107107345980988,0.9220489977728284,0.32926829268292684,0.3079019073569482,1.0,0.8253968253968254,0.06779661016949153,0.03734439834024896,0.02136638532597862,0.17460317460317465,0.20505538643241722
0.9364035087719298,0.9805788775961113,0.920863309352518,0.8767123287671232,0.9259968102073366,0.9364035087719298,0.34177215189873417,0.29708222811671087,0.9615384615384616,0.8583333333333333,0.03773584905660377,0.03501945525291829,0.0446899237820233,0.10320512820512828,0.10592152200881377
0.932608695652174,0.9786449698979147,0.8859060402684564,0.9041095890410958,0.9226576271186441,0.9326086956521739,0.3375,0.32105263157894737,0.9259259259259259,0.8991596638655462,0.03773584905660377,0.05747126436781609,0.016447368421052655,0.026766262060379686,0.046501677371592005
