acc,auc,precision,recall,maf1,mif1,yp1.a1,yp1.a0,yp1.y1a1,yp1.y1a0,yp1.y0a1,yp1.y0a0,parity,equality,eq_odds
0.9229122055674519,0.9731327018190963,0.9197080291970803,0.8344370860927153,0.9096362229102168,0.9229122055674518,0.27631578947368424,0.2966751918158568,0.8333333333333334,0.8346456692913385,0.019230769230769232,0.03787878787878788,0.02035940234217254,0.001312335958005173,0.01996035460602382
0.9207708779443255,0.9711041009463722,0.9124087591240876,0.8333333333333334,0.9069465611856383,0.9207708779443254,0.26136363636363635,0.3007915567282322,0.8076923076923077,0.8387096774193549,0.03225806451612903,0.0392156862745098,0.03942792036459586,0.03101736972704716,0.037974991485427934
0.933184855233853,0.9794854586129754,0.9280575539568345,0.8657718120805369,0.9233265027322404,0.933184855233853,0.2926829268292683,0.3133514986376022,0.9130434782608695,0.8571428571428571,0.05084745762711865,0.029045643153526972,0.020668571808333924,0.05590062111801242,0.07770243559160409
0.9144736842105262,0.9631241714538223,0.8848920863309353,0.8424657534246576,0.9004784688995215,0.9144736842105263,0.3037974683544304,0.3050397877984085,0.8846153846153846,0.8333333333333334,0.018867924528301886,0.058365758754863814,0.0012423194439781238,0.05128205128205121,0.09077988550861314
0.9152173913043479,0.9705523078265422,0.8794326241134752,0.8493150684931506,0.9012500619251285,0.9152173913043479,0.275,0.3131578947368421,0.7777777777777778,0.865546218487395,0.018867924528301886,0.06130268199233716,0.03815789473684206,0.0877684407096172,0.13020319817365247
