acc,auc,precision,recall,maf1,mif1,yp1.a1,yp1.a0,yp1.y1a1,yp1.y1a0,yp1.y0a1,yp1.y0a0,parity,equality,eq_odds
1.0,1.0,1.0,1.0,1.0,1.0,0.3157894736842105,0.3248081841432225,1.0,1.0,0.0,0.0,0.00901871045901198,0.0,0.0
1.0,1.0,1.0,1.0,1.0,1.0,0.29545454545454547,0.32717678100263853,1.0,1.0,0.0,0.0,0.03172223554809306,0.0,0.0
1.0,1.0,1.0,1.0,1.0,1.0,0.2804878048780488,0.34332425068119893,1.0,1.0,0.0,0.0,0.06283644580315012,0.0,0.0
0.9978070175438596,0.9998674326115775,1.0,0.9931506849315068,0.9974766339625147,0.9978070175438597,0.3291139240506329,0.3156498673740053,1.0,0.9916666666666667,0.0,0.0,0.01346405667662759,0.008333333333333304,0.008333333333333304
0.9956521739130435,0.9999781868946863,0.9931506849315068,0.9931506849315068,0.9949829857778554,0.9956521739130435,0.3375,0.3131578947368421,1.0,0.9915966386554622,0.0,0.0038314176245210726,0.024342105263157943,0.008403361344537785,0.012234778969058857
