acc,auc,precision,recall,maf1,mif1,yp1.a1,yp1.a0,yp1.y1a1,yp1.y1a0,yp1.y0a1,yp1.y0a0,parity,equality,eq_odds
0.9892933618843683,0.9993293654120211,0.9802631578947368,0.9867549668874173,0.9877872097827849,0.9892933618843683,0.34210526315789475,0.32225063938618925,0.9583333333333334,0.9921259842519685,0.057692307692307696,0.0,0.019854623771705493,0.03379265091863515,0.09148495861094284
0.9828693790149894,0.9967192429022083,0.9551282051282052,0.9933333333333333,0.9805586778235711,0.9828693790149893,0.36363636363636365,0.32717678100263853,1.0,0.9919354838709677,0.0967741935483871,0.00392156862745098,0.03645958263372512,0.008064516129032251,0.10091714104996836
0.9910913140311803,0.9995749440715883,0.9738562091503268,1.0,0.990021778745722,0.9910913140311804,0.3048780487804878,0.34877384196185285,1.0,1.0,0.03389830508474576,0.008298755186721992,0.04389579318136505,0.0,0.025599549898023773
0.9846491228070174,0.9986743261157754,0.9664429530201343,0.9863013698630136,0.982462983820015,0.9846491228070176,0.34177215189873417,0.32360742705570295,0.9615384615384616,0.9916666666666667,0.03773584905660377,0.011673151750972763,0.01816472484303122,0.030128205128205132,0.05619090243383614
0.9934782608695653,0.9998254951574906,0.9798657718120806,1.0,0.9925152542372881,0.9934782608695653,0.3625,0.3157894736842105,1.0,1.0,0.03773584905660377,0.0038314176245210726,0.04671052631578948,0.0,0.0339044314320827
