acc,auc,precision,recall,maf1,mif1,yp1.a1,yp1.a0,yp1.y1a1,yp1.y1a0,yp1.y0a1,yp1.y0a0,parity,equality,eq_odds
0.9635974304068523,0.9901710118199346,0.9407894736842105,0.9470198675496688,0.9584765132614688,0.9635974304068522,0.34210526315789475,0.32225063938618925,1.0,0.937007874015748,0.038461538461538464,0.026515151515151516,0.019854623771705493,0.06299212598425197,0.07493851293063891
0.9271948608137045,0.9750368033648791,0.8625,0.92,0.9179177005789909,0.9271948608137046,0.29545454545454547,0.35356200527704484,0.8846153846153846,0.9274193548387096,0.04838709677419355,0.07450980392156863,0.058107459822499374,0.04280397022332505,0.06892667737070013
0.9354120267260578,0.9825950782997763,0.9054054054054054,0.8993288590604027,0.9270519952716292,0.9354120267260579,0.34146341463414637,0.32697547683923706,1.0,0.8809523809523809,0.0847457627118644,0.03734439834024896,0.014487937794909311,0.11904761904761907,0.1664489834192345
0.9254385964912281,0.9755634114007954,0.8888888888888888,0.8767123287671232,0.9140481206342166,0.9254385964912281,0.3037974683544304,0.3183023872679045,0.8461538461538461,0.8833333333333333,0.03773584905660377,0.054474708171206226,0.014504918913474107,0.03717948717948716,0.05391834629408961
0.941304347826087,0.98134979495681,0.8940397350993378,0.9246575342465754,0.9328761126513936,0.941304347826087,0.35,0.3236842105263158,0.9259259259259259,0.9243697478991597,0.05660377358490566,0.04980842911877394,0.02631578947368418,0.0015561780267662195,0.008351522492897938
