acc,auc,precision,recall,maf1,mif1,yp1.a1,yp1.a0,yp1.y1a1,yp1.y1a0,yp1.y0a1,yp1.y0a0,parity,equality,eq_odds
0.955032119914347,0.991994299606002,0.9333333333333333,0.9271523178807947,0.948528601344649,0.9550321199143469,0.3157894736842105,0.32225063938618925,0.9166666666666666,0.9291338582677166,0.038461538461538464,0.030303030303030304,0.006461165701978744,0.01246719160104992,0.02062569975955808
0.9400428265524626,0.9802103049421661,0.8910256410256411,0.9266666666666666,0.9319553723824987,0.9400428265524625,0.3068181818181818,0.3403693931398417,0.8846153846153846,0.9354838709677419,0.06451612903225806,0.050980392156862744,0.03355121132165989,0.0508684863523573,0.06440422322775262
0.9510022271714922,0.9917002237136465,0.9379310344827586,0.912751677852349,0.9443731134838041,0.9510022271714922,0.3048780487804878,0.32697547683923706,0.9565217391304348,0.9047619047619048,0.05084745762711865,0.024896265560165973,0.022097428058749258,0.051759834368530044,0.07771102643548272
0.9320175438596491,0.9791869200176757,0.8859060402684564,0.9041095890410958,0.9223360712029227,0.9320175438596491,0.3291139240506329,0.32625994694960214,0.9230769230769231,0.9,0.03773584905660377,0.058365758754863814,0.002853977101030747,0.023076923076923106,0.04370683277518315
0.9500000000000001,0.9849489573335661,0.9183673469387755,0.9246575342465754,0.9424095454273288,0.9500000000000001,0.3625,0.3105263157894737,0.9629629629629629,0.9159663865546218,0.05660377358490566,0.034482758620689655,0.05197368421052628,0.046996576408341095,0.0691175913725571
