acc,auc,precision,recall,maf1,mif1,yp1.a1,yp1.a0,yp1.y1a1,yp1.y1a0,yp1.y0a1,yp1.y0a0,parity,equality,eq_odds
0.9379014989293363,0.9792731997652779,0.8910256410256411,0.9205298013245033,0.9296427328314867,0.9379014989293362,0.3157894736842105,0.3375959079283887,0.9166666666666666,0.9212598425196851,0.038461538461538464,0.056818181818181816,0.02180643424417822,0.0045931758530184386,0.02294981920966179
0.9357601713062099,0.9743638275499474,0.8846153846153846,0.92,0.9270950418383914,0.9357601713062098,0.3181818181818182,0.33773087071240104,0.9615384615384616,0.9112903225806451,0.04838709677419355,0.058823529411764705,0.019549052530582867,0.050248138957816435,0.06068457159538759
0.9443207126948775,0.9825950782997762,0.9428571428571428,0.8859060402684564,0.9362219532843563,0.9443207126948775,0.3048780487804878,0.3133514986376022,1.0,0.8650793650793651,0.03389830508474576,0.024896265560165973,0.008473449857114401,0.13492063492063489,0.14392267444521467
0.9144736842105262,0.9706142288996907,0.8689655172413793,0.863013698630137,0.9015887245380747,0.9144736842105263,0.27848101265822783,0.32625994694960214,0.8076923076923077,0.875,0.018867924528301886,0.07003891050583658,0.04777893429137431,0.06730769230769229,0.11847867828522698
0.932608695652174,0.9801282610592444,0.9020979020979021,0.8835616438356164,0.921802598171738,0.9326086956521739,0.35,0.3026315789473684,0.8888888888888888,0.8823529411764706,0.07547169811320754,0.038314176245210725,0.04736842105263156,0.006535947712418277,0.0436934695804151
