acc,auc,precision,recall,maf1,mif1,yp1.a1,yp1.a0,yp1.y1a1,yp1.y1a0,yp1.y0a1,yp1.y0a0,parity,equality,eq_odds
0.9507494646680943,0.9882010227177467,0.9444444444444444,0.9006622516556292,0.9430200790429963,0.9507494646680942,0.34210526315789475,0.30179028132992325,1.0,0.8818897637795275,0.038461538461538464,0.022727272727272728,0.0403149818279715,0.11811023622047245,0.13384450195473818
0.9443254817987152,0.9758569926393269,0.8924050632911392,0.94,0.9370254346292686,0.9443254817987152,0.3068181818181818,0.34564643799472294,0.9230769230769231,0.9435483870967742,0.04838709677419355,0.054901960784313725,0.03882825617654112,0.020471464019851116,0.026986328029971293
0.9510022271714922,0.9911409395973154,0.9319727891156463,0.9194630872483222,0.9445654125886684,0.9510022271714922,0.2926829268292683,0.335149863760218,1.0,0.9047619047619048,0.01694915254237288,0.03734439834024896,0.04246693693094972,0.09523809523809523,0.11563334103597131
0.9429824561403508,0.984909412284578,0.9347826086956522,0.8835616438356164,0.9335247151700009,0.9429824561403509,0.3037974683544304,0.30238726790450926,0.8846153846153846,0.8833333333333333,0.018867924528301886,0.0311284046692607,0.0014102004499211285,0.0012820512820512775,0.013542531423010092
0.9456521739130435,0.9816988046418288,0.8903225806451613,0.9452054794520548,0.9382778997311063,0.9456521739130435,0.325,0.3394736842105263,0.8888888888888888,0.957983193277311,0.03773584905660377,0.05747126436781609,0.014473684210526305,0.06909430438842212,0.08882971969963444
