acc,auc,precision,recall,maf1,mif1,yp1.a1,yp1.a0,yp1.y1a1,yp1.y1a0,yp1.y0a1,yp1.y0a0,parity,equality,eq_odds
0.9635974304068523,0.9911140917092798,0.935064935064935,0.9536423841059603,0.9586176340274701,0.9635974304068522,0.32894736842105265,0.329923273657289,1.0,0.9448818897637795,0.019230769230769232,0.03409090909090909,0.0009759052362363629,0.055118110236220486,0.06997825009636034
0.9357601713062099,0.9787592008412197,0.879746835443038,0.9266666666666666,0.9273370399568484,0.9357601713062098,0.32954545454545453,0.3403693931398417,0.9615384615384616,0.9193548387096774,0.06451612903225806,0.058823529411764705,0.010823938594387184,0.042183622828784184,0.04787622244927754
0.9420935412026725,0.980178970917226,0.9241379310344827,0.8993288590604027,0.9342591341172231,0.9420935412026726,0.3170731707317073,0.3242506811989101,0.9565217391304348,0.8888888888888888,0.06779661016949153,0.029045643153526972,0.0071775104672027745,0.06763285024154597,0.10638381725751053
0.9407894736842105,0.9830092797171895,0.9103448275862069,0.9041095890410958,0.9318691169878978,0.9407894736842105,0.31645569620253167,0.3183023872679045,0.9615384615384616,0.8916666666666667,0.0,0.05058365758754864,0.0018466910653728297,0.06987179487179485,0.12045545245934348
0.9521739130434783,0.9880900444987348,0.9133333333333333,0.9383561643835616,0.9452096327096327,0.9521739130434783,0.325,0.3263157894736842,0.9629629629629629,0.9327731092436975,0.0,0.04980842911877394,0.0013157894736842146,0.030189853719265414,0.07999828283803936
