acc,auc,precision,recall,maf1,mif1,yp1.a1,yp1.a0,yp1.y1a1,yp1.y1a0,yp1.y0a1,yp1.y0a0,parity,equality,eq_odds
0.955032119914347,0.9912817503562746,0.9391891891891891,0.9205298013245033,0.9483475100729466,0.9550321199143469,0.32894736842105265,0.3145780051150895,1.0,0.905511811023622,0.019230769230769232,0.030303030303030304,0.014369363305963168,0.09448818897637801,0.10556045004863908
0.9421841541755889,0.9813459516298633,0.89171974522293,0.9333333333333333,0.934494958153453,0.9421841541755889,0.3181818181818182,0.3403693931398417,0.9230769230769231,0.9354838709677419,0.06451612903225806,0.050980392156862744,0.022187574958023537,0.012406947890818754,0.025942684766214072
0.9576837416481069,0.9893736017897091,0.9513888888888888,0.9194630872483222,0.9518743124700308,0.9576837416481069,0.2804878048780488,0.329700272479564,0.9565217391304348,0.9126984126984127,0.01694915254237288,0.024896265560165973,0.04921246760151521,0.043823326432022136,0.05177043944981523
0.9429824561403508,0.9872072470172337,0.9347826086956522,0.8835616438356164,0.9335247151700009,0.9429824561403509,0.2911392405063291,0.3050397877984085,0.8846153846153846,0.8833333333333333,0.0,0.03501945525291829,0.013900547292079402,0.0012820512820512775,0.036301506534969566
0.9478260869565217,0.9870430154436787,0.9013157894736842,0.9383561643835616,0.9404389391225534,0.9478260869565217,0.35,0.3263157894736842,0.9629629629629629,0.9327731092436975,0.03773584905660377,0.04980842911877394,0.023684210526315752,0.030189853719265414,0.042262433781435585
