acc,auc,precision,recall,maf1,mif1,yp1.a1,yp1.a0,yp1.y1a1,yp1.y1a0,yp1.y0a1,yp1.y0a0,parity,equality,eq_odds
0.9828693790149894,0.9966468270601055,0.9735099337748344,0.9735099337748344,0.9804258529633666,0.9828693790149893,0.34210526315789475,0.319693094629156,1.0,0.968503937007874,0.038461538461538464,0.007575757575757576,0.02241216852873873,0.03149606299212604,0.06238184387790693
0.9593147751605996,0.9916929547844374,0.906832298136646,0.9733333333333334,0.9542045800581154,0.9593147751605996,0.3522727272727273,0.34300791556728233,0.9615384615384616,0.9758064516129032,0.0967741935483871,0.03529411764705882,0.009264811705444964,0.014267990074441683,0.07574806597576995
0.9688195991091314,0.9938702460850113,0.9470198675496688,0.959731543624161,0.9649609810479376,0.9688195991091314,0.34146341463414637,0.335149863760218,1.0,0.9523809523809523,0.0847457627118644,0.012448132780082987,0.006313550873928375,0.04761904761904767,0.11991667755082909
0.9517543859649122,0.9902562969509501,0.9133333333333333,0.9383561643835616,0.9449806949806949,0.9517543859649122,0.379746835443038,0.3183023872679045,1.0,0.925,0.07547169811320754,0.03501945525291829,0.061444448175133504,0.07499999999999996,0.11545224286028921
0.9782608695652174,0.9930634325102522,0.9533333333333334,0.9794520547945206,0.9750952875952876,0.9782608695652174,0.3375,0.3236842105263158,1.0,0.9747899159663865,0.0,0.02681992337164751,0.013815789473684226,0.025210084033613467,0.05203000740526098
