acc,auc,precision,recall,maf1,mif1,yp1.a1,yp1.a0,yp1.y1a1,yp1.y1a0,yp1.y0a1,yp1.y0a0,parity,equality,eq_odds
0.9593147751605996,0.9948864112666611,0.952054794520548,0.9205298013245033,0.9530998102426674,0.9593147751605996,0.32894736842105265,0.309462915601023,0.9583333333333334,0.9133858267716536,0.038461538461538464,0.01893939393939394,0.01948445282002964,0.044947506561679784,0.06446965108382431
0.9421841541755889,0.9800630914826498,0.9019607843137255,0.92,0.9340509328270388,0.9421841541755889,0.3181818181818182,0.32981530343007914,0.9230769230769231,0.9193548387096774,0.06451612903225806,0.043137254901960784,0.011633485248260966,0.003722084367245748,0.025100958497543027
0.9554565701559019,0.9936912751677853,0.9387755102040817,0.9261744966442953,0.9496049205351532,0.955456570155902,0.3048780487804878,0.33242506811989103,1.0,0.9126984126984127,0.03389830508474576,0.029045643153526972,0.027547019339403234,0.08730158730158732,0.09215424923280612
0.9451754385964912,0.980755634114008,0.9115646258503401,0.9178082191780822,0.9371440228928085,0.9451754385964912,0.31645569620253167,0.32360742705570295,0.9230769230769231,0.9166666666666666,0.018867924528301886,0.04669260700389105,0.007151730853171279,0.0064102564102564985,0.03423493888584567
0.9586956521739131,0.9844472559113515,0.9205298013245033,0.952054794520548,0.9527646718657955,0.9586956521739131,0.325,0.32894736842105265,0.9259259259259259,0.957983193277311,0.018867924528301886,0.0421455938697318,0.003947368421052644,0.03205726735138503,0.055334936692814946
