acc,auc,precision,recall,maf1,mif1,yp1.a1,yp1.a0,yp1.y1a1,yp1.y1a0,yp1.y0a1,yp1.y0a0,parity,equality,eq_odds
0.993576017130621,0.999874256014754,0.9933333333333333,0.9867549668874173,0.9926469430492355,0.9935760171306209,0.3026315789473684,0.3248081841432225,0.9583333333333334,0.9921259842519685,0.0,0.003787878787878788,0.02217660519585407,0.03379265091863515,0.03758052970651393
0.9892933618843683,0.9999579390115668,0.967741935483871,1.0,0.9878287158904324,0.9892933618843683,0.29545454545454547,0.3403693931398417,1.0,1.0,0.0,0.0196078431372549,0.044914847685296244,0.0,0.0196078431372549
1.0,1.0,1.0,1.0,1.0,1.0,0.2804878048780488,0.34332425068119893,1.0,1.0,0.0,0.0,0.06283644580315012,0.0,0.0
0.9978070175438596,1.0,0.9931972789115646,1.0,0.9974857609157124,0.9978070175438597,0.3291139240506329,0.3209549071618037,1.0,1.0,0.0,0.0038910505836575876,0.008159016888829196,0.0,0.0038910505836575876
0.9826086956521739,0.9994328592618446,0.9539473684210527,0.9931506849315068,0.9801463130408511,0.9826086956521739,0.3375,0.32894736842105265,1.0,0.9915966386554622,0.0,0.02681992337164751,0.008552631578947367,0.008403361344537785,0.0352232847161853
