acc,auc,precision,recall,maf1,mif1,yp1.a1,yp1.a0,yp1.y1a1,yp1.y1a0,yp1.y0a1,yp1.y0a0,parity,equality,eq_odds
0.987152034261242,0.99888926146366,0.967741935483871,0.9933774834437086,0.9854190083676783,0.987152034261242,0.32894736842105265,0.33248081841432225,1.0,0.9921259842519685,0.019230769230769232,0.015151515151515152,0.0035334499932695995,0.007874015748031482,0.011953269827285562
0.9785867237687367,0.9967402733964248,0.9666666666666667,0.9666666666666667,0.975446898002103,0.9785867237687366,0.3068181818181818,0.3245382585751979,0.9230769230769231,0.9758064516129032,0.04838709677419355,0.00784313725490196,0.01772007675701609,0.05272952853598012,0.0932734880552717
0.977728285077951,0.9980089485458613,0.9727891156462585,0.959731543624161,0.9748024602675767,0.977728285077951,0.2926829268292683,0.335149863760218,0.9565217391304348,0.9603174603174603,0.03389830508474576,0.008298755186721992,0.04246693693094972,0.003795721187025536,0.02939527108504931
0.9736842105263157,0.9979452054794521,0.9407894736842105,0.9794520547945206,0.9700937848413964,0.9736842105263158,0.35443037974683544,0.32891246684350134,0.9615384615384616,0.9833333333333333,0.05660377358490566,0.023346303501945526,0.025517912903334106,0.021794871794871717,0.055052341877831854
0.9717391304347827,0.9940668353546811,0.9463087248322147,0.9657534246575342,0.9675661016949153,0.9717391304347827,0.3375,0.32105263157894737,0.9629629629629629,0.9663865546218487,0.018867924528301886,0.02681992337164751,0.016447368421052655,0.0034235916588858384,0.011375590502231463
