acc,auc,precision,recall,maf1,mif1,yp1.a1,yp1.a0,yp1.y1a1,yp1.y1a0,yp1.y0a1,yp1.y0a0,parity,equality,eq_odds
0.974304068522484,0.9934403554363316,0.9602649006622517,0.9602649006622517,0.97063877944505,0.974304068522484,0.3157894736842105,0.3248081841432225,1.0,0.952755905511811,0.0,0.022727272727272728,0.00901871045901198,0.047244094488189003,0.06997136721546174
0.9571734475374732,0.9895688748685594,0.90625,0.9666666666666667,0.95171629445823,0.9571734475374732,0.29545454545454547,0.35356200527704484,1.0,0.9596774193548387,0.0,0.058823529411764705,0.058107459822499374,0.040322580645161255,0.09914611005692596
0.9576837416481069,0.9947203579418344,0.9642857142857143,0.9060402684563759,0.9515286844961108,0.9576837416481069,0.2804878048780488,0.3188010899182561,1.0,0.8888888888888888,0.0,0.02074688796680498,0.03831328504020731,0.11111111111111116,0.13185799907791615
0.9495614035087718,0.9857048166151127,0.9300699300699301,0.910958904109589,0.9417485434358807,0.9495614035087719,0.3291139240506329,0.3103448275862069,1.0,0.8916666666666667,0.0,0.038910505836575876,0.018769096464425983,0.10833333333333328,0.14724383916990916
0.9586956521739131,0.9936305732484076,0.9379310344827586,0.9315068493150684,0.9522506132572839,0.9586956521739131,0.3375,0.3105263157894737,1.0,0.9159663865546218,0.0,0.034482758620689655,0.026973684210526316,0.08403361344537819,0.11851637206606784
