acc,auc,precision,recall,maf1,mif1,yp1.a1,yp1.a0,yp1.y1a1,yp1.y1a0,yp1.y0a1,yp1.y0a0,parity,equality,eq_odds
0.9957173447537474,0.9999371280073769,0.9933774834437086,0.9933774834437086,0.9951064632408416,0.9957173447537473,0.32894736842105265,0.32225063938618925,1.0,0.9921259842519685,0.019230769230769232,0.0,0.006696729034863402,0.007874015748031482,0.027104784978800714
0.9957173447537474,1.0,0.9868421052631579,1.0,0.9951064632408416,0.9957173447537473,0.3181818181818182,0.32717678100263853,1.0,1.0,0.03225806451612903,0.0,0.008994962820820351,0.0,0.03225806451612903
1.0,1.0,1.0,1.0,1.0,1.0,0.2804878048780488,0.34332425068119893,1.0,1.0,0.0,0.0,0.06283644580315012,0.0,0.0
0.9978070175438596,0.9999558108705259,1.0,0.9931506849315068,0.9974766339625147,0.9978070175438597,0.3291139240506329,0.3156498673740053,1.0,0.9916666666666667,0.0,0.0,0.01346405667662759,0.008333333333333304,0.008333333333333304
0.9934782608695653,0.9999563737893726,0.9798657718120806,1.0,0.9925152542372881,0.9934782608695653,0.35,0.31842105263157894,1.0,1.0,0.018867924528301886,0.007662835249042145,0.03157894736842104,0.0,0.011205089279259742
