acc,auc,precision,recall,maf1,mif1,yp1.a1,yp1.a0,yp1.y1a1,yp1.y1a0,yp1.y0a1,yp1.y0a0,parity,equality,eq_odds
0.9079229122055675,0.9583787408835611,0.8214285714285714,0.9139072847682119,0.897642531284247,0.9079229122055675,0.34210526315789475,0.3631713554987212,0.875,0.9212598425196851,0.09615384615384616,0.0946969696969697,0.02106609234082646,0.04625984251968507,0.04771671897656153
0.8865096359743041,0.9570347003154573,0.8211920529801324,0.8266666666666667,0.8700959938698283,0.8865096359743041,0.2727272727272727,0.33509234828496043,0.8846153846153846,0.8145161290322581,0.016129032258064516,0.10196078431372549,0.06236507555768772,0.07009925558312646,0.15593100763878742
0.8975501113585745,0.958903803131991,0.8456375838926175,0.8456375838926175,0.8844854586129753,0.8975501113585747,0.2926829268292683,0.3405994550408719,0.9130434782608695,0.8333333333333334,0.05084745762711865,0.08298755186721991,0.04791652821160364,0.07971014492753614,0.11185023916763741
0.9122807017543859,0.9722713212549713,0.823170731707317,0.9246575342465754,0.9022612796056158,0.9122807017543859,0.3670886075949367,0.35809018567639256,0.9615384615384616,0.9166666666666666,0.07547169811320754,0.09727626459143969,0.008998421918544164,0.044871794871794934,0.06667636135002708
0.8934782608695653,0.9468632754558939,0.825503355704698,0.8424657534246576,0.877749152542373,0.8934782608695652,0.325,0.3236842105263158,0.9259259259259259,0.8235294117647058,0.018867924528301886,0.09578544061302682,0.0013157894736842146,0.10239651416122009,0.17931403024594503
