acc,auc,precision,recall,maf1,mif1,yp1.a1,yp1.a0,yp1.y1a1,yp1.y1a0,yp1.y0a1,yp1.y0a0,parity,equality,eq_odds
0.9571734475374732,0.991554195657641,0.9337748344370861,0.9337748344370861,0.9510646324084164,0.9571734475374732,0.3157894736842105,0.3248081841432225,0.9583333333333334,0.9291338582677166,0.019230769230769232,0.03409090909090909,0.00901871045901198,0.02919947506561682,0.04405961492575668
0.9379014989293363,0.9774763406940064,0.9060402684563759,0.9,0.9286703710531167,0.9379014989293362,0.29545454545454547,0.3245382585751979,0.9230769230769231,0.8951612903225806,0.03225806451612903,0.047058823529411764,0.029083713120652444,0.0279156327543425,0.042716391767625234
0.953229398663697,0.9859955257270694,0.9507042253521126,0.9060402684563759,0.9466193379642998,0.9532293986636972,0.2926829268292683,0.3215258855585831,1.0,0.8888888888888888,0.01694915254237288,0.024896265560165973,0.028842958729314805,0.11111111111111116,0.11905822412890425
0.9495614035087718,0.9805346884666372,0.9241379310344827,0.9178082191780822,0.9419625811378389,0.9495614035087719,0.3291139240506329,0.3156498673740053,0.9615384615384616,0.9083333333333333,0.018867924528301886,0.038910505836575876,0.01346405667662759,0.05320512820512824,0.07324770951340223
0.9369565217391305,0.9861268650205044,0.8823529411764706,0.9246575342465754,0.9281555803294934,0.9369565217391305,0.325,0.33421052631578946,0.9259259259259259,0.9243697478991597,0.018867924528301886,0.06513409961685823,0.009210526315789447,0.0015561780267662195,0.04782235311532257
