acc,auc,precision,recall,maf1,mif1,yp1.a1,yp1.a0,yp1.y1a1,yp1.y1a0,yp1.y0a1,yp1.y0a0,parity,equality,eq_odds
0.9229122055674519,0.9732584458043423,0.9197080291970803,0.8344370860927153,0.9096362229102168,0.9229122055674518,0.27631578947368424,0.2966751918158568,0.8333333333333334,0.8346456692913385,0.019230769230769232,0.03787878787878788,0.02035940234217254,0.001312335958005173,0.01996035460602382
0.9250535331905783,0.9721345951629863,0.896551724137931,0.8666666666666667,0.9132914246306465,0.9250535331905781,0.26136363636363635,0.32189973614775724,0.8461538461538461,0.8709677419354839,0.016129032258064516,0.054901960784313725,0.06053609978412089,0.02481389578163773,0.06358682430788694
0.9220489977728284,0.9778523489932885,0.9130434782608695,0.8456375838926175,0.9103828190491396,0.9220489977728284,0.3170731707317073,0.30517711171662126,0.9565217391304348,0.8253968253968254,0.06779661016949153,0.03319502074688797,0.011896059015086058,0.13112491373360946,0.165726503156213
0.9100877192982456,0.9629916040653999,0.8888888888888888,0.821917808219178,0.8945581492405998,0.9100877192982456,0.27848101265822783,0.29973474801061006,0.8076923076923077,0.825,0.018867924528301886,0.054474708171206226,0.02125373535238223,0.017307692307692246,0.05291447595059659
0.9152173913043479,0.9733661984120059,0.8639455782312925,0.8698630136986302,0.9023466205072097,0.9152173913043479,0.3,0.3236842105263158,0.7777777777777778,0.8907563025210085,0.05660377358490566,0.06513409961685823,0.023684210526315808,0.11297852474323067,0.12150885077518324
