acc,auc,precision,recall,maf1,mif1,yp1.a1,yp1.a0,yp1.y1a1,yp1.y1a0,yp1.y0a1,yp1.y0a0,parity,equality,eq_odds
0.9336188436830836,0.9808240422499791,0.9285714285714286,0.8609271523178808,0.9226296409121761,0.9336188436830836,0.32894736842105265,0.29411764705882354,0.9166666666666666,0.8503937007874016,0.057692307692307696,0.026515151515151516,0.034829721362229116,0.06627296587926501,0.09745012205642119
0.9336188436830836,0.9675920084121977,0.9047619047619048,0.8866666666666667,0.9234786377643521,0.9336188436830836,0.2840909090909091,0.32189973614775724,0.8846153846153846,0.8870967741935484,0.03225806451612903,0.047058823529411764,0.03780882705684813,0.002481389578163795,0.017282148591446528
0.9398663697104677,0.9856152125279642,0.9420289855072463,0.87248322147651,0.9308667461236222,0.9398663697104677,0.2804878048780488,0.3133514986376022,0.9565217391304348,0.8571428571428571,0.01694915254237288,0.029045643153526972,0.03286369375955339,0.09937888198757772,0.1114753725987318
0.9298245614035088,0.978391515687141,0.8904109589041096,0.8904109589041096,0.9193990278391515,0.9298245614035088,0.34177215189873417,0.3156498673740053,0.8846153846153846,0.8916666666666667,0.07547169811320754,0.04669260700389105,0.026122284524728867,0.007051282051282137,0.03583037316059863
0.9434782608695652,0.9747840502573947,0.9054054054054054,0.9178082191780822,0.9350155397622308,0.9434782608695652,0.3375,0.31842105263157894,0.9259259259259259,0.9159663865546218,0.03773584905660377,0.04597701149425287,0.019078947368421084,0.009959539371304116,0.018200701808953217
