acc,auc,precision,recall,maf1,mif1,yp1.a1,yp1.a0,yp1.y1a1,yp1.y1a0,yp1.y0a1,yp1.y0a0,parity,equality,eq_odds
0.9721627408993576,0.9883896386956157,0.93125,0.9867549668874173,0.9686662916187104,0.9721627408993576,0.34210526315789475,0.34271099744245526,1.0,0.984251968503937,0.038461538461538464,0.03409090909090909,0.0006057342845605107,0.015748031496062964,0.02011866086669234
0.9700214132762314,0.9954994742376446,0.9722222222222222,0.9333333333333333,0.9652529761904762,0.9700214132762313,0.22727272727272727,0.32717678100263853,0.7692307692307693,0.967741935483871,0.0,0.01568627450980392,0.09990405372991126,0.19851116625310172,0.21419744076290564
0.9732739420935411,0.9911856823266219,0.9477124183006536,0.9731543624161074,0.9700653362371661,0.9732739420935412,0.3048780487804878,0.34877384196185285,1.0,0.9682539682539683,0.03389830508474576,0.024896265560165973,0.04389579318136505,0.031746031746031744,0.04074807127061153
0.9605263157894737,0.9921785240830755,0.9155844155844156,0.9657534246575342,0.9552941176470588,0.9605263157894737,0.31645569620253167,0.3421750663129973,0.8846153846153846,0.9833333333333333,0.03773584905660377,0.042801556420233464,0.025719370110465656,0.0987179487179487,0.10378365608157838
0.9608695652173913,0.9923872262455283,0.9155844155844156,0.9657534246575342,0.9554838709677419,0.9608695652173913,0.35,0.33157894736842103,0.9259259259259259,0.9747899159663865,0.05660377358490566,0.038314176245210725,0.01842105263157895,0.0488639900404606,0.06715358738015553
