acc,auc,precision,recall,maf1,mif1,yp1.a1,yp1.a0,yp1.y1a1,yp1.y1a0,yp1.y0a1,yp1.y0a0,parity,equality,eq_odds
0.961456102783726,0.994697795288792,0.9403973509933775,0.9403973509933775,0.9559581691675748,0.9614561027837258,0.3157894736842105,0.3248081841432225,0.9583333333333334,0.937007874015748,0.019230769230769232,0.030303030303030304,0.00901871045901198,0.021325459317585338,0.03239772038984641
0.955032119914347,0.9852786540483701,0.910828025477707,0.9533333333333334,0.9490516341193522,0.9550321199143469,0.3181818181818182,0.3403693931398417,0.9230769230769231,0.9596774193548387,0.06451612903225806,0.0392156862745098,0.022187574958023537,0.03660049627791562,0.06190093903566388
0.9643652561247216,0.9922147651006711,0.9523809523809523,0.9395973154362416,0.9596839364281224,0.9643652561247216,0.2926829268292683,0.335149863760218,0.9565217391304348,0.9365079365079365,0.03389830508474576,0.02074688796680498,0.04246693693094972,0.0200138026224983,0.03316521974043908
0.9495614035087718,0.9889969067609368,0.9241379310344827,0.9178082191780822,0.9419625811378389,0.9495614035087719,0.34177215189873417,0.3129973474801061,0.9615384615384616,0.9083333333333333,0.03773584905660377,0.03501945525291829,0.028774804418628064,0.05320512820512824,0.05592152200881372
0.9630434782608696,0.990336794346043,0.9271523178807947,0.958904109589041,0.9577368116693958,0.9630434782608696,0.3375,0.3263157894736842,0.9629629629629629,0.957983193277311,0.018867924528301886,0.038314176245210725,0.011184210526315796,0.004979769685651947,0.024426021402560786
