acc,auc,precision,recall,maf1,mif1,yp1.a1,yp1.a0,yp1.y1a1,yp1.y1a0,yp1.y0a1,yp1.y0a0,parity,equality,eq_odds
0.9657387580299787,0.9949702405901585,0.9354838709677419,0.9602649006622517,0.9611173556471422,0.9657387580299786,0.3157894736842105,0.3350383631713555,1.0,0.952755905511811,0.0,0.03787878787878788,0.019248889487144982,0.047244094488189003,0.08512288236697688
0.9593147751605996,0.9899684542586751,0.9119496855345912,0.9666666666666667,0.9540556634304207,0.9593147751605996,0.29545454545454547,0.35092348284960423,1.0,0.9596774193548387,0.0,0.054901960784313725,0.05546893739505876,0.040322580645161255,0.09522454142947498
0.9688195991091314,0.993847874720358,0.9591836734693877,0.9463087248322147,0.9647234443746071,0.9688195991091314,0.2804878048780488,0.33787465940054495,1.0,0.9365079365079365,0.0,0.024896265560165973,0.057386854522496145,0.06349206349206349,0.08838832905222946
0.9517543859649122,0.9871409633230226,0.918918918918919,0.9315068493150684,0.9447856812627964,0.9517543859649122,0.3291139240506329,0.32360742705570295,1.0,0.9166666666666666,0.0,0.04669260700389105,0.005506496994929944,0.08333333333333337,0.13002594033722442
0.9608695652173913,0.986803071285228,0.9210526315789473,0.958904109589041,0.955329204341915,0.9608695652173913,0.3375,0.32894736842105265,1.0,0.9495798319327731,0.0,0.04597701149425287,0.008552631578947367,0.050420168067226934,0.0963971795614798
