acc,auc,precision,recall,maf1,mif1,yp1.a1,yp1.a0,yp1.y1a1,yp1.y1a0,yp1.y0a1,yp1.y0a0,parity,equality,eq_odds
0.967880085653105,0.9897937798641966,0.9415584415584416,0.9602649006622517,0.9634861476712971,0.9678800856531049,0.3157894736842105,0.33248081841432225,1.0,0.952755905511811,0.0,0.03409090909090909,0.016691344730111746,0.047244094488189003,0.08133500357909809
0.9400428265524626,0.9797266035751839,0.8765432098765432,0.9466666666666667,0.9326201665429961,0.9400428265524625,0.3181818181818182,0.35356200527704484,0.9230769230769231,0.9516129032258065,0.06451612903225806,0.06274509803921569,0.03538018709522667,0.028535980148883366,0.030307011141925744
0.9576837416481069,0.9941834451901566,0.9333333333333333,0.9395973154362416,0.9523676584720353,0.9576837416481069,0.3048780487804878,0.3405994550408719,1.0,0.9285714285714286,0.03389830508474576,0.03319502074688797,0.035721406260384114,0.0714285714285714,0.07213185576642919
0.9517543859649122,0.9865002209456474,0.9305555555555556,0.9178082191780822,0.9443840780574343,0.9517543859649122,0.34177215189873417,0.3103448275862069,0.9615384615384616,0.9083333333333333,0.03773584905660377,0.0311284046692607,0.03142732431252726,0.05320512820512824,0.05981257259247131
0.9478260869565217,0.9873047727074427,0.9121621621621622,0.9246575342465754,0.9400143443959053,0.9478260869565217,0.3375,0.31842105263157894,0.9259259259259259,0.9243697478991597,0.03773584905660377,0.0421455938697318,0.019078947368421084,0.0015561780267662195,0.00596592283989425
