acc,auc,precision,recall,maf1,mif1,yp1.a1,yp1.a0,yp1.y1a1,yp1.y1a0,yp1.y0a1,yp1.y0a0,parity,equality,eq_odds
0.9571734475374732,0.9919942996060022,0.9517241379310345,0.9139072847682119,0.9505422350249937,0.9571734475374732,0.3026315789473684,0.31202046035805625,0.875,0.9212598425196851,0.038461538461538464,0.01893939393939394,0.009388881410687833,0.04625984251968507,0.0657819870418296
0.9400428265524626,0.977981072555205,0.8910256410256411,0.9266666666666666,0.9319553723824987,0.9400428265524625,0.3181818181818182,0.33773087071240104,0.9230769230769231,0.9274193548387096,0.06451612903225806,0.050980392156862744,0.019549052530582867,0.004342431761786503,0.01787816863718182
0.9554565701559019,0.9915212527964206,0.9328859060402684,0.9328859060402684,0.9497762863534676,0.955456570155902,0.3048780487804878,0.33787465940054495,1.0,0.9206349206349206,0.03389830508474576,0.03319502074688797,0.032996610620057154,0.07936507936507942,0.08006836370293721
0.9407894736842105,0.9804463102076888,0.8940397350993378,0.9246575342465754,0.9325942350332594,0.9407894736842105,0.34177215189873417,0.32891246684350134,0.9230769230769231,0.925,0.05660377358490566,0.05058365758754864,0.012859685055232828,0.0019230769230769162,0.007943192920433939
0.9565217391304348,0.9821786929587297,0.92,0.9452054794520548,0.9501905751905753,0.9565217391304348,0.325,0.3263157894736842,0.9259259259259259,0.9495798319327731,0.018867924528301886,0.0421455938697318,0.0013157894736842146,0.023653906006847136,0.04693157534827705
