acc,auc,precision,recall,maf1,mif1,yp1.a1,yp1.a0,yp1.y1a1,yp1.y1a0,yp1.y0a1,yp1.y0a0,parity,equality,eq_odds
0.9957173447537474,0.9997275546986335,0.9869281045751634,1.0,0.9951232247284879,0.9957173447537473,0.3157894736842105,0.329923273657289,1.0,1.0,0.0,0.007575757575757576,0.014133799973078509,0.0,0.007575757575757576
0.9978586723768738,0.9998948475289169,1.0,0.9933333333333333,0.9975403576225212,0.9978586723768736,0.29545454545454547,0.3245382585751979,1.0,0.9919354838709677,0.0,0.0,0.029083713120652444,0.008064516129032251,0.008064516129032251
0.997772828507795,0.9999776286353468,1.0,0.9932885906040269,0.9974845515610906,0.9977728285077951,0.2804878048780488,0.3405994550408719,1.0,0.9920634920634921,0.0,0.0,0.060111650162823105,0.007936507936507908,0.007936507936507908
1.0,1.0,1.0,1.0,1.0,1.0,0.3291139240506329,0.3183023872679045,1.0,1.0,0.0,0.0,0.010811536782728393,0.0,0.0
0.9978260869565218,0.9999127475787453,0.9931972789115646,1.0,0.9974960671924926,0.9978260869565218,0.3375,0.3157894736842105,1.0,1.0,0.0,0.0038314176245210726,0.021710526315789513,0.0,0.0038314176245210726
