acc,auc,precision,recall,maf1,mif1,yp1.a1,yp1.a0,yp1.y1a1,yp1.y1a0,yp1.y0a1,yp1.y0a0,parity,equality,eq_odds
0.9721627408993576,0.9938595020538185,0.9423076923076923,0.9735099337748344,0.9684605354072181,0.9721627408993576,0.32894736842105265,0.3350383631713555,0.9583333333333334,0.9763779527559056,0.038461538461538464,0.026515151515151516,0.006090994750302836,0.018044619422572183,0.02999100636895913
0.9571734475374732,0.9847318611987382,0.9113924050632911,0.96,0.9515580266378989,0.9571734475374732,0.3181818181818182,0.34300791556728233,0.9615384615384616,0.9596774193548387,0.04838709677419355,0.043137254901960784,0.024826097385464152,0.0018610421836228186,0.007110884055855582
0.9576837416481069,0.9910514541387024,0.9276315789473685,0.9463087248322147,0.9525256403835345,0.9576837416481069,0.3170731707317073,0.34332425068119893,0.9565217391304348,0.9444444444444444,0.06779661016949153,0.029045643153526972,0.026251079949491607,0.012077294685990392,0.050828261701954945
0.956140350877193,0.988179407865665,0.9090909090909091,0.958904109589041,0.9503267973856209,0.956140350877193,0.379746835443038,0.32891246684350134,1.0,0.95,0.07547169811320754,0.038910505836575876,0.05083436859953666,0.050000000000000044,0.08656119227663171
0.9586956521739131,0.9878937265509118,0.89937106918239,0.9794520547945206,0.9534053045448487,0.9586956521739131,0.4,0.33421052631578946,1.0,0.9747899159663865,0.09433962264150944,0.0421455938697318,0.06578947368421056,0.025210084033613467,0.07740411280539111
