acc,auc,precision,recall,maf1,mif1,yp1.a1,yp1.a0,yp1.y1a1,yp1.y1a0,yp1.y0a1,yp1.y0a0,parity,equality,eq_odds
0.9443254817987152,0.9857909296671976,0.9370629370629371,0.8874172185430463,0.9354698129251701,0.9443254817987152,0.3026315789473684,0.3069053708439898,0.8333333333333334,0.8976377952755905,0.057692307692307696,0.022727272727272728,0.0042737918966213595,0.06430446194225714,0.09926949690729212
0.9357601713062099,0.9768874868559411,0.9,0.9,0.926340694006309,0.9357601713062098,0.3181818181818182,0.32189973614775724,0.9230769230769231,0.8951612903225806,0.06451612903225806,0.043137254901960784,0.003717917965939066,0.0279156327543425,0.04929450688463978
0.9398663697104677,0.9907382550335571,0.9621212121212122,0.8523489932885906,0.9300772305438437,0.9398663697104677,0.25609756097560976,0.3024523160762943,0.9130434782608695,0.8412698412698413,0.0,0.02074688796680498,0.04635475510068454,0.07177363699102823,0.09252052495783321
0.9232456140350876,0.9693106495802033,0.8992805755395683,0.8561643835616438,0.9106858054226474,0.9232456140350878,0.3037974683544304,0.3050397877984085,0.8846153846153846,0.85,0.018867924528301886,0.05058365758754864,0.0012423194439781238,0.0346153846153846,0.06633111767463136
0.932608695652174,0.9790812320041881,0.9078014184397163,0.8767123287671232,0.9215064594789482,0.9326086956521739,0.3,0.3078947368421053,0.8518518518518519,0.8823529411764706,0.018867924528301886,0.04597701149425287,0.007894736842105288,0.030501089324618702,0.05761017629056969
