acc,auc,precision,recall,maf1,mif1,yp1.a1,yp1.a0,yp1.y1a1,yp1.y1a0,yp1.y0a1,yp1.y0a0,parity,equality,eq_odds
0.8779443254817988,0.9323287786067567,0.8092105263157895,0.8145695364238411,0.8607741915237483,0.8779443254817988,0.13157894736842105,0.3631713554987212,0.3333333333333333,0.905511811023622,0.038461538461538464,0.10227272727272728,0.23159240813030016,0.5721784776902887,0.6359896665014776
0.8436830835117773,0.9155415352260777,0.7361963190184049,0.8,0.824610413997829,0.8436830835117773,0.10227272727272728,0.40633245382585753,0.23076923076923078,0.9193548387096774,0.04838709677419355,0.1568627450980392,0.30405972655313024,0.6885856079404467,0.7970612562642924
0.888641425389755,0.9520581655480984,0.8278145695364238,0.8389261744966443,0.874860646599777,0.888641425389755,0.15853658536585366,0.3760217983651226,0.4782608695652174,0.9047619047619048,0.03389830508474576,0.0995850622406639,0.21748521299926896,0.42650103519668736,0.49218779235260546
0.8552631578947368,0.9156208572691118,0.7469135802469136,0.8287671232876712,0.8382213812677388,0.8552631578947367,0.16455696202531644,0.3952254641909814,0.4230769230769231,0.9166666666666666,0.03773584905660377,0.1517509727626459,0.23066850216566498,0.49358974358974356,0.6076048672957857
0.8543478260869566,0.9326629438966931,0.7283236994219653,0.863013698630137,0.8392438934064961,0.8543478260869565,0.2875,0.39473684210526316,0.6296296296296297,0.9159663865546218,0.11320754716981132,0.15708812260536398,0.10723684210526319,0.28633675692499216,0.33021733236054485
