acc,auc,precision,recall,maf1,mif1,yp1.a1,yp1.a0,yp1.y1a1,yp1.y1a0,yp1.y0a1,yp1.y0a0,parity,equality,eq_odds
0.9978586723768738,1.0,1.0,0.9933774834437086,0.9975489810164119,0.9978586723768736,0.3157894736842105,0.32225063938618925,1.0,0.9921259842519685,0.0,0.0,0.006461165701978744,0.007874015748031482,0.007874015748031482
1.0,1.0,1.0,1.0,1.0,1.0,0.29545454545454547,0.32717678100263853,1.0,1.0,0.0,0.0,0.03172223554809306,0.0,0.0
1.0,1.0,1.0,1.0,1.0,1.0,0.2804878048780488,0.34332425068119893,1.0,1.0,0.0,0.0,0.06283644580315012,0.0,0.0
1.0,1.0,1.0,1.0,1.0,1.0,0.3291139240506329,0.3183023872679045,1.0,1.0,0.0,0.0,0.010811536782728393,0.0,0.0
0.9978260869565218,1.0,0.9931972789115646,1.0,0.9974960671924926,0.9978260869565218,0.35,0.3131578947368421,1.0,1.0,0.018867924528301886,0.0,0.0368421052631579,0.0,0.018867924528301886
