acc,auc,precision,recall,maf1,mif1,yp1.a1,yp1.a0,yp1.y1a1,yp1.y1a0,yp1.y0a1,yp1.y0a0,parity,equality,eq_odds
0.9978586723768738,0.9999580853382513,0.993421052631579,1.0,0.997557441956557,0.9978586723768736,0.32894736842105265,0.3248081841432225,1.0,1.0,0.019230769230769232,0.0,0.004139184277830166,0.0,0.019230769230769232
0.9892933618843683,0.9966351209253417,0.9738562091503268,0.9933333333333333,0.9877872097827849,0.9892933618843683,0.3181818181818182,0.32981530343007914,1.0,0.9919354838709677,0.03225806451612903,0.00784313725490196,0.011633485248260966,0.008064516129032251,0.03247944339025932
0.9933184855233853,0.9998657718120806,0.9932432432432432,0.9865771812080537,0.9924536546832718,0.9933184855233853,0.2926829268292683,0.33787465940054495,1.0,0.9841269841269841,0.01694915254237288,0.0,0.04519173257127668,0.015873015873015928,0.032822168415388805
0.9912280701754386,0.9998453380468404,0.9863013698630136,0.9863013698630136,0.989924878479894,0.9912280701754386,0.35443037974683544,0.3129973474801061,1.0,0.9833333333333333,0.03773584905660377,0.0,0.04143303226672934,0.01666666666666672,0.05440251572327049
0.991304347826087,0.999803682052177,0.9733333333333334,1.0,0.990038115038115,0.991304347826087,0.3625,0.31842105263157894,1.0,1.0,0.03773584905660377,0.007662835249042145,0.04407894736842105,0.0,0.030073013807561628
