acc,auc,precision,recall,maf1,mif1,yp1.a1,yp1.a0,yp1.y1a1,yp1.y1a0,yp1.y0a1,yp1.y0a0,parity,equality,eq_odds
0.9464668094218416,0.9848059351161036,0.9315068493150684,0.9006622516556292,0.9382892240035098,0.9464668094218416,0.2894736842105263,0.3171355498721228,0.875,0.905511811023622,0.019230769230769232,0.03409090909090909,0.027661865661596452,0.030511811023621993,0.04537195088376185
0.9271948608137045,0.9693375394321767,0.8972602739726028,0.8733333333333333,0.9159217995424893,0.9271948608137046,0.29545454545454547,0.316622691292876,0.9230769230769231,0.8629032258064516,0.03225806451612903,0.050980392156862744,0.021168145838330543,0.060173697270471505,0.07889602491120522
0.9376391982182628,0.9878523489932887,0.9481481481481482,0.8590604026845637,0.9279029224205165,0.9376391982182628,0.2804878048780488,0.30517711171662126,0.9565217391304348,0.8412698412698413,0.01694915254237288,0.024896265560165973,0.024689306838572456,0.11525189786059353,0.12319901087838663
0.9320175438596491,0.9808882015024303,0.9197080291970803,0.863013698630137,0.9205873926306269,0.9320175438596491,0.2911392405063291,0.30238726790450926,0.8076923076923077,0.875,0.03773584905660377,0.03501945525291829,0.01124802739818015,0.06730769230769229,0.07002408611137778
0.9369565217391305,0.9741078439926708,0.903448275862069,0.8972602739726028,0.9271193570769072,0.9369565217391305,0.325,0.3131578947368421,0.8888888888888888,0.8991596638655462,0.03773584905660377,0.04597701149425287,0.011842105263157932,0.010270774976657404,0.018511937414306505
