acc,auc,precision,recall,maf1,mif1,yp1.a1,yp1.a0,yp1.y1a1,yp1.y1a0,yp1.y0a1,yp1.y0a0,parity,equality,eq_odds
0.9593147751605996,0.9836113672562662,0.952054794520548,0.9205298013245033,0.9530998102426674,0.9593147751605996,0.3157894736842105,0.31202046035805625,1.0,0.905511811023622,0.0,0.026515151515151516,0.003769013326154258,0.09448818897637801,0.12100334049152953
0.9507494646680943,0.9825657202944269,0.8944099378881988,0.96,0.9445634390177184,0.9507494646680942,0.3068181818181818,0.35356200527704484,0.9615384615384616,0.9596774193548387,0.03225806451612903,0.058823529411764705,0.04674382345886302,0.0018610421836228186,0.028426507079258492
0.9510022271714922,0.9906040268456375,0.9703703703703703,0.8791946308724832,0.9433522961875487,0.9510022271714922,0.3048780487804878,0.2997275204359673,1.0,0.8571428571428571,0.03389830508474576,0.008298755186721992,0.005150528344520511,0.1428571428571429,0.16845669275516667
0.956140350877193,0.9865885992045956,0.9436619718309859,0.9178082191780822,0.9492521367521368,0.956140350877193,0.3291139240506329,0.3076923076923077,0.9615384615384616,0.9083333333333333,0.018867924528301886,0.027237354085603113,0.02142161635832518,0.05320512820512824,0.06157455776242947
0.9543478260869566,0.9902495419247884,0.9251700680272109,0.9315068493150684,0.9474174110423437,0.9543478260869566,0.3375,0.3157894736842105,0.9259259259259259,0.9327731092436975,0.03773584905660377,0.034482758620689655,0.021710526315789513,0.006847183317771566,0.010100273753685683
