acc,auc,precision,recall,maf1,mif1,yp1.a1,yp1.a0,yp1.y1a1,yp1.y1a0,yp1.y0a1,yp1.y0a0,parity,equality,eq_odds
0.9143468950749465,0.970953139408165,0.8627450980392157,0.8741721854304636,0.9024644945697577,0.9143468950749465,0.32894736842105265,0.3273657289002558,0.875,0.8740157480314961,0.07692307692307693,0.06439393939393939,0.0015816395207968736,0.0009842519685039353,0.01351338949764147
0.9057815845824412,0.9638696109358569,0.8533333333333334,0.8533333333333334,0.8919663512092535,0.9057815845824411,0.29545454545454547,0.32717678100263853,0.8461538461538461,0.8548387096774194,0.06451612903225806,0.07058823529411765,0.03172223554809306,0.008684863523573227,0.01475696978543281
0.9064587973273942,0.9654362416107383,0.9083969465648855,0.7986577181208053,0.8910194174757282,0.9064587973273942,0.25609756097560976,0.2997275204359673,0.8260869565217391,0.7936507936507936,0.03389830508474576,0.04149377593360996,0.043629959460357526,0.03243616287094553,0.04003163371980972
0.9100877192982456,0.962129916040654,0.8671328671328671,0.8493150684931506,0.8961604469943958,0.9100877192982456,0.27848101265822783,0.3209549071618037,0.8076923076923077,0.8583333333333333,0.018867924528301886,0.07003891050583658,0.04247389450357586,0.05064102564102557,0.10181201161856027
0.9304347826086956,0.9739333391501613,0.88,0.9041095890410958,0.9203049203049203,0.9304347826086956,0.35,0.32105263157894737,0.9259259259259259,0.8991596638655462,0.05660377358490566,0.05747126436781609,0.02894736842105261,0.026766262060379686,0.027633752843290116
