acc,auc,precision,recall,maf1,mif1,yp1.a1,yp1.a0,yp1.y1a1,yp1.y1a0,yp1.y0a1,yp1.y0a0,parity,equality,eq_odds
0.961456102783726,0.9904853717830497,0.9523809523809523,0.9271523178807947,0.9556477143218943,0.9614561027837258,0.2894736842105263,0.319693094629156,0.9166666666666666,0.9291338582677166,0.0,0.026515151515151516,0.03021941041862969,0.01246719160104992,0.03898234311620144
0.9486081370449679,0.9850893796004206,0.89375,0.9533333333333334,0.9420595533498759,0.9486081370449678,0.32954545454545453,0.34564643799472294,0.9615384615384616,0.9516129032258065,0.06451612903225806,0.050980392156862744,0.016100983449268413,0.00992555831265507,0.023461295188050388
0.9487750556792872,0.9907158836689038,0.9565217391304348,0.8859060402684564,0.9411087096608632,0.9487750556792873,0.2926829268292683,0.3106267029972752,1.0,0.8650793650793651,0.01694915254237288,0.02074688796680498,0.01794377616800691,0.13492063492063489,0.13871837034506698
0.9407894736842105,0.9820371188687582,0.9219858156028369,0.8904109589041096,0.9313616724738676,0.9407894736842105,0.31645569620253167,0.3076923076923077,0.9230769230769231,0.8833333333333333,0.018867924528301886,0.038910505836575876,0.008763388510223957,0.039743589743589824,0.05978617105186382
0.9478260869565217,0.9847962655963703,0.9066666666666666,0.9315068493150684,0.9402286902286903,0.9478260869565217,0.3375,0.3236842105263158,0.9259259259259259,0.9327731092436975,0.03773584905660377,0.04597701149425287,0.013815789473684226,0.006847183317771566,0.015088345755420667
