acc,auc,precision,recall,maf1,mif1,yp1.a1,yp1.a0,yp1.y1a1,yp1.y1a0,yp1.y0a1,yp1.y0a0,parity,equality,eq_odds
0.9357601713062099,0.9782462905524352,0.9115646258503401,0.8874172185430463,0.926079523869824,0.9357601713062098,0.3157894736842105,0.3145780051150895,0.9166666666666666,0.8818897637795275,0.038461538461538464,0.041666666666666664,0.0012114685691210214,0.03477690288713908,0.037982031092267284
0.9314775160599572,0.9761303890641431,0.8831168831168831,0.9066666666666666,0.9219715956558061,0.9314775160599571,0.3181818181818182,0.3324538258575198,0.9230769230769231,0.9032258064516129,0.06451612903225806,0.054901960784313725,0.014272007675701637,0.01985111662531025,0.029465284873254588
0.9220489977728284,0.9798881431767338,0.9191176470588235,0.8389261744966443,0.910048367247646,0.9220489977728284,0.2926829268292683,0.30517711171662126,0.9130434782608695,0.8253968253968254,0.05084745762711865,0.03319502074688797,0.012494184887352988,0.08764665286404416,0.10529908974427485
0.9210526315789473,0.9718294299602298,0.8873239436619719,0.863013698630137,0.9086538461538463,0.9210526315789473,0.26582278481012656,0.3209549071618037,0.8076923076923077,0.875,0.0,0.0622568093385214,0.05513212235167714,0.06730769230769229,0.1295645016462137
0.9195652173913044,0.977292557368467,0.8562091503267973,0.8972602739726028,0.9083364300755605,0.9195652173913044,0.35,0.32894736842105265,0.8888888888888888,0.8991596638655462,0.07547169811320754,0.06896551724137931,0.021052631578947323,0.010270774976657404,0.01677695584848564
