acc,auc,precision,recall,maf1,mif1,yp1.a1,yp1.a0,yp1.y1a1,yp1.y1a0,yp1.y0a1,yp1.y0a0,parity,equality,eq_odds
0.9443254817987152,0.9854136977114595,0.9370629370629371,0.8874172185430463,0.9354698129251701,0.9443254817987152,0.32894736842105265,0.30179028132992325,0.9583333333333334,0.8740157480314961,0.038461538461538464,0.026515151515151516,0.027157087091129406,0.0843175853018373,0.09626397224822425
0.9271948608137045,0.9677181913774973,0.8972602739726028,0.8733333333333333,0.9159217995424893,0.9271948608137046,0.29545454545454547,0.316622691292876,0.8846153846153846,0.8709677419354839,0.04838709677419355,0.047058823529411764,0.021168145838330543,0.013647642679900707,0.01497591592468249
0.9465478841870824,0.9867785234899329,0.9562043795620438,0.8791946308724832,0.9384341149047032,0.9465478841870824,0.25609756097560976,0.31607629427792916,0.8695652173913043,0.8809523809523809,0.01694915254237288,0.02074688796680498,0.0599787333023194,0.011387163561076608,0.015184898985508705
0.9232456140350876,0.9684710561201945,0.8881118881118881,0.8698630136986302,0.9113564791415576,0.9232456140350878,0.31645569620253167,0.3129973474801061,0.8461538461538461,0.875,0.05660377358490566,0.05058365758754864,0.003458348722425564,0.028846153846153855,0.03486626984351088
0.9065217391304348,0.9639429369164995,0.8503401360544217,0.8561643835616438,0.89233088927718,0.9065217391304348,0.3375,0.3157894736842105,0.8148148148148148,0.865546218487395,0.09433962264150944,0.06513409961685823,0.021710526315789513,0.05073140367258022,0.07993692669723143
