acc,auc,precision,recall,maf1,mif1,yp1.a1,yp1.a0,yp1.y1a1,yp1.y1a0,yp1.y0a1,yp1.y0a0,parity,equality,eq_odds
0.987152034261242,0.9997904266912566,0.9738562091503268,0.9867549668874173,0.9853696741854636,0.987152034261242,0.34210526315789475,0.3248081841432225,0.9166666666666666,1.0,0.07692307692307693,0.0,0.017297079014672256,0.08333333333333337,0.1602564102564103
0.987152034261242,0.9966351209253417,0.9615384615384616,1.0,0.9854190083676783,0.987152034261242,0.3522727272727273,0.32981530343007914,1.0,1.0,0.08064516129032258,0.00392156862745098,0.02245742384264815,0.0,0.0767235926628716
0.997772828507795,0.9999776286353468,0.9933333333333333,1.0,0.997493034656423,0.9977728285077951,0.2926829268292683,0.34332425068119893,1.0,1.0,0.01694915254237288,0.0,0.05064132385193065,0.0,0.01694915254237288
0.9934210526315789,0.9999337163057888,0.9863945578231292,0.9931506849315068,0.9924572827471371,0.993421052631579,0.35443037974683544,0.3156498673740053,1.0,0.9916666666666667,0.03773584905660377,0.0,0.038780512372830145,0.008333333333333304,0.046069182389937076
0.9956521739130435,0.9999563737893726,0.9864864864864865,1.0,0.9950011953663255,0.9956521739130435,0.3625,0.3131578947368421,1.0,1.0,0.03773584905660377,0.0,0.04934210526315791,0.0,0.03773584905660377
