acc,auc,precision,recall,maf1,mif1,yp1.a1,yp1.a0,yp1.y1a1,yp1.y1a0,yp1.y0a1,yp1.y0a0,parity,equality,eq_odds
0.9978586723768738,0.9999580853382513,0.993421052631579,1.0,0.997557441956557,0.9978586723768736,0.3157894736842105,0.3273657289002558,1.0,1.0,0.0,0.003787878787878788,0.011576255216045273,0.0,0.003787878787878788
0.9978586723768738,0.9999579390115668,1.0,0.9933333333333333,0.9975403576225212,0.9978586723768736,0.29545454545454547,0.3245382585751979,1.0,0.9919354838709677,0.0,0.0,0.029083713120652444,0.008064516129032251,0.008064516129032251
1.0,1.0,1.0,1.0,1.0,1.0,0.2804878048780488,0.34332425068119893,1.0,1.0,0.0,0.0,0.06283644580315012,0.0,0.0
1.0,1.0,1.0,1.0,1.0,1.0,0.3291139240506329,0.3183023872679045,1.0,1.0,0.0,0.0,0.010811536782728393,0.0,0.0
0.9978260869565218,1.0,1.0,0.9931506849315068,0.9974868743819623,0.9978260869565218,0.3375,0.3105263157894737,1.0,0.9915966386554622,0.0,0.0,0.026973684210526316,0.008403361344537785,0.008403361344537785
