acc,auc,precision,recall,maf1,mif1,yp1.a1,yp1.a0,yp1.y1a1,yp1.y1a0,yp1.y0a1,yp1.y0a0,parity,equality,eq_odds
0.9528907922912206,0.9852250817335904,0.9271523178807947,0.9271523178807947,0.9461710956492582,0.9528907922912205,0.3026315789473684,0.3273657289002558,0.9166666666666666,0.9291338582677166,0.019230769230769232,0.03787878787878788,0.024734149952887363,0.01246719160104992,0.03111521024906857
0.9250535331905783,0.9758780231335437,0.8709677419354839,0.9,0.9148010112330267,0.9250535331905781,0.3068181818181818,0.33773087071240104,0.8846153846153846,0.9032258064516129,0.06451612903225806,0.06274509803921569,0.03091268889421922,0.018610421836228297,0.020381452829270674
0.9265033407572383,0.9877628635346756,0.9328358208955224,0.8389261744966443,0.914866844781522,0.9265033407572383,0.3048780487804878,0.2970027247956403,0.9565217391304348,0.8174603174603174,0.05084745762711865,0.024896265560165973,0.007875323984847471,0.13906142167011737,0.16501261373707005
0.9144736842105262,0.9662395050817499,0.8848920863309353,0.8424657534246576,0.9004784688995215,0.9144736842105263,0.3037974683544304,0.3050397877984085,0.8846153846153846,0.8333333333333334,0.018867924528301886,0.058365758754863814,0.0012423194439781238,0.05128205128205121,0.09077988550861314
0.9369565217391305,0.9787976616351104,0.903448275862069,0.8972602739726028,0.9271193570769072,0.9369565217391305,0.3125,0.3157894736842105,0.8518518518518519,0.907563025210084,0.03773584905660377,0.04597701149425287,0.003289473684210509,0.05571117335823217,0.06395233579588128
