acc,auc,precision,recall,maf1,mif1,yp1.a1,yp1.a0,yp1.y1a1,yp1.y1a0,yp1.y0a1,yp1.y0a0,parity,equality,eq_odds
0.9336188436830836,0.9851831670718417,0.9285714285714286,0.8609271523178808,0.9226296409121761,0.9336188436830836,0.13157894736842105,0.33248081841432225,0.375,0.952755905511811,0.019230769230769232,0.03409090909090909,0.2009018710459012,0.577755905511811,0.5926160453719509
0.9357601713062099,0.9830283911671924,0.9054054054054054,0.8933333333333333,0.926079523869824,0.9357601713062098,0.19318181818181818,0.34564643799472294,0.6153846153846154,0.9516129032258065,0.016129032258064516,0.050980392156862744,0.15246461981290477,0.3362282878411911,0.3710796477399893
0.9487750556792872,0.9879194630872483,0.9436619718309859,0.8993288590604027,0.9415354653894711,0.9487750556792873,0.1951219512195122,0.34332425068119893,0.6086956521739131,0.9523809523809523,0.03389830508474576,0.024896265560165973,0.14820229946168673,0.34368530020703925,0.35268733973161903
0.9342105263157894,0.9777949624392399,0.9393939393939394,0.8493150684931506,0.9223838594739351,0.9342105263157895,0.20253164556962025,0.3076923076923077,0.5769230769230769,0.9083333333333333,0.018867924528301886,0.027237354085603113,0.10516066212268746,0.33141025641025645,0.3397796859675577
0.9304347826086956,0.9793866154785795,0.8701298701298701,0.9178082191780822,0.9208602150537635,0.9304347826086956,0.2875,0.3447368421052632,0.7407407407407407,0.957983193277311,0.05660377358490566,0.06513409961685823,0.0572368421052632,0.21724245253657026,0.22577277856852285
