acc,auc,precision,recall,maf1,mif1,yp1.a1,yp1.a0,yp1.y1a1,yp1.y1a0,yp1.y0a1,yp1.y0a0,parity,equality,eq_odds
0.9528907922912206,0.9920781289294995,0.9215686274509803,0.9337748344370861,0.9463554720133667,0.9528907922912205,0.3157894736842105,0.329923273657289,0.9166666666666666,0.937007874015748,0.038461538461538464,0.03787878787878788,0.014133799973078509,0.020341207349081403,0.020923957931831987
0.9336188436830836,0.9781913774973713,0.8838709677419355,0.9133333333333333,0.9245380385206807,0.9336188436830836,0.32954545454545453,0.3324538258575198,0.9230769230769231,0.9112903225806451,0.08064516129032258,0.050980392156862744,0.002908371312065283,0.011786600496277999,0.04145136962973783
0.9487750556792872,0.9918120805369127,0.9375,0.9060402684563759,0.941742588779511,0.9487750556792873,0.3048780487804878,0.3242506811989101,1.0,0.8888888888888888,0.03389830508474576,0.029045643153526972,0.019372632418422298,0.11111111111111116,0.11596377304232995
0.9364035087719298,0.983429076447194,0.9148936170212766,0.8835616438356164,0.9262773519163763,0.9364035087719298,0.3291139240506329,0.3050397877984085,0.9230769230769231,0.875,0.03773584905660377,0.038910505836575876,0.024074136252224376,0.04807692307692313,0.04925157985689523
0.9543478260869566,0.9818078701683971,0.9194630872483222,0.9383561643835616,0.9476067796610168,0.9543478260869566,0.325,0.3236842105263158,0.9259259259259259,0.9411764705882353,0.018867924528301886,0.0421455938697318,0.0013157894736842146,0.015250544662309351,0.038528214003739264
