acc,auc,precision,recall,maf1,mif1,yp1.a1,yp1.a0,yp1.y1a1,yp1.y1a0,yp1.y0a1,yp1.y0a0,parity,equality,eq_odds
0.9892933618843683,0.9995808533825132,0.967948717948718,1.0,0.987869436695084,0.9892933618843683,0.3157894736842105,0.3375959079283887,1.0,1.0,0.0,0.01893939393939394,0.02180643424417822,0.0,0.01893939393939394
0.9828693790149894,0.991882229232387,0.9551282051282052,0.9933333333333333,0.9805586778235711,0.9828693790149893,0.29545454545454547,0.34300791556728233,1.0,0.9919354838709677,0.0,0.027450980392156862,0.04755337011273686,0.008064516129032251,0.03551549652118911
0.9955456570155902,0.9998881431767337,0.9867549668874173,1.0,0.9949944258639911,0.9955456570155902,0.2804878048780488,0.34877384196185285,1.0,1.0,0.0,0.008298755186721992,0.06828603708380404,0.0,0.008298755186721992
0.9846491228070174,0.9985417587273531,0.9602649006622517,0.9931506849315068,0.9825244313049191,0.9846491228070176,0.3291139240506329,0.33156498673740054,1.0,0.9916666666666667,0.0,0.023346303501945526,0.0024510626867676466,0.008333333333333304,0.03167963683527883
0.9891304347826088,0.9993456068405898,0.9668874172185431,1.0,0.9875696504909989,0.9891304347826086,0.3375,0.3263157894736842,1.0,1.0,0.0,0.019157088122605363,0.011184210526315796,0.0,0.019157088122605363
