acc,auc,precision,recall,maf1,mif1,yp1.a1,yp1.a0,yp1.y1a1,yp1.y1a0,yp1.y0a1,yp1.y0a0,parity,equality,eq_odds
0.9379014989293363,0.9817252074775756,0.9013157894736842,0.9072847682119205,0.9291658167401526,0.9379014989293362,0.23684210526315788,0.34271099744245526,0.75,0.937007874015748,0.0,0.056818181818181816,0.10586889217929737,0.18700787401574803,0.24382605583392986
0.9057815845824412,0.9670662460567824,0.8486842105263158,0.86,0.8923421912985163,0.9057815845824411,0.22727272727272727,0.3482849604221636,0.6538461538461539,0.9032258064516129,0.04838709677419355,0.0784313725490196,0.12101223314943635,0.24937965260545902,0.27942392838028507
0.9376391982182628,0.9812975391498882,0.8954248366013072,0.9194630872483222,0.9301524512200542,0.9376391982182628,0.25609756097560976,0.35967302452316074,0.8260869565217391,0.9365079365079365,0.03389830508474576,0.058091286307053944,0.10357546354755098,0.11042097998619738,0.13461396120850555
0.9013157894736842,0.973663278833407,0.8258064516129032,0.8767123287671232,0.8884242921848069,0.9013157894736842,0.27848101265822783,0.35278514588859416,0.7307692307692307,0.9083333333333333,0.05660377358490566,0.0933852140077821,0.07430413323036633,0.1775641025641026,0.21434554298697905
0.9152173913043479,0.9683709972951748,0.8407643312101911,0.9041095890410958,0.9040390262689154,0.9152173913043479,0.2875,0.3526315789473684,0.8148148148148148,0.9243697478991597,0.018867924528301886,0.09195402298850575,0.06513157894736843,0.10955493308434494,0.1826410315445488
