acc,auc,precision,recall,maf1,mif1,yp1.a1,yp1.a0,yp1.y1a1,yp1.y1a0,yp1.y0a1,yp1.y0a0,parity,equality,eq_odds
0.993576017130621,0.9999790426691256,0.9805194805194806,1.0,0.9926972295342594,0.9935760171306209,0.35526315789473684,0.3248081841432225,1.0,1.0,0.057692307692307696,0.0,0.030454973751514347,0.0,0.057692307692307696
0.9892933618843683,0.9990956887486856,0.9738562091503268,0.9933333333333333,0.9877872097827849,0.9892933618843683,0.32954545454545453,0.32717678100263853,0.9615384615384616,1.0,0.06451612903225806,0.0,0.002368673542816002,0.038461538461538436,0.1029776674937965
0.997772828507795,0.9999776286353468,1.0,0.9932885906040269,0.9974845515610906,0.9977728285077951,0.2804878048780488,0.3405994550408719,1.0,0.9920634920634921,0.0,0.0,0.060111650162823105,0.007936507936507908,0.007936507936507908
0.9978070175438596,0.9998895271763146,0.9931972789115646,1.0,0.9974857609157124,0.9978070175438597,0.34177215189873417,0.3183023872679045,1.0,1.0,0.018867924528301886,0.0,0.02346976463082967,0.0,0.018867924528301886
0.991304347826087,0.9997818689468633,0.9733333333333334,1.0,0.990038115038115,0.991304347826087,0.3625,0.31842105263157894,1.0,1.0,0.03773584905660377,0.007662835249042145,0.04407894736842105,0.0,0.030073013807561628
