acc,auc,precision,recall,maf1,mif1,yp1.a1,yp1.a0,yp1.y1a1,yp1.y1a0,yp1.y0a1,yp1.y0a0,parity,equality,eq_odds
0.993576017130621,0.9998532986838796,0.9805194805194806,1.0,0.9926972295342594,0.9935760171306209,0.3157894736842105,0.33248081841432225,1.0,1.0,0.0,0.011363636363636364,0.016691344730111746,0.0,0.011363636363636364
0.9850107066381157,0.999348054679285,0.9554140127388535,1.0,0.9830172113731174,0.9850107066381156,0.29545454545454547,0.34564643799472294,1.0,1.0,0.0,0.027450980392156862,0.050191892540177474,0.0,0.027450980392156862
0.9955456570155902,0.9998657718120805,0.9867549668874173,1.0,0.9949944258639911,0.9955456570155902,0.2804878048780488,0.34877384196185285,1.0,1.0,0.0,0.008298755186721992,0.06828603708380404,0.0,0.008298755186721992
0.9912280701754386,0.9998232434821034,0.9797297297297297,0.9931506849315068,0.9899610329568721,0.9912280701754386,0.3291139240506329,0.32360742705570295,1.0,0.9916666666666667,0.0,0.011673151750972763,0.005506496994929944,0.008333333333333304,0.020006485084306067
0.9760869565217392,0.9995201116830992,0.9354838709677419,0.9931506849315068,0.9728422758816868,0.9760869565217392,0.3375,0.3368421052631579,1.0,0.9915966386554622,0.0,0.038314176245210725,0.0006578947368421351,0.008403361344537785,0.04671753758974851
