acc,auc,precision,recall,maf1,mif1,yp1.a1,yp1.a0,yp1.y1a1,yp1.y1a0,yp1.y0a1,yp1.y0a0,parity,equality,eq_odds
0.9421841541755889,0.9768211920529801,0.9428571428571428,0.8741721854304636,0.9326129130525405,0.9421841541755889,0.3157894736842105,0.2966751918158568,0.875,0.8740157480314961,0.057692307692307696,0.01893939393939394,0.019114281868353733,0.0009842519685039353,0.039737165721417694
0.9250535331905783,0.9647108307045215,0.8859060402684564,0.88,0.9139125167882443,0.9250535331905781,0.3068181818181818,0.32189973614775724,0.9230769230769231,0.8709677419354839,0.04838709677419355,0.054901960784313725,0.01508155432957542,0.052109181141439254,0.05862404515155943
0.9354120267260578,0.9835346756152125,0.9347826086956522,0.8657718120805369,0.9257457643550016,0.9354120267260579,0.2682926829268293,0.31607629427792916,0.9130434782608695,0.8571428571428571,0.01694915254237288,0.03319502074688797,0.047783611351099875,0.05590062111801242,0.0721464893225275
0.9364035087719298,0.9791427308882015,0.927007299270073,0.8698630136986302,0.9257107866544574,0.9364035087719298,0.31645569620253167,0.29708222811671087,0.8846153846153846,0.8666666666666667,0.03773584905660377,0.0311284046692607,0.0193734680858208,0.017948717948717885,0.024556162336060956
0.9391304347826087,0.9705304947212285,0.8782051282051282,0.9383561643835616,0.9309886624231123,0.9391304347826087,0.375,0.33157894736842103,0.9259259259259259,0.9411764705882353,0.09433962264150944,0.05363984674329502,0.04342105263157897,0.015250544662309351,0.05595032056052377
