acc,auc,precision,recall,maf1,mif1,yp1.a1,yp1.a0,yp1.y1a1,yp1.y1a0,yp1.y0a1,yp1.y0a0,parity,equality,eq_odds
0.9379014989293363,0.9819138234554448,0.8910256410256411,0.9205298013245033,0.9296427328314867,0.9379014989293362,0.34210526315789475,0.33248081841432225,0.9166666666666666,0.9212598425196851,0.07692307692307693,0.04924242424242424,0.009624444743572491,0.0045931758530184386,0.032273828533671126
0.9250535331905783,0.9742166140904311,0.8807947019867549,0.8866666666666667,0.914214335574415,0.9250535331905781,0.29545454545454547,0.32981530343007914,0.8461538461538461,0.8951612903225806,0.06451612903225806,0.054901960784313725,0.03436075797553367,0.04900744416873448,0.05862161241667882
0.9354120267260578,0.9876286353467562,0.9225352112676056,0.8791946308724832,0.9262838476649853,0.9354120267260579,0.2804878048780488,0.3242506811989101,0.9130434782608695,0.873015873015873,0.03389830508474576,0.03734439834024896,0.04376287632086129,0.04002760524499649,0.04347369850049969
0.9254385964912281,0.9720282810428635,0.9,0.863013698630137,0.9134028910386738,0.9254385964912281,0.31645569620253167,0.3050397877984085,0.8461538461538461,0.8666666666666667,0.05660377358490566,0.042801556420233464,0.011415908404123154,0.02051282051282055,0.03431503767749275
0.9456521739130435,0.9822005060640432,0.9115646258503401,0.9178082191780822,0.9374016798123139,0.9456521739130435,0.3375,0.3157894736842105,0.8888888888888888,0.9243697478991597,0.05660377358490566,0.038314176245210725,0.021710526315789513,0.03548085901027087,0.05377045634996581
