acc,auc,precision,recall,maf1,mif1,yp1.a1,yp1.a0,yp1.y1a1,yp1.y1a0,yp1.y0a1,yp1.y0a0,parity,equality,eq_odds
0.9293361884368309,0.9783301198759327,0.8734177215189873,0.9139072847682119,0.9202019417475727,0.9293361884368309,0.2894736842105263,0.34782608695652173,0.9166666666666666,0.9133858267716536,0.0,0.07575757575757576,0.0583524027459954,0.0032808398950130435,0.0790384156525888
0.8993576017130621,0.9612407991587802,0.8238993710691824,0.8733333333333333,0.886348220064725,0.8993576017130621,0.2727272727272727,0.3562005277044855,0.8076923076923077,0.8870967741935484,0.04838709677419355,0.09803921568627451,0.08347325497721281,0.07940446650124067,0.12905658541332163
0.9287305122494431,0.9777181208053691,0.8774193548387097,0.912751677852349,0.9204323941166046,0.9287305122494433,0.2926829268292683,0.3569482288828338,0.9565217391304348,0.9047619047619048,0.03389830508474576,0.07053941908713693,0.06426530205356551,0.051759834368530044,0.08840094837092122
0.8991228070175438,0.9638091029606717,0.8378378378378378,0.8493150684931506,0.8845518790040288,0.8991228070175438,0.31645569620253167,0.32625994694960214,0.8846153846153846,0.8416666666666667,0.03773584905660377,0.08560311284046693,0.009804250747070475,0.04294871794871791,0.09081598173258107
0.9065217391304348,0.9634630485995986,0.832258064516129,0.8835616438356164,0.8938379875375029,0.9065217391304348,0.325,0.3394736842105263,0.9259259259259259,0.8739495798319328,0.018867924528301886,0.09578544061302682,0.014473684210526305,0.05197634609399315,0.1288938621787181
