acc,auc,precision,recall,maf1,mif1,yp1.a1,yp1.a0,yp1.y1a1,yp1.y1a0,yp1.y0a1,yp1.y0a0,parity,equality,eq_odds
0.9100642398286939,0.9286193310419985,0.8865248226950354,0.8278145695364238,0.8953719114069901,0.9100642398286938,0.05263157894736842,0.35038363171355497,0.08333333333333333,0.968503937007874,0.038461538461538464,0.05303030303030303,0.29775205276618655,0.8851706036745406,0.8997393682433051
0.8993576017130621,0.8743217665615143,0.8992248062015504,0.7733333333333333,0.8798927467235766,0.8993576017130621,0.022727272727272728,0.33509234828496043,0.0,0.9354838709677419,0.03225806451612903,0.043137254901960784,0.3123650755576877,0.9354838709677419,0.9463630613535736
0.9376391982182628,0.942102908277405,0.9416058394160584,0.8657718120805369,0.9281731340554871,0.9376391982182628,0.12195121951219512,0.3460490463215259,0.34782608695652173,0.9603174603174603,0.03389830508474576,0.024896265560165973,0.22409782680933077,0.6124913733609386,0.6214934128855184
0.9057017543859649,0.8974812196199735,0.8992248062015504,0.7945205479452054,0.888066219494791,0.9057017543859649,0.0759493670886076,0.32625994694960214,0.19230769230769232,0.925,0.018867924528301886,0.04669260700389105,0.25031057986099453,0.7326923076923078,0.7605169901678969
0.9021739130434783,0.8725023994415846,0.8914728682170543,0.7876712328767124,0.8832980972515856,0.9021739130434784,0.0375,0.33157894736842103,0.037037037037037035,0.957983193277311,0.03773584905660377,0.04597701149425287,0.29407894736842105,0.9209461562402739,0.9291873186779229
