acc,auc,precision,recall,maf1,mif1,yp1.a1,yp1.a0,yp1.y1a1,yp1.y1a0,yp1.y0a1,yp1.y0a0,parity,equality,eq_odds
0.967880085653105,0.9944253499874256,0.9358974358974359,0.9668874172185431,0.9636083100852517,0.9678800856531049,0.3157894736842105,0.3375959079283887,1.0,0.9606299212598425,0.0,0.03787878787878788,0.02180643424417822,0.03937007874015752,0.0772488666189454
0.9593147751605996,0.9896740273396425,0.9119496855345912,0.9666666666666667,0.9540556634304207,0.9593147751605996,0.29545454545454547,0.35092348284960423,1.0,0.9596774193548387,0.0,0.054901960784313725,0.05546893739505876,0.040322580645161255,0.09522454142947498
0.9710467706013363,0.9939373601789709,0.9594594594594594,0.9530201342281879,0.9672991702941784,0.9710467706013363,0.2804878048780488,0.3405994550408719,1.0,0.9444444444444444,0.0,0.024896265560165973,0.060111650162823105,0.05555555555555558,0.08045182111572155
0.9517543859649122,0.98753866548829,0.918918918918919,0.9315068493150684,0.9447856812627964,0.9517543859649122,0.3291139240506329,0.32360742705570295,1.0,0.9166666666666666,0.0,0.04669260700389105,0.005506496994929944,0.08333333333333337,0.13002594033722442
0.9652173913043478,0.9861923043364453,0.9276315789473685,0.9657534246575342,0.9602926260817022,0.9652173913043478,0.3375,0.32894736842105265,1.0,0.957983193277311,0.0,0.0421455938697318,0.008552631578947367,0.04201680672268904,0.08416240059242083
