acc,auc,precision,recall,maf1,mif1,yp1.a1,yp1.a0,yp1.y1a1,yp1.y1a0,yp1.y0a1,yp1.y0a0,parity,equality,eq_odds
0.961456102783726,0.990506329113924,0.9523809523809523,0.9271523178807947,0.9556477143218943,0.9614561027837258,0.2894736842105263,0.319693094629156,0.9166666666666666,0.9291338582677166,0.0,0.026515151515151516,0.03021941041862969,0.01246719160104992,0.03898234311620144
0.9379014989293363,0.9724710830704522,0.8954248366013072,0.9133333333333333,0.9291658167401526,0.9379014989293362,0.3181818181818182,0.32981530343007914,0.9230769230769231,0.9112903225806451,0.06451612903225806,0.047058823529411764,0.011633485248260966,0.011786600496277999,0.029243905999124298
0.9487750556792872,0.9908501118568234,0.95,0.8926174496644296,0.9413241970216079,0.9487750556792873,0.2926829268292683,0.31607629427792916,0.9565217391304348,0.8809523809523809,0.03389830508474576,0.02074688796680498,0.023393367448660884,0.07556935817805388,0.08872077529599466
0.9320175438596491,0.9830534688466637,0.9020979020979021,0.8835616438356164,0.9214871672396651,0.9320175438596491,0.31645569620253167,0.3129973474801061,0.8846153846153846,0.8833333333333333,0.03773584905660377,0.04669260700389105,0.003458348722425564,0.0012820512820512775,0.010238809229338557
0.9478260869565217,0.9815897391152604,0.9066666666666666,0.9315068493150684,0.9402286902286903,0.9478260869565217,0.3125,0.32894736842105265,0.9259259259259259,0.9327731092436975,0.0,0.05363984674329502,0.016447368421052655,0.006847183317771566,0.060487030061066586
