acc,auc,precision,recall,maf1,mif1,yp1.a1,yp1.a0,yp1.y1a1,yp1.y1a0,yp1.y0a1,yp1.y0a0,parity,equality,eq_odds
0.967880085653105,0.9923505742308659,0.9473684210526315,0.9536423841059603,0.9633616293483547,0.9678800856531049,0.3026315789473684,0.329923273657289,0.9583333333333334,0.952755905511811,0.0,0.030303030303030304,0.0272916947099206,0.005577427821522374,0.03588045812455268
0.9421841541755889,0.9744900105152471,0.9072847682119205,0.9133333333333333,0.93382248744312,0.9421841541755889,0.29545454545454547,0.32981530343007914,0.9230769230769231,0.9112903225806451,0.03225806451612903,0.047058823529411764,0.03436075797553367,0.011786600496277999,0.026587359509560732
0.9487750556792872,0.9925503355704698,0.95,0.8926174496644296,0.9413241970216079,0.9487750556792873,0.2804878048780488,0.3188010899182561,0.9565217391304348,0.8809523809523809,0.01694915254237288,0.024896265560165973,0.03831328504020731,0.07556935817805388,0.08351647119584697
0.9473684210526315,0.9834069818824569,0.9178082191780822,0.9178082191780822,0.9395492708793637,0.9473684210526315,0.31645569620253167,0.3209549071618037,0.9230769230769231,0.9166666666666666,0.018867924528301886,0.042801556420233464,0.004499210959272026,0.0064102564102564985,0.030343888302188076
0.9478260869565217,0.9844036297007241,0.9013157894736842,0.9383561643835616,0.9404389391225534,0.9478260869565217,0.3375,0.32894736842105265,0.9629629629629629,0.9327731092436975,0.018867924528301886,0.05363984674329502,0.008552631578947367,0.030189853719265414,0.06496177593425854
