acc,auc,precision,recall,maf1,mif1,yp1.a1,yp1.a0,yp1.y1a1,yp1.y1a0,yp1.y0a1,yp1.y0a0,parity,equality,eq_odds
0.9700214132762314,0.994509179310923,0.9419354838709677,0.9668874172185431,0.9659776861912492,0.9700214132762313,0.3026315789473684,0.3375959079283887,0.9583333333333334,0.968503937007874,0.0,0.03409090909090909,0.03496432898102031,0.01017060367454059,0.04426151276544968
0.9400428265524626,0.9823133543638275,0.8910256410256411,0.9266666666666666,0.9319553723824987,0.9400428265524625,0.2840909090909091,0.34564643799472294,0.8461538461538461,0.9435483870967742,0.04838709677419355,0.054901960784313725,0.06155552890381383,0.0973945409429281,0.10390940495304828
0.953229398663697,0.9903579418344519,0.9266666666666666,0.9328859060402684,0.9473537277848811,0.9532293986636972,0.2926829268292683,0.34332425068119893,0.9565217391304348,0.9285714285714286,0.03389830508474576,0.03734439834024896,0.05064132385193065,0.02795031055900621,0.03139640381450941
0.9407894736842105,0.9769332744144941,0.9103448275862069,0.9041095890410958,0.9318691169878978,0.9407894736842105,0.31645569620253167,0.3183023872679045,0.9230769230769231,0.9,0.018867924528301886,0.04669260700389105,0.0018466910653728297,0.023076923076923106,0.050901605552512275
0.9456521739130435,0.9824840764331211,0.9060402684563759,0.9246575342465754,0.9376271186440679,0.9456521739130435,0.3,0.32894736842105265,0.8888888888888888,0.9327731092436975,0.0,0.05363984674329502,0.028947368421052666,0.043884220354808656,0.09752406709810368
