acc,auc,precision,recall,maf1,mif1,yp1.a1,yp1.a0,yp1.y1a1,yp1.y1a0,yp1.y0a1,yp1.y0a0,parity,equality,eq_odds
0.9764453961456103,0.9926858915248554,0.9545454545454546,0.9735099337748344,0.9732231749589513,0.9764453961456103,0.3026315789473684,0.3350383631713555,0.9583333333333334,0.9763779527559056,0.0,0.026515151515151516,0.03240678422398707,0.018044619422572183,0.0445597709377237
0.9850107066381157,0.9980021030494216,0.9798657718120806,0.9733333333333334,0.9827825033576489,0.9850107066381156,0.2727272727272727,0.32981530343007914,0.9230769230769231,0.9838709677419355,0.0,0.011764705882352941,0.057088030702806436,0.06079404466501237,0.07255875054736531
0.977728285077951,0.9893736017897091,0.9727891156462585,0.959731543624161,0.9748024602675767,0.977728285077951,0.2804878048780488,0.33787465940054495,0.9565217391304348,0.9603174603174603,0.01694915254237288,0.012448132780082987,0.057386854522496145,0.003795721187025536,0.00829674094931543
0.9824561403508771,0.9962881131241714,0.9791666666666666,0.9657534246575342,0.9797760283845216,0.9824561403508771,0.3037974683544304,0.3183023872679045,0.9230769230769231,0.975,0.0,0.011673151750972763,0.014504918913474107,0.05192307692307685,0.06359622867404961
0.9804347826086957,0.9964444638338714,0.959731543624161,0.9794520547945206,0.9775457627118644,0.9804347826086957,0.35,0.31842105263157894,1.0,0.9747899159663865,0.018867924528301886,0.019157088122605363,0.03157894736842104,0.025210084033613467,0.025499247627916943
