acc,auc,precision,recall,maf1,mif1,yp1.a1,yp1.a0,yp1.y1a1,yp1.y1a0,yp1.y0a1,yp1.y0a0,parity,equality,eq_odds
0.8736616702355461,0.9307569787911812,0.8066666666666666,0.8013245033112583,0.8553898799682995,0.8736616702355461,0.11842105263157894,0.36061381074168797,0.3333333333333333,0.889763779527559,0.019230769230769232,0.10606060606060606,0.24219275811010904,0.5564304461942258,0.6432602830240626
0.867237687366167,0.9348054679284963,0.775,0.8266666666666667,0.8503205128205129,0.867237687366167,0.1590909090909091,0.38522427440633245,0.4230769230769231,0.9112903225806451,0.04838709677419355,0.12941176470588237,0.22613336531542336,0.48821339950372206,0.5692380674354108
0.8841870824053452,0.9472035794183445,0.8050314465408805,0.8590604026845637,0.8715166189742461,0.8841870824053452,0.2804878048780488,0.37057220708446864,0.8695652173913043,0.8571428571428571,0.05084745762711865,0.11618257261410789,0.09008440220641983,0.012422360248447228,0.07775747523543647
0.8596491228070176,0.9151568714096333,0.7628205128205128,0.815068493150685,0.8415807187058951,0.8596491228070176,0.1518987341772152,0.3819628647214854,0.38461538461538464,0.9083333333333333,0.03773584905660377,0.13618677042801555,0.2300641305442702,0.5237179487179486,0.6221688700893604
0.9021739130434783,0.9472995375621673,0.806060606060606,0.910958904109589,0.8907069203110893,0.9021739130434784,0.3625,0.35789473684210527,0.9259259259259259,0.907563025210084,0.07547169811320754,0.10727969348659004,0.004605263157894723,0.0183629007158419,0.0501708960892244
