acc,auc,precision,recall,maf1,mif1,yp1.a1,yp1.a0,yp1.y1a1,yp1.y1a0,yp1.y0a1,yp1.y0a0,parity,equality,eq_odds
0.993576017130621,0.9990778774415291,0.9868421052631579,0.9933774834437086,0.992672325869671,0.9935760171306209,0.3157894736842105,0.3273657289002558,1.0,0.9921259842519685,0.0,0.007575757575757576,0.011576255216045273,0.007874015748031482,0.015449773323789058
0.980728051391863,0.9984016824395374,0.9607843137254902,0.98,0.9780169776090128,0.9807280513918629,0.29545454545454547,0.33509234828496043,1.0,0.9758064516129032,0.0,0.023529411764705882,0.03963780283041496,0.024193548387096753,0.047722960151802635
0.9844097995545656,0.9983445190156599,0.9797297297297297,0.9731543624161074,0.9823918609276345,0.9844097995545658,0.2804878048780488,0.3405994550408719,1.0,0.9682539682539683,0.0,0.012448132780082987,0.060111650162823105,0.031746031746031744,0.04419416452611473
0.9780701754385964,0.9984975695978789,0.9722222222222222,0.958904109589041,0.974720035480652,0.9780701754385965,0.3037974683544304,0.3183023872679045,0.9230769230769231,0.9666666666666667,0.0,0.01556420233463035,0.014504918913474107,0.043589743589743546,0.059153945924373896
0.9847826086956522,0.9984294564174155,0.9664429530201343,0.9863013698630136,0.982535593220339,0.9847826086956522,0.3375,0.32105263157894737,1.0,0.9831932773109243,0.0,0.019157088122605363,0.016447368421052655,0.01680672268907568,0.03596381081168104
