acc,auc,precision,recall,maf1,mif1,yp1.a1,yp1.a0,yp1.y1a1,yp1.y1a0,yp1.y0a1,yp1.y0a0,parity,equality,eq_odds
0.9271948608137045,0.9708693100846676,0.8926174496644296,0.8807947019867549,0.9165194532071503,0.9271948608137046,0.3157894736842105,0.319693094629156,0.8333333333333334,0.889763779527559,0.07692307692307693,0.045454545454545456,0.0039036209449455073,0.05643044619422566,0.08789897766275713
0.9164882226980728,0.9658044164037856,0.87248322147651,0.8666666666666667,0.9040739472783295,0.9164882226980728,0.2727272727272727,0.32981530343007914,0.8461538461538461,0.8709677419354839,0.03225806451612903,0.06666666666666667,0.057088030702806436,0.02481389578163773,0.059222497932175364
0.9020044543429844,0.9695973154362416,0.9069767441860465,0.785234899328859,0.885379438384776,0.9020044543429844,0.25609756097560976,0.29427792915531337,0.8260869565217391,0.7777777777777778,0.03389830508474576,0.04149377593360996,0.038180368179703605,0.048309178743961345,0.05590464959282554
0.9100877192982456,0.965377817057004,0.8671328671328671,0.8493150684931506,0.8961604469943958,0.9100877192982456,0.27848101265822783,0.3209549071618037,0.8076923076923077,0.8583333333333333,0.018867924528301886,0.07003891050583658,0.04247389450357586,0.05064102564102557,0.10181201161856027
0.9173913043478261,0.9676075386091965,0.8802816901408451,0.8561643835616438,0.9039644866385372,0.9173913043478261,0.2625,0.31842105263157894,0.7037037037037037,0.8907563025210085,0.03773584905660377,0.05747126436781609,0.05592105263157893,0.18705259881730474,0.20678801412851705
