acc,auc,precision,recall,maf1,mif1,yp1.a1,yp1.a0,yp1.y1a1,yp1.y1a0,yp1.y0a1,yp1.y0a0,parity,equality,eq_odds
0.9421841541755889,0.9873836868136474,0.9246575342465754,0.8940397350993378,0.9333523619237905,0.9421841541755889,0.32894736842105265,0.309462915601023,1.0,0.8740157480314961,0.019230769230769232,0.03787878787878788,0.01948445282002964,0.12598425196850394,0.1446322706165226
0.9507494646680943,0.983427970557308,0.8895705521472392,0.9666666666666667,0.9447402674239735,0.9507494646680942,0.3181818181818182,0.3562005277044855,0.9615384615384616,0.967741935483871,0.04838709677419355,0.058823529411764705,0.03801870952266734,0.006203473945409432,0.01663990658298059
0.9443207126948775,0.9914988814317673,0.918918918918919,0.912751677852349,0.9371137890272665,0.9443207126948775,0.3048780487804878,0.335149863760218,1.0,0.8968253968253969,0.03389830508474576,0.04149377593360996,0.030271814979730194,0.10317460317460314,0.11077007402346734
0.9364035087719298,0.9833848873177199,0.920863309352518,0.8767123287671232,0.9259968102073366,0.9364035087719298,0.3037974683544304,0.3050397877984085,0.8846153846153846,0.875,0.018867924528301886,0.038910505836575876,0.0012423194439781238,0.009615384615384581,0.02965796592365857
0.9456521739130435,0.9850580228601344,0.9006622516556292,0.9315068493150684,0.937848252454994,0.9456521739130435,0.325,0.32894736842105265,0.8888888888888888,0.9411764705882353,0.03773584905660377,0.04980842911877394,0.003947368421052644,0.05228758169934644,0.06436016176151661
