acc,auc,precision,recall,maf1,mif1,yp1.a1,yp1.a0,yp1.y1a1,yp1.y1a0,yp1.y0a1,yp1.y0a0,parity,equality,eq_odds
0.9443254817987152,0.9829197753374131,0.9139072847682119,0.9139072847682119,0.9363840221309414,0.9443254817987152,0.34210526315789475,0.319693094629156,1.0,0.8976377952755905,0.038461538461538464,0.041666666666666664,0.02241216852873873,0.10236220472440949,0.10556733292953768
0.9293361884368309,0.9818086225026288,0.8823529411764706,0.9,0.9193955845663806,0.9293361884368309,0.2840909090909091,0.33773087071240104,0.8461538461538461,0.9112903225806451,0.04838709677419355,0.058823529411764705,0.05363996162149193,0.06513647642679898,0.07557290906437014
0.9420935412026725,0.984026845637584,0.9424460431654677,0.8791946308724832,0.9335496357012751,0.9420935412026726,0.2926829268292683,0.3133514986376022,1.0,0.8571428571428571,0.01694915254237288,0.029045643153526972,0.020668571808333924,0.1428571428571429,0.154953633468297
0.9342105263157894,0.9807556341140079,0.8918918918918919,0.9041095890410958,0.9247077471765406,0.9342105263157895,0.3037974683544304,0.32891246684350134,0.9230769230769231,0.9,0.0,0.0622568093385214,0.02511499848907095,0.023076923076923106,0.08533373241544451
0.9304347826086956,0.9797138120582847,0.8701298701298701,0.9178082191780822,0.9208602150537635,0.9304347826086956,0.3375,0.33421052631578946,0.9259259259259259,0.9159663865546218,0.03773584905660377,0.06896551724137931,0.0032894736842105643,0.009959539371304116,0.04118920755607965
