acc,auc,precision,recall,maf1,mif1,yp1.a1,yp1.a0,yp1.y1a1,yp1.y1a0,yp1.y0a1,yp1.y0a0,parity,equality,eq_odds
0.955032119914347,0.990129097158186,0.9391891891891891,0.9205298013245033,0.9483475100729466,0.9550321199143469,0.3026315789473684,0.319693094629156,0.9166666666666666,0.9212598425196851,0.019230769230769232,0.030303030303030304,0.017061515681787598,0.0045931758530184386,0.01566543692527951
0.9464668094218416,0.9777707676130389,0.9251700680272109,0.9066666666666666,0.9382892240035097,0.9464668094218416,0.29545454545454547,0.31926121372031663,0.9230769230769231,0.9032258064516129,0.03225806451612903,0.03529411764705882,0.023806668265771158,0.01985111662531025,0.02288716975624004
0.9554565701559019,0.9861521252796421,0.951048951048951,0.912751677852349,0.9492517744925177,0.955456570155902,0.2926829268292683,0.3242506811989101,1.0,0.8968253968253969,0.01694915254237288,0.024896265560165973,0.03156775436964182,0.10317460317460314,0.11112171619239623
0.9517543859649122,0.9844233318603623,0.9305555555555556,0.9178082191780822,0.9443840780574343,0.9517543859649122,0.3291139240506329,0.3129973474801061,0.9615384615384616,0.9083333333333333,0.018867924528301886,0.03501945525291829,0.016116576570526786,0.05320512820512824,0.06935665892974464
0.9391304347826087,0.9842291248582148,0.8986486486486487,0.910958904109589,0.9300167351285563,0.9391304347826087,0.3375,0.31842105263157894,0.9259259259259259,0.907563025210084,0.03773584905660377,0.04980842911877394,0.019078947368421084,0.0183629007158419,0.030435480778012072
