acc,auc,precision,recall,maf1,mif1,yp1.a1,yp1.a0,yp1.y1a1,yp1.y1a0,yp1.y0a1,yp1.y0a0,parity,equality,eq_odds
0.955032119914347,0.990191969150809,0.9452054794520548,0.9139072847682119,0.9481629481629481,0.9550321199143469,0.3026315789473684,0.3145780051150895,0.9583333333333334,0.905511811023622,0.0,0.030303030303030304,0.01194642616772107,0.05282152230971138,0.08312455261274168
0.9400428265524626,0.9845005257623555,0.8961038961038961,0.92,0.9317251461988305,0.9400428265524625,0.29545454545454547,0.33773087071240104,0.8461538461538461,0.9354838709677419,0.06451612903225806,0.047058823529411764,0.042276325257855574,0.08933002481389574,0.10678733031674204
0.9599109131403117,0.9904250559284116,0.9517241379310345,0.9261744966442953,0.9544870928503852,0.9599109131403119,0.2926829268292683,0.329700272479564,1.0,0.9126984126984127,0.01694915254237288,0.024896265560165973,0.03701734565029574,0.08730158730158732,0.09524870031938042
0.9320175438596491,0.9779938135218735,0.9020979020979021,0.8835616438356164,0.9214871672396651,0.9320175438596491,0.2911392405063291,0.3183023872679045,0.8076923076923077,0.9,0.03773584905660377,0.04669260700389105,0.027163146761575385,0.09230769230769231,0.1012644502549796
0.941304347826087,0.9825058895384348,0.9047619047619048,0.910958904109589,0.932393814197299,0.941304347826087,0.3,0.3236842105263158,0.8518518518518519,0.9243697478991597,0.018867924528301886,0.04980842911877394,0.023684210526315808,0.07251789604730785,0.1034584006377799
