acc,auc,precision,recall,maf1,mif1,yp1.a1,yp1.a0,yp1.y1a1,yp1.y1a0,yp1.y0a1,yp1.y0a0,parity,equality,eq_odds
0.9464668094218416,0.9859166736524436,0.9144736842105263,0.9205298013245033,0.9389360489139247,0.9464668094218416,0.35526315789473684,0.319693094629156,1.0,0.905511811023622,0.057692307692307696,0.03787878787878788,0.03557006326558082,0.09448818897637801,0.11430170878989782
0.9486081370449679,0.9790536277602523,0.92,0.92,0.9410725552050474,0.9486081370449678,0.3068181818181818,0.3245382585751979,0.9615384615384616,0.9112903225806451,0.03225806451612903,0.0392156862745098,0.01772007675701609,0.050248138957816435,0.05720576071619721
0.9465478841870824,0.9784116331096198,0.9432624113475178,0.8926174496644296,0.9388838475499093,0.9465478841870824,0.2926829268292683,0.3188010899182561,1.0,0.873015873015873,0.01694915254237288,0.029045643153526972,0.026118163088987845,0.12698412698412698,0.13908061759528106
0.9429824561403508,0.9806451612903225,0.8896103896103896,0.9383561643835616,0.9354248366013072,0.9429824561403509,0.34177215189873417,0.33687002652519893,1.0,0.925,0.018867924528301886,0.0622568093385214,0.004902125373535238,0.07499999999999996,0.11838888481021947
0.9282608695652174,0.9819387488002793,0.8741721854304636,0.9041095890410958,0.917959693240592,0.9282608695652174,0.325,0.32894736842105265,0.9259259259259259,0.8991596638655462,0.018867924528301886,0.06896551724137931,0.003947368421052644,0.026766262060379686,0.07686385477345711
