acc,auc,precision,recall,maf1,mif1,yp1.a1,yp1.a0,yp1.y1a1,yp1.y1a0,yp1.y0a1,yp1.y0a0,parity,equality,eq_odds
0.9785867237687367,0.9976318216111997,0.9607843137254902,0.9735099337748344,0.9756161236424394,0.9785867237687366,0.32894736842105265,0.3273657289002558,0.9166666666666666,0.984251968503937,0.057692307692307696,0.011363636363636364,0.0015816395207968736,0.0675853018372704,0.11391397316594173
0.9764453961456103,0.9927234490010515,0.9483870967741935,0.98,0.9732231749589513,0.9764453961456103,0.36363636363636365,0.3245382585751979,1.0,0.9758064516129032,0.0967741935483871,0.00784313725490196,0.03909810506116573,0.024193548387096753,0.11312460468058189
0.9821826280623608,0.9990604026845638,0.9668874172185431,0.9798657718120806,0.9799777034559642,0.9821826280623608,0.3048780487804878,0.34332425068119893,1.0,0.9761904761904762,0.03389830508474576,0.012448132780082987,0.03844620190071113,0.023809523809523836,0.045259696114186614
0.9473684210526315,0.9931285903667698,0.8765432098765432,0.9726027397260274,0.9411714113700869,0.9473684210526315,0.379746835443038,0.35013262599469497,1.0,0.9666666666666667,0.07547169811320754,0.0622568093385214,0.029614209448343032,0.033333333333333326,0.04654822210801947
0.9652173913043478,0.9935433208271529,0.9166666666666666,0.9794520547945206,0.9605649499560642,0.9652173913043478,0.375,0.33157894736842103,1.0,0.9747899159663865,0.05660377358490566,0.038314176245210725,0.04342105263157897,0.025210084033613467,0.0434996813733084
