acc,auc,precision,recall,maf1,mif1,yp1.a1,yp1.a0,yp1.y1a1,yp1.y1a0,yp1.y0a1,yp1.y0a0,parity,equality,eq_odds
0.9978586723768738,0.9996856400368849,1.0,0.9933774834437086,0.9975489810164119,0.9978586723768736,0.3157894736842105,0.32225063938618925,1.0,0.9921259842519685,0.0,0.0,0.006461165701978744,0.007874015748031482,0.007874015748031482
0.9914346895074947,0.9991167192429022,0.9802631578947368,0.9933333333333333,0.9902129264816832,0.9914346895074947,0.3068181818181818,0.32981530343007914,1.0,0.9919354838709677,0.016129032258064516,0.00784313725490196,0.02299712161189732,0.008064516129032251,0.016350411132194806
0.997772828507795,1.0,0.9933333333333333,1.0,0.997493034656423,0.9977728285077951,0.2804878048780488,0.3460490463215259,1.0,1.0,0.0,0.004149377593360996,0.06556124144347708,0.0,0.004149377593360996
0.9956140350877193,0.9992266902342024,0.9931506849315068,0.9931506849315068,0.994962439239947,0.9956140350877193,0.3291139240506329,0.3183023872679045,1.0,0.9916666666666667,0.0,0.0038910505836575876,0.010811536782728393,0.008333333333333304,0.012224383916990891
0.9978260869565218,0.9999563737893726,0.9931972789115646,1.0,0.9974960671924926,0.9978260869565218,0.35,0.3131578947368421,1.0,1.0,0.018867924528301886,0.0,0.0368421052631579,0.0,0.018867924528301886
