acc,auc,precision,recall,maf1,mif1,yp1.a1,yp1.a0,yp1.y1a1,yp1.y1a0,yp1.y0a1,yp1.y0a0,parity,equality,eq_odds
0.9250535331905783,0.9685849610193645,0.9142857142857143,0.847682119205298,0.9126463687718116,0.9250535331905781,0.27631578947368424,0.30434782608695654,0.7916666666666666,0.8582677165354331,0.038461538461538464,0.03787878787878788,0.028032036613272304,0.06660104986876647,0.06718380045151706
0.9014989293361885,0.9574763406940063,0.8376623376623377,0.86,0.8878341687552214,0.9014989293361885,0.29545454545454547,0.33773087071240104,0.8461538461538461,0.8629032258064516,0.06451612903225806,0.08235294117647059,0.042276325257855574,0.01674937965260548,0.034586191796818
0.8997772828507795,0.9689709172259509,0.8768115942028986,0.8120805369127517,0.8847779102060369,0.8997772828507795,0.2682926829268293,0.31607629427792916,0.8260869565217391,0.8095238095238095,0.05084745762711865,0.058091286307053944,0.047783611351099875,0.0165631469979296,0.023806975677864897
0.9144736842105262,0.9653115333627929,0.9147286821705426,0.8082191780821918,0.8984786641929499,0.9144736842105263,0.27848101265822783,0.2838196286472148,0.8076923076923077,0.8083333333333333,0.018867924528301886,0.038910505836575876,0.005338615988986994,0.0006410256410256387,0.02068360694929963
0.8891304347826087,0.9601474565919204,0.8275862068965517,0.821917808219178,0.871830593480078,0.8891304347826086,0.3,0.31842105263157894,0.7407407407407407,0.8403361344537815,0.07547169811320754,0.08045977011494253,0.01842105263157895,0.09959539371304083,0.10458346571477581
