acc,auc,precision,recall,maf1,mif1,yp1.a1,yp1.a0,yp1.y1a1,yp1.y1a0,yp1.y0a1,yp1.y0a0,parity,equality,eq_odds
0.9293361884368309,0.9723572805767458,0.9338235294117647,0.8410596026490066,0.9170063924088127,0.9293361884368309,0.2894736842105263,0.2915601023017903,0.875,0.8346456692913385,0.019230769230769232,0.030303030303030304,0.002086418091263975,0.04035433070866146,0.05142659178092253
0.9229122055674519,0.9750788643533121,0.8851351351351351,0.8733333333333333,0.9112954286437889,0.9229122055674518,0.26136363636363635,0.32981530343007914,0.8461538461538461,0.8790322580645161,0.016129032258064516,0.06274509803921569,0.06845166706644279,0.03287841191066998,0.07949447769182115
0.9131403118040089,0.9753020134228187,0.8928571428571429,0.8389261744966443,0.9005062471235958,0.9131403118040089,0.3048780487804878,0.3133514986376022,0.9130434782608695,0.8253968253968254,0.06779661016949153,0.04564315352697095,0.008473449857114401,0.08764665286404416,0.10980010950656474
0.9122807017543859,0.9613566062748564,0.8840579710144928,0.8356164383561644,0.8977303310307706,0.9122807017543859,0.27848101265822783,0.3076923076923077,0.8076923076923077,0.8416666666666667,0.018867924528301886,0.058365758754863814,0.029211295034079876,0.033974358974358965,0.0734721932009209
0.9152173913043479,0.9734098246226333,0.8639455782312925,0.8698630136986302,0.9023466205072097,0.9152173913043479,0.3,0.3236842105263158,0.7777777777777778,0.8907563025210085,0.05660377358490566,0.06513409961685823,0.023684210526315808,0.11297852474323067,0.12150885077518324
