acc,auc,precision,recall,maf1,mif1,yp1.a1,yp1.a0,yp1.y1a1,yp1.y1a0,yp1.y0a1,yp1.y0a0,parity,equality,eq_odds
0.9186295503211992,0.9751236482521586,0.8383233532934131,0.9271523178807947,0.9094074164828883,0.9186295503211992,0.27631578947368424,0.3734015345268542,0.7916666666666666,0.952755905511811,0.038461538461538464,0.0946969696969697,0.09708574505316997,0.16108923884514437,0.2173246700805756
0.9400428265524626,0.9780231335436382,0.9121621621621622,0.9,0.9310075556118358,0.9400428265524625,0.2727272727272727,0.32717678100263853,0.7692307692307693,0.9274193548387096,0.06451612903225806,0.03529411764705882,0.05444950827536582,0.15818858560794036,0.1874105969931396
0.9175946547884186,0.9790827740492171,0.8294117647058824,0.9463087248322147,0.9100546288325455,0.9175946547884187,0.3170731707317073,0.3923705722070845,1.0,0.9365079365079365,0.05084745762711865,0.1078838174273859,0.07529740147537717,0.06349206349206349,0.12052842329233074
0.9078947368421052,0.9718736190897039,0.8333333333333334,0.8904109589041096,0.8960373466507436,0.9078947368421053,0.25316455696202533,0.36074270557029176,0.7307692307692307,0.925,0.018867924528301886,0.09727626459143969,0.10757814860826642,0.19423076923076932,0.2726391092939071
0.9108695652173913,0.9725373004100863,0.8260869565217391,0.910958904109589,0.8997826676089717,0.9108695652173913,0.325,0.35526315789473684,0.8148148148148148,0.9327731092436975,0.07547169811320754,0.09195402298850575,0.030263157894736825,0.11795829442888273,0.13444061930418094
