acc,auc,precision,recall,maf1,mif1,yp1.a1,yp1.a0,yp1.y1a1,yp1.y1a0,yp1.y0a1,yp1.y0a0,parity,equality,eq_odds
0.967880085653105,0.9930002514879704,0.9473684210526315,0.9536423841059603,0.9633616293483547,0.9678800856531049,0.3157894736842105,0.3273657289002558,1.0,0.9448818897637795,0.0,0.030303030303030304,0.011576255216045273,0.055118110236220486,0.08542114053925079
0.955032119914347,0.9871293375394322,0.9215686274509803,0.94,0.9487062810876967,0.9550321199143469,0.29545454545454547,0.33509234828496043,1.0,0.9274193548387096,0.0,0.047058823529411764,0.03963780283041496,0.07258064516129037,0.11963946869070213
0.9554565701559019,0.9904474272930648,0.951048951048951,0.912751677852349,0.9492517744925177,0.955456570155902,0.2804878048780488,0.32697547683923706,1.0,0.8968253968253969,0.0,0.029045643153526972,0.04648767196118825,0.10317460317460314,0.13222024632813012
0.9539473684210525,0.9896818382677862,0.9310344827586207,0.9246575342465754,0.9470093132128093,0.9539473684210527,0.3291139240506329,0.3156498673740053,1.0,0.9083333333333333,0.0,0.038910505836575876,0.01346405667662759,0.09166666666666667,0.13057717250324255
0.9543478260869566,0.9897260273972603,0.9194630872483222,0.9383561643835616,0.9476067796610168,0.9543478260869566,0.3375,0.32105263157894737,1.0,0.9243697478991597,0.0,0.04597701149425287,0.016447368421052655,0.07563025210084029,0.12160726359509316
