acc,auc,precision,recall,maf1,mif1,yp1.a1,yp1.a0,yp1.y1a1,yp1.y1a0,yp1.y0a1,yp1.y0a0,parity,equality,eq_odds
0.9957173447537474,0.9999161706765026,0.9869281045751634,1.0,0.9951232247284879,0.9957173447537473,0.3157894736842105,0.329923273657289,1.0,1.0,0.0,0.007575757575757576,0.014133799973078509,0.0,0.007575757575757576
0.980728051391863,0.9989274447949528,0.9548387096774194,0.9866666666666667,0.9780916886027784,0.9807280513918629,0.29545454545454547,0.3403693931398417,1.0,0.9838709677419355,0.0,0.027450980392156862,0.044914847685296244,0.016129032258064502,0.043580012650221364
0.9844097995545656,0.9994407158836689,0.9733333333333334,0.9798657718120806,0.9824512425949605,0.9844097995545658,0.2804878048780488,0.3460490463215259,1.0,0.9761904761904762,0.0,0.016597510373443983,0.06556124144347708,0.023809523809523836,0.040407034182967816
0.9846491228070174,0.9993371630578877,0.9727891156462585,0.9794520547945206,0.9824003264099863,0.9846491228070176,0.3291139240506329,0.3209549071618037,1.0,0.975,0.0,0.01556420233463035,0.008159016888829196,0.025000000000000022,0.04056420233463037
0.9826086956521739,0.9979495681005148,0.9539473684210527,0.9931506849315068,0.9801463130408511,0.9826086956521739,0.3375,0.32894736842105265,1.0,0.9915966386554622,0.0,0.02681992337164751,0.008552631578947367,0.008403361344537785,0.0352232847161853
