acc,auc,precision,recall,maf1,mif1,yp1.a1,yp1.a0,yp1.y1a1,yp1.y1a0,yp1.y0a1,yp1.y0a0,parity,equality,eq_odds
0.9421841541755889,0.9885153826808618,0.9305555555555556,0.8874172185430463,0.9331105275722129,0.9421841541755889,0.27631578947368424,0.3145780051150895,0.8333333333333334,0.8976377952755905,0.019230769230769232,0.03409090909090909,0.03826221564140525,0.06430446194225714,0.079164601802397
0.9400428265524626,0.9762776025236592,0.8961038961038961,0.92,0.9317251461988305,0.9400428265524625,0.3068181818181818,0.33509234828496043,0.9230769230769231,0.9193548387096774,0.04838709677419355,0.050980392156862744,0.028274166466778605,0.003722084367245748,0.0063153797499149456
0.9487750556792872,0.9927740492170022,0.95,0.8926174496644296,0.9413241970216079,0.9487750556792873,0.2926829268292683,0.31607629427792916,1.0,0.873015873015873,0.01694915254237288,0.024896265560165973,0.023393367448660884,0.12698412698412698,0.13493124000192008
0.9407894736842105,0.9802474591250553,0.916083916083916,0.8972602739726028,0.931617855337773,0.9407894736842105,0.3037974683544304,0.3156498673740053,0.8461538461538461,0.9083333333333333,0.03773584905660377,0.038910505836575876,0.01185239901957491,0.06217948717948718,0.06335414395945929
0.9521739130434783,0.9829421516447081,0.9133333333333333,0.9383561643835616,0.9452096327096327,0.9521739130434783,0.3375,0.3236842105263158,0.9629629629629629,0.9327731092436975,0.018867924528301886,0.04597701149425287,0.013815789473684226,0.030189853719265414,0.057298940685216404
