acc,auc,precision,recall,maf1,mif1,yp1.a1,yp1.a0,yp1.y1a1,yp1.y1a0,yp1.y0a1,yp1.y0a0,parity,equality,eq_odds
0.9850107066381157,0.9957666191633834,0.9615384615384616,0.9933774834437086,0.9830172113731175,0.9850107066381156,0.3157894736842105,0.3375959079283887,1.0,0.9921259842519685,0.0,0.022727272727272728,0.02180643424417822,0.007874015748031482,0.03060128847530421
0.980728051391863,0.9984016824395373,0.9731543624161074,0.9666666666666667,0.9778632186026913,0.9807280513918629,0.2840909090909091,0.32717678100263853,0.9230769230769231,0.9758064516129032,0.016129032258064516,0.011764705882352941,0.04308587191172941,0.05272952853598012,0.057093854911691694
0.9844097995545656,0.9941163310961968,0.9863013698630136,0.9664429530201343,0.982331281445878,0.9844097995545658,0.2682926829268293,0.33787465940054495,0.9565217391304348,0.9682539682539683,0.0,0.008298755186721992,0.06958197647371567,0.011732229123533444,0.020030984310255434
0.9846491228070174,0.9961334511710119,0.9793103448275862,0.9726027397260274,0.9823364377376032,0.9846491228070176,0.31645569620253167,0.3183023872679045,0.9615384615384616,0.975,0.0,0.011673151750972763,0.0018466910653728297,0.013461538461538414,0.025134690212511177
0.9695652173913044,0.9970770438879679,0.9285714285714286,0.9794520547945206,0.9653763440860215,0.9695652173913043,0.3625,0.32894736842105265,1.0,0.9747899159663865,0.03773584905660377,0.034482758620689655,0.033552631578947334,0.025210084033613467,0.028463174469527584
