acc,auc,precision,recall,maf1,mif1,yp1.a1,yp1.a0,yp1.y1a1,yp1.y1a0,yp1.y0a1,yp1.y0a0,parity,equality,eq_odds
0.9421841541755889,0.9818928661245705,0.8875,0.9403973509933775,0.9349222979773215,0.9421841541755889,0.3157894736842105,0.34782608695652173,0.9166666666666666,0.9448818897637795,0.038461538461538464,0.06060606060606061,0.03203661327231122,0.028215223097112885,0.05035974524163503
0.9186295503211992,0.9643743427970557,0.8733333333333333,0.8733333333333333,0.9066982124079916,0.9186295503211992,0.3181818181818182,0.32189973614775724,0.8076923076923077,0.8870967741935484,0.11290322580645161,0.047058823529411764,0.003717917965939066,0.07940446650124067,0.14524886877828053
0.9198218262806236,0.9736241610738254,0.9064748201438849,0.8456375838926175,0.9079918032786886,0.9198218262806237,0.2926829268292683,0.3133514986376022,0.9130434782608695,0.8333333333333334,0.05084745762711865,0.04149377593360996,0.020668571808333924,0.07971014492753614,0.08906382662104484
0.9210526315789473,0.9530490499337163,0.8767123287671232,0.8767123287671232,0.9093239063190455,0.9210526315789473,0.31645569620253167,0.3209549071618037,0.8846153846153846,0.875,0.03773584905660377,0.0622568093385214,0.004499210959272026,0.009615384615384581,0.03413634489730221
0.9239130434782609,0.967302155134805,0.87248322147651,0.8904109589041096,0.9126779661016949,0.9239130434782609,0.35,0.31842105263157894,0.8518518518518519,0.8991596638655462,0.09433962264150944,0.05363984674329502,0.03157894736842104,0.047307812013694384,0.0880075879119088
