acc,auc,precision,recall,maf1,mif1,yp1.a1,yp1.a0,yp1.y1a1,yp1.y1a0,yp1.y0a1,yp1.y0a0,parity,equality,eq_odds
0.9443254817987152,0.9849945510939727,0.9496402877697842,0.8741721854304636,0.9349860783893768,0.9443254817987152,0.2894736842105263,0.29923273657289,0.875,0.8740157480314961,0.019230769230769232,0.022727272727272728,0.009759052362363685,0.0009842519685039353,0.004480755465007431
0.9357601713062099,0.9766771819137751,0.8947368421052632,0.9066666666666666,0.9265969486126246,0.9357601713062098,0.3181818181818182,0.32717678100263853,0.8846153846153846,0.9112903225806451,0.08064516129032258,0.043137254901960784,0.008994962820820351,0.026674937965260548,0.06418284435362234
0.9510022271714922,0.9925950782997763,0.9568345323741008,0.8926174496644296,0.9437727686703097,0.9510022271714922,0.2804878048780488,0.31607629427792916,0.9565217391304348,0.8809523809523809,0.01694915254237288,0.02074688796680498,0.03558848939988035,0.07556935817805388,0.07936709360248598
0.9298245614035088,0.9775961113566063,0.8958333333333334,0.8835616438356164,0.9191041135380863,0.9298245614035088,0.2911392405063291,0.3209549071618037,0.8846153846153846,0.8833333333333333,0.0,0.058365758754863814,0.029815666655474582,0.0012820512820512775,0.05964781003691509
0.9369565217391305,0.9794956810051478,0.903448275862069,0.8972602739726028,0.9271193570769072,0.9369565217391305,0.3125,0.3157894736842105,0.8518518518518519,0.907563025210084,0.03773584905660377,0.04597701149425287,0.003289473684210509,0.05571117335823217,0.06395233579588128
