acc,auc,precision,recall,maf1,mif1,yp1.a1,yp1.a0,yp1.y1a1,yp1.y1a0,yp1.y0a1,yp1.y0a0,parity,equality,eq_odds
0.8865096359743041,0.965650934696957,0.8266666666666667,0.8211920529801324,0.8700959938698283,0.8865096359743041,0.32894736842105265,0.319693094629156,0.7916666666666666,0.8267716535433071,0.11538461538461539,0.07575757575757576,0.009254273791896639,0.03510498687664043,0.07473202650368006
0.8950749464668095,0.9551419558359622,0.8482758620689655,0.82,0.8786079944829049,0.8950749464668094,0.2840909090909091,0.316622691292876,0.8076923076923077,0.8225806451612904,0.06451612903225806,0.07058823529411765,0.0325317822019669,0.01488833746898266,0.020960443730842243
0.9153674832962138,0.9602908277404922,0.9172932330827067,0.8187919463087249,0.9017799576310215,0.9153674832962138,0.25609756097560976,0.30517711171662126,0.8260869565217391,0.8174603174603174,0.03389830508474576,0.03734439834024896,0.0490795507410115,0.008626639061421693,0.012072732316924892
0.8903508771929824,0.9462660185594344,0.82,0.8424657534246576,0.8749561249561251,0.8903508771929824,0.27848101265822783,0.3395225464190981,0.7307692307692307,0.8666666666666667,0.05660377358490566,0.0933852140077821,0.06104153376087029,0.13589743589743597,0.17267887632031242
0.9043478260869565,0.9589913620102958,0.8493150684931506,0.8493150684931506,0.8896256871128173,0.9043478260869565,0.3125,0.31842105263157894,0.8148148148148148,0.8571428571428571,0.05660377358490566,0.07279693486590039,0.005921052631578938,0.042328042328042326,0.05852120360903705
