acc,auc,precision,recall,maf1,mif1,yp1.a1,yp1.a0,yp1.y1a1,yp1.y1a0,yp1.y0a1,yp1.y0a0,parity,equality,eq_odds
0.9357601713062099,0.9793570290887753,0.8903225806451613,0.9139072847682119,0.9270950418383914,0.9357601713062098,0.32894736842105265,0.33248081841432225,0.875,0.9212598425196851,0.07692307692307693,0.04924242424242424,0.0035334499932695995,0.04625984251968507,0.07394049520033776
0.9229122055674519,0.9750157728706624,0.875,0.8866666666666667,0.9119163383351496,0.9229122055674518,0.29545454545454547,0.3324538258575198,0.8461538461538461,0.8951612903225806,0.06451612903225806,0.058823529411764705,0.036999280402974344,0.04900744416873448,0.05470004378922784
0.9309576837416481,0.9840492170022371,0.9402985074626866,0.8456375838926175,0.9200264299462783,0.9309576837416481,0.25609756097560976,0.3079019073569482,0.8695652173913043,0.8412698412698413,0.01694915254237288,0.029045643153526972,0.05180434638133846,0.028295376121463045,0.04039186673261713
0.9210526315789473,0.9714538223596995,0.9104477611940298,0.8356164383561644,0.9072332730560577,0.9210526315789473,0.3037974683544304,0.2917771883289125,0.8076923076923077,0.8416666666666667,0.05660377358490566,0.03501945525291829,0.012020280025517915,0.033974358974358965,0.05555867730634634
0.932608695652174,0.9782305208969548,0.896551724137931,0.8904109589041096,0.9220931058408317,0.9326086956521739,0.3375,0.3105263157894737,0.8888888888888888,0.8907563025210085,0.05660377358490566,0.04597701149425287,0.026973684210526316,0.0018674136321196189,0.012494175722772408
