acc,auc,precision,recall,maf1,mif1,yp1.a1,yp1.a0,yp1.y1a1,yp1.y1a0,yp1.y0a1,yp1.y0a0,parity,equality,eq_odds
0.9828693790149894,0.9972755469863359,0.9612903225806452,0.9867549668874173,0.9805586778235711,0.9828693790149893,0.3157894736842105,0.3350383631713555,1.0,0.984251968503937,0.0,0.022727272727272728,0.019248889487144982,0.015748031496062964,0.03847530422333569
0.9914346895074947,0.9986119873817034,0.9866666666666667,0.9866666666666667,0.9901787592008413,0.9914346895074947,0.29545454545454547,0.32717678100263853,1.0,0.9838709677419355,0.0,0.00784313725490196,0.03172223554809306,0.016129032258064502,0.023972169512966462
0.9888641425389755,0.9980536912751677,0.9864864864864865,0.9798657718120806,0.9874227578054533,0.9888641425389755,0.2926829268292683,0.33787465940054495,1.0,0.9761904761904762,0.01694915254237288,0.004149377593360996,0.04519173257127668,0.023809523809523836,0.03660929875853572
0.9912280701754386,0.9989394608926204,0.9863013698630136,0.9863013698630136,0.989924878479894,0.9912280701754386,0.3291139240506329,0.3183023872679045,1.0,0.9833333333333333,0.0,0.007782101167315175,0.010811536782728393,0.01666666666666672,0.024448767833981894
0.9891304347826088,0.9979495681005148,0.9668874172185431,1.0,0.9875696504909989,0.9891304347826086,0.3375,0.3263157894736842,1.0,1.0,0.0,0.019157088122605363,0.011184210526315796,0.0,0.019157088122605363
