acc,auc,precision,recall,maf1,mif1,yp1.a1,yp1.a0,yp1.y1a1,yp1.y1a0,yp1.y0a1,yp1.y0a0,parity,equality,eq_odds
0.9593147751605996,0.9929583368262218,0.952054794520548,0.9205298013245033,0.9530998102426674,0.9593147751605996,0.3026315789473684,0.3145780051150895,0.875,0.9291338582677166,0.038461538461538464,0.01893939393939394,0.01194642616772107,0.05413385826771655,0.07365600278986108
0.9443254817987152,0.9793059936908517,0.8974358974358975,0.9333333333333333,0.9368157029266059,0.9443254817987152,0.32954545454545453,0.33509234828496043,0.9230769230769231,0.9354838709677419,0.08064516129032258,0.043137254901960784,0.005546893739505898,0.012406947890818754,0.04991485427918055
0.9554565701559019,0.9923042505592841,0.9328859060402684,0.9328859060402684,0.9497762863534676,0.955456570155902,0.3048780487804878,0.33787465940054495,1.0,0.9206349206349206,0.03389830508474576,0.03319502074688797,0.032996610620057154,0.07936507936507942,0.08006836370293721
0.9473684210526315,0.981639416703491,0.9295774647887324,0.9041095890410958,0.9391025641025641,0.9473684210526315,0.31645569620253167,0.3103448275862069,0.9230769230769231,0.9,0.018867924528301886,0.03501945525291829,0.0061108686163247605,0.023076923076923106,0.03922845380153951
0.9521739130434783,0.9847962655963703,0.918918918918919,0.9315068493150684,0.9450131490295799,0.9521739130434783,0.325,0.32105263157894737,0.9259259259259259,0.9327731092436975,0.018867924528301886,0.0421455938697318,0.003947368421052644,0.006847183317771566,0.030124852659201482
