acc,auc,precision,recall,maf1,mif1,yp1.a1,yp1.a0,yp1.y1a1,yp1.y1a0,yp1.y0a1,yp1.y0a0,parity,equality,eq_odds
0.974304068522484,0.9961648084499958,0.9664429530201343,0.9536423841059603,0.9705362776025237,0.974304068522484,0.3157894736842105,0.319693094629156,1.0,0.9448818897637795,0.0,0.01893939393939394,0.0039036209449455073,0.055118110236220486,0.07405750417561442
0.9571734475374732,0.9896109358569926,0.90625,0.9666666666666667,0.95171629445823,0.9571734475374732,0.29545454545454547,0.35356200527704484,1.0,0.9596774193548387,0.0,0.058823529411764705,0.058107459822499374,0.040322580645161255,0.09914611005692596
0.9665924276169264,0.9931096196868009,0.958904109589041,0.9395973154362416,0.9621384602411671,0.9665924276169265,0.2804878048780488,0.335149863760218,1.0,0.9285714285714286,0.0,0.024896265560165973,0.054662058882169184,0.0714285714285714,0.09632483698873737
0.9495614035087718,0.9851303579319487,0.9241379310344827,0.9178082191780822,0.9419625811378389,0.9495614035087719,0.2911392405063291,0.32360742705570295,0.8846153846153846,0.925,0.0,0.042801556420233464,0.032468186549373834,0.04038461538461546,0.08318617180484893
0.9565217391304348,0.9862795567577001,0.9090909090909091,0.958904109589041,0.9505376344086023,0.9565217391304348,0.3375,0.33421052631578946,1.0,0.9495798319327731,0.0,0.05363984674329502,0.0032894736842105643,0.050420168067226934,0.10406001481052196
