acc,auc,precision,recall,maf1,mif1,yp1.a1,yp1.a0,yp1.y1a1,yp1.y1a0,yp1.y0a1,yp1.y0a0,parity,equality,eq_odds
0.9850107066381157,0.9965629977366082,0.9615384615384616,0.9933774834437086,0.9830172113731175,0.9850107066381156,0.3157894736842105,0.3375959079283887,1.0,0.9921259842519685,0.0,0.022727272727272728,0.02180643424417822,0.007874015748031482,0.03060128847530421
0.9764453961456103,0.9971398527865405,0.9602649006622517,0.9666666666666667,0.9730387911805305,0.9764453961456103,0.2840909090909091,0.3324538258575198,0.9230769230769231,0.9758064516129032,0.016129032258064516,0.0196078431372549,0.0483629167666107,0.05272952853598012,0.056208339415170505
0.977728285077951,0.9929530201342281,0.9727891156462585,0.959731543624161,0.9748024602675767,0.977728285077951,0.2926829268292683,0.335149863760218,1.0,0.9523809523809523,0.01694915254237288,0.012448132780082987,0.04246693693094972,0.04761904761904767,0.052120067381337565
0.9780701754385964,0.9955148033583738,0.9722222222222222,0.958904109589041,0.974720035480652,0.9780701754385965,0.2911392405063291,0.3209549071618037,0.8846153846153846,0.975,0.0,0.01556420233463035,0.029815666655474582,0.0903846153846154,0.10594881771924575
0.9717391304347827,0.9959863886222843,0.9403973509933775,0.9726027397260274,0.9676810912765968,0.9717391304347827,0.3625,0.32105263157894737,1.0,0.9663865546218487,0.03773584905660377,0.02681992337164751,0.04144736842105262,0.03361344537815125,0.04452937106310752
