acc,auc,precision,recall,maf1,mif1,yp1.a1,yp1.a0,yp1.y1a1,yp1.y1a0,yp1.y0a1,yp1.y0a0,parity,equality,eq_odds
0.955032119914347,0.9914494090032694,0.9333333333333333,0.9271523178807947,0.948528601344649,0.9550321199143469,0.32894736842105265,0.319693094629156,1.0,0.9133858267716536,0.019230769230769232,0.03409090909090909,0.009254273791896639,0.08661417322834641,0.10147431308848627
0.9379014989293363,0.9768033648790746,0.8853503184713376,0.9266666666666666,0.9296427328314865,0.9379014989293362,0.3068181818181818,0.34300791556728233,0.9230769230769231,0.9274193548387096,0.04838709677419355,0.058823529411764705,0.036189733749100506,0.004342431761786503,0.01477886439935766
0.953229398663697,0.9925055928411632,0.9637681159420289,0.8926174496644296,0.9462296914294839,0.9532293986636972,0.2804878048780488,0.3133514986376022,0.9565217391304348,0.8809523809523809,0.01694915254237288,0.016597510373443983,0.03286369375955339,0.07556935817805388,0.07592100034698278
0.9473684210526315,0.9886433937251435,0.9357142857142857,0.8972602739726028,0.9388726289684757,0.9473684210526315,0.2911392405063291,0.3103448275862069,0.8846153846153846,0.9,0.0,0.03501945525291829,0.019205587079877795,0.015384615384615441,0.05040407063753373
0.9434782608695652,0.9863668091789548,0.9054054054054054,0.9178082191780822,0.9350155397622308,0.9434782608695652,0.3375,0.31842105263157894,0.9629629629629629,0.907563025210084,0.018867924528301886,0.04980842911877394,0.019078947368421084,0.05539993775287888,0.08634044234335093
