acc,auc,precision,recall,maf1,mif1,yp1.a1,yp1.a0,yp1.y1a1,yp1.y1a0,yp1.y0a1,yp1.y0a0,parity,equality,eq_odds
0.9464668094218416,0.9890393159527202,0.9315068493150684,0.9006622516556292,0.9382892240035098,0.9464668094218416,0.2894736842105263,0.3171355498721228,0.875,0.905511811023622,0.019230769230769232,0.03409090909090909,0.027661865661596452,0.030511811023621993,0.04537195088376185
0.9271948608137045,0.9744479495268139,0.8717948717948718,0.9066666666666666,0.9173743807501769,0.9271948608137046,0.3068181818181818,0.3403693931398417,0.9230769230769231,0.9032258064516129,0.04838709677419355,0.06666666666666667,0.03355121132165989,0.01985111662531025,0.03813068651778337
0.953229398663697,0.992662192393736,0.9507042253521126,0.9060402684563759,0.9466193379642998,0.9532293986636972,0.2926829268292683,0.3215258855585831,1.0,0.8888888888888888,0.01694915254237288,0.024896265560165973,0.028842958729314805,0.11111111111111116,0.11905822412890425
0.9429824561403508,0.978988068935042,0.9166666666666666,0.9041095890410958,0.934272092249695,0.9429824561403509,0.3291139240506329,0.3129973474801061,0.9230769230769231,0.9,0.03773584905660377,0.038910505836575876,0.016116576570526786,0.023076923076923106,0.02425157985689521
0.9521739130434783,0.9828330861181398,0.9246575342465754,0.9246575342465754,0.9448128435564087,0.9521739130434783,0.3125,0.31842105263157894,0.9259259259259259,0.9243697478991597,0.0,0.0421455938697318,0.005921052631578938,0.0015561780267662195,0.04370177189649802
