acc,auc,precision,recall,maf1,mif1,yp1.a1,yp1.a0,yp1.y1a1,yp1.y1a0,yp1.y0a1,yp1.y0a0,parity,equality,eq_odds
0.8639542275905913,0.9278877850100873,0.863237139272271,0.7644444444444445,0.8523108089293716,0.8639542275905912,0.30016652789342213,0.3767803193785067,0.7302158273381295,0.7939958592132506,0.07142857142857142,0.07846039970392302,0.07661379148508457,0.06378003187512105,0.07081186015047264
0.8766687857596949,0.9360037821056698,0.8489519112207151,0.8033838973162194,0.8650805019701053,0.8766687857596948,0.2938428874734607,0.3934010152284264,0.7788331071913162,0.8219037871033776,0.07292954264524104,0.09156452775775054,0.0995581277549657,0.04307067991206148,0.06170566502457098
0.8698876880695063,0.9327223152668631,0.8223981900452488,0.8289623717217788,0.8609404462013908,0.8698876880695061,0.3360272224585283,0.41300675675675674,0.8340026773761714,0.8252234359483615,0.1041147132169576,0.1080088170462895,0.07697953429822846,0.008779241427809947,0.012673345257141838
0.8614113159567706,0.9283527577821772,0.8637515842839036,0.7563817980022197,0.8492762272392513,0.8614113159567705,0.290133779264214,0.37988826815642457,0.708433734939759,0.7973251028806584,0.0678617157490397,0.08044280442804429,0.08975448889221055,0.08889136794089936,0.10147245661990395
0.868616232252596,0.9304474436119521,0.8283538371411834,0.8121769098219415,0.8583398858887008,0.8686162322525959,0.330702118820108,0.3940311418685121,0.7834928229665071,0.8386740331491712,0.08975175047740293,0.10803127221037669,0.0633290230484041,0.05518121018266409,0.07346073191563784
