acc,auc,precision,recall,maf1,mif1,yp1.a1,yp1.a0,yp1.y1a1,yp1.y1a0,yp1.y0a1,yp1.y0a0,parity,equality,eq_odds
0.852511125238398,0.9171917703932091,0.9670050761421319,0.635,0.8293964530678495,0.852511125238398,0.22148209825145712,0.2805351747949935,0.6211031175059952,0.6469979296066253,0.008928571428571428,0.018504811250925242,0.05905307654353639,0.02589481210063005,0.03547105192298386
0.8832379741470651,0.9116711354277295,0.9349289454001496,0.7292882147024504,0.8665672451986189,0.8832379741470651,0.22760084925690022,0.33883248730964466,0.6852103120759837,0.7625383828045036,0.019159456118665017,0.04037490987743331,0.11123163805274444,0.07732807072851988,0.09854352448728818
0.8658614113159568,0.9101791905180354,0.9502008032128514,0.6744583808437856,0.8453112263284324,0.8658614113159567,0.21310080816673757,0.3141891891891892,0.643908969210174,0.6971201588877854,0.012468827930174564,0.03085966201322557,0.10108838102245163,0.053211189677611404,0.07160202376066241
0.8732782369146006,0.9173981828745494,0.9652241112828439,0.693118756936737,0.8562777618876495,0.8732782369146006,0.2382943143812709,0.3111302105715514,0.672289156626506,0.7109053497942387,0.0076824583866837385,0.024354243542435424,0.07283589619028047,0.03861619316773268,0.055287978323484366
0.846577664759483,0.9142428353589735,0.9739049394221808,0.6002297530155083,0.8167077397690635,0.8465776647594829,0.2044038221852929,0.2512975778546713,0.5717703349282297,0.6265193370165746,0.008911521323997454,0.009950248756218905,0.04689375566937837,0.05474900208834488,0.05578772952056633
