acc,auc,precision,recall,maf1,mif1,yp1.a1,yp1.a0,yp1.y1a1,yp1.y1a0,yp1.y0a1,yp1.y0a0,parity,equality,eq_odds
0.8450942996397542,0.8810121426668189,0.8782731776362349,0.6894444444444444,0.8275285268056352,0.8450942996397541,0.2726894254787677,0.32714717306862323,0.658273381294964,0.7163561076604554,0.06760204081632654,0.04885270170244264,0.054457747589855554,0.05808272636549139,0.0768320654793753
0.8662852299215936,0.891356587717476,0.892675852066715,0.7182030338389732,0.8482712813727941,0.8662852299215935,0.24373673036093418,0.34052453468697125,0.6675712347354138,0.7563971340839304,0.05067985166872682,0.047584715212689255,0.09678780432603706,0.08882589934851659,0.09192103580455416
0.8527230345412165,0.8850486769821233,0.8721011946591708,0.7075256556442417,0.8351177659142384,0.8527230345412163,0.2564866014461931,0.34628378378378377,0.6639892904953146,0.7398212512413108,0.06670822942643391,0.055106539309331376,0.08979718233759065,0.07583196074599619,0.08743365086309872
0.8366179275270185,0.8836848327211947,0.8542955326460481,0.6897891231964484,0.8192709968155902,0.8366179275270185,0.2763377926421405,0.3412118607649334,0.6566265060240963,0.7181069958847737,0.07426376440460948,0.07084870848708487,0.0648740681227929,0.061480489860677334,0.06489554577820195
0.8470014833651198,0.8837820447786929,0.8363036303630363,0.7277426766226307,0.8307324228142734,0.8470014833651197,0.30452845866223516,0.3382352941176471,0.7009569377990431,0.7524861878453039,0.09357097390197326,0.07178393745557925,0.03370683545541192,0.051529250046260744,0.07331628649265476
