acc,auc,precision,recall,maf1,mif1,yp1.a1,yp1.a0,yp1.y1a1,yp1.y1a0,yp1.y0a1,yp1.y0a0,parity,equality,eq_odds
0.8317440135621954,0.872209470518823,0.8857361963190185,0.6416666666666667,0.8094229025810631,0.8317440135621954,0.2414654454621149,0.312473025463962,0.6199040767386091,0.660455486542443,0.04017857142857143,0.06365655070318282,0.07100758000184709,0.04055140980383387,0.06402938907844527
0.8355583810129266,0.8631038894724272,0.8825448613376835,0.6312718786464411,0.8083165306750586,0.8355583810129265,0.21061571125265394,0.30879864636209814,0.5997286295793759,0.6550665301944729,0.03337453646477132,0.06488824801730353,0.0981829351094442,0.055337900615097024,0.08685161216762924
0.8203009112100021,0.8579599316234058,0.8819561551433389,0.5963511972633979,0.7905314665108888,0.8203009112100021,0.2050191407911527,0.2972972972972973,0.5676037483266398,0.6176762661370407,0.03615960099750624,0.060249816311535635,0.09227815650614463,0.050072517810400896,0.0741627331244303
0.8342869251960161,0.8712903082203638,0.904120443740095,0.6331853496115427,0.8110460781847928,0.8342869251960161,0.23160535117056857,0.30425440481306404,0.6144578313253012,0.6491769547325102,0.028169014084507043,0.05682656826568266,0.07264905364249546,0.03471912340720906,0.06337667758838468
0.8332273786819242,0.8648004184621747,0.9090909090909091,0.6088454910970706,0.8043859728129983,0.8332273786819241,0.21686746987951808,0.27854671280276816,0.5765550239234449,0.6386740331491713,0.025461489497135583,0.046908315565031986,0.06167924292325008,0.06211900922572633,0.08356583529362273
