acc,auc,precision,recall,maf1,mif1,yp1.a1,yp1.a0,yp1.y1a1,yp1.y1a0,yp1.y0a1,yp1.y0a0,parity,equality,eq_odds
0.913329095147277,0.9494604316546764,0.938801261829653,0.8266666666666667,0.9058015105855929,0.913329095147277,0.3014154870940883,0.3716012084592145,0.8177458033573142,0.8343685300207039,0.026785714285714284,0.04071058475203553,0.07018572136512624,0.01662272666338971,0.030547597129710957
0.9120576393303667,0.9456190285735366,0.9281476598549769,0.8214702450408401,0.9023483983922667,0.9120576393303667,0.2692144373673036,0.37351945854483926,0.7951153324287653,0.8413510747185261,0.029666254635352288,0.04397981254506128,0.10430502117753565,0.046235742289760795,0.06054930019946979
0.9131171858444587,0.9513434001011419,0.9335483870967742,0.8249714937286203,0.9045337147530812,0.9131171858444586,0.27775414717141644,0.37880067567567566,0.8072289156626506,0.8381330685203575,0.03117206982543641,0.038941954445260836,0.10104652850425921,0.030904152857706868,0.038674037477531294
0.9141767323585506,0.9541192755392724,0.9401386263390044,0.827968923418424,0.906771253022125,0.9141767323585507,0.29891304347826086,0.3747314138375591,0.8144578313253013,0.8395061728395061,0.02496798975672215,0.041328413284132844,0.07581837035929823,0.025048341514204875,0.04140876504161557
0.9103623649078195,0.9495598393580494,0.9410977242302544,0.8075818495117748,0.9005249242464073,0.9103623649078194,0.2891566265060241,0.34515570934256057,0.7799043062200957,0.8331491712707182,0.028007638446849142,0.03127221037668799,0.055999082836536485,0.053244865050622536,0.05650943698046138
