acc,auc,precision,recall,maf1,mif1,yp1.a1,yp1.a0,yp1.y1a1,yp1.y1a0,yp1.y0a1,yp1.y0a0,parity,equality,eq_odds
0.8497563043017589,0.9043323436488904,0.8984660336011687,0.6833333333333333,0.8315869645831736,0.8497563043017589,0.23563696919233973,0.3465688390159689,0.60431654676259,0.7515527950310559,0.039540816326530615,0.05699481865284974,0.11093186982362918,0.14723624826846593,0.16469025059478506
0.8633184996821361,0.903081794830475,0.8724738675958188,0.7304550758459744,0.8463065226874429,0.863318499682136,0.2348195329087049,0.3730964467005076,0.6485753052917232,0.7922210849539406,0.046353522867737945,0.07786589762076424,0.13827691379180274,0.14364577966221737,0.17515815441524366
0.848696757787667,0.8906428284374333,0.8611111111111112,0.7069555302166477,0.8310530394714304,0.8486967577876668,0.24627817949808592,0.36359797297297297,0.6506024096385542,0.7487586891757696,0.05798004987531172,0.07861866274797942,0.11731979347488705,0.0981562795372154,0.1187948924098831
0.8569612205975843,0.9065204661563333,0.9110138584974471,0.693118756936737,0.8397630747661646,0.8569612205975842,0.23244147157190637,0.350236355822948,0.608433734939759,0.7654320987654321,0.03265044814340589,0.05239852398523985,0.11779488425104162,0.156998363825673,0.17674643966750697
0.8510277601186692,0.9024481271618906,0.8639551192145862,0.7076392877656519,0.832960016579846,0.8510277601186692,0.24927295388450352,0.35726643598615915,0.6244019138755981,0.7845303867403315,0.04964990451941439,0.0824449182658138,0.10799348210165563,0.16012847286473342,0.19292348661113282
