acc,auc,precision,recall,maf1,mif1,yp1.a1,yp1.a0,yp1.y1a1,yp1.y1a0,yp1.y0a1,yp1.y0a0,parity,equality,eq_odds
0.9093028183937275,0.9513330288150431,0.9341772151898734,0.82,0.9013612007009169,0.9093028183937275,0.29142381348875934,0.37980146741476045,0.802158273381295,0.8354037267080745,0.019770408163265307,0.0540340488527017,0.08837765392600111,0.03324545332677953,0.06750909401621592
0.9126933672388219,0.9522140267970342,0.945280437756498,0.8063010501750292,0.9022417009719172,0.9126933672388219,0.25095541401273885,0.36844331641285955,0.7666214382632293,0.8362333674513818,0.016069221260815822,0.03893294881038212,0.11748790240012069,0.06961192918815251,0.0924756567377188
0.9090909090909092,0.9516650931333055,0.9455279085406859,0.8015963511972634,0.8992032005613091,0.9090909090909091,0.25818800510421097,0.3716216216216216,0.7670682730923695,0.8272095332671301,0.02119700748129676,0.034533431300514325,0.11343361651741063,0.060141260174760625,0.0734776839939782
0.9093028183937275,0.948669763569751,0.9490196078431372,0.8057713651498335,0.9007268154559563,0.9093028183937275,0.282190635451505,0.3674258702191663,0.7855421686746988,0.823045267489712,0.0147247119078105,0.04059040590405904,0.08523523476766126,0.037503098815013125,0.06336879281126166
0.9093028183937275,0.9558307928446362,0.9462950373895309,0.7995404939689833,0.8990028558981558,0.9093028183937275,0.27918570835064394,0.34558823529411764,0.7643540669856459,0.8320441988950277,0.021005728835136857,0.032693674484719264,0.0664025269434737,0.06769013190938178,0.07937807755896419
