acc,auc,precision,recall,maf1,mif1,yp1.a1,yp1.a0,yp1.y1a1,yp1.y1a0,yp1.y0a1,yp1.y0a0,parity,equality,eq_odds
0.8635304089849545,0.9255940009896845,0.9668820678513732,0.665,0.8436967165898618,0.8635304089849545,0.23272273105745211,0.2930513595166163,0.6534772182254197,0.6749482401656315,0.008928571428571428,0.01998519615099926,0.0603286284591642,0.021471021940211776,0.0325276466626396
0.8828141555414283,0.9189728515484694,0.9434682964094728,0.720536756126021,0.8654324638669137,0.8828141555414283,0.22632696390658175,0.32825719120135366,0.6865671641791045,0.7461617195496417,0.01668726823238566,0.033886085075702954,0.10193022729477191,0.05959455537053726,0.07679337221385456
0.8802712439076076,0.9187189579683921,0.9091534755677908,0.7531356898517674,0.8665736167228074,0.8802712439076076,0.25478519778817527,0.3606418918918919,0.7362784471218207,0.7656405163853028,0.03054862842892768,0.06098457016899339,0.10585669410371662,0.02936206926348217,0.05979801100354788
0.8775164229709684,0.9257296867039518,0.9751552795031055,0.6970033296337403,0.8609463419408911,0.8775164229709684,0.2399665551839465,0.3068328319724968,0.6807228915662651,0.7109053497942387,0.005761843790012804,0.016974169741697416,0.06686627678855028,0.030182458227973608,0.04139478417965822
0.8641661368934097,0.9178455524314049,0.967687074829932,0.6536473291211947,0.8409779391041532,0.8641661368934095,0.2235147486497715,0.2759515570934256,0.6244019138755981,0.6806629834254143,0.010184595798854232,0.015636105188343994,0.052436808443654115,0.056261069549816245,0.061712578939306005
