acc,auc,precision,recall,maf1,mif1,yp1.a1,yp1.a0,yp1.y1a1,yp1.y1a0,yp1.y0a1,yp1.y0a0,parity,equality,eq_odds
0.9001907183725366,0.9414552167789578,0.9187145557655955,0.81,0.8915502550728024,0.9001907183725365,0.2918401332223147,0.38239102287440657,0.7877697841726619,0.8291925465838509,0.02806122448979592,0.06291635825314582,0.09055088965209185,0.04142276241118903,0.07627789617453892
0.900402627675355,0.9453602222666618,0.8971902937420179,0.8197199533255543,0.8901919177116422,0.900402627675355,0.26666666666666666,0.39678510998307953,0.7747625508819539,0.8536335721596725,0.03522867737948084,0.07498197548666186,0.13011844331641287,0.07887102127771861,0.11862431938489962
0.9016740834922654,0.9397932165649798,0.9271523178807947,0.798175598631699,0.8913446330913317,0.9016740834922653,0.2632922160782646,0.3762668918918919,0.7710843373493976,0.8182720953326713,0.02680798004987531,0.04922850844966936,0.1129746758136273,0.04718775798327368,0.06960828638306774
0.9001907183725366,0.9396374043695783,0.9120743034055727,0.8174250832408435,0.8919667905088993,0.9001907183725365,0.2968227424749164,0.3889127632144392,0.8024096385542169,0.8302469135802469,0.028169014084507043,0.07232472324723248,0.09209002073952277,0.02783727502603006,0.0719929841887555
0.9040050858232677,0.9483076931385397,0.9165588615782665,0.8139000574382539,0.894268900552998,0.9040050858232677,0.29164935604486913,0.36505190311418684,0.7834928229665071,0.8419889502762431,0.02991725015913431,0.05828002842928216,0.0734025470693177,0.05849612730973597,0.08685890557988382
