acc,auc,precision,recall,maf1,mif1,yp1.a1,yp1.a0,yp1.y1a1,yp1.y1a0,yp1.y0a1,yp1.y0a0,parity,equality,eq_odds
0.9131171858444587,0.9542512656541434,0.9360100376411543,0.8288888888888889,0.9056813577274804,0.9131171858444586,0.2960033305578684,0.3810962451445835,0.8117505995203836,0.8436853002070394,0.021683673469387755,0.050333086602516654,0.08509291458671508,0.031934700686655715,0.06058411381978461
0.9112100021190931,0.9518268851796985,0.9245901639344263,0.822637106184364,0.9015237695569918,0.911210002119093,0.2662420382165605,0.37986463620981387,0.7896879240162822,0.8474923234390993,0.02781211372064277,0.050468637346791634,0.11362259799325336,0.05780439942281712,0.08046092304896599
0.9101504556050011,0.9531095390733011,0.9415670650730412,0.8084378563283923,0.9006540127545397,0.9101504556050011,0.26499361973628244,0.3728885135135135,0.784471218206158,0.8262164846077458,0.023067331670822942,0.03747244673034533,0.10789489377723105,0.04174526640158782,0.05615038146111021
0.9088789997880907,0.9501302594116088,0.9489528795811518,0.804661487236404,0.9002356973869744,0.9088789997880907,0.2834448160535117,0.365277180919639,0.7879518072289157,0.8189300411522634,0.015364916773367477,0.03985239852398524,0.08183236486612733,0.030978233923347753,0.05546571567396552
0.9135410044500955,0.9596436475181389,0.9376231122783979,0.8202182653647329,0.904458211856171,0.9135410044500953,0.29164935604486913,0.3551038062283737,0.7882775119617225,0.8497237569060774,0.02737110120942075,0.03695806680881308,0.06345445018350454,0.06144624494435491,0.07103321054374724
