acc,auc,precision,recall,maf1,mif1,yp1.a1,yp1.a0,yp1.y1a1,yp1.y1a0,yp1.y0a1,yp1.y0a0,parity,equality,eq_odds
0.8361941089213817,0.8703855962848769,0.8453261600537996,0.6983333333333334,0.8195802651820474,0.8361941089213817,0.2622814321398834,0.36987483815278377,0.6402877697841727,0.7484472049689441,0.061224489795918366,0.09918578830495929,0.10759340601290035,0.10815943518477145,0.14612073369381237
0.8436109345200254,0.8770426379992894,0.8275167785234899,0.719369894982497,0.8256399303565443,0.8436109345200254,0.24331210191082803,0.38790186125211507,0.6404341926729986,0.7789150460593655,0.06242274412855377,0.11247296322999278,0.14458975934128704,0.13848085338636684,0.18853107248780587
0.8433990252172071,0.8669486848658139,0.8853454821564161,0.6647662485746865,0.8216472748992651,0.843399025217207,0.2152275627392599,0.3424831081081081,0.5836680053547524,0.7249255213505462,0.043640897755610975,0.05951506245407789,0.12725554536884823,0.14125751599579384,0.15713168069426076
0.8387370205552024,0.8771798523485694,0.8898876404494382,0.6592674805771365,0.818318529723184,0.8387370205552024,0.23202341137123747,0.33519553072625696,0.5927710843373494,0.7160493827160493,0.04033290653008963,0.06199261992619926,0.10317211935501949,0.12327829837869997,0.1449380117748096
0.8338631065903793,0.8716837509147108,0.8244067796610169,0.6984491671453188,0.8151072026559585,0.8338631065903793,0.2733693394266722,0.35337370242214533,0.6423444976076556,0.7502762430939226,0.07702100572883513,0.09808102345415778,0.08000436299547314,0.10793174548626705,0.1289917632115897
