acc,auc,precision,recall,maf1,mif1,yp1.a1,yp1.a0,yp1.y1a1,yp1.y1a0,yp1.y0a1,yp1.y0a0,parity,equality,eq_odds
0.8480610298792117,0.8873489779604886,0.8357098574085555,0.7488888888888889,0.8354583706671952,0.8480610298792117,0.2993338884263114,0.385843763487268,0.7182254196642686,0.7753623188405797,0.07653061224489796,0.1073279052553664,0.08650987506095659,0.05713689917631115,0.08793419218677959
0.8645899554990465,0.8910941895751344,0.8869690424766019,0.7187864644107351,0.8466010310057152,0.8645899554990464,0.23312101910828026,0.3553299492385787,0.6621438263229308,0.7615148413510747,0.0377008652657602,0.0692141312184571,0.12220893013029843,0.09937101502814394,0.13088428098084084
0.8565374019919475,0.8847921686109899,0.8968312453942521,0.693842645381984,0.8376916733004638,0.8565374019919475,0.23054019566142067,0.3441722972972973,0.643908969210174,0.730883813306852,0.038029925187032416,0.05804555473916238,0.11363210163587664,0.086974844096678,0.10699047364880795
0.8442466624284807,0.8912885617892281,0.8121708601521358,0.7702552719200888,0.8333245794016126,0.8442466624284806,0.32441471571906355,0.400945423291792,0.7337349397590361,0.801440329218107,0.10691421254801536,0.11365313653136531,0.07653070757272845,0.0677053894590709,0.07444431344242085
0.8459419368510278,0.8829007976935205,0.8430311231393776,0.7156806433084434,0.8286268203429739,0.8459419368510278,0.28458662235147486,0.3429930795847751,0.6830143540669856,0.7458563535911602,0.07256524506683641,0.08386638237384506,0.058406457233300235,0.06284199952417457,0.07414313683118322
