acc,auc,precision,recall,maf1,mif1,yp1.a1,yp1.a0,yp1.y1a1,yp1.y1a0,yp1.y0a1,yp1.y0a0,parity,equality,eq_odds
0.9118457300275482,0.9523377488485402,0.9335839598997494,0.8277777777777777,0.9043257854617208,0.9118457300275482,0.30183180682764366,0.3759171342252913,0.8177458033573142,0.8364389233954451,0.0274234693877551,0.046632124352331605,0.07408532739764767,0.01869312003813095,0.03790177500270746
0.9101504556050011,0.947474648436969,0.9215686274509803,0.822637106184364,0.9004219110256255,0.9101504556050011,0.27091295116772823,0.377326565143824,0.7951153324287653,0.8433981576253838,0.032138442521631644,0.049026676279740444,0.10641361397609578,0.04828282519661853,0.06517105895472733
0.9158720067810977,0.951806807278377,0.9335463258785942,0.8329532497149373,0.9077528879985539,0.9158720067810977,0.27860484900042537,0.3842905405405405,0.8152610441767069,0.846077457795432,0.028678304239401497,0.0426157237325496,0.10568569154011515,0.030816413618725114,0.04475383311187321
0.9154481881754609,0.9560422522188996,0.9534583063994829,0.818534961154273,0.9076659784413161,0.9154481881754609,0.290133779264214,0.3665663944993554,0.8024096385542169,0.8323045267489712,0.01792573623559539,0.03247232472324723,0.07643261523514139,0.029894888194754277,0.04444147668240611
0.9114219114219114,0.9522622146940862,0.9412941961307538,0.8104537622056289,0.9017732721427462,0.9114219114219113,0.29289572081429166,0.34342560553633217,0.7894736842105263,0.8298342541436464,0.02864417568427753,0.030561478322672354,0.05052988472204051,0.040360569933120094,0.04227787257151491
