acc,auc,precision,recall,maf1,mif1,yp1.a1,yp1.a0,yp1.y1a1,yp1.y1a0,yp1.y0a1,yp1.y0a0,parity,equality,eq_odds
0.8878999788090698,0.9401830916219405,0.9076330981398332,0.7861111111111111,0.8777458804905796,0.8878999788090697,0.30432972522897583,0.35735865343116097,0.8069544364508393,0.7681159420289855,0.036989795918367346,0.06365655070318282,0.05302892820218513,0.03883849442185383,0.06550524920666931
0.8940453485908032,0.9438263143690893,0.9014550264550265,0.795215869311552,0.8822599620197933,0.8940453485908031,0.27473460721868365,0.3659052453468697,0.7951153324287653,0.7952917093142272,0.0377008652657602,0.06344628695025234,0.09117063812818604,0.0001763768854619041,0.025921798569954045
0.8836617927527018,0.9349285949148273,0.8835136855506047,0.7913340935005702,0.8725393067159966,0.8836617927527018,0.2994470438111442,0.36613175675675674,0.820615796519411,0.7696127110228401,0.05673316708229426,0.06759735488611315,0.06668471294561257,0.051003085496570844,0.061867273300389734
0.8862047043865227,0.9352931093589304,0.9136690647482014,0.7752497225305216,0.8754276347790924,0.8862047043865225,0.30058528428093645,0.3480876665234207,0.7855421686746988,0.7664609053497943,0.04289372599231754,0.04797047970479705,0.047502382242484265,0.019081263324904563,0.024158017037384072
0.8893833439287985,0.9470621046780353,0.9023102310231023,0.7851809304997128,0.8776209483504858,0.8893833439287985,0.29954299958454506,0.34342560553633217,0.7727272727272727,0.7966850828729282,0.047740292807129214,0.051883439943141436,0.04388260595178711,0.023957810145655456,0.028100957281667678
