acc,auc,precision,recall,maf1,mif1,yp1.a1,yp1.a0,yp1.y1a1,yp1.y1a0,yp1.y0a1,yp1.y0a0,parity,equality,eq_odds
0.8773045136681501,0.9234475276921321,0.8936170212765957,0.77,0.8660475036765469,0.87730451366815,0.2935054121565362,0.36512731981009927,0.762589928057554,0.7763975155279503,0.04400510204081633,0.07105847520355292,0.07162190765356308,0.013807587470396343,0.04086096063313294
0.8762449671540581,0.92433080222189,0.8766666666666667,0.7672112018669778,0.8622323126808645,0.8762449671540581,0.2556263269639066,0.37986463620981387,0.7299864314789688,0.7952917093142272,0.03955500618046971,0.08723864455659697,0.12423830924590729,0.06530527783525841,0.11298891621138567
0.8789997880906972,0.9243419521940696,0.9283128167994207,0.7309007981755986,0.8636355286121062,0.8789997880906972,0.23989791578051892,0.3450168918918919,0.7041499330655957,0.7507447864945382,0.02369077306733167,0.04481998530492285,0.10511897611137297,0.04659485342894254,0.06772406566653372
0.8711591438864167,0.9197495868872321,0.8948412698412699,0.7508324084350722,0.8586271964592547,0.8711591438864166,0.27759197324414714,0.3644177051998281,0.7325301204819277,0.7664609053497943,0.03585147247119078,0.07601476014760147,0.08682573195568094,0.033930784867866604,0.0740940725442773
0.8760330578512397,0.9237731879465303,0.9146341463414634,0.7323377369327972,0.8602920914852576,0.8760330578512396,0.2592438720398837,0.33304498269896193,0.6949760765550239,0.7668508287292818,0.02737110120942075,0.05401563610518834,0.07380111065907824,0.07187475217425787,0.09851928707002547
