acc,auc,precision,recall,maf1,mif1,yp1.a1,yp1.a0,yp1.y1a1,yp1.y1a0,yp1.y0a1,yp1.y0a0,parity,equality,eq_odds
0.9090909090909092,0.9518042708690191,0.9297805642633229,0.8238888888888889,0.9013232364909607,0.9090909090909091,0.2960033305578684,0.3815278377211912,0.8081534772182254,0.8374741200828157,0.023596938775510203,0.05551443375277572,0.08552450716332277,0.02932064286459035,0.06123813784185587
0.9088789997880907,0.9498713734596367,0.9246031746031746,0.8156359393232205,0.8987435673370223,0.9088789997880907,0.2581740976645435,0.3824027072758037,0.7747625508819539,0.8464687819856704,0.022867737948084055,0.0555155010814708,0.1242286096112602,0.07170623110371654,0.10435399423710329
0.9107861835134563,0.9502721796096997,0.953710006807352,0.798745724059293,0.9008185085626266,0.9107861835134562,0.25733730327520205,0.36486486486486486,0.7724230254350736,0.8182720953326713,0.017456359102244388,0.029390154298310066,0.10752756158966281,0.04584906989759774,0.05778286509366341
0.9067599067599068,0.945697216021356,0.9450980392156862,0.802441731409545,0.8979434551416374,0.9067599067599067,0.2817725752508361,0.36785560807907175,0.7807228915662651,0.8209876543209876,0.016645326504481434,0.042804428044280446,0.08608303282823565,0.04026476275472257,0.06642386429452159
0.9086670904852724,0.9547769223974089,0.9378342245989305,0.8058587018954624,0.8986735524585037,0.9086670904852723,0.2866638969671791,0.3486159169550173,0.7739234449760766,0.8353591160220994,0.02737110120942075,0.03553660270078181,0.061952019987838225,0.06143567104602288,0.06960117253738393
