acc,auc,precision,recall,maf1,mif1,yp1.a1,yp1.a0,yp1.y1a1,yp1.y1a0,yp1.y0a1,yp1.y0a0,parity,equality,eq_odds
0.8556897647806739,0.9156636595485517,0.9574816026165167,0.6505555555555556,0.8342848244003043,0.8556897647806738,0.2119067443796836,0.3081570996978852,0.5983213429256595,0.6956521739130435,0.006377551020408163,0.031088082901554404,0.09625035531820159,0.09733083098738393,0.12204136286853018
0.8777283322737869,0.9102908998421533,0.9116582186821144,0.7345390898483081,0.861301927480639,0.8777283322737868,0.2199575371549894,0.3650592216582064,0.6702849389416553,0.7830092118730808,0.014833127317676144,0.07065609228550829,0.14510168450321703,0.1127242729314255,0.16854723789925766
0.8662852299215936,0.9113611672476882,0.9089584850691915,0.7115165336374002,0.8491124957479281,0.8662852299215935,0.2237345810293492,0.3576858108108108,0.6626506024096386,0.7477656405163853,0.019326683291770574,0.06906686260102865,0.1339512297814616,0.0851150381067467,0.13485521741600476
0.868616232252596,0.9151789977768197,0.9588509316770186,0.6853496115427303,0.8508420968916133,0.8686162322525959,0.22408026755852842,0.32316287064890414,0.6337349397590362,0.7294238683127572,0.006402048655569782,0.03173431734317343,0.09908260309037573,0.09568892855372102,0.12102119724132467
0.8533587624496716,0.908234963733664,0.9588801399825022,0.6295232624928202,0.8272355512742322,0.8533587624496716,0.20357291233901123,0.28243944636678203,0.5705741626794258,0.6839779005524862,0.008274984086569064,0.024164889836531627,0.0788665340277708,0.11340373787306035,0.12929364362302292
