acc,auc,precision,recall,maf1,mif1,yp1.a1,yp1.a0,yp1.y1a1,yp1.y1a0,yp1.y0a1,yp1.y0a0,parity,equality,eq_odds
0.9010383555838102,0.9470475048532603,0.9280667951188183,0.8027777777777778,0.8920455589194372,0.9010383555838102,0.29433805162364696,0.36685369011653,0.7961630695443646,0.8084886128364389,0.0274234693877551,0.05107327905255366,0.07251563849288306,0.012325543292074359,0.035975352956872916
0.9029455393091758,0.9429509743581779,0.9175531914893617,0.8051341890315052,0.8920210671883837,0.9029455393091756,0.259447983014862,0.37774957698815564,0.7639077340569878,0.8362333674513818,0.029666254635352288,0.0547945205479452,0.11830159397329365,0.07232563339439402,0.09745389930698693
0.9048527230345412,0.9457271358552171,0.9234263465282284,0.8112884834663626,0.8953208026111119,0.9048527230345412,0.27350063802637176,0.37922297297297297,0.7911646586345381,0.8262164846077458,0.032418952618453865,0.048493754592211606,0.10572233494660122,0.03505182597320766,0.0511266279469654
0.9080313625768172,0.9490146742068862,0.9395886889460154,0.8113207547169812,0.8996874118366195,0.9080313625768172,0.29180602006688966,0.3687150837988827,0.7987951807228916,0.8220164609053497,0.02240717029449424,0.043542435424354244,0.07690906373199302,0.02322128018245817,0.044356545312318175
0.8972239881330791,0.9448939938256771,0.9428772919605077,0.7679494543365881,0.8846144015226141,0.8972239881330789,0.2754466140423764,0.3265570934256055,0.7488038277511961,0.7856353591160221,0.023551877784850413,0.03127221037668799,0.0511104793832291,0.036831531364825976,0.04455186395666355
