acc,auc,precision,recall,maf1,mif1,yp1.a1,yp1.a0,yp1.y1a1,yp1.y1a0,yp1.y0a1,yp1.y0a0,parity,equality,eq_odds
0.9207459207459208,0.9612232119066652,0.943407960199005,0.8427777777777777,0.9141174993576717,0.9207459207459208,0.30432972522897583,0.3785066896849374,0.8309352517985612,0.8530020703933747,0.02423469387755102,0.03923019985196151,0.07417696445596156,0.02206681859481352,0.03706232456922401
0.9186268277177368,0.9554874509034922,0.9369250985545335,0.8319719953325554,0.9097097351665737,0.9186268277177368,0.26963906581740976,0.37521150592216584,0.8046132971506106,0.8526100307062436,0.02595797280593325,0.03893294881038212,0.10557244010475608,0.04799673355563305,0.060971709560081924
0.9241364695910151,0.9587711826112707,0.9491634491634492,0.8409350057012542,0.9166881020059138,0.924136469591015,0.27860484900042537,0.3796452702702703,0.8273092369477911,0.8510427010923535,0.023067331670822942,0.03085966201322557,0.10104042126984492,0.023733464144562344,0.03152579448696497
0.9243483788938335,0.9619506304083719,0.9462631253860407,0.8501664816870145,0.9181563277038743,0.9243483788938335,0.3072742474916388,0.37988826815642457,0.8373493975903614,0.8611111111111112,0.02560819462227913,0.03468634686346864,0.07261402066478578,0.02376171352074974,0.032839865761939244
0.9209578300487392,0.9605645304702413,0.9511873350923483,0.8282596209075244,0.912565605463314,0.9209578300487391,0.294557540506855,0.3490484429065744,0.8038277511961722,0.850828729281768,0.023551877784850413,0.026297085998578537,0.054490902399719376,0.04700097808559578,0.049746186299323904
