acc,auc,precision,recall,maf1,mif1,yp1.a1,yp1.a0,yp1.y1a1,yp1.y1a0,yp1.y0a1,yp1.y0a0,parity,equality,eq_odds
0.8565374019919475,0.8971645540710289,0.9025089605734767,0.6994444444444444,0.8398324809232349,0.8565374019919475,0.26894254787676936,0.32326283987915405,0.6966426858513189,0.7018633540372671,0.04145408163265306,0.052553663952627686,0.054320292002384696,0.00522066818594813,0.016320250505922757
0.8777283322737869,0.9062235830209082,0.9098774333093006,0.7362893815635939,0.8614392207393432,0.8777283322737868,0.24416135881104034,0.34348561759729274,0.7109905020352781,0.7553735926305015,0.0315203955500618,0.05335255948089401,0.0993242587862524,0.044383090595223385,0.06621525452605559
0.8597160415342234,0.9018097876979815,0.8664429530201342,0.7360319270239453,0.844526662969255,0.8597160415342233,0.26924712888132707,0.36190878378378377,0.7161981258366801,0.7507447864945382,0.06109725685785536,0.07421013960323292,0.0926616549024567,0.034546660657858164,0.04765954340323572
0.8446704810341175,0.8915078168963978,0.8927259368111683,0.6742508324084351,0.8257226169618082,0.8446704810341173,0.262123745819398,0.3154275891706059,0.672289156626506,0.6759259259259259,0.0441741357234315,0.05682656826568266,0.053303843351207914,0.0036367692994199174,0.016289201841671076
0.8522992159355797,0.9010625112590936,0.8198529411764706,0.768523836875359,0.8392186728955928,0.8522992159355796,0.3219775654341504,0.37067474048442905,0.7452153110047847,0.7900552486187845,0.0967536600891152,0.10092395167022032,0.04869717505027865,0.04483993761399985,0.04901022919510496
