acc,auc,precision,recall,maf1,mif1,yp1.a1,yp1.a0,yp1.y1a1,yp1.y1a0,yp1.y0a1,yp1.y0a0,parity,equality,eq_odds
0.9150243695698241,0.9531519546267748,0.9347420758234929,0.8355555555555556,0.9079291685960411,0.9150243695698241,0.3014154870940883,0.3819594302977989,0.8213429256594724,0.8478260869565217,0.024872448979591837,0.04885270170244264,0.08054394320371061,0.026483161297049307,0.05046341401990011
0.9099385463021827,0.9539704343402768,0.9076533839342188,0.837222870478413,0.9009161271931461,0.9099385463021826,0.2772823779193206,0.3925549915397631,0.8018995929443691,0.8638689866939611,0.038318912237330034,0.06056236481614996,0.1152726136204425,0.06196939374959198,0.08421284632841192
0.9150243695698241,0.952586138933702,0.9465346534653465,0.8175598631698974,0.9061650430385381,0.9150243695698241,0.26712037430880475,0.3745777027027027,0.7978580990629184,0.8321747765640516,0.0199501246882793,0.03600293901542983,0.10745732839389793,0.03431667750113321,0.050369491828283736
0.9107861835134563,0.9477558359907116,0.940089228808158,0.818534961154273,0.9028597256474069,0.9107861835134562,0.290133779264214,0.3760206274172755,0.8024096385542169,0.8323045267489712,0.01792573623559539,0.04870848708487085,0.08588684815306147,0.029894888194754277,0.06067763904402973
0.9154481881754609,0.9588433116065775,0.9362808842652796,0.8271108558299828,0.9067666579468424,0.9154481881754609,0.2953884503531367,0.3576989619377163,0.7978468899521531,0.8541436464088398,0.028007638446849142,0.03837953091684435,0.062310511584579564,0.056296756456686636,0.06666864892668184
