acc,auc,precision,recall,maf1,mif1,yp1.a1,yp1.a0,yp1.y1a1,yp1.y1a0,yp1.y0a1,yp1.y0a0,parity,equality,eq_odds
0.9120576393303667,0.9526312283506528,0.9245861434702637,0.8377777777777777,0.9049789721182666,0.9120576393303667,0.3039134054954205,0.3888649115235218,0.8225419664268585,0.8509316770186336,0.02806122448979592,0.05847520355292376,0.08495150602810131,0.028389710591775086,0.05880368965490293
0.9112100021190931,0.953501068813743,0.9121578612348823,0.8360560093348891,0.9021768347028996,0.911210002119093,0.2751592356687898,0.3904399323181049,0.8005427408412483,0.8628454452405322,0.03584672435105068,0.05767844268204758,0.11528069664931512,0.06230270439928387,0.08413442273028077
0.913329095147277,0.953354125766016,0.9444811632518176,0.814709236031927,0.904265471110391,0.913329095147277,0.26712037430880475,0.3737331081081081,0.7871485943775101,0.8351539225422046,0.02493765586034913,0.03232916972814107,0.10661273379930336,0.048005328164694494,0.05539684203248644
0.9078194532739988,0.9481616244016382,0.9242706393544382,0.8263041065482797,0.9001734884800974,0.9078194532739987,0.2959866220735786,0.38805328749462825,0.810843373493976,0.8395061728395061,0.02240717029449424,0.06420664206642067,0.09206666542104963,0.028662799345530177,0.0704622711174566
0.9118457300275482,0.9572461115382226,0.9431438127090301,0.8098793796668581,0.9021855464304548,0.9118457300275482,0.28874117158288326,0.3460207612456747,0.7822966507177034,0.8353591160220994,0.026098026734563972,0.03127221037668799,0.05727958966279145,0.05306246530439607,0.058236648946520087
