acc,auc,precision,recall,maf1,mif1,yp1.a1,yp1.a0,yp1.y1a1,yp1.y1a0,yp1.y0a1,yp1.y0a0,parity,equality,eq_odds
0.9088789997880907,0.9463208480834381,0.9413659793814433,0.8116666666666666,0.90053220859016,0.9088789997880907,0.2935054121565362,0.36555891238670696,0.7985611510791367,0.8229813664596274,0.024872448979591837,0.0384900074019245,0.07205350023017076,0.024420215380490662,0.038037773802823326
0.9023098114007205,0.9426778007094362,0.907612231620039,0.8138856476079347,0.891843203048712,0.9023098114007205,0.26581740976645435,0.3853637901861252,0.7761194029850746,0.842374616171955,0.03337453646477132,0.06344628695025234,0.11954638041967086,0.06625521318688032,0.09632696367236135
0.902521720703539,0.9446972566679678,0.9431506849315069,0.7850627137970353,0.8914843558787631,0.9025217207035389,0.2590387069332199,0.359375,0.7617135207496654,0.8023833167825224,0.02493765586034913,0.03159441587068332,0.1003362930667801,0.04066979603285703,0.04732655604319122
0.9046408137317229,0.9442156032017144,0.9441524310118266,0.7974472807991121,0.8955096842306643,0.9046408137317228,0.2846989966555184,0.3614095401804899,0.7843373493975904,0.808641975308642,0.019206145966709345,0.04059040590405904,0.07671054352497148,0.024304625911051647,0.04568888584840134
0.902521720703539,0.948623815697655,0.9348268839103869,0.7909247558874211,0.8914843558787631,0.9025217207035389,0.281678437889489,0.3438581314878893,0.7631578947368421,0.8165745856353591,0.025461489497135583,0.03980099502487562,0.06217969359840031,0.05341669089851697,0.067756196426257
