acc,auc,precision,recall,maf1,mif1,yp1.a1,yp1.a0,yp1.y1a1,yp1.y1a0,yp1.y0a1,yp1.y0a0,parity,equality,eq_odds
0.8537825810553084,0.8942604012028472,0.8832872928176796,0.7105555555555556,0.838045731634529,0.8537825810553084,0.27643630308076605,0.338368580060423,0.7062350119904077,0.7142857142857143,0.04783163265306122,0.0695780903034789,0.06193227697965692,0.008050702295306578,0.02979715994572426
0.8809069718160628,0.9096163143108431,0.8939808481532148,0.7625437572928822,0.8666500872481008,0.8809069718160626,0.25477707006369427,0.3646362098138748,0.7313432835820896,0.7860798362333674,0.0377008652657602,0.06777217015140591,0.10985913975018052,0.05473655265127786,0.08480785753692358
0.8624708624708625,0.9005275342700183,0.8750848608282417,0.7348916761687572,0.8471961912491992,0.8624708624708625,0.2632922160782646,0.3606418918918919,0.713520749665328,0.7507447864945382,0.05361596009975062,0.07200587803085966,0.0973496758136273,0.03722403682921027,0.05561395476031931
0.8482729391820302,0.8953788823373412,0.8586525759577279,0.7214206437291898,0.8335609790315062,0.8482729391820301,0.2938963210702341,0.3485174043833262,0.7096385542168675,0.7314814814814815,0.07298335467349552,0.07380073800738007,0.05462108331309207,0.02184292726461401,0.02266031059849856
0.8510277601186692,0.898227437740829,0.8309948979591837,0.7484204480183803,0.8364242524023018,0.8510277601186692,0.31159119235562943,0.3538062283737024,0.7368421052631579,0.7591160220994475,0.0852959898154042,0.09310589907604833,0.04221503601807297,0.022273916836289653,0.030083826096933775
