acc,auc,precision,recall,maf1,mif1,yp1.a1,yp1.a0,yp1.y1a1,yp1.y1a0,yp1.y0a1,yp1.y0a0,parity,equality,eq_odds
0.878364060182242,0.9235366944539607,0.8706166868198307,0.8,0.8689467028849757,0.878364060182242,0.3251457119067444,0.3767803193785067,0.89568345323741,0.717391304347826,0.021683673469387755,0.13323464100666174,0.051634607471762295,0.178292148889584,0.289843116426858
0.8857808857808859,0.9303781911516589,0.8606507059545734,0.8179696616102684,0.8751672160578458,0.8857808857808858,0.3006369426751592,0.3895939086294416,0.8819538670284939,0.7697031729785057,0.03584672435105068,0.12184571016582552,0.08895696595428237,0.11225069404998822,0.19824967986476305
0.8698876880695063,0.9171279907549306,0.847985347985348,0.7919042189281642,0.8587155510582389,0.8698876880695061,0.3156103785623139,0.3783783783783784,0.9049531459170014,0.7080436941410129,0.04114713216957606,0.13445995591476856,0.06276799981606451,0.1969094517759885,0.290222275521181
0.874549692731511,0.9299268287207639,0.8398876404494382,0.8296337402885683,0.8668181526942544,0.874549692731511,0.3302675585284281,0.4254404813064031,0.8975903614457831,0.7716049382716049,0.02880921895006402,0.17712177121771217,0.09517292277797501,0.12598542317417816,0.2742979754418263
0.8717948717948718,0.9195993672148312,0.8622448979591837,0.7765651924181505,0.8592271304457932,0.8717948717948718,0.31283755712505196,0.35250865051903113,0.8516746411483254,0.7071823204419889,0.026098026734563972,0.12437810945273632,0.03967109339397917,0.14449232070633644,0.2427724034245088
