acc,auc,precision,recall,maf1,mif1,yp1.a1,yp1.a0,yp1.y1a1,yp1.y1a0,yp1.y0a1,yp1.y0a0,parity,equality,eq_odds
0.8616232252595889,0.9235326024894369,0.9658813972380179,0.6605555555555556,0.8413198880286877,0.8616232252595889,0.2218984179850125,0.30125161847216225,0.6258992805755396,0.6904761904761905,0.00701530612244898,0.0229459659511473,0.07935320048714975,0.0645769099006509,0.08050756972934922
0.8802712439076076,0.9150288220527046,0.9335849056603773,0.7217036172695449,0.862894267012044,0.8802712439076076,0.2208067940552017,0.34052453468697125,0.6784260515603799,0.7543500511770727,0.012360939431396786,0.049026676279740444,0.11971774063176954,0.07592399961669272,0.11258973646503637
0.8768806950625133,0.9149801657882441,0.9144876325088339,0.7377423033067275,0.8619915746443214,0.8768806950625132,0.23904721395151,0.36021959459459457,0.7028112449799196,0.7636544190665343,0.023067331670822942,0.06171932402645114,0.12117238064308458,0.06084317408661466,0.09949516644224285
0.8698876880695063,0.9234193751885784,0.9691943127962085,0.6809100998890122,0.8517401484713834,0.8698876880695061,0.22366220735785952,0.3141383755908896,0.6337349397590362,0.7211934156378601,0.005761843790012804,0.02214022140221402,0.09047616823303006,0.08745847587882394,0.10383685349102516
0.8658614113159568,0.9143965569450718,0.9518760195758564,0.6703044227455486,0.8444160686419413,0.8658614113159567,0.2255920232654757,0.2954152249134948,0.6291866028708134,0.7082872928176795,0.010821133036282623,0.029850746268656716,0.06982320164801911,0.07910068994686614,0.09813030317924024
