acc,auc,precision,recall,maf1,mif1,yp1.a1,yp1.a0,yp1.y1a1,yp1.y1a0,yp1.y0a1,yp1.y0a0,parity,equality,eq_odds
0.8575969485060395,0.9106813596741655,0.89221140472879,0.7127777777777777,0.8420386937376716,0.8575969485060394,0.2656119900083264,0.3452740612861459,0.6810551558752997,0.7401656314699793,0.044642857142857144,0.06291635825314582,0.07966207127781949,0.059110475594679524,0.07738397670496819
0.867556685738504,0.9144177246401854,0.8338442673206622,0.793465577596266,0.8552886168719672,0.867556685738504,0.2997876857749469,0.3912859560067682,0.7842605156037992,0.8004094165813715,0.07911001236093942,0.10310021629416005,0.09149827023182128,0.016148900977572378,0.040139104910793005
0.8429752066115703,0.893234639782641,0.8471555860178204,0.7046750285062714,0.8251691359274633,0.8429752066115702,0.2730752871118673,0.3450168918918919,0.7068273092369478,0.7030784508440914,0.07107231920199501,0.08008817046289493,0.07194160478002459,0.0037488583928564356,0.012764709653756354
0.8491205763933037,0.9038753268851087,0.91350531107739,0.6681465038845728,0.8295504906616018,0.8491205763933036,0.22408026755852842,0.3360550064460679,0.5807228915662651,0.742798353909465,0.034571062740076826,0.04428044280442804,0.11197473888753948,0.16207546234319992,0.17178484240755112
0.8516634880271244,0.901495130478188,0.891647855530474,0.6806433084434234,0.8310311737842305,0.8516634880271244,0.24636476942251764,0.31833910034602075,0.6327751196172249,0.7248618784530386,0.04073838319541693,0.05685856432125089,0.07197433092350311,0.09208675883581374,0.10820693996164771
