acc,auc,precision,recall,maf1,mif1,yp1.a1,yp1.a0,yp1.y1a1,yp1.y1a0,yp1.y0a1,yp1.y0a0,parity,equality,eq_odds
0.7794024157660522,0.8133719690913935,0.7829977628635347,0.5833333333333334,0.7516300344048856,0.7794024157660522,0.24895920066611157,0.320673284419508,0.5707434052757794,0.5942028985507246,0.0778061224489796,0.12509252405625462,0.07171408375339641,0.02345949327494523,0.07074589488222026
0.7832167832167832,0.8129125514263469,0.7505438723712835,0.6038506417736289,0.7540119189292682,0.7832167832167832,0.24416135881104034,0.3401015228426396,0.5780189959294437,0.623336745138178,0.09208899876390605,0.14059120403749098,0.09594016403159927,0.045317749208734326,0.09381995448231925
0.7675354948082221,0.8030152232141999,0.7292393579902303,0.5957810718358039,0.7401486110512245,0.767535494808222,0.2705231816248405,0.33657094594594594,0.5783132530120482,0.608738828202582,0.12718204488778054,0.1351947097722263,0.06604776432110543,0.030425575190533793,0.03843824007497956
0.78364060182242,0.8270523324367812,0.7852447041636231,0.5965593784683685,0.7575513430337977,0.78364060182242,0.2654682274247492,0.3154275891706059,0.6,0.5936213991769548,0.08770806658130602,0.11586715867158671,0.049959361745856745,0.0063786008230452,0.034537692913325896
0.7626615808433991,0.8025576417372815,0.7284768211920529,0.5686387133831131,0.7309988904610185,0.7626615808433991,0.26879933527212296,0.3079584775086505,0.562200956937799,0.574585635359116,0.11266709102482496,0.13646055437100213,0.039159142236527555,0.012384678421316964,0.036178141767494135
