acc,auc,precision,recall,maf1,mif1,yp1.a1,yp1.a0,yp1.y1a1,yp1.y1a0,yp1.y0a1,yp1.y0a0,parity,equality,eq_odds
0.8758211485484213,0.905968558486544,0.9286723163841808,0.7305555555555555,0.8618020672913158,0.8758211485484213,0.2556203164029975,0.3461372464393612,0.684652278177458,0.7701863354037267,0.0274234693877551,0.04293116210214656,0.09051693003636374,0.08553405722626872,0.10104174994066017
0.8889595253231617,0.9096094218698123,0.9155027932960894,0.76487747957993,0.8750794659885569,0.8889595253231617,0.23991507430997877,0.366751269035533,0.6960651289009498,0.8167860798362334,0.032138442521631644,0.04974765681326604,0.12683619472555424,0.12072095093528357,0.13833016522691796
0.878364060182242,0.8991372165957454,0.9131652661064426,0.7434435575826682,0.8639291949119166,0.878364060182242,0.2577626541897065,0.3471283783783784,0.6921017402945113,0.7815292949354519,0.05548628428927681,0.025716385011021307,0.08936572418867189,0.08942755464094054,0.11919745391919605
0.8575969485060395,0.8986259505969255,0.869281045751634,0.7380688124306326,0.8441318223981371,0.8575969485060394,0.28678929765886285,0.36269875376020627,0.6903614457831325,0.7788065843621399,0.07234314980793854,0.06420664206642067,0.07590945610134342,0.08844513857900738,0.09658164632052525
0.875609239245603,0.907103750305225,0.9157060518731989,0.730040206777714,0.8596792206783685,0.8756092392456029,0.2671375155795596,0.3222318339100346,0.6794258373205742,0.7767955801104972,0.047740292807129214,0.029850746268656716,0.05509431833047501,0.09736974278992305,0.11525928932839555
