acc,auc,precision,recall,maf1,mif1,yp1.a1,yp1.a0,yp1.y1a1,yp1.y1a0,yp1.y0a1,yp1.y0a0,parity,equality,eq_odds
0.8641661368934097,0.9141844619542462,0.8897108271687962,0.735,0.8503893272725644,0.8641661368934095,0.28601165695253955,0.3452740612861459,0.7326139088729017,0.7370600414078675,0.04846938775510204,0.06513693560325684,0.059262404333606356,0.004446132534965841,0.021113680383120642
0.8580207671116763,0.9031033458432756,0.8565573770491803,0.7316219369894983,0.8410734140667568,0.8580207671116762,0.25902335456475584,0.36125211505922167,0.7123473541383989,0.7461617195496417,0.05253399258343634,0.09012256669069935,0.10222876049446583,0.03381436541124283,0.07140293951850583
0.8671328671328672,0.914035853486418,0.8841172460804363,0.7394526795895097,0.8522437276644339,0.867132867132867,0.2620161633347512,0.359375,0.7255689424364123,0.7497517378351539,0.046134663341645885,0.07053637031594416,0.0973588366652488,0.024182795398741574,0.04858450237303985
0.8688281415554143,0.9193679593427788,0.894070619586942,0.7447280799112098,0.8558490577211055,0.8688281415554142,0.286371237458194,0.35066609368285345,0.7349397590361446,0.7530864197530864,0.04801536491677337,0.06199261992619926,0.06429485622465947,0.01814666071694182,0.03212391572636771
0.8622589531680441,0.9105699116901312,0.8973051711580481,0.7076392877656519,0.8442411024948234,0.862258953168044,0.2679684254258413,0.314878892733564,0.6842105263157895,0.7292817679558011,0.046467218332272436,0.048329779673063254,0.04691046730772269,0.04507124164001164,0.04693380298080246
