acc,auc,precision,recall,maf1,mif1,yp1.a1,yp1.a0,yp1.y1a1,yp1.y1a0,yp1.y0a1,yp1.y0a0,parity,equality,eq_odds
0.9061241788514516,0.9442265235430704,0.9269981120201385,0.8183333333333334,0.8980238644167937,0.9061241788514516,0.2968359700249792,0.37807509710832976,0.8069544364508393,0.8281573498964804,0.025510204081632654,0.056254626202812734,0.08123912708335057,0.02120291344564107,0.05194733556682115
0.9057003602458148,0.9460152953944904,0.9075144508670521,0.82438739789965,0.8958988575249662,0.9057003602458148,0.27176220806794055,0.38790186125211507,0.7951153324287653,0.8464687819856704,0.03337453646477132,0.06488824801730353,0.11613965318417452,0.05135344955690513,0.08286716110943734
0.907395634668362,0.9470862071949252,0.9398797595190381,0.8021664766248575,0.8974739256665665,0.9073956346683619,0.2641429179072735,0.36993243243243246,0.7831325301204819,0.8162859980139027,0.022443890274314215,0.03967670830271859,0.10578951452515895,0.033153467893420774,0.05038628592182515
0.9027336300063573,0.9432269101067376,0.9374592833876222,0.7985571587125416,0.8936088676492902,0.9027336300063573,0.2838628762541806,0.36785560807907175,0.7807228915662651,0.8137860082304527,0.019846350832266324,0.04797047970479705,0.08399273182489114,0.0330631166641876,0.061187245536718324
0.9082432718796356,0.9504489943290815,0.943089430894309,0.7995404939689833,0.8978997956174093,0.9082432718796355,0.2829248026589115,0.3438581314878893,0.7679425837320574,0.8287292817679558,0.024824952259707194,0.031982942430703626,0.060933328828977784,0.06078669803589842,0.06794468820689485
