acc,auc,precision,recall,maf1,mif1,yp1.a1,yp1.a0,yp1.y1a1,yp1.y1a0,yp1.y0a1,yp1.y0a0,parity,equality,eq_odds
0.9050646323373597,0.9441797038559628,0.9311224489795918,0.8111111111111111,0.896588885801829,0.9050646323373596,0.2926727726894255,0.3733275787656452,0.7985611510791367,0.8219461697722568,0.023596938775510203,0.052553663952627686,0.08065480607621972,0.02338501869312004,0.052341743870237524
0.9057003602458148,0.9452744065219966,0.9101486748545572,0.8214702450408401,0.8957486738574816,0.9057003602458148,0.2704883227176221,0.3849407783417936,0.7924016282225237,0.8433981576253838,0.032756489493201486,0.06200432588320115,0.1144524556241715,0.05099652940286015,0.08024436579285982
0.9082432718796356,0.9471344707640066,0.9406270847231488,0.8038768529076397,0.8984420077629978,0.9082432718796355,0.26499361973628244,0.36993243243243246,0.785809906291834,0.817279046673287,0.022443890274314215,0.038941954445260836,0.10493881269615002,0.03146914038145299,0.04796720455239961
0.9033693579148125,0.9429135798147564,0.9336340206185567,0.8041065482796892,0.894546121737535,0.9033693579148124,0.28762541806020064,0.3712935109583154,0.7891566265060241,0.8168724279835391,0.02112676056338028,0.05166051660516605,0.08366809289811478,0.027715801477514956,0.05824955751930073
0.9101504556050011,0.9499988234608844,0.9392928619079386,0.8087306145893165,0.9003633191113023,0.9101504556050011,0.28957208142916496,0.3468858131487889,0.7811004784688995,0.8342541436464088,0.028007638446849142,0.033404406538734895,0.05731373171962395,0.0531536651775093,0.058550433269395054
