acc,auc,precision,recall,maf1,mif1,yp1.a1,yp1.a0,yp1.y1a1,yp1.y1a0,yp1.y0a1,yp1.y0a0,parity,equality,eq_odds
0.9154481881754609,0.9578426782383618,0.9359054138145613,0.8355555555555556,0.9083649943445996,0.9154481881754609,0.2968359700249792,0.385843763487268,0.8141486810551559,0.8540372670807453,0.021683673469387755,0.05107327905255366,0.08900779346228882,0.03988858602558942,0.06927819160875533
0.9120576393303667,0.9530409255674614,0.933288859239493,0.8162193698949824,0.9020852785558668,0.9120576393303667,0.2581740976645435,0.3769035532994924,0.7788331071913162,0.8444216990788127,0.021013597033374538,0.047584715212689255,0.11872945563494886,0.06558859188749655,0.09215971006681127
0.9173553719008265,0.9576305471858108,0.9434330299089727,0.8272519954389966,0.9090375389618118,0.9173553719008265,0.26924712888132707,0.38217905405405406,0.7978580990629184,0.8490566037735849,0.023067331670822942,0.036737692872887584,0.11293192517272699,0.05119850471066656,0.0648688659127312
0.9207459207459208,0.9583658807472897,0.9513274336283186,0.8351831298557159,0.913851284069849,0.9207459207459208,0.29264214046822745,0.3790287924366137,0.8096385542168675,0.8569958847736625,0.01792573623559539,0.03616236162361624,0.08638665196838624,0.04735733055679503,0.06559395594481587
0.914388641661369,0.9545159621640451,0.9412541254125413,0.8190695002871913,0.905285178416851,0.9143886416613689,0.28832571665974244,0.3551038062283737,0.7870813397129187,0.8486187845303867,0.022915340547422024,0.037668798862828715,0.06677808956863124,0.061537444817468034,0.07629090313287473
