acc,auc,precision,recall,maf1,mif1,yp1.a1,yp1.a0,yp1.y1a1,yp1.y1a0,yp1.y0a1,yp1.y0a0,parity,equality,eq_odds
0.901462174189447,0.9424350043774503,0.9222011385199241,0.81,0.8928480236335119,0.901462174189447,0.29433805162364696,0.3772119119551144,0.7985611510791367,0.8198757763975155,0.02614795918367347,0.06069578090303479,0.08287386033146743,0.0213146253183788,0.05586244703774012
0.8942572578936215,0.934151754077704,0.9275158339197748,0.7689614935822637,0.8808303481216129,0.8942572578936215,0.23991507430997877,0.36209813874788493,0.7204884667571235,0.8055271238485159,0.021013597033374538,0.04974765681326604,0.12218306443790616,0.08503865709139236,0.11377271687128386
0.8961644416189871,0.9380013113846261,0.926450742240216,0.7827822120866591,0.8847858599781802,0.8961644416189871,0.25733730327520205,0.3703547297297297,0.751004016064257,0.8063555114200596,0.02743142144638404,0.04775900073475386,0.11301742645452767,0.05535149535580253,0.07567907464417234
0.9031574486119941,0.9433018658657181,0.9308135810377963,0.8063263041065483,0.8944415443295413,0.9031574486119941,0.28929765886287623,0.3734422002578427,0.7819277108433735,0.8271604938271605,0.027528809218950064,0.04797047970479705,0.08414454139496647,0.04523278298378697,0.06567445346963395
0.8999788090697182,0.948502690031319,0.9313392250169953,0.7869040781160253,0.8886199719250689,0.8999788090697182,0.28043207312006646,0.34429065743944637,0.7535885167464115,0.8176795580110497,0.02864417568427753,0.03980099502487562,0.06385858431937991,0.06409104126463827,0.07524786060523636
