acc,auc,precision,recall,maf1,mif1,yp1.a1,yp1.a0,yp1.y1a1,yp1.y1a0,yp1.y0a1,yp1.y0a0,parity,equality,eq_odds
0.8972239881330791,0.9432705264359941,0.9272254710851202,0.7927777777777778,0.8876128486148069,0.8972239881330789,0.2893422148209825,0.3642641346568839,0.7793764988009593,0.8043478260869565,0.028698979591836735,0.049592894152479645,0.07492191983590141,0.02497132728599727,0.045865241846640176
0.9008264462809917,0.9403508737867847,0.9186827956989247,0.7975495915985997,0.8893966206976958,0.9008264462809917,0.25690021231422505,0.37351945854483926,0.7584803256445047,0.827021494370522,0.02843016069221261,0.05407354001441961,0.1166192462306142,0.06854116872601723,0.09418454804822424
0.902521720703539,0.9437035270862456,0.9234293193717278,0.8044469783352337,0.8925588566853522,0.9025217207035389,0.2717992343683539,0.3754222972972973,0.784471218206158,0.8192651439920556,0.033042394014962596,0.0470242468772961,0.10362306292894341,0.034793925785897684,0.04877577864823119
0.9086670904852724,0.9468902301446191,0.9436893203883495,0.8091009988901221,0.9002339137168539,0.9086670904852723,0.29180602006688966,0.36398796733992267,0.8,0.8168724279835391,0.02176696542893726,0.03911439114391144,0.07218194727303301,0.01687242798353905,0.03421985369851323
0.8965882602246239,0.9411545281904558,0.9218855218855219,0.7863296955772544,0.8850857229313183,0.8965882602246239,0.28458662235147486,0.3460207612456747,0.7631578947368421,0.8077348066298342,0.02991725015913431,0.04904051172707889,0.06143413889419985,0.044576911892992066,0.06370017346093665
