acc,auc,precision,recall,maf1,mif1,yp1.a1,yp1.a0,yp1.y1a1,yp1.y1a0,yp1.y0a1,yp1.y0a0,parity,equality,eq_odds
0.9116338207247299,0.949690152639793,0.9362776025236593,0.8244444444444444,0.9039589973452133,0.9116338207247299,0.29433805162364696,0.3789382822615451,0.8057553956834532,0.8405797101449275,0.022321428571428572,0.04885270170244264,0.08460023063789812,0.03482431446147427,0.06135558759248834
0.9078194532739988,0.9513783911295255,0.9070655633354551,0.8313885647607935,0.8984413439039648,0.9078194532739987,0.2721868365180467,0.3934010152284264,0.7924016282225237,0.8607983623336745,0.03522867737948084,0.06416726748377793,0.1212141787103797,0.06839673411115077,0.09733532421544785
0.9037931765204493,0.947012369702785,0.9339118825100133,0.7976054732041049,0.8935010373382104,0.9037931765204492,0.26074011059123775,0.3737331081081081,0.7737617135207496,0.8152929493545183,0.021820448877805487,0.0470242468772961,0.11299299751687036,0.04153123583376872,0.06673503383325934
0.9037931765204493,0.9460158731185438,0.9196762141967622,0.8196448390677026,0.8957469109849813,0.9037931765204492,0.29515050167224083,0.3867640739149119,0.8024096385542169,0.8343621399176955,0.02560819462227913,0.06568265682656826,0.09161357224267108,0.0319525013634786,0.07202696356776774
0.9082432718796356,0.9548733600298418,0.9448979591836735,0.7978173463526709,0.8978075756029151,0.9082432718796355,0.28334025758205234,0.3408304498269896,0.7703349282296651,0.8232044198895028,0.0241884150222788,0.030561478322672354,0.05749019224493729,0.052869491659837675,0.05924255496023123
