acc,auc,precision,recall,maf1,mif1,yp1.a1,yp1.a0,yp1.y1a1,yp1.y1a0,yp1.y0a1,yp1.y0a0,parity,equality,eq_odds
0.8671328671328672,0.9175117049217769,0.9651070578905631,0.6761111111111111,0.8484214418680494,0.867132867132867,0.23522064945878435,0.30038843331894693,0.6606714628297362,0.6894409937888198,0.008928571428571428,0.02220577350111029,0.06516778386016259,0.028769530959083633,0.0420467330316225
0.8815426997245179,0.9105832946644741,0.9287305122494433,0.7298716452742123,0.8648605837388192,0.8815426997245179,0.23099787685774947,0.3396785109983079,0.6933514246947082,0.7574206755373593,0.0203955500618047,0.04542177361211247,0.10868063414055845,0.06406925084265103,0.0890954743929588
0.8777283322737869,0.9074320127831159,0.9061421670117322,0.7485746864310148,0.8636571417984493,0.8777283322737868,0.25521054870267973,0.35853040540540543,0.7309236947791165,0.7616683217477657,0.03366583541147132,0.060249816311535635,0.1033198567027257,0.030744626968649214,0.05732860786871353
0.8770926043653317,0.9197474942137578,0.9707241910631741,0.6992230854605993,0.8606958539887417,0.8770926043653317,0.2399665551839465,0.3111302105715514,0.6783132530120481,0.7170781893004116,0.007042253521126761,0.01992619926199262,0.07116365538760488,0.038764936288363416,0.05164888202922928
0.871371053189235,0.9095110264860171,0.9521531100478469,0.6858127512923607,0.8515590550446617,0.871371053189235,0.23764021603656002,0.29498269896193774,0.6566985645933014,0.712707182320442,0.01464035646085296,0.026297085998578537,0.05734248292537772,0.0560086177271405,0.06766534726486607
