acc,auc,precision,recall,maf1,mif1,yp1.a1,yp1.a0,yp1.y1a1,yp1.y1a0,yp1.y0a1,yp1.y0a0,parity,equality,eq_odds
0.8832379741470651,0.9428856914468426,0.8675691583284285,0.8188888888888889,0.8748749372069407,0.8832379741470651,0.33263946711074105,0.38843331894691413,0.8165467625899281,0.8209109730848861,0.07525510204081633,0.07920059215396003,0.05579385183617308,0.004364210494958054,0.008309700608101753
0.8851451578724306,0.9467303618822771,0.8964817320703654,0.7730455075845974,0.8717124824549366,0.8851451578724306,0.259447983014862,0.366751269035533,0.7340569877883311,0.8024564994882293,0.04326328800988875,0.059841384282624366,0.10730328602067102,0.06839951169989822,0.08497760797263383
0.8800593346047892,0.9482804901732681,0.8949468085106383,0.7673888255416191,0.8673440135409776,0.8800593346047891,0.270948532539345,0.36613175675675674,0.749665327978581,0.7805362462760675,0.04800498753117207,0.05951506245407789,0.09518322421741177,0.03087091829748656,0.04238099322039238
0.8569612205975843,0.9408089210289714,0.9324635456638527,0.6742508324084351,0.8380120692851111,0.8569612205975842,0.2244983277591973,0.32917920068758055,0.6012048192771084,0.7366255144032922,0.024327784891165175,0.03690036900369004,0.10468087292838324,0.1354206951261837,0.14799327923870859
0.8849332485696123,0.9467521541273957,0.8604091456077015,0.8213670304422745,0.8752298826928138,0.8849332485696121,0.3257166597424179,0.379757785467128,0.8026315789473685,0.8386740331491712,0.07192870782940802,0.0845771144278607,0.05404112572471009,0.03604245420180274,0.04869086080025542
