acc,auc,precision,recall,maf1,mif1,yp1.a1,yp1.a0,yp1.y1a1,yp1.y1a0,yp1.y0a1,yp1.y0a0,parity,equality,eq_odds
0.8671328671328672,0.9175992539301892,0.9651070578905631,0.6761111111111111,0.8484214418680494,0.867132867132867,0.23522064945878435,0.30038843331894693,0.6606714628297362,0.6894409937888198,0.008928571428571428,0.02220577350111029,0.06516778386016259,0.028769530959083633,0.0420467330316225
0.8817546090273364,0.910600962611905,0.9294205052005944,0.7298716452742123,0.865079408997842,0.8817546090273363,0.23099787685774947,0.3392554991539763,0.6933514246947082,0.7574206755373593,0.0203955500618047,0.044700793078586876,0.10825762229622682,0.06406925084265103,0.0883744938594332
0.8777283322737869,0.9075296936320931,0.9055823569951758,0.7491448118586089,0.8636985017343899,0.8777283322737868,0.25521054870267973,0.359375,0.7309236947791165,0.76266137040715,0.03366583541147132,0.06098457016899339,0.10416445129732027,0.031737675628033535,0.059056410385555605
0.8770926043653317,0.9197486356720164,0.9707241910631741,0.6992230854605993,0.8606958539887417,0.8770926043653317,0.2395484949832776,0.3115599484314568,0.6771084337349398,0.7181069958847737,0.007042253521126761,0.01992619926199262,0.07201145344817919,0.040998562149833884,0.053882507890699746
0.8711591438864167,0.9095334000167417,0.951394422310757,0.6858127512923607,0.8513410615996742,0.8711591438864166,0.23805567095970087,0.29498269896193774,0.6566985645933014,0.712707182320442,0.015276893698281349,0.026297085998578537,0.05692702800223687,0.0560086177271405,0.06702881002743769
