acc,auc,precision,recall,maf1,mif1,yp1.a1,yp1.a0,yp1.y1a1,yp1.y1a0,yp1.y0a1,yp1.y0a0,parity,equality,eq_odds
0.8311082856537403,0.8768510905561265,0.8074800735744941,0.7316666666666667,0.8175138332006228,0.8311082856537402,0.31848459616985847,0.3737591713422529,0.7230215827338129,0.7391304347826086,0.10331632653061225,0.11250925240562547,0.055274575172394425,0.016108852048795752,0.02530177792380897
0.8618351345624073,0.8952857644882022,0.8425806451612903,0.7619603267211202,0.8473204758093713,0.8618351345624072,0.2734607218683652,0.383248730964467,0.7218453188602443,0.7922210849539406,0.069221260815822,0.09516943042537851,0.10978800909610181,0.07037576609369633,0.09632393570325284
0.8351345624072898,0.8782387066132628,0.8270777479892761,0.7035347776510832,0.8173371997497217,0.8351345624072896,0.27477669076988515,0.3572635135135135,0.6827309236947792,0.7189672293942403,0.08478802992518704,0.0896399706098457,0.08248682274362834,0.036236305699461124,0.041088246384119786
0.8376774740411105,0.8876968682570732,0.8278481012658228,0.7258601553829079,0.8235103356256255,0.8376774740411104,0.3085284280936455,0.36183927804039534,0.7168674698795181,0.7335390946502057,0.09154929577464789,0.0952029520295203,0.05331084994674984,0.01667162477068762,0.020325281025560027
0.8334392879847425,0.874137124283806,0.8418038654259127,0.675473865594486,0.8123800418829099,0.8334392879847425,0.2746157041960947,0.31833910034602075,0.6638755980861244,0.6861878453038674,0.0674729471674093,0.08173418621179815,0.04372339614992604,0.022312247217743053,0.0365734862621319
