acc,auc,precision,recall,maf1,mif1,yp1.a1,yp1.a0,yp1.y1a1,yp1.y1a0,yp1.y0a1,yp1.y0a0,parity,equality,eq_odds
0.90633608815427,0.9503412508088768,0.9302915082382763,0.8155555555555556,0.8981080257226433,0.90633608815427,0.3064113238967527,0.3634009495036685,0.7997601918465228,0.8291925465838509,0.04400510204081633,0.030347890451517395,0.05698962560691584,0.02943235473732808,0.04308956632662701
0.9001907183725366,0.9424699596355355,0.9173942243116185,0.7969661610268378,0.8887045299602592,0.9001907183725365,0.2743099787685775,0.3565989847715736,0.7639077340569878,0.8219037871033776,0.051297898640296664,0.02883922134102379,0.0822890060029961,0.057996053046389884,0.08045473034566275
0.9065479974570885,0.9449406896498681,0.9344804765056254,0.8050171037628279,0.89674547236657,0.9065479974570884,0.27988090174393876,0.36021959459459457,0.7884872824631861,0.817279046673287,0.043017456359102244,0.02204261572373255,0.08033869285065581,0.02879176421010088,0.049766604845470575
0.9082432718796356,0.9483219992869689,0.9340519974635384,0.8174250832408435,0.9001958203149938,0.9082432718796355,0.3085284280936455,0.360550064460679,0.7975903614457831,0.8343621399176955,0.04865556978233035,0.020664206642066422,0.0520216363670335,0.036771778471912375,0.0647631416121763
0.9027336300063573,0.9517622820075538,0.9378415300546448,0.7886272257323378,0.8915729849152254,0.9027336300063573,0.2891566265060241,0.33217993079584773,0.7559808612440191,0.8187845303867404,0.04073838319541693,0.019189765458422176,0.04302330428982365,0.06280366914272129,0.08435228687971603
