acc,auc,precision,recall,maf1,mif1,yp1.a1,yp1.a0,yp1.y1a1,yp1.y1a0,yp1.y0a1,yp1.y0a0,parity,equality,eq_odds
0.8614113159567706,0.9153159377260097,0.9540412044374009,0.6688888888888889,0.8419209814400344,0.8614113159567705,0.23563696919233973,0.30038843331894693,0.6522781774580336,0.6832298136645962,0.01403061224489796,0.026646928201332347,0.0647514641266072,0.030951636206562605,0.04356795216299699
0.8768806950625133,0.9079063093987656,0.9144111192392099,0.7292882147024504,0.8600147749017828,0.8768806950625132,0.23609341825902336,0.3430626057529611,0.6974219810040706,0.7533265097236438,0.02595797280593325,0.05407354001441961,0.10696918749393775,0.05590452871957319,0.08402009592805955
0.864378046196228,0.9017847906303298,0.8698539176626826,0.7468643101482326,0.850043792837041,0.8643780461962279,0.2696724797958316,0.36824324324324326,0.7322623828647925,0.7576961271102284,0.05423940149625935,0.08008817046289493,0.09857076344741167,0.025433744245435874,0.05128251321207145
0.8722186904005086,0.9152001147546036,0.9622205088666153,0.6925638179800222,0.8551478447393148,0.8722186904005086,0.23787625418060201,0.3128491620111732,0.6674698795180722,0.7139917695473251,0.009603072983354673,0.025092250922509225,0.07497290783057117,0.04652189002925289,0.06201106796840744
0.8660733206187752,0.9093337741176054,0.951179820992677,0.6714531878230902,0.8447467876039305,0.8660733206187752,0.23057748234316577,0.291522491349481,0.6363636363636364,0.7038674033149172,0.01464035646085296,0.026297085998578537,0.06094500900631522,0.0675037669512808,0.07916049648900637
