acc,auc,precision,recall,maf1,mif1,yp1.a1,yp1.a0,yp1.y1a1,yp1.y1a0,yp1.y0a1,yp1.y0a0,parity,equality,eq_odds
0.8425513880059335,0.8885600091355487,0.9158143194335169,0.6466666666666666,0.8206819015563653,0.8425513880059334,0.23688592839300582,0.302977988778593,0.6294964028776978,0.6614906832298136,0.02806122448979592,0.046632124352331605,0.06609206038558718,0.03199428035211582,0.050565180214651506
0.8508158508158509,0.8832406898653935,0.9146141215106732,0.6499416569428238,0.8258415256522575,0.8508158508158508,0.2029723991507431,0.3130287648054145,0.6065128900949797,0.6827021494370522,0.019159456118665017,0.05263157894736842,0.11005636565467142,0.07618925934207255,0.10966138217077595
0.839584657766476,0.872314978435222,0.881992337164751,0.6562143671607754,0.8169314348256048,0.839584657766476,0.23054019566142067,0.32221283783783783,0.6358768406961178,0.6713008937437934,0.04177057356608479,0.0639235855988244,0.09167264217641716,0.0354240530476756,0.057577065080415206
0.8497563043017589,0.88807811531544,0.9286274509803921,0.6570477247502775,0.8290601491447542,0.8497563043017589,0.23453177257525085,0.3068328319724968,0.6349397590361445,0.6759259259259259,0.02176696542893726,0.04206642066420664,0.07230105939724593,0.040986166889781406,0.06128562212505079
0.8438228438228439,0.8799480702636875,0.9290598290598291,0.6243538196438828,0.8169534081852319,0.8438228438228438,0.21769837972579975,0.27941176470588236,0.5933014354066986,0.6530386740331492,0.01782304264799491,0.03909026297085998,0.06171338498008261,0.05973723862645064,0.08100445894931571
