acc,auc,precision,recall,maf1,mif1,yp1.a1,yp1.a0,yp1.y1a1,yp1.y1a0,yp1.y0a1,yp1.y0a0,parity,equality,eq_odds
0.9097266369993643,0.9547280271021277,0.93099121706399,0.8244444444444444,0.9020006302241623,0.9097266369993643,0.30766028309741883,0.3690116529995684,0.802158273381295,0.8436853002070394,0.044642857142857144,0.029607698001480384,0.061351369902149566,0.041527026825744384,0.05656218596712115
0.9067599067599068,0.9488538161795687,0.9218543046357616,0.8121353558926487,0.8963578599831805,0.9067599067599067,0.27685774946921443,0.3629441624365482,0.7815468113975577,0.8352098259979529,0.04697156983930779,0.03028118240807498,0.08608641296733377,0.05366301460039524,0.07035340203162804
0.9154481881754609,0.9528001522898275,0.9390797148412184,0.8261117445838084,0.9070038801539615,0.9154481881754609,0.2837090599744789,0.36993243243243246,0.8072289156626506,0.8401191658391262,0.0399002493765586,0.02204261572373255,0.08622337245795353,0.03289025017647551,0.050747883829301565
0.9137529137529138,0.9531836602533201,0.9526281635301752,0.8146503884572697,0.9057385100844958,0.9137529137529138,0.2955685618729097,0.3584013751611517,0.7903614457831325,0.8353909465020576,0.03265044814340589,0.016236162361623615,0.06283281328824203,0.045029500718925086,0.061443786500707365
0.9086670904852724,0.9543975367514175,0.9486301369863014,0.7955198161975876,0.8981254204621903,0.9086670904852723,0.28874117158288326,0.33088235294117646,0.7703349282296651,0.8187845303867404,0.032463399108847865,0.017057569296375266,0.0421411813582932,0.04844960215707528,0.06385543196954788
