acc,auc,precision,recall,maf1,mif1,yp1.a1,yp1.a0,yp1.y1a1,yp1.y1a0,yp1.y0a1,yp1.y0a0,parity,equality,eq_odds
0.7779190506463234,0.8180318602261049,0.8047001620745543,0.5516666666666666,0.7454668452520405,0.7779190506463234,0.23688592839300582,0.28700906344410876,0.5467625899280576,0.5559006211180124,0.07206632653061225,0.09474463360473723,0.05012313505110294,0.00913803118995482,0.0318163382640798
0.8101292646747192,0.8342230083272337,0.7981049562682215,0.6388564760793466,0.7842992893884955,0.8101292646747192,0.24118895966029724,0.3401015228426396,0.6092265943012212,0.661207778915046,0.07354758961681088,0.11391492429704397,0.09891256318234237,0.05198118461382484,0.09234851929405793
0.777707141343505,0.8215276669467619,0.722117202268431,0.6533637400228051,0.7569851601444608,0.7777071413435049,0.2981709910676308,0.37415540540540543,0.6331994645247657,0.6683217477656405,0.14214463840399003,0.1565025716385011,0.07598441433777464,0.03512228324087474,0.04948021647538581
0.8046196228014411,0.8415787204785601,0.7774274905422447,0.6842397336293008,0.7877331759149941,0.804619622801441,0.3068561872909699,0.36613665663944994,0.6734939759036145,0.6934156378600823,0.11203585147247119,0.13136531365313653,0.059280469348480025,0.01992166195646783,0.039251124137133164
0.7810976901885993,0.8233814197085347,0.7298701298701299,0.6456059735784032,0.7586902249019201,0.7810976901885994,0.3016202742002493,0.35207612456747406,0.6375598086124402,0.6530386740331492,0.12285168682367918,0.15849324804548684,0.050455850367224775,0.015478865420708976,0.051120426642516634
