acc,auc,precision,recall,maf1,mif1,yp1.a1,yp1.a0,yp1.y1a1,yp1.y1a0,yp1.y0a1,yp1.y0a0,parity,equality,eq_odds
0.8639542275905913,0.9005096874881048,0.8683206106870229,0.7583333333333333,0.8518863673963624,0.8639542275905912,0.29558701082431305,0.3720328010358222,0.7434052757793765,0.7712215320910973,0.05739795918367347,0.08660251665433012,0.07644579021150916,0.0278162563117208,0.05702081378237745
0.8798474253019708,0.9101637294513035,0.8914675767918089,0.7619603267211202,0.865526237373891,0.8798474253019708,0.24628450106157113,0.3743654822335025,0.7218453188602443,0.7922210849539406,0.029666254635352288,0.08002883922134102,0.1280809811719314,0.07037576609369633,0.12073835067968507
0.8671328671328672,0.9035207408361712,0.884641638225256,0.7388825541619156,0.8521994722902952,0.867132867132867,0.2564866014461931,0.3640202702702703,0.7108433734939759,0.759682224428997,0.04488778054862843,0.07127112417340191,0.10753366882407717,0.04883885093502116,0.07522219455979465
0.8546302182665819,0.9005002250575199,0.8423312883435583,0.7619311875693674,0.842948717948718,0.8546302182665819,0.3093645484949833,0.3824666953158573,0.7421686746987952,0.7788065843621399,0.0793854033290653,0.0981549815498155,0.07310214682087401,0.03663790966334468,0.055407487884094886
0.8616232252595889,0.9025983769932212,0.8425692695214105,0.768523836875359,0.8484767634493838,0.8616232252595889,0.30328209389281263,0.3711072664359862,0.7404306220095693,0.7944751381215469,0.07065563335455124,0.09879175550817342,0.06782517254317355,0.05404451611197758,0.08218063826559975
