acc,auc,precision,recall,maf1,mif1,yp1.a1,yp1.a0,yp1.y1a1,yp1.y1a0,yp1.y0a1,yp1.y0a0,parity,equality,eq_odds
0.8588684043229499,0.8805949526093412,0.8867667121418826,0.7222222222222222,0.8440870787575916,0.8588684043229498,0.2631140716069942,0.3599482088908071,0.6762589928057554,0.7619047619047619,0.04336734693877551,0.07253886010362694,0.0968341372838129,0.08564576909900645,0.11481728226385787
0.8707353252807799,0.8876972839899273,0.8714670255720054,0.7555425904317387,0.8557936237576147,0.8707353252807798,0.2445859872611465,0.3849407783417936,0.6784260515603799,0.8137154554759468,0.04697156983930779,0.0829127613554434,0.14035479108064708,0.13528940391556687,0.1712305954317025
0.8684043229497775,0.8863669838730456,0.912,0.7149372862029647,0.8515516116546284,0.8684043229497775,0.22883879200340282,0.35346283783783783,0.6532797858099063,0.7606752730883813,0.03117206982543641,0.05216752387950037,0.12462404583443501,0.10739548727847503,0.12839094133253898
0.859504132231405,0.8807763970783236,0.8690861957226182,0.744173140954495,0.8464901647777829,0.859504132231405,0.27048494983277593,0.38504512247529005,0.6831325301204819,0.7962962962962963,0.05121638924455826,0.09003690036900369,0.11456017264251411,0.11316376617581436,0.1519842773002598
0.8628946810764994,0.8784605197834088,0.9362041467304625,0.6743251005169443,0.8417771146851665,0.8628946810764992,0.22725384295803905,0.30579584775086505,0.6124401913875598,0.7314917127071823,0.022278803309993635,0.031982942430703626,0.078542004792826,0.11905152131962249,0.1287556604403325
