acc,auc,precision,recall,maf1,mif1,yp1.a1,yp1.a0,yp1.y1a1,yp1.y1a0,yp1.y0a1,yp1.y0a0,parity,equality,eq_odds
0.8667090485272304,0.9248603022344029,0.9665338645418327,0.6738888888888889,0.8477825073916421,0.8667090485272303,0.23480432972522897,0.2982304704359085,0.6594724220623501,0.6863354037267081,0.008928571428571428,0.02072538860103627,0.06342614071067953,0.026862981664357966,0.03865979883682281
0.8851451578724306,0.9172841064192896,0.9406015037593985,0.7298716452742123,0.8685889202138832,0.8851451578724306,0.2288747346072187,0.33460236886632827,0.694708276797829,0.7563971340839304,0.01668726823238566,0.03749098774333093,0.10572763425910958,0.061688857286101406,0.08249257679704668
0.880483153210426,0.9173915175335201,0.9280575539568345,0.7354618015963512,0.8655007677249871,0.8804831532104259,0.23947256486601445,0.34923986486486486,0.7095046854082999,0.7547169811320755,0.02057356608478803,0.04922850844966936,0.1097672999988504,0.04521229572377561,0.07386723808865694
0.8760330578512397,0.9246711744121585,0.9742790335151987,0.6936736958934517,0.8591451453785537,0.8760330578512396,0.23662207357859533,0.3081220455522132,0.6686746987951807,0.7150205761316872,0.007042253521126761,0.016236162361623615,0.07149997197361785,0.046345877336506525,0.05553978617700338
0.8654375927103201,0.9195317644344956,0.969439728353141,0.655944859276278,0.8425260843195801,0.86543759271032,0.2235147486497715,0.2768166089965398,0.6267942583732058,0.6828729281767956,0.008911521323997454,0.015636105188343994,0.053301860346768315,0.056078669803589776,0.06280325366793632
