acc,auc,precision,recall,maf1,mif1,yp1.a1,yp1.a0,yp1.y1a1,yp1.y1a0,yp1.y0a1,yp1.y0a0,parity,equality,eq_odds
0.8499682136045773,0.8983026911803891,0.819672131147541,0.7777777777777778,0.8393913406311952,0.8499682136045772,0.31432139883430477,0.4113077255071213,0.7541966426858513,0.7981366459627329,0.08035714285714286,0.13471502590673576,0.09698632667281654,0.043940003276881634,0.09829788632647453
0.8690400508582328,0.8988642033794317,0.8624338624338624,0.7607934655775963,0.8544733130564646,0.8690400508582327,0.25392781316348195,0.3866328257191201,0.7137042062415196,0.7963152507676561,0.04449938195302843,0.09805335255948089,0.13270501255563816,0.08261104452613643,0.13616501513258888
0.8544183089637636,0.8921005420517978,0.857813547954393,0.7291904218928165,0.8386789896739623,0.8544183089637635,0.2543598468736708,0.3771114864864865,0.6947791164658634,0.7547169811320755,0.049251870324189526,0.09772226304188097,0.12275163961281571,0.05993786466621209,0.10840825738390354
0.8400084763721127,0.8854206102464142,0.8622837370242215,0.6914539400665927,0.822763226092378,0.8400084763721127,0.26964882943143814,0.3437902879243661,0.672289156626506,0.7078189300411523,0.05569782330345711,0.08265682656826569,0.07414145849292797,0.03552977341464625,0.06248877667945483
0.8472133926679382,0.8879070680683813,0.821969696969697,0.7478460654796094,0.8326062661971466,0.8472133926679382,0.29705027004570006,0.3758650519031142,0.7177033492822966,0.7756906077348066,0.0732017823042648,0.11869225302061123,0.07881478185741414,0.05798725845250996,0.10347772916885639
