acc,auc,precision,recall,maf1,mif1,yp1.a1,yp1.a0,yp1.y1a1,yp1.y1a0,yp1.y0a1,yp1.y0a0,parity,equality,eq_odds
0.859504132231405,0.8970794792737239,0.8823133826496301,0.7288888888888889,0.8452544835908117,0.859504132231405,0.2839300582847627,0.3474320241691843,0.7218225419664268,0.7349896480331263,0.05102040816326531,0.07031828275351591,0.06350196588442159,0.013167106066699463,0.03246498065695007
0.8751854206399662,0.9055937498179814,0.8737541528239202,0.7672112018669778,0.8611570800302772,0.8751854206399661,0.2641188959660297,0.37351945854483926,0.7367706919945726,0.7901740020470829,0.04882571075401731,0.08002883922134102,0.10940056257880953,0.05340331005251031,0.08460643851983402
0.8575969485060395,0.9012385085595729,0.8467948717948718,0.7531356898517674,0.8437458487181235,0.8575969485060394,0.27903019991492983,0.38175675675675674,0.7269076305220884,0.7725918570009931,0.07044887780548628,0.09257898603967671,0.10272655684182691,0.04568422647890469,0.06781433471309511
0.8527230345412165,0.898609209209133,0.8610567514677103,0.732519422863485,0.838862888726045,0.8527230345412163,0.29431438127090304,0.3562526858616244,0.7253012048192771,0.7386831275720165,0.06530089628681178,0.08191881918819188,0.06193830459072136,0.013381922752739417,0.02999984565411952
0.852511125238398,0.8989246818233194,0.8235294117647058,0.7639287765651924,0.8390871047609565,0.852511125238398,0.3174075612796012,0.3680795847750865,0.7452153110047847,0.7812154696132597,0.08975175047740293,0.1023454157782516,0.05067202349548533,0.03600015860847505,0.04859382390932372
