acc,auc,precision,recall,maf1,mif1,yp1.a1,yp1.a0,yp1.y1a1,yp1.y1a0,yp1.y0a1,yp1.y0a0,parity,equality,eq_odds
0.9061241788514516,0.961779528757946,0.9165131982811541,0.8294444444444444,0.8985425332400933,0.9061241788514516,0.33139050791007496,0.3595166163141994,0.8836930455635491,0.782608695652174,0.03762755102040816,0.05699481865284974,0.02812610840412444,0.10108434991137516,0.12045161754381674
0.914388641661369,0.9653207314918544,0.8950542822677925,0.8658109684947491,0.9067945364924149,0.9143886416613689,0.31422505307855625,0.3883248730964467,0.9009497964721845,0.8393039918116684,0.04697156983930779,0.07065609228550829,0.07409982001789045,0.06164580466051617,0.08533032710671667
0.9093028183937275,0.9584210313790114,0.8993975903614457,0.8511972633979475,0.901792361893959,0.9093028183937275,0.3241173968524032,0.37922297297297297,0.9156626506024096,0.8033763654419066,0.048628428927680795,0.0653930933137399,0.055105576120569766,0.11228628516050299,0.1290509495465621
0.9093028183937275,0.9602692623934782,0.9214723926380368,0.8335183129855716,0.9020146520146521,0.9093028183937275,0.3302675585284281,0.36097980232058446,0.8722891566265061,0.8004115226337448,0.04225352112676056,0.045756457564575644,0.03071224379215637,0.07187763399276126,0.07538057043057633
0.9078194532739988,0.9638927860407683,0.9011056511056511,0.842619184376795,0.8996029190577284,0.9078194532739987,0.3381803074366431,0.35207612456747406,0.8755980861244019,0.8121546961325967,0.052196053469127944,0.05614783226723525,0.013895817130830934,0.06344338999180521,0.06739516878991252
