acc,auc,precision,recall,maf1,mif1,yp1.a1,yp1.a0,yp1.y1a1,yp1.y1a0,yp1.y0a1,yp1.y0a0,parity,equality,eq_odds
0.8620470438652257,0.9004143351985078,0.8981288981288982,0.72,0.8470875993665626,0.8620470438652258,0.27768526228143214,0.3349158394475615,0.7206235011990407,0.7194616977225673,0.042091836734693876,0.05995558845299778,0.05723057716612934,0.001161803476473433,0.01902555519477734
0.8787878787878788,0.9100623814451604,0.8894952251023193,0.7607934655775963,0.86436139100442,0.8787878787878788,0.25307855626326964,0.3680203045685279,0.7259158751696065,0.7871033776867963,0.0377008652657602,0.07281903388608507,0.11494174830525827,0.06118750251718974,0.09630567113751462
0.8609874973511338,0.9046058058573897,0.8470290771175727,0.7639680729760547,0.8479257891621805,0.8609874973511337,0.28753721820501915,0.38260135135135137,0.7443105756358769,0.7785501489572989,0.07481296758104738,0.0896399706098457,0.09506413314633222,0.03423957332142202,0.04906657635022034
0.8531468531468532,0.896276068528588,0.8907681465821,0.7014428412874584,0.8366904358396376,0.8531468531468531,0.2729933110367893,0.32917920068758055,0.6951807228915663,0.7067901234567902,0.04865556978233035,0.05830258302583026,0.05618588965079124,0.01160940056522386,0.02125641380872377
0.8580207671116763,0.9026172787691781,0.8344784509681449,0.7673750717978174,0.8448065541403376,0.8580207671116762,0.3103448275862069,0.3693771626297578,0.7476076555023924,0.7856353591160221,0.07765754296626352,0.10163468372423597,0.059032335043550876,0.038027703613629726,0.06200484437160217
