acc,auc,precision,recall,maf1,mif1,yp1.a1,yp1.a0,yp1.y1a1,yp1.y1a0,yp1.y0a1,yp1.y0a0,parity,equality,eq_odds
0.8681924136469592,0.9271549427124967,0.9630503144654088,0.6805555555555556,0.8499097377670436,0.8681924136469591,0.23688592839300582,0.3034095813552007,0.6618705035971223,0.6966873706004141,0.010841836734693877,0.02220577350111029,0.06652365296219487,0.034816867003291785,0.0461808037697082
0.8847213392667939,0.9185706630528272,0.9365671641791045,0.7322053675612602,0.8683299604610741,0.8847213392667939,0.22845010615711253,0.3392554991539763,0.6933514246947082,0.7615148413510747,0.01668726823238566,0.0418168709444845,0.11080539299686376,0.0681634166563665,0.09329301936846533
0.8787878787878788,0.9178450220262623,0.9209401709401709,0.7371721778791334,0.8638949508477105,0.8787878787878788,0.24500212675457253,0.34966216216216217,0.7121820615796519,0.7557100297914597,0.02743142144638404,0.04922850844966936,0.10466003540758964,0.04352796821180782,0.06532505521509314
0.878364060182242,0.9274713617635074,0.967275494672755,0.7053274139844617,0.8624977105845919,0.878364060182242,0.2395484949832776,0.31843575418994413,0.6759036144578313,0.7304526748971193,0.0076824583866837385,0.022878228782287822,0.07888725920666653,0.05454906043928798,0.06974483083489207
0.8715829624920535,0.9188029852461995,0.9543634907926342,0.684663986214819,0.8516708922213831,0.8715829624920534,0.23556294142085585,0.29498269896193774,0.6519138755980861,0.7149171270718232,0.014003819223424571,0.024875621890547265,0.05941975754108189,0.06300325147373709,0.07387505414085978
