acc,auc,precision,recall,maf1,mif1,yp1.a1,yp1.a0,yp1.y1a1,yp1.y1a0,yp1.y0a1,yp1.y0a0,parity,equality,eq_odds
0.9315532951896589,0.970452970956568,0.9473046638400969,0.8688888888888889,0.9262268576990705,0.9315532951896588,0.32847626977518735,0.3720328010358222,0.9124700239808153,0.8312629399585921,0.017857142857142856,0.043671354552183565,0.043556531260634856,0.08120708402222321,0.10702129571726392
0.9107861835134563,0.9555382219831979,0.9109980928162746,0.8360560093348891,0.901737764090093,0.9107861835134562,0.30021231422505307,0.3663282571912014,0.864314789687924,0.8147389969293757,0.04326328800988875,0.050468637346791634,0.06611594296614831,0.04957579275854829,0.05678114209545117
0.9275270184361094,0.9651212069353403,0.9429109159347553,0.8568985176738882,0.9208459134488056,0.9275270184361094,0.30072309655465757,0.3745777027027027,0.9049531459170014,0.8212512413108243,0.019326683291770574,0.0440852314474651,0.07385460614804512,0.0837019046061771,0.10846045276187163
0.9241364695910151,0.9664485466763209,0.9397076735688186,0.8562708102108768,0.9181623551542251,0.924136469591015,0.32274247491638797,0.37387193811774816,0.8783132530120482,0.8374485596707819,0.027528809218950064,0.041328413284132844,0.05112946320136019,0.0408646933412663,0.05466429740644908
0.9226531044712863,0.9693401621463777,0.9427284427284427,0.8414704192992533,0.9149044386482313,0.9226531044712863,0.3199002908184462,0.3391003460207612,0.8696172248803827,0.8154696132596685,0.02737110120942075,0.032693674484719264,0.019200055202315047,0.05414761162071424,0.05947018489601276
