acc,auc,precision,recall,maf1,mif1,yp1.a1,yp1.a0,yp1.y1a1,yp1.y1a0,yp1.y0a1,yp1.y0a0,parity,equality,eq_odds
0.8652256834075016,0.9118672680902896,0.8991769547325102,0.7283333333333334,0.8509377961343847,0.8652256834075016,0.26436303080766027,0.3552006905481226,0.6870503597122302,0.7639751552795031,0.039540816326530615,0.06291635825314582,0.09083765974046232,0.07692479556727294,0.10030033749388814
0.8696757787666879,0.9055422992018358,0.8861560084328882,0.735705950991832,0.8531746330877243,0.8696757787666879,0.23651804670912951,0.3663282571912014,0.6716417910447762,0.7840327533265097,0.038318912237330034,0.07209805335255948,0.12981021048207186,0.11239096228173351,0.14617010339696296
0.8645899554990465,0.9018901628847387,0.8979300499643112,0.7172177879133409,0.8478806670983231,0.8645899554990464,0.23606975754997872,0.3572635135135135,0.6693440428380187,0.7527308838133069,0.03428927680798005,0.06465833945628215,0.12119375596353477,0.08338684097528815,0.11375590362359024
0.8688281415554143,0.9148856430043638,0.9333333333333333,0.7069922308546059,0.8529192749116994,0.8688281415554142,0.23745819397993312,0.34250107434464977,0.6445783132530121,0.7602880658436214,0.02112676056338028,0.042804428044280446,0.10504288036471665,0.11570975259060934,0.1373874200715095
0.8639542275905913,0.9053736591793775,0.8911032028469751,0.7191269385410684,0.8469485060394151,0.8639542275905912,0.2550893228084753,0.3421280276816609,0.6674641148325359,0.7668508287292818,0.03564608529598982,0.0689410092395167,0.0870387048731856,0.09938671389674592,0.1326816378402728
