acc,auc,precision,recall,maf1,mif1,yp1.a1,yp1.a0,yp1.y1a1,yp1.y1a0,yp1.y0a1,yp1.y0a0,parity,equality,eq_odds
0.887476160203433,0.9336755357618668,0.9354838709677419,0.7572222222222222,0.8755290522815543,0.8874761602034329,0.268526228143214,0.3504531722054381,0.737410071942446,0.7743271221532091,0.01913265306122449,0.047372316802368614,0.08192694406222412,0.03691705021076308,0.0651567139519072
0.8999788090697182,0.9398074387883283,0.917900403768506,0.7957992998833139,0.8884173613337608,0.8999788090697182,0.2543524416135881,0.37521150592216584,0.7557666214382632,0.8259979529170931,0.02595797280593325,0.05767844268204758,0.12085906430857773,0.07023133147882987,0.10195180135494421
0.8931977113795296,0.9334964552235219,0.9263301500682128,0.774230330672748,0.8812116296306656,0.8931977113795295,0.2564866014461931,0.36444256756756754,0.749665327978581,0.7924528301886793,0.02680798004987531,0.04775900073475386,0.10795596612137442,0.042787502210098305,0.06373852289497685
0.899343081161263,0.9343855549218347,0.9245041586692259,0.8018867924528302,0.8903129800894467,0.8993430811612629,0.28887959866220736,0.3747314138375591,0.7867469879518072,0.8148148148148148,0.024327784891165175,0.05904059040590406,0.08585181517535173,0.028067826863007572,0.06278063237774645
0.89446916719644,0.9408333908744541,0.9225016995241332,0.7794371051120046,0.8824846313955177,0.8944691671964399,0.2787702534275031,0.3460207612456747,0.7488038277511961,0.8077348066298342,0.02864417568427753,0.04904051172707889,0.0672505078181716,0.058930978878638074,0.07932731492143943
