acc,auc,precision,recall,maf1,mif1,yp1.a1,yp1.a0,yp1.y1a1,yp1.y1a0,yp1.y0a1,yp1.y0a0,parity,equality,eq_odds
0.9160839160839161,0.9601619656655629,0.9365671641791045,0.8366666666666667,0.9090655875551819,0.916083916083916,0.30266444629475436,0.38023305999136814,0.8213429256594724,0.849896480331263,0.026785714285714284,0.04441154700222058,0.07756861369661378,0.02855355467179055,0.04617938738829684
0.9162958253867345,0.957846995575247,0.9358889623265036,0.8261376896149358,0.906999222717155,0.9162958253867345,0.2611464968152866,0.37986463620981387,0.7856173677069199,0.8567041965199591,0.022249690976514216,0.04397981254506128,0.11871813939452724,0.07108682881303918,0.09281695038158624
0.917567281203645,0.9623273039124257,0.9394719896973599,0.8318129988597491,0.9094613389341282,0.9175672812036448,0.27562739259889407,0.38217905405405406,0.8072289156626506,0.8500496524329693,0.02805486284289277,0.03600293901542983,0.10655166145515998,0.04282073677031861,0.05076881294285567
0.9201101928374656,0.9602458624991772,0.9461490294301816,0.8385127635960045,0.9133287353882611,0.9201101928374655,0.3001672240802676,0.3777395788568973,0.8204819277108434,0.8539094650205762,0.023687580025608196,0.03616236162361624,0.07757235477662972,0.0334275373097328,0.045902318907740845
0.9182030091121001,0.9608814245304163,0.9531772575250836,0.8184951177484204,0.9092394733705663,0.9182030091121002,0.2899875363523058,0.34472318339100344,0.7954545454545454,0.8397790055248618,0.021005728835136857,0.026297085998578537,0.054735647038697655,0.04432446007031643,0.04961581723375811
