acc,auc,precision,recall,maf1,mif1,yp1.a1,yp1.a0,yp1.y1a1,yp1.y1a0,yp1.y0a1,yp1.y0a0,parity,equality,eq_odds
0.8459419368510278,0.8772193673632522,0.9012715033657442,0.6694444444444444,0.8264357044793098,0.8459419368510278,0.2547876769358868,0.3129046180405697,0.6270983213429256,0.7060041407867494,0.056760204081632654,0.03182827535159141,0.058116941104682907,0.0789058194438238,0.10383774817386504
0.8516634880271244,0.880589915290929,0.8515950069348127,0.7164527421236873,0.8333853862142181,0.8516634880271244,0.2573248407643312,0.3536379018612521,0.6512890094979648,0.7656090071647902,0.07787391841779975,0.06344628695025234,0.0963130610969209,0.11431999766682543,0.12874762913437285
0.8332273786819242,0.8696256785261729,0.8286879673691366,0.6949828962371721,0.8146495532622895,0.8332273786819241,0.27009783071033605,0.3530405405405405,0.6331994645247657,0.7408142999006951,0.10099750623441396,0.06612784717119764,0.08294270983020446,0.10761483537592942,0.14248449443914574
0.8397965670692944,0.8829879724543294,0.8677918424753868,0.6847946725860156,0.8219239594256466,0.8397965670692944,0.26672240802675584,0.3369144821658788,0.636144578313253,0.7263374485596708,0.07042253521126761,0.057564575645756455,0.07019207413912298,0.09019287024641776,0.10305082981192891
0.8402203856749312,0.8747977220659718,0.8522483940042827,0.6858127512923607,0.8201334423076456,0.8402203856749312,0.2787702534275031,0.3157439446366782,0.6399521531100478,0.7281767955801105,0.08656906429026098,0.05046197583511016,0.0369736912091751,0.08822464247006268,0.12433173092521349
