acc,auc,precision,recall,maf1,mif1,yp1.a1,yp1.a0,yp1.y1a1,yp1.y1a0,yp1.y0a1,yp1.y0a0,parity,equality,eq_odds
0.8669209578300487,0.923778691332648,0.9680511182108626,0.6733333333333333,0.8479465853178993,0.8669209578300487,0.23355537052456288,0.2982304704359085,0.657074340527578,0.6873706004140787,0.008290816326530613,0.01998519615099926,0.06467509991134562,0.030296259886500754,0.0419906397109694
0.8849332485696123,0.9162263594126474,0.9392348087021756,0.7304550758459744,0.8684143484717624,0.8849332485696121,0.22845010615711253,0.3362944162436548,0.6919945725915875,0.759467758444217,0.0173053152039555,0.03821196827685652,0.10784431008654227,0.06747318585262951,0.08837983892553053
0.8811188811188811,0.9146553961939081,0.9331880900508351,0.7326111744583809,0.8659376154118325,0.881118881118881,0.23904721395151,0.3441722972972973,0.7081659973226239,0.7507447864945382,0.02057356608478803,0.04335047759000735,0.10512508334578732,0.04257878917191438,0.0653557006771337
0.8773045136681501,0.9247682934856598,0.9743987587276959,0.6970033296337403,0.8607288897660621,0.87730451366815,0.23620401337792643,0.3111302105715514,0.6686746987951807,0.7211934156378601,0.006402048655569782,0.016974169741697416,0.07492619719362495,0.05251871684267939,0.06309083792880703
0.8696757787666879,0.9193499794973593,0.9707357859531772,0.6668581275129236,0.8480009125648775,0.8696757787666879,0.22725384295803905,0.28070934256055363,0.6363636363636364,0.6950276243093922,0.009548058561425843,0.014214641080312722,0.05345549960251458,0.05866398794575589,0.06333057046464277
