acc,auc,precision,recall,maf1,mif1,yp1.a1,yp1.a0,yp1.y1a1,yp1.y1a0,yp1.y0a1,yp1.y0a0,parity,equality,eq_odds
0.8951048951048951,0.9340828289749153,0.9417738659444821,0.7727777777777778,0.8843015539141272,0.8951048951048951,0.279766860949209,0.3474320241691843,0.7613908872901679,0.782608695652174,0.023596938775510203,0.03626943005181347,0.06766516321997529,0.02121780836200604,0.03389029963830931
0.8963763509218056,0.9335304636185898,0.919233401779603,0.7835472578763127,0.8839533266867906,0.8963763509218056,0.25690021231422505,0.36209813874788493,0.7530529172320217,0.8065506653019447,0.030902348578491966,0.049026676279740444,0.10519792643365988,0.05349774806992302,0.0716220757711715
0.8953168044077136,0.9332470614024123,0.9381084840055632,0.7690992018244014,0.883073738621289,0.8953168044077136,0.26074011059123775,0.3483952702702703,0.7590361445783133,0.7765640516385303,0.028678304239401497,0.03159441587068332,0.08765515967903253,0.017527907060217007,0.020444018691498828
0.8953168044077136,0.9331672384738398,0.942489851150203,0.7730299667036626,0.884584696488407,0.8953168044077136,0.2801003344481605,0.3472281908036098,0.763855421686747,0.7808641975308642,0.023047375160051217,0.03616236162361624,0.06712785635544927,0.017008775844117197,0.03012376230768222
0.8997668997668998,0.9435683621302531,0.9301221166892809,0.7874784606547961,0.8884343911576705,0.8997668997668997,0.2870793518903199,0.33866782006920415,0.7619617224880383,0.8110497237569061,0.03437301082113304,0.03482587064676617,0.05158846817888424,0.04908800126886781,0.04954086109450094
