acc,auc,precision,recall,maf1,mif1,yp1.a1,yp1.a0,yp1.y1a1,yp1.y1a0,yp1.y0a1,yp1.y0a0,parity,equality,eq_odds
0.9137529137529138,0.94943093144532,0.9388783868935098,0.8277777777777777,0.9062865261457125,0.9137529137529138,0.3014154870940883,0.3724643936124299,0.8189448441247003,0.8354037267080745,0.02614795918367347,0.04145077720207254,0.07104890651834161,0.016458882583374246,0.031761700601773316
0.913329095147277,0.9457601779997165,0.9301252471984179,0.823220536756126,0.9037602287769567,0.913329095147277,0.2683651804670913,0.3743654822335025,0.7951153324287653,0.8444216990788127,0.02843016069221261,0.043258832011535686,0.10600030176641123,0.049306366650047395,0.06413503796937048
0.9129052765416402,0.9514670394434498,0.942649967040211,0.8152793614595211,0.903852652680362,0.9129052765416402,0.270948532539345,0.3716216216216216,0.7978580990629184,0.8282025819265144,0.025561097256857856,0.03379867744305658,0.10067308908227662,0.030344482863596034,0.03858206304979475
0.9146005509641874,0.9542212458103726,0.9402139710509755,0.8290788013318535,0.9072556920070283,0.9146005509641874,0.29974916387959866,0.3747314138375591,0.8168674698795181,0.8395061728395061,0.02496798975672215,0.041328413284132844,0.07498224995796043,0.022638702959988044,0.03899912648739874
0.9103623649078195,0.9496248383223093,0.9416890080428955,0.8070074669730041,0.9004954696393681,0.9103623649078194,0.28874117158288326,0.34472318339100344,0.7787081339712919,0.8331491712707182,0.028007638446849142,0.030561478322672354,0.05598201180812018,0.05444103729942629,0.056994877175249495
