acc,auc,precision,recall,maf1,mif1,yp1.a1,yp1.a0,yp1.y1a1,yp1.y1a0,yp1.y0a1,yp1.y0a0,parity,equality,eq_odds
0.8751854206399662,0.9205195843325339,0.8980933596318211,0.7588888888888888,0.8631773757114172,0.8751854206399661,0.29142381348875934,0.3543375053949072,0.7553956834532374,0.7619047619047619,0.044642857142857144,0.06291635825314582,0.06291369190614787,0.006509078451524486,0.024782579561813158
0.8681924136469592,0.9124673579817381,0.8724420190995907,0.7462077012835473,0.852504869239072,0.8681924136469591,0.2624203821656051,0.3587140439932318,0.723202170963365,0.7635619242579325,0.05253399258343634,0.07354001441961067,0.09629366182762672,0.040359753294567424,0.06136577513074175
0.8743377834286926,0.9218507059748762,0.8857142857142857,0.7599771949828963,0.8610360612793305,0.8743377834286925,0.270948532539345,0.36655405405405406,0.7483266398929049,0.7686196623634558,0.048628428927680795,0.06906686260102865,0.09560552151470908,0.02029302247055087,0.040731456143898725
0.8753973299427845,0.9237970076291265,0.9068364611260054,0.7508324084350722,0.8628952498861566,0.8753973299427845,0.2834448160535117,0.3498066179630425,0.744578313253012,0.7561728395061729,0.03841229193341869,0.05830258302583026,0.06636180190953084,0.01159452625316082,0.03148481734557239
0.8679805043441408,0.9164284978604348,0.8898186889818689,0.7329121194715681,0.8521532157993263,0.8679805043441408,0.27669297881179894,0.33217993079584773,0.7069377990430622,0.7569060773480663,0.047740292807129214,0.058990760483297794,0.055486951984048793,0.049968278305004055,0.061218745981172634
