acc,auc,precision,recall,maf1,mif1,yp1.a1,yp1.a0,yp1.y1a1,yp1.y1a0,yp1.y0a1,yp1.y0a0,parity,equality,eq_odds
0.921381648654376,0.9636660195653001,0.947401377582968,0.8405555555555555,0.9146861572016205,0.9213816486543759,0.3097418817651957,0.368148467846353,0.8525179856115108,0.8302277432712215,0.021045918367346938,0.03774981495188749,0.05840658608115734,0.022290242340289312,0.03899413892482986
0.9012502648866286,0.9442584995447104,0.9244897959183673,0.7928821470245041,0.8895654519800795,0.9012502648866285,0.27091295116772823,0.35194585448392557,0.7788331071913162,0.8034800409416581,0.03955500618046971,0.033886085075702954,0.08103290331619734,0.024646933750341993,0.03031585485510875
0.9146005509641874,0.9549081742334072,0.9360877985797289,0.8266818700114025,0.9061505173854694,0.9146005509641874,0.2879625691195236,0.36824324324324326,0.8393574297188755,0.817279046673287,0.03117206982543641,0.03600293901542983,0.08028067412371964,0.022078383045588512,0.02690925223558193
0.9192625556261921,0.9619987618982755,0.9443402126328956,0.8379578246392897,0.9124316543132502,0.919262555626192,0.3102006688963211,0.3682853459389772,0.8337349397590361,0.8415637860082305,0.03201024327784891,0.028782287822878228,0.05808467704265613,0.007828846249194332,0.011056801704165016
0.9078194532739988,0.9604486124360572,0.9400269541778976,0.8012636415852958,0.8975508966570469,0.9078194532739987,0.29621936019941836,0.333477508650519,0.7894736842105263,0.8121546961325967,0.03373647358370465,0.0255863539445629,0.03725814845110065,0.022681011922070393,0.030831131561212144
