acc,auc,precision,recall,maf1,mif1,yp1.a1,yp1.a0,yp1.y1a1,yp1.y1a0,yp1.y0a1,yp1.y0a0,parity,equality,eq_odds
0.9188387370205553,0.9619833656884017,0.9414330218068536,0.8394444444444444,0.9120170924818052,0.9188387370205552,0.3034970857618651,0.37807509710832976,0.8273381294964028,0.849896480331263,0.024872448979591837,0.04071058475203553,0.07457801134646463,0.02255835083486013,0.038396486607303826
0.9156600974782794,0.9559856481903947,0.9357615894039735,0.82438739789965,0.9062509733484224,0.9156600974782793,0.2632696390658174,0.37648054145516074,0.7937584803256446,0.8474923234390993,0.021631644004944377,0.044700793078586876,0.11321090238934334,0.05373384311345475,0.07680299218709724
0.9220173765628311,0.9599064340529283,0.9453727506426736,0.838654503990878,0.9143847664723561,0.9220173765628311,0.2752020416843896,0.38386824324324326,0.820615796519411,0.8520357497517378,0.02119700748129676,0.03747244673034533,0.10866620155885365,0.031419953232326825,0.0476953924813754
0.9222292858656496,0.9622281950082509,0.9549778059606848,0.8357380688124306,0.9154084666411149,0.9222292858656495,0.2976588628762542,0.3717232488182209,0.8216867469879519,0.8477366255144033,0.019206145966709345,0.03025830258302583,0.07406438594196668,0.026049878526451464,0.03710203514276795
0.9186268277177368,0.9615935200083012,0.9437540876389797,0.8288340034462952,0.9101559990004641,0.9186268277177368,0.29954299958454506,0.3494809688581315,0.8098086124401914,0.8464088397790055,0.028007638446849142,0.029850746268656716,0.04993796927358646,0.03660022733881407,0.03844333516062165
