acc,auc,precision,recall,maf1,mif1,yp1.a1,yp1.a0,yp1.y1a1,yp1.y1a0,yp1.y0a1,yp1.y0a0,parity,equality,eq_odds
0.9050646323373597,0.9462782155228198,0.9230287859824781,0.8194444444444444,0.8969927772082527,0.9050646323373596,0.29766860949208995,0.3810962451445835,0.8057553956834532,0.8312629399585921,0.0274234693877551,0.05921539600296077,0.08342763565249356,0.025507544275138905,0.05729947089034457
0.9076075439711804,0.9471275994695733,0.9176470588235294,0.8191365227537923,0.897603663224464,0.9076075439711804,0.2670912951167728,0.3811336717428088,0.7869742198100407,0.8433981576253838,0.030284301606922127,0.0555155010814708,0.114042376626036,0.05642393781534316,0.08165513728989184
0.9078194532739988,0.9464605113630902,0.9441077441077441,0.7993158494868872,0.897763340709526,0.9078194532739987,0.2590387069332199,0.36993243243243246,0.7737617135207496,0.8182720953326713,0.019326683291770574,0.03820720058780309,0.11089372549921256,0.044510381811921684,0.0633908991079542
0.9057003602458148,0.9440651209546244,0.9253918495297806,0.8190899001109878,0.8976693799318629,0.9057003602458148,0.2964046822742475,0.3807477438762355,0.8,0.8353909465020576,0.02880921895006402,0.05461254612546126,0.08434306160198801,0.03539094650205754,0.06119427367745478
0.9137529137529138,0.9512287890249345,0.935378590078329,0.823090178058587,0.9048157043955447,0.9137529137529138,0.29705027004570006,0.35337370242214533,0.7978468899521531,0.8464088397790055,0.030553787396562698,0.03624733475479744,0.05632343237644527,0.04856194982685236,0.0542554971850871
