acc,auc,precision,recall,maf1,mif1,yp1.a1,yp1.a0,yp1.y1a1,yp1.y1a0,yp1.y0a1,yp1.y0a0,parity,equality,eq_odds
0.8575969485060395,0.9026144798446958,0.8971830985915493,0.7077777777777777,0.8416155061742207,0.8575969485060394,0.26353039134054956,0.33966335779024603,0.658273381294964,0.7505175983436853,0.05357142857142857,0.0458919319022946,0.07613296644969647,0.09224421704872121,0.09992371371785519
0.8603517694426785,0.894180644084053,0.8712174524982407,0.7222870478413069,0.8426196381004869,0.8603517694426785,0.24331210191082803,0.3587140439932318,0.6472184531886025,0.7789150460593655,0.059332509270704575,0.06272530641672674,0.11540194208240379,0.13169659287076296,0.13508939001678513
0.851451578724306,0.8892335706772859,0.8991660348749052,0.6761687571265679,0.8308753047409603,0.851451578724306,0.22330923011484474,0.33530405405405406,0.607764390896921,0.7269116186693148,0.0442643391521197,0.045554739162380606,0.11199482393920931,0.11914722777239373,0.12043762778265463
0.8565374019919475,0.9010993004002334,0.9384255650818394,0.6681465038845728,0.8369936126859502,0.8565374019919475,0.22031772575250835,0.324881822088526,0.5855421686746988,0.7386831275720165,0.026248399487836107,0.028044280442804426,0.10456409633601765,0.1531409588973177,0.15493683985228604
0.8584445857173131,0.8947117074128523,0.9030803906836965,0.6904078116025273,0.8388098148366321,0.858444585717313,0.24387203988367262,0.3217993079584775,0.6172248803827751,0.7580110497237569,0.04519414385741566,0.0412224591329069,0.07792726807480488,0.14078616934098176,0.14475785406549052
