acc,auc,precision,recall,maf1,mif1,yp1.a1,yp1.a0,yp1.y1a1,yp1.y1a0,yp1.y0a1,yp1.y0a0,parity,equality,eq_odds
0.8662852299215936,0.9257050550036162,0.9627870150435471,0.6755555555555556,0.8475062126711606,0.8662852299215935,0.23896752706078267,0.29736728528269313,0.6666666666666666,0.6832298136645962,0.011479591836734694,0.02146558105107328,0.05839975822191046,0.0165631469979296,0.026549136212268183
0.8838737020555203,0.9177958944349848,0.9324925816023739,0.7333722287047841,0.8675423514207017,0.8838737020555202,0.22929936305732485,0.34179357021996615,0.6933514246947082,0.7635619242579325,0.01792336217552534,0.044700793078586876,0.1124942071626413,0.07021049956322423,0.09698793046628576
0.8815426997245179,0.9183003532277945,0.9106529209621993,0.7554161915621437,0.8680304495588818,0.8815426997245179,0.25478519778817527,0.3614864864864865,0.7336010709504686,0.7715988083416088,0.031795511221945134,0.05804555473916238,0.10670128869831125,0.03799773739114021,0.06424778090835745
0.8766687857596949,0.9255820581025083,0.9649390243902439,0.7025527192008879,0.8605358794645959,0.8766687857596948,0.2391304347826087,0.31800601633003867,0.6746987951807228,0.7263374485596708,0.0076824583866837385,0.025092250922509225,0.07887558154742996,0.05163865337894791,0.0690484459147734
0.8669209578300487,0.9162350439697742,0.9602977667493796,0.6668581275129236,0.8451622813433928,0.8669209578300487,0.2289156626506024,0.28460207612456745,0.638755980861244,0.6928176795580111,0.010821133036282623,0.02203269367448472,0.05568641347396505,0.054061698696767135,0.06527325933496923
