acc,auc,precision,recall,maf1,mif1,yp1.a1,yp1.a0,yp1.y1a1,yp1.y1a0,yp1.y0a1,yp1.y0a0,parity,equality,eq_odds
0.8561135833863107,0.9218509002321952,0.9620774938169827,0.6483333333333333,0.8344811394463162,0.8561135833863106,0.21815154038301415,0.29736728528269313,0.6091127098321343,0.6821946169772257,0.01020408163265306,0.02220577350111029,0.07921574489967897,0.07308190714509144,0.08508359901354867
0.8817546090273364,0.9129207058636228,0.9237536656891495,0.73512252042007,0.865488800617897,0.8817546090273363,0.22250530785562633,0.3553299492385787,0.6743554952510177,0.7809621289662231,0.01668726823238566,0.0555155010814708,0.13282464138295236,0.1066066337152054,0.14543486656429055
0.8760330578512397,0.9149088280028689,0.9220216606498195,0.7280501710376283,0.8603815155760551,0.8760330578512396,0.23054019566142067,0.3559966216216216,0.6894243641231593,0.7567030784508441,0.01683291770573566,0.05951506245407789,0.12545642596020093,0.06727871432768473,0.10996085907602696
0.8684043229497775,0.9181709501156107,0.9602494154325799,0.683684794672586,0.8504771543249261,0.8684043229497775,0.2244983277591973,0.3205844434894714,0.6325301204819277,0.727366255144033,0.0076824583866837385,0.028782287822878228,0.09608611573027409,0.09483613466210528,0.11593596409829976
0.8603517694426785,0.9104381778842279,0.9485903814262023,0.6570936243538197,0.8374287867040668,0.8603517694426785,0.21852928957208143,0.29411764705882354,0.611244019138756,0.6994475138121546,0.009548058561425843,0.033404406538734895,0.07558835748674211,0.08820349467339861,0.11205984265070766
