acc,auc,precision,recall,maf1,mif1,yp1.a1,yp1.a0,yp1.y1a1,yp1.y1a0,yp1.y0a1,yp1.y0a0,parity,equality,eq_odds
0.9135410044500955,0.9521152601728141,0.9405063291139241,0.8255555555555556,0.9059704903877899,0.9135410044500953,0.2939217318900916,0.3772119119551144,0.8081534772182254,0.8405797101449275,0.02040816326530612,0.0458919319022946,0.08329018006502281,0.0324262329267021,0.05791000156369058
0.9097266369993643,0.9535820307266962,0.9081115335868187,0.8360560093348891,0.9006410040967483,0.9097266369993643,0.2781316348195329,0.3904399323181049,0.8059701492537313,0.8587512794268168,0.0377008652657602,0.06056236481614996,0.11230829749857202,0.0527811301730855,0.07564262972347527
0.9135410044500955,0.9527420821788213,0.9468791500664011,0.8129988597491448,0.9044029179336137,0.9135410044500953,0.2666950233943003,0.37119932432432434,0.7951807228915663,0.8262164846077458,0.02057356608478803,0.034533431300514325,0.10450430093002405,0.0310357617161795,0.0449956269319058
0.9118457300275482,0.9487622216886963,0.9453727506426736,0.816315205327414,0.9038478417604463,0.9118457300275482,0.28929765886287623,0.3712935109583154,0.8,0.8302469135802469,0.01792573623559539,0.04206642066420664,0.08199585209543919,0.030246913580246892,0.054387598008858146
0.9148124602670058,0.9576148890446463,0.9496306245802552,0.8121769098219415,0.9053933205132298,0.9148124602670057,0.2870793518903199,0.34515570934256057,0.7858851674641149,0.8364640883977901,0.021642266072565246,0.02914001421464108,0.05807635745224066,0.05057892093367522,0.058076669075751056
