acc,auc,precision,recall,maf1,mif1,yp1.a1,yp1.a0,yp1.y1a1,yp1.y1a0,yp1.y0a1,yp1.y0a0,parity,equality,eq_odds
0.8671328671328672,0.9175352099272962,0.9651070578905631,0.6761111111111111,0.8484214418680494,0.867132867132867,0.23522064945878435,0.30038843331894693,0.6606714628297362,0.6894409937888198,0.008928571428571428,0.02220577350111029,0.06516778386016259,0.028769530959083633,0.0420467330316225
0.8819665183301547,0.9106607618185948,0.9294729027468448,0.7304550758459744,0.865344087911489,0.8819665183301547,0.23142250530785563,0.3392554991539763,0.694708276797829,0.7574206755373593,0.0203955500618047,0.044700793078586876,0.10783299384612066,0.06271239873953027,0.08701764175631245
0.8779402415766052,0.9074448958872132,0.9050894085281981,0.750285062713797,0.8639965095287465,0.8779402415766052,0.2556358996171842,0.36021959459459457,0.7322623828647925,0.7636544190665343,0.03366583541147132,0.06171932402645114,0.10458369497741038,0.0313920362017418,0.05944552481672162
0.8770926043653317,0.9198102744179799,0.9707241910631741,0.6992230854605993,0.8606958539887417,0.8770926043653317,0.2399665551839465,0.3111302105715514,0.6783132530120481,0.7170781893004116,0.007042253521126761,0.01992619926199262,0.07116365538760488,0.038764936288363416,0.05164888202922928
0.871371053189235,0.9095326285156821,0.9514331210191083,0.6863871338311315,0.8516120529783004,0.871371053189235,0.23764021603656002,0.2958477508650519,0.6566985645933014,0.7138121546961326,0.01464035646085296,0.02700781805259417,0.058207534828491864,0.057113590102831124,0.06948105169457233
